case_id,damping_D,frequency_Hz,Yc11_real,Yc11_imag,Yc12_real,Yc12_imag,Yc21_real,Yc21_imag,Yc22_real,Yc22_imag,Ynet11_real,Ynet11_imag,Ynet12_real,Ynet12_imag,Ynet21_real,Ynet21_imag,Ynet22_real,Ynet22_imag
fig8_D_0p05,0.050000000000000003,0.001,0.50000015274325049,-1.7098243165454868e-05,-3.13228028702335e-06,0.00031415946697965937,-1.7806744664547458e-07,-0.0012390896397512959,-0.50000005960644245,-4.9875321527539625e-11,0.90000000028159999,9.5999999985664014e-06,0.80000000005119998,-1.2800000004915199e-05,-0.80000000005119998,1.2800000004915199e-05,0.90000000028159999,9.599999998566398e-06
fig8_D_0p05,0.050000000000000003,0.0010162650893929951,0.50000015775242512,-1.7376353778120546e-05,-3.2350026158522077e-06,0.00031926930551338522,-1.8390712056351455e-07,-0.001259243542554472,-0.5000000615612199,-5.2348800651697306e-11,0.90000000029083504,9.7561448566680589e-06,0.80000000005287919,-1.3008193149389298e-05,-0.80000000005287908,1.30081931493893e-05,0.90000000029083493,9.7561448566680538e-06
fig8_D_0p05,0.050000000000000003,0.0010327947319189515,0.50000016292587424,-1.765898819021299e-05,-3.3410936983517595e-06,0.00032446225636089494,-1.89938305000803e-07,-0.0012797252503410797,-0.50000006358010385,-5.494494766325876e-11,0.90000000030037286,9.9148294248426169e-06,0.80000000005461325,-1.3219772573977389e-05,-0.80000000005461325,1.3219772573977389e-05,0.90000000030037286,9.9148294248426135e-06
fig8_D_0p05,0.050000000000000003,0.0010495932305582276,0.50000016826898541,-1.7946219996882569e-05,-3.4506640120578534e-06,0.00032973967136792914,-1.9616728049939858e-07,-0.0013005400948861371,-0.50000006566519639,-5.7669846068047646e-11,0.90000000031022342,1.0076095011701341e-05,0.80000000005640426,-1.343479335682866e-05,-0.80000000005640415,1.343479335682866e-05,0.90000000031022342,1.0076095011701341e-05
fig8_D_0p05,0.050000000000000003,0.0010666649582795388,0.50000017378732231,-1.8238123991062596e-05,-3.5638276575983089e-06,0.00033510292436893913,-2.0260053356160879e-07,-0.0013216934946863365,-0.50000006781866912,-6.0529881064694648e-11,0.90000000032039718,1.0239983597743723e-05,0.80000000005825411,-1.3653311471943299e-05,-0.80000000005825411,1.3653311471943299e-05,0.90000000032039718,1.0239983597743718e-05
fig8_D_0p05,0.050000000000000003,0.0010840143591783311,0.50000017948663178,-1.8534776182988653e-05,-3.6807024775120096e-06,0.00034055341154477764,-2.0924476341541154e-07,-0.001343190956370586,-0.50000007004276426,-6.3531754523568108e-11,0.90000000033090455,1.0406537846285843e-05,0.80000000006016447,-1.3875383803743675e-05,-0.80000000006016447,1.3875383803743675e-05,0.90000000033090455,1.0406537846285841e-05
fig8_D_0p05,0.050000000000000003,0.0011016459496336569,0.50000018537284863,-1.8836253820037207e-05,-3.8014101789646037e-06,0.00034609255178620564,-2.161068889706963e-07,-0.0013650380761334748,-0.50000007233979815,-6.6682500673824214e-11,0.90000000034175631,1.0575801114566404e-05,0.80000000006213756,-1.4101068161882349e-05,-0.80000000006213734,1.4101068161882349e-05,0.90000000034175631,1.0575801114566404e-05
fig8_D_0p05,0.050000000000000003,0.0011195643194838783,0.5000001914521025,-1.9142635406888869e-05,-3.9260764604887407e-06,0.00035172178706331723,-2.231940560773471e-07,-0.0013872405411920624,-0.50000007471216257,-6.9989502610385071e-11,0.90000000035296424,1.0747817465033476e-05,0.80000000006417538,-1.433042329629109e-05,-0.80000000006417515,1.4330423296291087e-05,0.90000000035296424,1.0747817465033477e-05
fig8_D_0p05,0.050000000000000003,0.0011377741332214914,0.50000019773072379,-1.945400072602164e-05,-4.0548311428807781e-06,0.0003574425828009745,-2.3051364490822568e-07,-0.0014098041312663647,-0.5000000771623283,-7.3460509566634566e-11,0.90000000036453964,1.0922631676814791e-05,0.80000000006627991,-1.45635089124746e-05,-0.80000000006627991,1.45635089124746e-05,0.90000000036453964,1.0922631676814789e-05
fig8_D_0p05,0.050000000000000003,0.0011562801312073755,0.50000020421525104,-1.9770430858539597e-05,-4.1878083043902039e-06,0.00036325642826034869,-2.3807327766134367e-07,-0.0014327347200839063,-0.50000007969284632,-7.710365508496915e-11,0.90000000037649452,1.110028925737456e-05,0.80000000006845362,-1.4800385687052951e-05,-0.80000000006845351,1.4800385687052951e-05,0.90000000037649464,1.1100289257374562e-05
fig8_D_0p05,0.050000000000000003,0.0011750871309048076,0.50000021091243652,-2.0092008205342686e-05,-4.3251464203427135e-06,0.00036916483692667418,-2.4588082651877397e-07,-0.0014560382769087654,-0.50000008230635218,-8.0927476091979811e-11,0.90000000038884154,1.1280836454359997e-05,0.80000000007069849,-1.5041115283556914e-05,-0.80000000007069827,1.5041115283556914e-05,0.90000000038884154,1.1280836454359997e-05
fig8_D_0p05,0.050000000000000003,0.0011942000281335325,0.50000021782925452,-2.0418816508643057e-05,-4.4669885073421696e-06,0.00037516934690330736,-2.5394442181372878e-07,-0.0014797208680954674,-0.50000008500556725,-8.4940932874877102e-11,0.90000000040159356,1.1464320267640395e-05,0.80000000007301708,-1.5285760368480117e-05,-0.80000000007301686,1.5285760368480114e-05,0.90000000040159356,1.1464320267640396e-05
fig8_D_0p05,0.050000000000000003,0.0012136237983442406,0.50000022497290786,-2.075094087383388e-05,-4.6134822722017463e-06,0.00038127152131220009,-2.6227246052376585e-07,-0.001503788658668165,-0.50000008779330218,-8.9153430094684495e-11,0.90000000041476369,1.1650788461542111e-05,0.80000000007541161,-1.5534384627592323e-05,-0.80000000007541161,1.5534384627592323e-05,0.90000000041476369,1.1650788461542113e-05
fig8_D_0p05,0.050000000000000003,0.0012333634979137761,0.50000023235083535,-2.108846779171664e-05,-4.7647802657593273e-06,0.00038747294870089115,-2.7087361499297802e-07,-0.0015282479139255038,-0.50000009067246032,-9.3574838826035673e-11,0.90000000042836581,1.1840289577282563e-05,0.80000000007788474,-1.5787052782518109e-05,-0.80000000007788463,1.5787052782518106e-05,0.90000000042836581,1.1840289577282567e-05
fig8_D_0p05,0.050000000000000003,0.0012534242654613996,0.50000023997072018,-2.1431485161092336e-05,-4.9210400417372167e-06,0.00039377524345611482,-2.7975684198031092e-07,-0.0015531050010715761,-0.5000000936460397,-9.8215519677785851e-11,0.90000000044241402,1.2032872945606359e-05,0.80000000008043892,-1.6043830607585023e-05,-0.80000000008043881,1.604383060758502e-05,0.90000000044241402,1.2032872945606362e-05
fig8_D_0p05,0.050000000000000003,0.0012738113231864786,0.50000024784049724,-2.178008231172334e-05,-5.0824243208118616e-06,0.00040018004622414792,-2.8893139197849749e-07,-0.0015783663908734303,-0.50000009671713674,-1.0308634707914045e-10,0.90000000045692286,1.2228588699627113e-05,0.80000000008307692,-1.6304784946946053e-05,-0.80000000008307681,1.6304784946946053e-05,0.90000000045692286,1.2228588699627114e-05
fig8_D_0p05,0.050000000000000003,0.001294529978227916,0.50000025596836151,-2.2134350027671417e-05,-5.2491011600641046e-06,0.00040668902433798926,-2.9840681883483433e-07,-0.0016040386593455011,-0.50000009988894978,-1.0819873475162987e-10,0.90000000047190754,1.2427487787877967e-05,0.80000000008580152,-1.6569983731980278e-05,-0.80000000008580141,1.6569983731980278e-05,0.90000000047190742,1.2427487787877966e-05
fig8_D_0p05,0.050000000000000003,0.0013155856240457038,0.50000026436277711,-2.249438057101866e-05,-5.4212441279867438e-06,0.00041330387225149598,-3.0819298973971954e-07,-0.001630128489461472,-0.50000010316478138,-1.1356466247535064e-10,0.90000000048738349,1.2629621987574489e-05,0.80000000008861516,-1.683949599897677e-05,-0.80000000008861505,1.683949599897677e-05,0.9000000004873836,1.2629621987574491e-05
fig8_D_0p05,0.050000000000000003,0.0013369837418249467,0.5000002730324854,-2.2860267705977704e-05,-5.5990324852315027e-06,0.00042002631198058329,-3.1830009544417392e-07,-0.0016566426728939659,-0.50000010654804328,-1.1919670413592038e-10,0.90000000050336715,1.2835043918093341e-05,0.80000000009152139,-1.7113391907106116e-05,-0.80000000009152128,1.7113391907106116e-05,0.90000000050336715,1.2835043918093339e-05
fig8_D_0p05,0.050000000000000003,0.0013587299019027091,0.50000028198651447,-2.3232106723397095e-05,-5.7826513712835667e-06,0.00042685809355160229,-3.287386609110432e-07,-0.0016835881117825188,-0.50000011004225819,-1.251080572012243e-10,0.90000000051987494,1.3043807054669944e-05,0.80000000009452277,-1.7391742756684042e-05,-0.80000000009452277,1.7391742756684039e-05,0.90000000051987494,1.3043807054669944e-05
fig8_D_0p05,0.050000000000000003,0.0013808297652180923,0.50000029123418888,-2.3609994465669407e-05,-5.9722919972583493e-06,0.00043380099545701898,-3.3951955628538921e-07,-0.0017109718205303398,-0.50000011365106511,-1.313125736516704e-10,0.90000000053692408,1.3255965742319283e-05,0.80000000009762262,-1.76746210077324e-05,-0.80000000009762251,1.7674621007732397e-05,0.90000000053692408,1.3255965742319283e-05
fig8_D_0p05,0.050000000000000003,0.001403289084785873,0.50000030078513824,-2.3994029352047913e-05,-6.1681518450208889e-06,0.00044085682511850233,-3.5065400817366199e-07,-0.0017388009276302643,-0.50000011737822181,-1.3782479242832753e-10,0.90000000055453233,1.3471575209982793e-05,0.80000000010082417,-1.7962100298841764e-05,-0.80000000010082395,1.7962100298841764e-05,0.90000000055453233,1.347157520998279e-05
fig8_D_0p05,0.050000000000000003,0.0014261137071941285,0.50000031064930861,-2.4384311404379272e-05,-6.3704348728356424e-06,0.00044802741935755621,-3.6215361136349156e-07,-0.0017670826775204199,-0.50000012122760962,-1.4465997351075497e-10,0.90000000057271823,1.3690691584905577e-05,0.80000000010413064,-1.8254255466341042e-05,-0.80000000010413053,1.8254255466341039e-05,0.90000000057271823,1.3690691584905577e-05
fig8_D_0p05,0.050000000000000003,0.0014493095741262166,0.5000003208369721,-2.4780942273258911e-05,-6.5793517277605686e-06,0.00045531464487380693,-3.7403034089042442e-07,-0.0017958244324700842,-0.50000012520323711,-1.5183413367534531e-10,0.90000000059150032,1.3913371907247414e-05,0.80000000010754546,-1.8551162563778779e-05,-0.80000000010754557,1.8551162563778776e-05,0.90000000059150032,1.391337190724741e-05
fig8_D_0p05,0.050000000000000003,0.0014728827239075034,0.50000033135873734,-2.5184025264616166e-05,-6.7951199650067388e-06,0.00046272039873107454,-3.8629656450364647e-07,-0.0018250336744961904,-0.50000012930924442,-1.593640840154959e-10,0.90000000061089835,1.413967414493132e-05,0.80000000011107253,-1.885289888172132e-05,-0.80000000011107231,1.885289888172132e-05,0.90000000061089835,1.4139674144931323e-05
fig8_D_0p05,0.050000000000000003,0.0014968392930772554,0.50000034222556133,-2.5593665366736551e-05,-7.0179642744919891e-06,0.00047024660885135579,-3.9896505555844786e-07,-0.0018547180073110235,-0.50000013354990702,-1.6726746935235778e-10,0.90000000063093266,1.4369657208733775e-05,0.80000000011471517,-1.9159542967873026e-05,-0.80000000011471506,1.9159542967873022e-05,0.90000000063093255,1.4369657208733772e-05
fig8_D_0p05,0.050000000000000003,0.0015211855179861049,0.50000035344876004,-2.6009969277728448e-05,-7.2481167148245853e-06,0.00047789523451685027,-4.1204900630420482e-07,-0.0018848851583015997,-0.50000013792964104,-1.7556280956665545e-10,0.900000000651624,1.460338096762029e-05,0.80000000011847705,-1.9471174647523799e-05,-0.80000000011847705,1.9471174647523799e-05,0.90000000065162389,1.460338096762029e-05
fig8_D_0p05,0.050000000000000003,0.0015459277364194769,0.50000036504002066,-2.6433045433441442e-05,-7.4858169549603192e-06,0.00048566826688015055,-4.2556204161298128e-07,-0.0019155429805412106,-0.5000001424530075,-1.8426954301081939e-10,0.90000000067299379,1.4840906264330399e-05,0.80000000012236261,-1.9787875044329011e-05,-0.80000000012236239,1.9787875044329007e-05,0.90000000067299368,1.4840906264330402e-05
fig8_D_0p05,0.050000000000000003,0.0015710723892474504,0.50000037701141387,-2.6863004035844477e-05,-7.7313125237851231e-06,0.00049356772948274568,-4.3951823320426131e-07,-0.0019466994548337255,-0.50000014712471652,-1.9340807204208926e-10,0.90000000069506436,1.5082294931216269e-05,0.8000000001263754,-2.010972660142767e-05,-0.80000000012637529,2.010972660142767e-05,0.90000000069506436,1.5082294931216269e-05
fig8_D_0p05,0.050000000000000003,0.0015966260221014269,0.50000038937540592,-2.7299957081870791e-05,-7.984859067882645e-06,0.00050159567878195423,-4.539321142547903e-07,-0.001978362691791107,-0.50000015194963299,-2.0299981085277028e-10,0.90000000071785879,1.5327609806338744e-05,0.80000000013051986,-2.043681310290383e-05,-0.80000000013051975,2.043681310290383e-05,0.90000000071785879,1.5327609806338744e-05
fig8_D_0p05,0.050000000000000003,0.0016225952870780871,0.50000040214487207,-2.7744018392738186e-05,-8.2467206177556685e-06,0.0005097542046864431,-4.6881869457046643e-07,-0.0020105409339447326,-0.50000015693278133,-2.1306723561797191e-10,0.90000000074140085,1.557691474982531e-05,0.8000000001348001,-2.0769219695597222e-05,-0.8000000001348001,2.0769219695597222e-05,0.90000000074140085,1.5576914749825306e-05
fig8_D_0p05,0.050000000000000003,0.001648986944471065,0.50000041533310968,-2.8195303643752429e-05,-8.5171698627783603e-06,0.00051804543110045933,-4.8419347617803532e-07,-0.0020432425578910717,-0.50000016207935083,-2.236339372081622e-10,0.90000000076571485,1.5830274660494166e-05,0.8000000001392209,-2.1107032911268677e-05,-0.8000000001392209,2.1107032911268677e-05,0.90000000076571485,1.5830274660494166e-05
fig8_D_0p05,0.050000000000000003,0.0016758078645307669,0.50000042895385233,-2.8653930394601614e-05,-8.7964884351656822e-06,0.0005264715164769191,-5.0007246951006001e-07,-0.0020764760764722212,-0.50000016739470077,-2.3472467641910406e-10,0.9000000007908262,1.6087755492748514e-05,0.80000000014378658,-2.1450340689125846e-05,-0.80000000014378647,2.145034068912585e-05,0.9000000007908262,1.6087755492748514e-05
fig8_D_0p05,0.050000000000000003,0.0017030650292528444,0.50000044302128399,-2.9120018120150494e-05,-9.0849672032559657e-06,0.00053503465437950684,-5.1647221004785804e-07,-0.0021102501409919518,-0.50000017288436616,-2.4636544203765791e-10,0.90000000081676124,1.6349424273745862e-05,0.80000000014850203,-2.1799232398715634e-05,-0.80000000014850192,2.1799232398715631e-05,0.90000000081676124,1.6349424273745868e-05
fig8_D_0p05,0.050000000000000003,0.0017307655341957258,0.50000045755005351,-2.959368824174248e-05,-9.3829065744116605e-06,0.00054373707405391499,-5.3340977553689717e-07,-0.0021445735434677607,-0.50000017855406387,-2.5858351173328612e-10,0.9000000008435467,1.661534912084633e-05,0.80000000015337225,-2.2153798863188599e-05,-0.80000000015337203,2.2153798863188599e-05,0.90000000084354659,1.661534912084633e-05
fig8_D_0p05,0.050000000000000003,0.0017589165903277326,0.50000047255529045,-3.0075064159018534e-05,-9.6906168078541502e-06,0.00055258104100839309,-5.5090280380587497e-07,-0.0021794552189195724,-0.50000018440969773,-2.7140751593788984e-10,0.90000000087121057,1.6885599259344989e-05,0.800000000158402,-2.2514132382942087e-05,-0.80000000015840189,2.2514132382942087e-05,0.90000000087121057,1.6885599259344989e-05
fig8_D_0p05,0.050000000000000003,0.0017875255259042354,0.50000048805262054,-3.0564271282261419e-05,-1.0008418337758192e-05,0.00056156885760374239,-5.6896951108886817e-07,-0.0022149042476956706,-0.50000019045736566,-2.8486750499180473e-10,0.90000000089978172,1.7160245040492527e-05,0.80000000016359674,-2.2880326759647793e-05,-0.80000000016359663,2.2880326759647793e-05,0.90000000089978172,1.7160245040492524e-05
fig8_D_0p05,0.050000000000000003,0.0018165997883753267,0.50000050405818186,-3.1061437065274251e-05,-1.0336642106942358e-05,0.00057070286365291608,-5.8762871103096304e-07,-0.0022509298578364334,-0.50000019670336537,-2.9899501952207453e-10,0.90000000092928978,1.7439357959808927e-05,0.80000000016896178,-2.3252477320670026e-05,-0.80000000016896167,2.325247732067003e-05,0.90000000092928978,1.7439357959808927e-05
fig8_D_0p05,0.050000000000000003,0.0018461469463245475,0.50000052058864164,-3.156669103880266e-05,-1.0675629911503404e-05,0.00057998543703038517,-6.0689983425593619e-07,-0.0022875414274765426,-0.50000020315420102,-3.1382316437487479e-10,0.90000000095976551,1.7723010675695235e-05,0.8000000001745029,-2.3630680943881362e-05,-0.80000000017450279,2.3630680943881362e-05,0.90000000095976551,1.7723010675695235e-05
fig8_D_0p05,0.050000000000000003,0.0018761746914391214,0.50000053766121388,-3.2080164844509534e-05,-1.1025734756752953e-05,0.00058941899429142022,-6.2680294861394703e-07,-0.0023247484872862432,-0.50000020981659021,-3.2938668616646141e-10,0.90000000099124089,1.8011277028347796e-05,0.80000000018022566,-2.4015036082881687e-05,-0.80000000018022566,2.4015036082881691e-05,0.90000000099124089,1.8011277028347792e-05
fig8_D_0p05,0.050000000000000003,0.001906690840512252,0.50000055529367704,-3.2601992269512083e-05,-1.138732122482767e-05,0.00059900599130146128,-6.4735878006760839e-07,-0.0023625607229523166,-0.50000021669747075,-3.4572205473385885e-10,0.90000000102374833,1.8304232058980308e-05,0.80000000018613615,-2.4405642792627598e-05,-0.80000000018613604,2.4405642792627595e-05,0.90000000102374833,1.8304232058980304e-05
fig8_D_0p05,0.050000000000000003,0.001937703337477989,0.50000057350439264,-3.3132309281490637e-05,-1.1760765854355549e-05,0.00060874892387573383,-6.6858873428582433e-07,-0.0024009879776994186,-0.5000002238040081,-3.6286754856660317e-10,0.90000000105732192,1.860195202935856e-05,0.80000000019224038,-2.4802602755478715e-05,-0.80000000019224027,2.4802602755478715e-05,0.90000000105732192,1.8601952029358553e-05
fig8_D_0p05,0.050000000000000003,0.0019692202554791715,0.5000005923123243,-3.3671254064378927e-05,-1.2146457532573528e-05,0.00061865032842927585,-6.9051491894539518e-07,-0.0024400402548523902,-0.50000023114360248,-3.8086334453802436e-10,0.9000000010919964,1.8904514441652648e-05,0.80000000019854489,-2.5206019307667324e-05,-0.80000000019854478,2.5206019307667324e-05,0.9000000010919964,1.8904514441652648e-05
fig8_D_0p05,0.050000000000000003,0.0020012497989690368,0.50000061173705768,-3.4218967054646312e-05,-1.2544797900305418e-05,0.00062871278263755884,-7.1316016669875637e-07,-0.0024797277204402861,-0.50000023872389721,-3.9975161201060675e-10,0.9000000011278082,1.921199805861244e-05,0.80000000020505613,-2.5615997466199032e-05,-0.80000000020505591,2.5615997466199032e-05,0.9000000011278082,1.921199805861244e-05
fig8_D_0p05,0.050000000000000003,0.002033800305846982,0.50000063179882059,-3.4775590978181341e-05,-1.29562017702211e-05,0.00063893890610785555,-7.3654805902642617e-07,-0.0025200607058427243,-0.50000024655278563,-4.1957661168812209e-10,0.90000000116479428,1.9524482924070868e-05,0.80000000021178075,-2.6032643956190473e-05,-0.80000000021178064,2.6032643956190473e-05,0.90000000116479428,1.9524482924070872e-05
fig8_D_0p05,0.050000000000000003,0.0020668802496290823,0.50000065251850434,-3.5341270887787678e-05,-1.3381097558813307e-05,0.0006493313610615491,-7.6070295073130123e-07,-0.0025610497104792854,-0.50000025463842057,-4.4038479931279113e-10,0.90000000120299339,1.9842050383780929e-05,0.80000000021872619,-2.6456067238651986e-05,-0.80000000021872597,2.6456067238651986e-05,0.90000000120299339,1.9842050383780929e-05
fig8_D_0p05,0.050000000000000003,0.0021004982416539153,0.50000067391768521,-3.5916154201302666e-05,-1.3819927732541569e-05,0.00065989285302755108,-7.8564999534194713e-07,-0.0026027054045426653,-0.50000026298922184,-4.6222493453612233e-10,0.90000000124244539,2.0164783106591562e-05,0.80000000022589912,-2.6886377538722181e-05,-0.80000000022589912,2.6886377538722181e-05,0.90000000124244539,2.0164783106591558e-05
fig8_D_0p05,0.050000000000000003,0.0021346630333242455,0.50000069601864727,-3.650039074034933e-05,-1.4273149268607828e-05,0.00067062613154701028,-8.1141517127916729e-07,-0.002645038631776266,-0.50000027161388561,-4.8514819516332769e-10,0.90000000128319102,2.0492765105967839e-05,0.80000000023330753,-2.7323686874361492e-05,-0.80000000023330731,2.7323686874361489e-05,0.90000000128319102,2.0492765105967839e-05
fig8_D_0p05,0.050000000000000003,0.0021693835183851842,0.50000071884440533,-3.7094132769732695e-05,-1.4741234130844003e-05,0.0006815339908895049,-8.3802530891768923e-07,-0.0026880604122969595,-0.50000028052139311,-5.0920829711012874e-10,0.90000000132527291,2.0826081761861279e-05,0.80000000024095874,-2.7768109085512618e-05,-0.80000000024095874,2.7768109085512618e-05,0.90000000132527291,2.0826081761861272e-05
fig8_D_0p05,0.050000000000000003,0.0022046687352394096,0.50000074241872883,-3.7697535037491981e-05,-1.5224669761206878e-05,0.00069261927078089478,-8.6550811852909026e-07,-0.0027317819454637888,-0.50000028972102006,-5.3446162023119493e-10,0.90000000136873481,2.1164819842935967e-05,0.80000000024886098,-2.8219759863735398e-05,-0.80000000024886075,2.8219759863735398e-05,0.90000000136873481,2.1164819842935964e-05
fig8_D_0p05,0.050000000000000003,0.0022405278693000182,0.50000076676616689,-3.8310754815619355e-05,-1.5723959587392085e-05,0.00070388485714302951,-8.9389221912331007e-07,-0.0027762146127932848,-0.50000029922234657,-5.609673404843884e-10,0.90000000141362224,2.1509067529155939e-05,0.80000000025702234,-2.867875678232331e-05,-0.80000000025702223,2.867875678232331e-05,0.90000000141362213,2.1509067529155936e-05
fig8_D_0p05,0.050000000000000003,0.0022769702553816799,0.50000079191207369,-3.8933951941457825e-05,-1.6239623547096337e-05,0.00071533368284551003,-9.2320716828589444e-07,-0.0028213699809222395,-0.50000030903526671,-5.8878756854601182e-10,0.9000000014599816,2.1858914434740246e-05,0.80000000026545126,-2.914521932691025e-05,-0.80000000026545126,2.9145219326910244e-05,0.9000000014599816,2.1858914434740236e-05
fig8_D_0p05,0.050000000000000003,0.002314005380130654,0.50000081788263473,-3.9567288859788976e-05,-1.6772198629473314e-05,0.00072696872846969021,-9.5348349290688694e-07,-0.0028672598046186343,-0.50000031916999932,-6.179874953988313e-10,0.9000000015078613,2.221445163149108e-05,0.80000000027415663,-2.9619268926574754e-05,-0.80000000027415652,2.9619268926574754e-05,0.90000000150786119,2.2214451631491087e-05
fig8_D_0p05,0.050000000000000003,0.0023516428844943486,0.50000084470489448,-4.0210930665623935e-05,-1.7322239434347658e-05,0.00073879302308512958,-9.847527210199436e-07,-0.0029138960298415533,-0.50000032963709795,-6.4863554510293875e-10,0.90000000155731108,2.2575771672501611e-05,0.80000000028314755,-3.0101028985450384e-05,-0.80000000028314744,3.0101028985450384e-05,0.90000000155731108,2.2575771672501614e-05
fig8_D_0p05,0.050000000000000003,0.0023898925662310501,0.50000087240678426,-4.0865045147708654e-05,-1.7890318749769353e-05,0.00075080964503869549,-1.017047414592076e-06,-0.0029612907968508758,-0.50000034044746244,-6.8080353508149062e-10,0.90000000160838267,2.2942968616249327e-05,0.80000000029243323,-3.0590624914850305e-05,-0.80000000029243323,3.0590624914850298e-05,0.90000000160838267,2.294296861624933e-05
fig8_D_0p05,0.050000000000000003,0.0024287643824604504,0.50000090101715144,-4.1529802832756724e-05,-1.8477028148509629e-05,0.00076302172275651524,-1.0504012034409649e-06,-0.0030094564433675083,-0.50000035161235024,-7.1456684446342391e-10,0.90000000166112926,2.331613805108109e-05,0.80000000030202345,-3.1088184165913982e-05,-0.80000000030202345,3.1088184165913976e-05,0.90000000166112926,2.33161380510811e-05
fig8_D_0p05,0.050000000000000003,0.0024682684522556926,0.50000093056578931,-4.2205377030422711e-05,-1.9082978604120554e-05,0.00077543243555900504,-1.0848488203041295e-06,-0.0030584055077850611,-0.50000036314338792,-7.5000459069321382e-10,0.90000000171560557,2.3695377120096818e-05,0.80000000031192831,-3.1593836262785447e-05,-0.80000000031192831,3.1593836262785447e-05,0.90000000171560557,2.3695377120096814e-05
fig8_D_0p05,0.050000000000000003,0.0025084150592775412,0.50000096108346825,-4.2891943879028457e-05,-1.9708801127198859e-05,0.00078804501448917095,-1.120426136924646e-06,-0.0031081507324337183,-0.5000003750525831,-7.8719981495655031e-10,0.90000000177186834,2.4080784546437435e-05,0.8000000003221579,-3.2107712836330676e-05,-0.8000000003221579,3.2107712836330676e-05,0.90000000177186834,2.4080784546437439e-05
fig8_D_0p05,0.050000000000000003,0.0025492146544514229,0.50000099260196784,-4.3589682392056069e-05,-2.0355147422517611e-05,0.00080086274315440884,-1.1571702014552543e-06,-0.0031587050668972125,-0.50000038735233776,-8.2623967674041792e-10,0.9000000018299763,2.4472460658984556e-05,0.800000000332723,-3.262994765840371e-05,-0.80000000033272289,3.262994765840371e-05,0.9000000018299763,2.4472460658984556e-05
fig8_D_0p05,0.050000000000000003,0.0025906778586880087,0.50000102515410982,-4.4298774505421557e-05,-2.102269056770983e-05,0.00081388895858202856,-1.195119277055956e-06,-0.0032100816713837607,-0.50000040005545965,-8.6721565811711393e-10,0.90000000188998985,2.4870507418477984e-05,0.80000000034363461,-3.3160676676670163e-05,-0.8000000003436345,3.3160676676670163e-05,0.90000000188998985,2.4870507418477991e-05
fig8_D_0p05,0.050000000000000003,0.0026328154656480199,0.50000105877379242,-4.5019405125541848e-05,-2.1712125714210531e-05,0.00082712705208870952,-1.2343128816851012e-06,-0.0032622939201517797,-0.50000041317517752,-9.1022377804358392e-10,0.90000000195197161,2.5275028444057891e-05,0.80000000035490393,-3.3700038049996719e-05,-0.80000000035490382,3.3700038049996719e-05,0.90000000195197161,2.5275028444057888e-05
fig8_D_0p05,0.050000000000000003,0.0026756384445520455,0.50000109349602528,-4.5751762178210922e-05,-2.242417081118823e-05,0.00084058047016414054,-1.2747918292956018e-06,-0.0033153554049913745,-0.50000042672515355,-9.5536481746889791e-10,0.90000000201598596,2.5686129040239016e-05,0.80000000036654295,-3.4248172184416859e-05,-0.80000000036654284,3.4248172184416859e-05,0.90000000201598596,2.5686129040239012e-05
fig8_D_0p05,0.050000000000000003,0.0027191579430360189,0.50000112935696661,-4.6496036658297962e-05,-2.3159567353218791e-05,0.00085425271536904884,-1.3165982723113701e-06,-0.0033692799387623914,-0.50000044071949779,-1.0027445554124971e-09,0.90000000208209974,2.6103916224323303e-05,0.80000000037856367,-3.4805221769680964e-05,-0.80000000037856356,3.4805221769680957e-05,0.90000000208209963,2.6103916224323303e-05
fig8_D_0p05,0.050000000000000003,0.00276338529005317,0.50000116639395997,-4.7252422680283597e-05,-2.3919081152481303e-05,0.00086814734724787639,-1.3597757455262316e-06,-0.0034240815589900598,-0.50000045517278313,-1.0524740168941257e-09,0.90000000215038156,2.6528498754258553e-05,0.80000000039097841,-3.5371331816401298e-05,-0.80000000039097841,3.5371331816401291e-05,0.90000000215038156,2.6528498754258553e-05
fig8_D_0p05,0.050000000000000003,0.0028083319988231725,0.50000120464557385,-4.8021117529648475e-05,-2.4703503136280018e-05,0.00088226798325633513,-1.4043692114634743e-06,-0.0034797745315190949,-0.50000047010006066,-1.1046697330678134e-09,0.90000000222090271,2.6959987156950293e-05,0.80000000040380048,-3.5946649693801184e-05,-0.80000000040380048,3.594664969380117e-05,0.90000000222090271,2.6959987156950296e-05
fig8_D_0p05,0.050000000000000003,0.0028540097698292375,0.50000124415164171,-4.8802321715129652e-05,-2.5513650170722515e-05,0.00089661829970407597,-1.4504251071509322e-06,-0.003536373354227212,-0.50000048551687493,-1.159454014312074e-09,0.90000000229373667,2.7398493757033822e-05,0.80000000041704311,-3.6531325168077753e-05,-0.800000000417043,3.6531325168077746e-05,0.90000000229373667,2.7398493757033822e-05
fig8_D_0p05,0.050000000000000003,0.0029004304938639917,0.50000128495330309,-4.9596239021861044e-05,-2.6350365911413003e-05,0.00091120203271273363,-1.4979913925232402e-06,-0.0035938927607990843,-0.50000050143928021,-1.2169552368523017e-09,0.90000000236895916,2.7844132706114672e-05,0.80000000043071984,-3.7125510441389299e-05,-0.80000000043071973,3.7125510441389292e-05,0.90000000236895916,2.7844132706114679e-05
fig8_D_0p05,0.050000000000000003,0.0029476062551248585,0.50000132709304668,-5.0403076565413242e-05,-2.7214521682046009e-05,0.00092602297918959299,-1.5471176003159504e-06,-0.0036523477245616128,-0.5000005178838568,-1.2773081435726646e-09,0.90000000244664857,2.8297020012484251e-05,0.80000000044484521,-3.772936019147613e-05,-0.80000000044484521,3.7729360191476123e-05,0.90000000244664857,2.8297020012484248e-05
fig8_D_0p05,0.050000000000000003,0.0029955493343598134,0.50000137061475491,-5.1223044846749592e-05,-2.8107017381815981e-05,0.00094108499781712734,-1.5978548877047805e-06,-0.0037117534623816251,-0.50000053486772966,-1.3406541597832107e-09,0.90000000252688572,2.8757273571319026e-05,0.80000000045943387,-3.8343031611926241e-05,-0.80000000045943387,3.8343031611926234e-05,0.90000000252688572,2.8757273571319023e-05
fig8_D_0p05,0.050000000000000003,0.0030442722120643025,0.500001415563749,-5.2056357808115423e-05,-2.9028782422588318e-05,0.0009563920100586833,-1.6502560895303997e-06,-0.0037721254386269571,-0.50000055240858476,-1.4071417246062619e-09,0.90000000260975432,2.9225013195371034e-05,0.80000000047450082,-3.8966684453095979e-05,-0.80000000047450071,3.8966684453095979e-05,0.90000000260975432,2.9225013195371034e-05
fig8_D_0p05,0.050000000000000003,0.0030937875717301369,0.5000014619868367,-5.2903232889876341e-05,-2.9980776696806881e-05,0.00097194800118055374,-1.7043757733238574e-06,-0.0038334793691919178,-0.50000057052468827,-1.4769266388765627e-09,0.90000000269534053,2.9700360646157192e-05,0.80000000049006192,-3.9600481063695911e-05,-0.80000000049006181,3.9600481063695905e-05,0.90000000269534053,2.9700360646157185e-05
fig8_D_0p05,0.050000000000000003,0.0031441083031472647,0.5000015099323607,-5.376389108832534e-05,-3.0963991577147995e-05,0.00098775702129074209,-1.7602702961638794e-06,-0.0038958312255882796,-0.50000058923490531,-1.5501724301379412e-09,0.90000000278373338,3.0183439665656284e-05,0.80000000050613329,-4.024458643305344e-05,-0.80000000050613329,4.0244586433053434e-05,0.90000000278373338,3.0183439665656264e-05
fig8_D_0p05,0.050000000000000003,0.0031952475057592136,0.50000155945024927,-5.4638557014473792e-05,-3.1979450948960167e-05,0.0010038231863946472,-1.817997863310522e-06,-0.0039591972391027439,-0.50000060855871986,-1.6270507359765398e-09,0.90000000287502513,3.0674376008521233e-05,0.80000000052273179,-4.089916823406267e-05,-0.80000000052273168,4.0899168234062663e-05,0.90000000287502524,3.0674376008521233e-05
fig8_D_0p05,0.050000000000000003,0.0032472184920731288,0.50000161059206771,-5.5527458953847073e-05,-3.3028212276566797e-05,0.0010201506794679902,-1.8776185888580432e-06,-0.0040235939050220588,-0.5000006285162546,-1.7077417061107437e-09,0.90000000296931093,3.1173297474815479e-05,0.80000000053987474,-4.1564396866832783e-05,-0.80000000053987463,4.1564396866832797e-05,0.90000000296931093,3.1173297474815479e-05
fig8_D_0p05,0.050000000000000003,0.0033000347911252854,0.50000166341107277,-5.6430828927302111e-05,-3.4111367704541782e-05,0.001036743751547241,-1.9391945583202563e-06,-0.004089037986926859,-0.50000064912829223,-1.7924344246337165e-09,0.90000000306668859,3.1680333943281822e-05,0.8000000005575798,-4.2240445503046775e-05,-0.80000000055757958,4.2240445503046782e-05,0.90000000306668859,3.1680333943281829e-05
fig8_D_0p05,0.050000000000000003,0.0033537101520029287,0.50000171796226756,-5.7348902752885623e-05,-3.5230045195104623e-05,0.0010536067228378286,-2.0027898932663268e-06,-0.0041555465210552809,-0.50000067041629737,-1.8813273530726184e-09,0.90000000316725992,3.2195617405152109e-05,0.8000000005758654,-4.2927490131040914e-05,-0.8000000005758654,4.2927490131040921e-05,0.90000000316725992,3.2195617405152109e-05
fig8_D_0p05,0.050000000000000003,0.003408258547423452,0.50000177430245929,-5.8281920108754751e-05,-3.6385409702821655e-05,0.0010707439838404545,-2.0684708181284428e-06,-0.0042231368207376243,-0.50000069240243783,-1.9746287954571277e-09,0.90000000327112928,3.2719281998507326e-05,0.80000000059475074,-4.3625709601618367e-05,-0.80000000059475074,4.3625709601618367e-05,0.90000000327112928,3.2719281998507339e-05
fig8_D_0p05,0.050000000000000003,0.0034636941773717343,0.50000183249031771,-5.9230124597176557e-05,-3.7578664387834717e-05,0.0010881599964957681,-2.136305729125848e-06,-0.0042918264809030599,-0.5000007151096092,-2.0725573864408117e-09,0.90000000337840513,3.3251464043196037e-05,0.80000000061425547,-4.4335285674607134e-05,-0.80000000061425536,4.4335285674607134e-05,0.90000000337840513,3.3251464043196044e-05
fig8_D_0p05,0.050000000000000003,0.0035200314727966788,0.50000189258643701,-6.019376380963039e-05,-3.8811051868883203e-05,0.0011058592953477379,-2.2063652655134047e-06,-0.0043616333826596732,-0.50000073856145733,-2.1753426036950733e-09,0.90000000348919906,3.3792302076321101e-05,0.80000000063439991,-4.5056403066175783e-05,-0.8000000006343998,4.5056403066175783e-05,0.90000000348919906,3.3792302076321108e-05
fig8_D_0p05,0.050000000000000003,0.0035772850993678732,0.50000195465339847,-6.1173089393031868e-05,-4.0083855517424111e-05,0.0011238464887260208,-2.2787223831303993e-06,-0.004432575697949,-0.50000076278240391,-2.2832253056192186e-09,0.90000000360362642,3.4341936888303668e-05,0.80000000065520482,-4.578924949691879e-05,-0.80000000065520482,4.5789249496918796e-05,0.90000000360362631,3.4341936888303661e-05
fig8_D_0p05,0.050000000000000003,0.0036354699612933181,0.50000201875583561,-6.2168357117099759e-05,-4.1398400794196916e-05,0.0011421262599476101,-2.353452430367553e-06,-0.0045046718942762087,-0.50000078779767143,-2.3964582957557786e-09,0.90000000372180633,3.4900511559533233e-05,0.80000000067669208,-4.6534015740723461e-05,-0.80000000067669197,4.6534015740723461e-05,0.90000000372180633,3.4900511559533227e-05
fig8_D_0p05,0.050000000000000003,0.0036946012051993025,0.50000208496050202,-6.3179826942889517e-05,-4.2756056629628628e-05,0.0011607033685381378,-2.4306332266424424e-06,-0.0045779407395172729,-0.50000081363330928,-2.5153069152731157e-09,0.90000000384386203,3.5468171497614571e-05,0.800000000698884,-4.7290895674432438e-05,-0.800000000698884,4.7290895674432452e-05,0.90000000384386203,3.5468171497614565e-05
fig8_D_0p05,0.050000000000000003,0.003754694224073337,0.50000215333634002,-6.4207763092513702e-05,-4.4158236849513492e-05,0.0011795826514730903,-2.510345143428433e-06,-0.0046524013068042639,-0.50000084031622183,-2.6400496646808306e-09,0.90000000396992041,3.6045064475219778e-05,0.80000000072180366,-4.8060086328313317e-05,-0.80000000072180355,4.8060086328313317e-05,0.9000000039699203,3.6045064475219778e-05
fig8_D_0p05,0.050000000000000003,0.0038157646612712484,0.50000222395455307,-6.5252434120073607e-05,-4.5606401647455743e-05,0.0011987690244393183,-2.5926711879308006e-06,-0.0047280729794901277,-0.50000086787419507,-2.7709788565330224e-09,0.90000000410011283,3.6631340668556375e-05,0.80000000074547506,-4.8841787937349484e-05,-0.80000000074547506,4.8841787937349484e-05,0.90000000410011283,3.6631340668556368e-05
fig8_D_0p05,0.050000000000000003,0.0038778284145894572,0.50000229688867992,-6.631411298382507e-05,-4.7102059105607748e-05,0.001218267483117144,-2.6776970895592278e-06,-0.0048049754561942104,-0.50000089633592648,-2.9084013004068926e-09,0.90000000423457494,3.7227152696461189e-05,0.80000000076992273,-4.9636203993365362e-05,-0.80000000076992261,4.9636203993365362e-05,0.90000000423457505,3.7227152696461196e-05
fig8_D_0p05,0.050000000000000003,0.0039409016404034474,0.50000237221467081,-6.7393077119602842e-05,-4.8646766765287549e-05,0.0012380831044834118,-2.7655113891793259e-06,-0.0048831287559297672,-0.50000092573105459,-3.0526390218846397e-09,0.90000000437344674,3.7832655660129623e-05,0.80000000079517208,-5.044354129799886e-05,-0.80000000079517197,5.0443541297998847e-05,0.90000000437344674,3.783265566012963e-05
fig8_D_0p05,0.050000000000000003,0.004005000757873611,0.50000245001096666,-6.8489608515527817e-05,-5.0242133249114119e-05,0.0012582210481358394,-2.8562055313062495e-06,-0.0049625532233149713,-0.50000095609019024,-3.2040300171784996e-09,0.90000000451687279,3.8448007183491712e-05,0.80000000082124956,-5.1264010016536322e-05,-0.80000000082124956,5.1264010016536322e-05,0.90000000451687268,3.8448007183491718e-05
fig8_D_0p05,0.050000000000000003,0.0040701424532194391,0.50000253035858155,-6.9603993788022649e-05,-5.1889819936347548e-05,0.0012786865576389988,-2.9498739593444845e-06,-0.0050432695338685461,-0.50000098744494792,-3.3629290452285242e-09,0.9000000046650023,3.9073367454244383e-05,0.80000000084818224,-5.2097823732622178e-05,-0.80000000084818212,5.2097823732622178e-05,0.9000000046650023,3.907336745424437e-05
fig8_D_0p05,0.050000000000000003,0.0041363436840632737,0.50000261334118556,-7.0736524259161197e-05,-5.3591542693182225e-05,0.0012994849618923076,-3.0466142139327912e-06,-0.0051252986993915962,-0.50000101982797884,-3.5297084590552551e-09,0.90000000481798992,3.9708899265551394e-05,0.8000000008759981,-5.2945199503859121e-05,-0.8000000008759981,5.2945199503859121e-05,0.90000000481798992,3.9708899265551388e-05
fig8_D_0p05,0.050000000000000003,0.0042036216838447138,0.50000269904519334,-7.1887496035379951e-05,-5.5349073659794676e-05,0.0013206216765203809,-3.1465270344845087e-06,-0.0052086620734369503,-0.50000105327300515,-3.7047590782646449e-09,0.90000000497599464,4.0354768058421686e-05,0.80000000090472634,-5.3806357918312514e-05,-0.80000000090472623,5.3806357918312514e-05,0.90000000497599464,4.035476805842168e-05
fig8_D_0p05,0.050000000000000003,0.0042719939663067768,0.5000027875598535,-7.3057210087575742e-05,-5.7164243096006937e-05,0.0013421022052861034,-3.2497164641487331e-06,-0.0052933813568673905,-0.50000108781485497,-3.8884911050091585e-09,0.90000000513918099,4.1011141964776439e-05,0.80000000093439649,-5.4681523151933436e-05,-0.80000000093439649,5.4681523151933443e-05,0.90000000513918099,4.1011141964776426e-05
fig8_D_0p05,0.050000000000000003,0.0043414783300550928,0.50000287897734119,-7.4245972332620782e-05,-5.903894128749125e-05,0.0013639321415268304,-3.3562899581056349e-06,-0.0053794786035043524,-0.50000112348949832,-4.0813350852007607e-09,0.90000000530771906,4.1678191851217296e-05,0.80000000096503987,-5.5570923026916339e-05,-0.80000000096503976,5.5570923026916339e-05,0.90000000530771906,4.1678191851217296e-05
fig8_D_0p05,0.050000000000000003,0.0044120928631911898,0.50000297339285482,-7.5454093716321378e-05,-6.0975120514498905e-05,0.0013861171696140536,-3.4663584954630622e-06,-0.0054669762258684014,-0.50000116033408515,-4.2837429175033399e-09,0.90000000548178427,4.2356091363505966e-05,0.80000000099668811,-5.6474789071005335e-05,-0.800000000996688,5.6474789071005335e-05,0.90000000548178427,4.2356091363505973e-05
fig8_D_0p05,0.050000000000000003,0.004483855948021186,0.50000307090471496,-7.6681890297851168e-05,-6.2974797085167398e-05,0.0014086630664369641,-3.5800366948654516e-06,-0.0055558970010131242,-0.50000119838698365,-4.4961889123407324e-09,0.90000000566155791,4.3045016971767537e-05,0.80000000102937419,-5.7393356577765461e-05,-0.80000000102937396,5.7393356577765474e-05,0.90000000566155791,4.3045016971767543e-05
fig8_D_0p05,0.050000000000000003,0.0045567862658410637,0.50000317161446617,-7.7929683335687885e-05,-6.5040053435523219e-05,0.0014315757029102791,-3.6974429337977011e-06,-0.0056462640764538621,-0.50000123768782045,-4.7191709033123693e-09,0.90000000584722717,4.3745148016429153e-05,0.80000000106313229,-5.832686466783438e-05,-0.80000000106313218,5.8326864667834366e-05,0.90000000584722728,4.3745148016429153e-05
fig8_D_0p05,0.050000000000000003,0.004630902801799737,0.50000327562698377,-7.9197799375085867e-05,-6.7173040298367916e-05,0.0014548610455067425,-3.8186994718754363e-06,-0.00573810097619283,-0.50000127827752128,-4.9532114140523123e-09,0.90000000603898545,4.4456666754905345e-05,0.8000000010979974,-5.927555635116966e-05,-0.8000000010979974,5.9275556351169647e-05,0.90000000603898545,4.4456666754905339e-05
fig8_D_0p05,0.050000000000000003,0.0047062248498412817,0.5000033830505819,-8.0486570337114804e-05,-6.93759789433096e-05,0.0014785251578147169,-3.943932578170245e-06,-0.0058314316068422732,-0.50000132019835464,-5.1988588825510043e-09,0.90000000623703236,4.5179758409043468e-05,0.80000000113400582,-6.0239678590309524e-05,-0.80000000113400593,6.0239678590309524e-05,0.90000000623703236,4.5179758409043482e-05
fig8_D_0p05,0.050000000000000003,0.0047827720177274855,0.50000349399712762,-8.1796333609298052e-05,-7.1651163490271162e-05,0.0015025742021212637,-4.0732726626635518e-06,-0.005926280263847129,-0.50000136349397462,-5.4566889464769449e-09,0.90000000644157419,4.5914611213340175e-05,0.80000000117119519,-6.1219482364661585e-05,-0.8000000011711953,6.1219482364661571e-05,0.90000000644157419,4.5914611213340168e-05
fig8_D_0p05,0.050000000000000003,0.004860564232142134,0.50000360858215598,-8.3127432137883778e-05,-7.4000963298888786e-05,0.0015270144410211531,-4.2068544120858753e-06,-0.0060226716378089127,-0.50000140820946759,-5.7273057922223487e-09,0.90000000665282398,4.6661416463942419e-05,0.80000000120960424,-6.2215222735837844e-05,-0.80000000120960435,6.2215222735837844e-05,0.90000000665282398,4.6661416463942426e-05
fig8_D_0p05,0.050000000000000003,0.0049396217438783209,0.50000372692499173,-8.4480214521784469e-05,-7.6427825436289543e-05,0.0015518522390522273,-4.3448169301275874e-06,-0.0061206308209124502,-0.50000145439139809,-6.0113435706949997e-09,0.90000000687100146,4.7420368568445664e-05,0.80000000124927295,-6.3227158914052364e-05,-0.80000000124927295,6.3227158914052364e-05,0.90000000687100146,4.7420368568445671e-05
fig8_D_0p05,0.050000000000000003,0.0050199651331100797,0.50000384914887241,-8.5855035108217464e-05,-7.8934277225818663e-05,0.0015770940643575471,-4.4873038823195488e-06,-0.0062201833134570526,-0.50000150208785776,-6.3094678835019314e-09,0.9000000070963341,4.8191665096501521e-05,0.80000000129024262,-6.425555432559839e-05,-0.80000000129024251,6.4255554325598377e-05,0.9000000070963341,4.8191665096501528e-05
fig8_D_0p05,0.050000000000000003,0.0051016153147498342,0.50000397538107744,-8.7252254090086547e-05,-8.1522928879375621e-05,0.0016027464903747833,-4.6344636456356614e-06,-0.0063213550304939779,-0.50000155134851576,-6.6223773427910929e-09,0.90000000732905638,4.8975506831249161e-05,0.80000000133255578,-6.5300676681423787e-05,-0.80000000133255567,6.5300676681423787e-05,0.90000000732905638,4.8975506831249175e-05
fig8_D_0p05,0.050000000000000003,0.0051845935438929128,0.50000410575306042,-8.8672237605138372e-05,-8.419647621609842e-05,0.0016288161975532825,-4.7864494629561161e-06,-0.0064241723085717512,-0.50000160222466961,-6.9508052084372865e-09,0.9000000075694109,4.9772097821582693e-05,0.80000000137625649,-6.6362798046821036e-05,-0.80000000137625649,6.6362798046821036e-05,0.9000000075694109,4.9772097821582706e-05
fig8_D_0p05,0.050000000000000003,0.0052689214213506768,0.50000424040058611,-9.0115357836935078e-05,-8.6957703470233469e-05,0.0016553099750992986,-4.9434196027174637e-06,-0.0065286619125911891,-0.5000016547692997,-7.295521106461954e-09,0.90000000781764777,5.0581645435269042e-05,0.80000000142139038,-6.744219491225136e-05,-0.80000000142139038,6.744219491225136e-05,0.90000000781764777,5.0581645435269036e-05
fig8_D_0p05,0.050000000000000003,0.0053546208992736079,0.50000437946387166,-9.1581993117681085e-05,-8.9809486191114339e-05,0.0016822347227498265,-5.1055375236488953e-06,-0.0066348510427719047,-0.5000017090371236,-7.6573328325899373e-09,0.90000000807402536,5.1404360412929594e-05,0.80000000146800454,-6.8539148265320555e-05,-0.80000000146800454,6.8539148265320555e-05,0.90000000807402536,5.1404360412929601e-05
fig8_D_0p05,0.050000000000000003,0.0054417142868658872,0.50000452308773269,-9.3072528032944889e-05,-9.2754794238274351e-05,0.0017095974525755469,-5.2729720450284123e-06,-0.0067427673417320873,-0.50000176508465355,-8.0370882454697604e-09,0.90000000833881089,5.2240456922900159e-05,0.80000000151614747,-6.9653943663925707e-05,-0.80000000151614736,6.9653943663925693e-05,0.90000000833881089,5.2240456922900152e-05
fig8_D_0p05,0.050000000000000003,0.0055302242561929005,0.50000467142173421,-9.4587353528318376e-05,-9.5796694874812478e-05,0.0017374052908133348,-5.445897522445009e-06,-0.0068524389016833805,-0.50000182297025486,-8.4356772535147673e-09,0.90000000861227991,5.3090152616982855e-05,0.80000000156586903,-7.0786871310591436e-05,-0.80000000156586903,7.0786871310591422e-05,0.90000000861227991,5.3090152616982848e-05
fig8_D_0p05,0.050000000000000003,0.0056201738480831879,0.50000482462034634,-9.6126867018055557e-05,-9.8938355962238046e-05,0.0017656654797288472,-5.6244940293895263e-06,-0.0069638942717427316,-0.50000188275420721,-8.8540339005557366e-09,0.90000000889471732,5.3953668687104755e-05,0.80000000161722129,-7.1938226128015064e-05,-0.80000000161722107,7.1938226128015037e-05,0.90000000889471732,5.3953668687104776e-05
fig8_D_0p05,0.050000000000000003,0.0057115864781264354,0.50000498284310513,-9.7691472495737086e-05,-0.0001021830492601253,0.0017943853795096935,-5.8089475447400951e-06,-0.0070771624653631895,-0.500001944498767,-9.2931385547773051e-09,0.9000000091864172,5.4831229922898785e-05,0.80000000167025764,-7.3108307835841215e-05,-0.80000000167025753,7.3108307835841187e-05,0.90000000918641732,5.4831229922898778e-05
fig8_D_0p05,0.050000000000000003,0.0058044859427689782,0.50000514625477865,-9.9281580647004016e-05,-0.00010553415383401509,0.001823572470189687,-5.9994501464440131e-06,-0.007192272967885464,-0.50000200826823238,-9.7540202062236861e-09,0.90000000948768333,5.57230647702201e-05,0.80000000172503327,-7.4297421028684366e-05,-0.80000000172503327,7.4297421028684366e-05,0.90000000948768333,5.5723064770220086e-05
fig8_D_0p05,0.050000000000000003,0.0058988964255084937,0.50000531502553891,-0.00010089760896440946,-0.00010899515957511862,0.0018532343536047081,-6.1962002115209525e-06,-0.0073092557442123113,-0.50000207412901032,-1.023775887837601e-08,0.90000000979882933,5.6629405390615367e-05,0.80000000178160524,-7.550587525542123e-05,-0.80000000178160513,7.550587525542123e-05,0.90000000979882933,5.6629405390615387e-05
fig8_D_0p05,0.050000000000000003,0.0059948425031894088,0.50000548933113875,-0.00010253998186443634,-0.00011256967083548989,0.0018833787553807018,-6.3994026226234235e-06,-0.0074281412466076736,-0.50000214214968541,-1.0745488159235846e-08,0.90000001012017938,5.7550487721758552e-05,0.8000000018400325,-7.673398509977218e-05,-0.80000000184003262,7.673398509977218e-05,0.90000001012017938,5.7550487721758552e-05
fig8_D_0p05,0.050000000000000003,0.0060923491524007113,0.50000566935309465,-0.00010420913080673012,-0.00011626141018245766,0.0019140135269543454,-6.6092689814077621e-06,-0.007548960422622604,-0.50000221240109177,-1.1278397857986447e-08,0.90000001045206801,5.8486551538869706e-05,0.8000000019003759,-7.7982070262193483e-05,-0.8000000019003759,7.798207026219347e-05,0.9000000104520679,5.8486551538869706e-05
fig8_D_0p05,0.050000000000000003,0.0061914417559778478,0.50000585527887664,-0.00010590549441559971,-0.00012007422227623212,0.0019451466476269553,-6.8260178288648277e-06,-0.0076717447231501078,-0.5000022849563861,-1.1837736793492972e-08,0.90000001079484071,5.9437840517133223e-05,0.80000000196269816,-7.9250455643101959e-05,-0.80000000196269816,7.9250455643101932e-05,0.90000001079484071,5.9437840517133236e-05
fig8_D_0p05,0.050000000000000003,0.0062921461096103436,0.50000604730210252,-0.00010762951860383903,-0.0001240120778747265,0.0019767862266521618,-7.0498748728636818e-06,-0.0077965261106109031,-0.50000235989112485,-1.242481572088941e-08,0.90000001114885453,6.040460229513087e-05,0.80000000202706445,-8.0539471427452627e-05,-0.80000000202706423,8.0539471427452627e-05,0.90000001114885453,6.0404602295130883e-05
fig8_D_0p05,0.050000000000000003,0.0063944884285569437,0.50000624562274032,-0.00010938165669892397,-0.00012807907796977229,0.0020089405053579524,-7.2810732232239661e-06,-0.0079233370672723083,-0.50000243728334204,-1.3041010403638332e-08,0.90000001151447828,6.1387088539307098e-05,0.80000000209354138,-8.1849453170693064e-05,-0.80000000209354138,8.1849453170693064e-05,0.90000001151447828,6.1387088539307085e-05
fig8_D_0p05,0.050000000000000003,0.0064984953544698883,0.50000645044731606,-0.00011116236957164037,-0.00013227945805903527,0.0020416178593036152,-7.5198536344314726e-06,-0.0080522106037022954,-0.50000251721363087,-1.3687764837799071e-08,0.90000001189209256,6.2385555009481847e-05,0.80000000216219846,-8.3180741886114187e-05,-0.80000000216219846,8.3180741886114201e-05,0.90000001189209256,6.2385555009481847e-05
fig8_D_0p05,0.050000000000000003,0.0066041939623303052,0.50000666198912891,-0.00011297212576720405,-0.00013661759255809462,0.0020748268004722381,-7.7664647563265021e-06,-0.0081831802673611124,-0.50000259976522787,-1.4366594636107313e-08,0.90000001228209059,6.3400261625430436e-05,0.80000000223310719,-8.4533684133623814e-05,-0.80000000223310719,8.4533684133623828e-05,0.90000001228209059,6.3400261625430422e-05
fig8_D_0p05,0.050000000000000003,0.0067116117674962863,0.50000688046847375,-0.00011481140163892979,-0.00014109799935727648,0.0021085759794992843,-8.0211633930495074e-06,-0.008316280151332461,-0.50000268502409917,-1.5079090580200874e-08,0.90000001268487839,6.4431472534544798e-05,0.80000000230634138,-8.5908632109962251e-05,-0.80000000230634127,8.5908632109962265e-05,0.90000001268487839,6.4431472534544785e-05
fig8_D_0p05,0.050000000000000003,0.0068207767328656854,0.50000710611286991,-0.00011668068148451421,-0.00014572534452800197,0.002142874187937929,-8.2842147704174918e-06,-0.0084515449031966876,-0.50000277307902996,-1.5826922348852169e-08,0.90000001310087563,6.547945618059635e-05,0.80000000238197722,-8.7305943740386598e-05,-0.80000000238197722,8.7305943740386612e-05,0.90000001310087563,6.5479456180596337e-05
fig8_D_0p05,0.050000000000000003,0.0069317172761554071,0.50000733915729867,-0.00011858045768499539,-0.00015050444718355289,0.0021777303605617273,-8.5558928121405586e-06,-0.0085890097340482353,-0.50000286402171756,-1.6611842431016473e-08,0.90000001353051529,6.6544485373616982e-05,0.80000000246009362,-8.8725982771845893e-05,-0.8000000024600934,8.8725982771845906e-05,0.90000001353051529,6.6544485373617009e-05
fig8_D_0p05,0.050000000000000003,0.0070444622772990366,0.50000757984444777,-0.0001205112308464564,-0.00015544028449932383,0.0022131535777052598,-8.8364804250173901e-06,-0.008728710427659641,-0.50000295794686667,-1.7435690233304755e-08,0.90000001397424489,6.7626837360916343e-05,0.80000000254077164,-9.0169118867671291e-05,-0.80000000254077164,9.0169118867671291e-05,0.90000001397424489,6.7626837360916343e-05
fig8_D_0p05,0.050000000000000003,0.0071590410859648885,0.50000782842496438,-0.00012247350994453959,-0.00016053799689780084,0.0022491530676434193,-9.1262697935606818e-06,-0.008870683349794569,-0.50000305495228747,-1.8300396390934139e-08,0.90000001443252653,6.8726793899254637e-05,0.80000000262409554,-9.1635727703807436e-05,-0.80000000262409554,9.1635727703807436e-05,0.90000001443252653,6.8726793899254637e-05
fig8_D_0p05,0.050000000000000003,0.007275483529196233,0.50000808515771555,-0.00012446781247184554,-0.00016580289340366861,0.0022857382090099567,-9.4255626842225382e-06,-0.00901496545767215,-0.50000315513899807,-1.9207987292564361e-08,0.90000001490583736,6.98446413281891e-05,0.80000000271015215,-9.3126191066607864e-05,-0.80000000271015193,9.3126191066607877e-05,0.90000001490583736,6.98446413281891e-05
fig8_D_0p05,0.050000000000000003,0.0073938199191758659,0.50000835031005886,-0.00012649466458828707,-0.0001712404571746359,0.0023229185332559847,-9.7346707596153437e-06,-0.009161594309585264,-0.50000325861132977,-2.0160589829726697e-08,0.90000001539467034,7.0980670644613426e-05,0.80000000279903072,-9.4640896952222038e-05,-0.80000000279903072,9.4640896952222025e-05,0.90000001539467034,7.0980670644613412e-05
fig8_D_0p05,0.050000000000000003,0.0075140810611169697,0.50000862415811964,-0.00012855460127447646,-0.00017685635121374871,0.0023607037271491218,-1.0053915903078525e-05,-0.0093106080746751651,-0.50000336547703494,-2.1160436381565425e-08,0.90000001589953449,7.2135177578509975e-05,0.80000000289082429,-9.6180239667598543e-05,-0.80000000289082418,9.6180239667598556e-05,0.90000001589953449,7.2135177578509961e-05
fig8_D_0p05,0.050000000000000003,0.0076362982612822421,0.50000890698707956,-0.00013064816648822159,-0.00018265642426914405,0.0023991036353139305,-1.0383630553809781e-05,-0.0094620455428649046,-0.50000347584740035,-2.220987004707554e-08,0.9000000164209554,7.3308462669933382e-05,0.80000000298562801,-9.774461993313089e-05,-0.80000000298562801,9.7744619933130863e-05,0.9000000164209554,7.3308462669933354e-05
fig8_D_0p05,0.050000000000000003,0.0077605033351335713,0.50000919909147323,-0.0001327759133242154,-0.00018864671692740765,0.0024381282628144021,-1.0724158053060373e-05,-0.0096159461349543326,-0.50000358983736226,-2.3311350136925564e-08,0.90000001695947629,7.4500831347247006e-05,0.80000000308354091,-9.9334444986973479e-05,-0.80000000308354091,9.9334444986973465e-05,0.90000001695947618,7.4500831347246965e-05
fig8_D_0p05,0.050000000000000003,0.007886728615614156,0.50000950077549478,-0.0001349384041769996,-0.00019483346790688486,0.0024777877777791856,-1.1075853001609598e-05,-0.0097723499128791434,-0.50000370756562618,-2.4467457937401562e-08,0.90000001751565772,7.5712594006631354e-05,0.8000000031846648,-0.00010095012869105372,-0.80000000318466469,0.00010095012869105369,0.90000001751565772,7.5712594006631368e-05
fig8_D_0p05,0.050000000000000003,0.0080150069615654053,0.5000098123533151,-0.00013713621090729193,-0.00020122312055751405,0.0025180925140702642,-1.1439081629063125e-05,-0.009931297590136624,-0.50000382915479102,-2.5680902760580522e-08,0.90000001809007912,7.694406609288621e-05,0.80000000328910503,-0.00010259209163880853,-0.80000000328910503,0.00010259209163880852,0.90000001809007912,7.6944066092886197e-05
fig8_D_0p05,0.050000000000000003,0.0081453717662807457,0.50001013414940887,-0.00013936991501176547,-0.00020782232957396765,0.0025590529739959087,-1.1814222175138278e-05,-0.010092830542381019,-0.50000395473147619,-2.6954528294434715e-08,0.90000001868333834,7.8195568181546645e-05,0.80000000339697031,-0.00010426076126467401,-0.80000000339697019,0.00010426076126467401,0.90000001868333834,7.8195568181546631e-05
fig8_D_0p05,0.050000000000000003,0.008277856966198472,0.50001046649889247,-0.00014164010779637329,-0.0002146379679290956,0.0026006798310685519,-1.2201665283574636e-05,-0.010256990818190873,-0.50000408442645372,-2.8291319268032317e-08,0.90000001929605344,7.9467426062334519e-05,0.80000000350837308,-0.00010595657195535444,-0.80000000350837297,0.00010595657195535447,0.90000001929605344,7.9467426062334519e-05
fig8_D_0p05,0.050000000000000003,0.0084124970497361177,0.50001080974787304,-0.00014394739055331664,-0.00022167713403492019,0.0026429839328084652,-1.260181440884342e-05,-0.010423821150011635,-0.50000421837478459,-2.9694408447406137e-08,0.90000001992886225,8.0759970823968163e-05,0.80000000362342927,-0.00010767996516290292,-0.80000000362342916,0.00010767996516290291,0.90000001992886236,8.0759970823968149e-05
fig8_D_0p05,0.050000000000000003,0.0085493270662683838,0.50001116425380876,-0.00014629237474175449,-0.00022894715913864203,0.0026859763035939552,-1.3015086236290579e-05,-0.010593364965275905,-0.500004356715959,-3.1167083978272166e-08,0.90000002058242412,8.2073538940350178e-05,0.80000000374225855,-0.00010943138951963965,-0.80000000374225855,0.00010943138951963965,0.90000002058242412,8.2073538940350137e-05
fig8_D_0p05,0.050000000000000003,0.0086883826352511847,0.50001153038588186,-0.00014867568217235926,-0.00023645561496138547,0.0027296681475589106,-1.344191111601542e-05,-0.010765666397704503,-0.50000449959404203,-3.2712797093311123e-08,0.90000002125741918,8.340847235815812e-05,0.80000000386498482,-0.00011121130095494036,-0.80000000386498482,0.00011121130095494036,0.90000002125741918,8.3408472358158093e-05
fig8_D_0p05,0.050000000000000003,0.0088296999554940917,0.50001190852538235,-0.00015109794519582728,-0.00024421032158765415,0.0027740708515385406,-1.3882733510956619e-05,-0.010940770298791239,-0.50000464715782378,-3.4335170201427959e-08,0.90000002195455042,8.4765118585859806e-05,0.8000000039917361,-0.0001130201628139245,-0.80000000399173588,0.00011302016281392449,0.90000002195455053,8.476511858585982e-05
fig8_D_0p05,0.050000000000000003,0.0089733158145835195,0.50001229906610545,-0.00015355980689545334,-0.00025221935561372632,0.0028191959880640724,-1.4338012459726851e-05,-0.011118722249474211,-0.50000479956097355,-3.6038005378654075e-08,0.90000002267454415,8.6143830784175576e-05,0.80000000412264394,-0.00011485844597807283,-0.80000000412264383,0.00011485844597807283,0.90000002267454404,8.614383078417559e-05
fig8_D_0p05,0.050000000000000003,0.0091192675984592981,0.50001270241476181,-0.00015606192128388678,-0.00026049105856350627,0.002865055318407353,-1.4808222054570747e-05,-0.011299568571996944,-0.50000495696220071,-3.7825293279991016e-08,0.90000002341814977,8.7544967858013096e-05,0.8000000042578449,-0.00011672662898780843,-0.8000000042578449,0.0001167266289878084,0.90000002341814977,8.7544967858013109e-05
fig8_D_0p05,0.050000000000000003,0.0092675933011468828,0.50001311899140133,-0.00015860495350418895,-0.0002690340455806074,0.0029116607956761313,-1.5293851935022085e-05,-0.011483356341962092,-0.50000511952541971,-3.970122249352735e-08,0.90000002418614167,8.8968894549896349e-05,0.80000000439747976,-0.00011862519816706973,-0.80000000439747976,0.00011862519816706971,0.90000002418614167,8.8968894549896349e-05
fig8_D_0p05,0.050000000000000003,0.0094183315346479512,0.5000135492298502,-0.00016118958003531433,-0.00027785721440574897,0.0029590245679609649,-1.5795407797749433e-05,-0.01167013340058114,-0.50000528741992079,-4.1670189358621176e-08,0.90000002497931975,9.0415981534915053e-05,0.80000000454169395,-0.00012055464774991145,-0.80000000454169384,0.00012055464774991145,0.90000002497931975,9.041598153491508e-05
fig8_D_0p05,0.050000000000000003,0.0095715215389918663,0.50001399357816334,-0.00016381648890214965,-0.00028696975464884009,0.0030071589815346446,-1.6313411923107174e-05,-0.011859948367123186,-0.50000546082054609,-4.3736808271024928e-08,0.90000002579850991,9.1886605517218568e-05,0.80000000469063759,-0.00012251548000916405,-0.80000000469063748,0.00012251548000916408,0.90000002579850991,9.1886605517218581e-05
fig8_D_0p05,0.050000000000000003,0.0097272031924505366,0.50001445249909027,-0.00016648637989023876,-0.00029638115736542643,0.0030560765841050183,-1.6848403718960903e-05,-0.012052850651565847,-0.50000563990787228,-4.5905922499401251e-08,0.90000002664456513,9.3381149328077999e-05,0.80000000484446565,-0.00012450820538718529,-0.80000000484446576,0.00012450820538718527,0.90000002664456513,9.3381149328078012e-05
fig8_D_0p05,0.050000000000000003,0.0098854170219195743,0.50001492647055823,-0.00016919996476533926,-0.00030610122494751366,0.0031057901281222201,-1.7400940282349259e-05,-0.012248890467451952,-0.50000582486839784,-4.8182615538220784e-08,0.90000002751836661,9.4900002025545126e-05,0.80000000500333868,-0.00012653334262873974,-0.80000000500333879,0.00012653334262873974,0.90000002751836661,9.4900002025545113e-05
fig8_D_0p05,0.050000000000000003,0.010046204213468126,0.50001541598616905,-0.00017195796749794884,-0.00031614008133908029,0.0031563125741411731,-1.7971596979558108e-05,-0.012448118844954888,-0.50000601589473836,-5.0572223024390869e-08,0.90000002842082394,9.6443558995730412e-05,0.80000000516742176,-0.00012859141891603828,-0.80000000516742176,0.00012859141891603825,0.90000002842082394,9.6443558995730426e-05
fig8_D_0p05,0.050000000000000003,0.010209606623060466,0.50001592155571384,-0.00017476112449295899,-0.00032650818258697135,0.0032076570942404423,-1.8560968045203824e-05,-0.012650587644156436,-0.50000621318582605,-5.3080345244557606e-08,0.90000002935287737,9.8012222055729933e-05,0.80000000533688598,-0.00013068297000597533,-0.80000000533688598,0.0001306829700059753,0.90000002935287737,9.801222205572996e-05
fig8_D_0p05,0.050000000000000003,0.010375666787451859,0.50001644370570364,-0.00017761018482458687,-0.00033721632773817649,0.0032598370754983448,-1.91696672009814e-05,-0.012856349568540246,-0.50000641694711745,-5.5712860263113645e-08,0.90000003031549713,9.9606399558225368e-05,0.80000000551190764,-0.00013280854036959748,-0.80000000551190764,0.00013280854036959748,0.90000003031549713,9.9606399558225368e-05
fig8_D_0p05,0.050000000000000003,0.01054442793526169,0.50001698297991837,-0.00018050591047674973,-0.00034827567009488723,0.0033128661235273765,-1.9798328294701878e-05,-0.013065458178704472,-0.5000066273908077,-5.8475937701784383e-08,0.90000003130968564,0.00010122650649778545,0.80000000569266938,-0.00013496868333384075,-0.80000000569266916,0.00013496868333384078,0.90000003130968564,0.00010122650649778548
fig8_D_0p05,0.050000000000000003,0.010715933998226712,0.50001753993997267,-0.00018344907658905283,-0.00035969772883909462,0.003366758066068007,-2.0447605960257492e-05,-0.013277967906297308,-0.50000684473605095,-6.1376053202640999e-08,0.90000003233647841,0.00010287296461889699,0.80000000587935882,-0.00013716396122557357,-0.8000000058793586,0.00013716396122557354,0.90000003233647841,0.00010287296461889699
fig8_D_0p05,0.050000000000000003,0.010890229622637301,0.50001811516590133,-0.00018644047170856276,-0.00037149440103886747,0.003421526956642839,-2.1118176299239622e-05,-0.013493934068178831,-0.50000706920918925,-6.442000360847586e-08,0.90000003339694457,0.00010454620252575223,0.80000000607217081,-0.00013939494551798245,-0.80000000607217059,0.00013939494551798239,0.90000003339694468,0.00010454620252575223
fig8_D_0p05,0.050000000000000003,0.011067360180959735,0.5000187092567635,-0.00018948089804755259,-0.00038367797404886643,0.0034771870782722932,-2.1810737584931211e-05,-0.013713412880812917,-0.50000730104398738,-6.7614922897077899e-08,0.90000003449218857,0.0001062466557938225,0.80000000627130585,-0.00014166221697933863,-0.80000000627130585,0.00014166221697933863,0.90000003449218857,0.00010624665579382248
fig8_D_0p05,0.050000000000000003,0.011247371783647519,0.50001932283126627,-0.00019257117174740571,-0.00039626113831805034,0.0035337529472528307,-2.2526010989353668e-05,-0.013936461474892914,-0.50000754048187768,-7.0968298905213761e-08,0.90000003562335062,0.00010797476708324615,0.80000000647697167,-0.00014396636582418462,-0.80000000647697156,0.00014396636582418459,0.90000003562335062,0.00010797476708324616
fig8_D_0p05,0.050000000000000003,0.011430311291144793,0.50001995652841003,-0.00019571212314888016,-0.00040925700061796738,0.003591239316998934,-2.3264741334145383e-05,-0.014163137910204919,-0.50000778777221,-7.4487990883162014e-08,0.90000003679160889,0.00010973098625406117,0.8000000066893822,-0.00014630799186697983,-0.80000000668938209,0.00014630799186697981,0.90000003679160889,0.00010973098625406122
fig8_D_0p05,0.050000000000000003,0.011616226326085019,0.5000206110081532,-0.00019890459706893511,-0.00042267909770545779,0.0036496611819498972,-2.4027697866101094e-05,-0.014393501190732481,-0.50000804317251246,-7.8182247919888819e-08,0.90000003799817985,0.0001115157704833118,0.80000000690875872,-0.00014868770467824517,-0.80000000690875861,0.00014868770467824517,0.90000003799817985,0.00011151577048331176
fig8_D_0p05,0.050000000000000003,0.011805165285688049,0.50002128695210035,-0.00020214945308433721,-0.00043654141043405716,0.0037090337815426869,-2.4815675058100645e-05,-0.014627611280006572,-0.50000830694875942,-8.2059728282531282e-08,0.90000003924432015,0.00011332958438405971,0.80000000713532948,-0.00015110612374324796,-0.80000000713532948,0.00015110612374324793,0.90000003924432015,0.00011332958438405971
fig8_D_0p05,0.050000000000000003,0.011997177354358849,0.50002198506421214,-0.00020544756582226766,-0.00045085837832885528,0.0037693726042520009,-2.5629493436336165e-05,-0.014865529116704945,-0.50000857937564835,-8.6129519715508153e-08,0.90000004053132709,0.00011517290012633146,0.80000000736933063,-0.0001535638786232669,-0.80000000736933063,0.00015356387862326687,0.90000004053132709,0.00011517290012633146
fig8_D_0p05,0.050000000000000003,0.012192312516491107,0.50002270607153843,-0.00020879982525816477,-0.00046564491464005453,0.0038306933916987837,-2.6470000434600932e-05,-0.015107316630504681,-0.50000886073688633,-9.0401160746908559e-08,0.90000004186054117,0.00011704619756003242,0.80000000761100587,-0.0001560616091194811,-0.80000000761100587,0.00015606160911948107,0.90000004186054117,0.00011704619756003242
fig8_D_0p05,0.050000000000000003,0.012390621569479163,0.500023450724976,-0.00021220713702104201,-0.00048091642189097882,0.0038930121428284543,-2.7338071276677284e-05,-0.015353036758192395,-0.50000915132548496,-9.4884663052194687e-08,0.90000004323334637,0.00011894996433986053,0.80000000786060665,-0.0001585999654395243,-0.80000000786060665,0.00015859996543952427,0.90000004323334637,0.00011894996433986056
fig8_D_0p05,0.050000000000000003,0.012592156136941509,0.50002421980005063,-0.00021567042270653414,-0.00049668880793679441,0.0039563451181600946,-2.8234609887555634e-05,-0.015602753460035835,-0.50000945144406594,-9.959053492744987e-08,0.90000004465117245,0.00012088469605225139,0.80000000811839311,-0.00016117960836674848,-0.80000000811839311,0.00016117960836674845,0.90000004465117245,0.00012088469605225139
fig8_D_0p05,0.050000000000000003,0.012796968682159409,0.50002501409772537,-0.00021919062019793659,-0.00051297850255074817,0.0040207088441079168,-2.9160549834653798e-05,-0.015856531736421448,-0.50000976140517617,-1.0452980592776454e-07,0.90000004611549578,0.00012285089634438823,0.8000000083846337,-0.0001638012094322405,-0.8000000083846337,0.00016380120943224047,0.90000004611549578,0.0001228508963443882
fig8_D_0p05,0.050000000000000003,0.013005112521734093,0.5000258344452343,-0.00022276868399550805,-0.00052980247455528386,0.0040861201173763547,-3.0116855299754802e-05,-0.016114437644762045,-0.50001008153161397,-1.0971405272797879e-07,0.90000004762784114,0.00012484907705531009,0.8000000086596053,-0.00016646545108963643,-0.80000000865960519,0.0001664654510896364,0.90000004762784114,0.00012484907705531011
fig8_D_0p05,0.050000000000000003,0.013216641839466052,0.50002668169694531,-0.0002264055855543244,-0.00054717824951596166,0.0041525960094301092,-3.110452208292952e-05,-0.016376538316678912,-0.50001041215676378,-1.1515542626693064e-07,0.90000004918978338,0.00012687975834915267,0.80000000894359469,-0.00016917302689277975,-0.80000000894359458,0.00016917302689277975,0.90000004918978349,0.0001268797583491527
fig8_D_0p05,0.050000000000000003,0.01343161170046016,0.50002755673524935,-0.0002301023136309825,-0.00056512392801671594,0.0042201538710405972,-3.2124578639301099e-05,-0.016642901975463052,-0.50001075362494507,-1.2086668023887962e-07,0.90000005080294931,0.00012894346885055638,0.8000000092368974,-0.0001719246416762692,-0.8000000092368974,0.0001719246416762692,0.90000005080294931,0.00012894346885055638
fig8_D_0p05,0.050000000000000003,0.013650078065460137,0.50002846047148053,-0.0002338598746394609,-0.00058365820453557167,0.0042888113369101526,-3.3178087149865476e-05,-0.016913597953819706,-0.50001110629176981,-1.2686120099862164e-07,0.90000005246901837,0.00013104074578227607,0.80000000953981898,-0.00017472101173894307,-0.80000000953981887,0.00017472101173894309,0.90000005246901837,0.00013104074578227607
fig8_D_0p05,0.050000000000000003,0.013872097805416202,0.50002939384686484,-0.00023767929301646415,-0.00060280038694059926,0.0043585863303754946,-3.4266144627342898e-05,-0.017188696711900976,-0.50001147052451411,-1.3315303895109344e-07,0.90000005418972595,0.00013317213510503044,0.80000000985267472,-0.00017756286503034835,-0.80000000985267461,0.00017756286503034835,0.90000005418972595,0.00013317213510503039
fig8_D_0p05,0.050000000000000003,0.01409772871628967,0.50003035783350147,-0.00024156161159658723,-0.00062257041662652551,0.0044294970681919392,-3.5389884058358023e-05,-0.017468269855631217,-0.50001184670249887,-1.3975694149856899e-07,0.9000000559668635,0.00013533819165962408,0.80000001017579048,-0.00018045094134024259,-0.80000001017579037,0.00018045094134024259,0.90000005596686361,0.00013533819165962408
fig8_D_0p05,0.050000000000000003,0.014327029534098309,0.50003135343537553,-0.00024550789199765066,-0.00064298888931308903,0.0045015620653998268,-3.6550475583024128e-05,-0.017752390155329759,-0.50001223521748717,-1.4668838762318514e-07,0.90000005780228198,0.00013753947931138301,0.80000001050950276,-0.00018338599249117797,-0.80000001050950265,0.00018338599249117802,0.90000005780228198,0.00013753947931138304
fig8_D_0p05,0.050000000000000003,0.014560059950206494,0.50003238168940367,-0.00024951921501657884,-0.00066407707652695698,0.0045748001402748702,-3.7749127713225528e-05,-0.018041131564635965,-0.50001263647409089,-1.5396362418586772e-07,0.90000005969789232,0.0001397765710969385,0.80000001085415895,-0.00018636878253421903,-0.80000001085415884,0.00018636878253421903,0.90000005969789232,0.0001397765710969385
fig8_D_0p05,0.050000000000000003,0.014796880626863964,0.50003344366651503,-0.00025359668103619893,-0.00068585694778968169,0.0046492304193637814,-3.8987088590826391e-05,-0.018334569239741347,-0.50001305089019232,-1.6159970402706615e-07,0.9000000616556687,0.00014205004937339793,0.8000000112101181,-0.00018940008794784204,-0.80000001121011788,0.00018940008794784209,0.9000000616556687,0.0001420500493733979
fig8_D_0p05,0.050000000000000003,0.015037553212997377,0.50003454047276708,-0.00025774141044336438,-0.00070835119353499171,0.0047248723426070527,-4.0265647287134748e-05,-0.018632779558933818,-0.50001347889738024,-1.6961452595817394e-07,0.90000006367765018,0.00014436050596994311,0.8000000115777508,-0.00019248069784007156,-0.8000000115777508,0.00019248069784007162,0.90000006367765018,0.00014436050596994309
fig8_D_0p05,0.050000000000000003,0.015282140360258701,0.50003567325049791,-0.00026195454405881976,-0.00073158324877942854,0.004801745668550423,-4.158613514496437e-05,-0.018935840142459016,-0.50001392094139896,-1.7802687673861136e-07,0.90000006576594171,0.00014670854234189313,0.80000001195743986,-0.0001956114141539032,-0.80000001195743986,0.0001956114141539032,0.90000006576594171,0.00014670854234189311
fig8_D_0p05,0.050000000000000003,0.015530705739334601,0.50003684317951658,-0.00026623724357924467,-0.00075557731757114875,0.0048798704796467291,-4.2949927164716989e-05,-0.019243829872703854,-0.50001437748261213,-1.8685647513603989e-07,0.90000006792271825,0.00014909476972727352,0.80000001234958085,-0.00019879305187606855,-0.80000001234958085,0.00019879305187606847,0.90000006792271825,0.00014909476972727346
fig8_D_0p05,0.050000000000000003,0.015783314056521173,0.50003805147833269,-0.0002705906920319301,-0.00078035839824256153,0.0049592671876500264,-4.435844343587958e-05,-0.019556828914707707,-0.50001484899648363,-1.9612401817390031e-07,0.90000007015022565,0.00015151980930593205,0.80000001275458188,-0.00020202643924919627,-0.80000001275458177,0.00020202643924919624,0.90000007015022576,0.00015151980930593205
fig8_D_0p05,0.050000000000000003,0.0160400310705682,0.50003929940542613,-0.00027501609424256432,-0.00080595230949327039,0.0050399565391036046,-4.581315061546673e-05,-0.019874918737006,-0.50001533597407188,-2.0585122967480322e-07,0.90000007245078373,0.00015398429236124277,0.80000001317286495,-0.0002053124179874234,-0.80000001317286484,0.0002053124179874234,0.90000007245078373,0.00015398429236124271
fig8_D_0p05,0.050000000000000003,0.016300923609797412,0.50004058826055831,-0.00027951467731662457,-0.00083238571733071311,0.0051219596209238693,-4.731556345493812e-05,-0.020198182132812253,-0.50001583892254164,-2.1606091121366714e-07,0.90000007482678779,0.00015648886044443904,0.80000001360486528,-0.00020865184349551388,-0.80000001360486517,0.00020865184349551388,0.90000007482678779,0.00015648886044443904
fig8_D_0p05,0.050000000000000003,0.016566059589499145,0.50004191938612708,-0.00028408769113489631,-0.00085968616289676901,0.0052052978660818844,-4.8867246377128082e-05,-0.020526703241543376,-0.50001635836569247,-2.2677699560011075e-07,0.90000007728071241,0.00015903416554162076,0.80000001405103305,-0.00021204558509154125,-0.80000001405103305,0.00021204558509154125,0.90000007728071241,0.00015903416554162065
fig8_D_0p05,0.050000000000000003,0.016835508029612024,0.50004329416856508,-0.00028873640886365641,-0.00088788209120956745,0.0052899930593845925,-5.0469815104960125e-05,-0.020860567570694259,-0.50001689484450462,-2.3802460301667943e-07,0.90000007981511287,0.00016162087024347685,0.80000001451183278,-0.00021549452623319409,-0.80000001451183267,0.00021549452623319406,0.90000007981511287,0.00016162087024347685
fig8_D_0p05,0.050000000000000003,0.017109339072690143,0.50004471403978545,-0.00029346212748009595,-0.00091700288085066963,0.0053760673433575984,-5.2124938343466043e-05,-0.021199862018066975,-0.50001744891770206,-2.4983009994333609e-07,0.90000008243262819,0.00016424964791776937,0.8000000149877442,-0.0002189995647477616,-0.80000001498774409,0.0002189995647477616,0.90000008243262819,0.0001642496479177694
fig8_D_0p05,0.050000000000000003,0.017387624002162504,0.50004618047867311,-0.00029826616831356479,-0.0009470788746288256,0.0054635432242316232,-5.3834339516986573e-05,-0.021544674894360481,-0.50001802116233496,-2.6222116100824058e-07,0.9000000851359844,0.00016692118288462186,0.80000001547926314,-0.00022256161306586066,-0.80000001547926314,0.00022256161306586066,0.9000000851359844,0.0001669211828846218
fig8_D_0p05,0.050000000000000003,0.017670435260889468,0.50004769501262747,-0.00030314987760326627,-0.00097814141125252842,0.0055524435780346538,-5.5599798563309155e-05,-0.021895095946126548,-0.50001861217438115,-2.7522683390912529e-07,0.90000008792799635,0.00016963617059465914,0.80000001598690129,-0.00022618159845896467,-0.80000001598690107,0.00022618159845896467,0.90000008792799646,0.00016963617059465914
fig8_D_0p05,0.050000000000000003,0.017957846470020959,0.50004925921915278,-0.000308114627073042,-0.0010102228580446582,0.005642791656791964,-5.7423153786661379e-05,-0.02225121637909773,-0.50001922256936637,-2.8887760755822063e-07,0.90000009081157173,0.00017239531781004485,0.80000001651118713,-0.00022986046328079532,-0.80000001651118702,0.00022986046328079534,0.90000009081157173,0.00017239531781004485
fig8_D_0p05,0.050000000000000003,0.018249932448161525,0.50005087472750376,-0.0003131618145239291,-0.0010433566447336313,0.0057346110948361916,-5.9306303771357316e-05,-0.022613128881893683,-0.500019852983006,-3.0320548361092124e-07,0.90000009378971313,0.00017519934278846351,0.80000001705266688,-0.0002335991652126425,-0.80000001705266688,0.00023359916521264255,0.90000009378971302,0.00017519934278846343
fig8_D_0p05,0.050000000000000003,0.018546769230846985,0.50005254322038251,-0.00031829286444519139,-0.0010775772983565781,0.0058279259152296736,-6.1251209358268582e-05,-0.022980927650111449,-0.50002050407186782,-3.1824405154667803e-07,0.90000009686552185,0.00017804897547009398,0.80000001761190431,-0.0002373986775126725,-0.8000000176119042,0.0002373986775126725,0.90000009686552185,0.00017804897547009401
fig8_D_0p05,0.050000000000000003,0.018848434090337953,0.50005426643569373,-0.00032350922864456886,-0.0011129204793112976,0.0059227605363014069,-6.3259895686031825e-05,-0.023354708410806387,-0.50002117651405498,-3.3402856747781094e-07,0.90000010004220099,0.00018094495766762561,0.80000001818948174,-0.00024125998926929307,-0.80000001818948163,0.00024125998926929307,0.90000010004220099,0.00018094495766762567
fig8_D_0p05,0.050000000000000003,0.01915500555573528,0.50005604616835508,-0.00032881238689851854,-0.0011494230185949254,0.0060191397783009755,-6.5334454299171424e-05,-0.02373456844736959,-0.50002187100991347,-3.5059603687218315e-07,0.90000010332305846,0.00018388804325936375,0.80000001878600058,-0.00024518410565863924,-0.80000001878600058,0.00024518410565863924,0.90000010332305835,0.00018388804325936378
fig8_D_0p05,0.050000000000000003,0.019466563433422623,0.50005788427216924,-0.00033420384762324995,-0.0011871229562685278,0.0061170888701718579,-6.7477045325333579e-05,-0.024120606624808402,-0.5000225882827618,-3.6798530138462205e-07,0.90000010671151087,0.00018687899838547585,0.80000001940208221,-0.00024917204820624675,-0.80000001940208232,0.00024917204820624675,0.90000010671151076,0.0001868789983854759
fig8_D_0p05,0.050000000000000003,0.019783188827841643,0.50005978266175577,-0.00033968514856741195,-0.0012260595811881519,0.0062166334564466644,-6.9689899723883453e-05,-0.024512923415436615,-0.50002332907964397,-3.8623713000032062e-07,0.90000011021108639,0.00018991860164743098,0.8000000200383679,-0.00025322485505298336,-0.80000002003836801,0.00025322485505298331,0.90000011021108639,0.00018991860164743101
fig8_D_0p05,0.050000000000000003,0.020104964162604981,0.50006174331454689,-0.00034525785752730564,-0.0012662734720441783,0.0063177996042668022,-7.1975321608210713e-05,-0.024911620924980529,-0.50002409417210869,-4.0539431470559611e-07,0.90000011382542977,0.00019300764431068142,0.80000002069552056,-0.00025734358122530431,-0.80000002069552034,0.00025734358122530431,0.90000011382542977,0.00019300764431068147
fig8_D_0p05,0.050000000000000003,0.020431973201952704,0.50006376827284993,-0.00035092357308555677,-0.0013078065397522562,0.0064206138105292769,-7.4335690644144331e-05,-0.025316802919108036,-0.5000248843570132,-4.2550177091000207e-07,0.90000011755830456,0.00019614693051064219,0.80000002137422421,-0.00026152929890990527,-0.80000002137422421,0.00026152929890990522,0.90000011755830467,0.00019614693051064216
fig8_D_0p05,0.050000000000000003,0.020764301072557747,0.50006585964597539,-0.00035668392537421156,-0.0013507020712405168,0.006525103009163263,-7.67734645270024e-05,-0.02572857485038715,-0.50002570045735284,-4.4660664285783034e-07,0.9000001214135982,0.00019933727746201919,0.80000002207518583,-0.00026578309773284169,-0.80000002207518583,0.00026578309773284169,0.9000001214135982,0.00019933727746201919
fig8_D_0p05,0.050000000000000003,0.021102034285685953,0.50006801961243685,-0.00036254057686327715,-0.0013950047746792607,0.0066312945785393209,-7.9291181539768024e-05,-0.026147043885681034,-0.5000265433231198,-4.6875841427473745e-07,0.90000012539532492,0.00020257951567154375,0.80000002279913518,-0.00027010608504318841,-0.80000002279913518,0.00027010608504318836,0.90000012539532492,0.0002025795156715437
fig8_D_0p05,0.050000000000000003,0.021445260759716676,0.5000702504222222,-0.00036849522317575949,-0.0014407608262008707,0.0067392163490140305,-8.1891463195208486e-05,-0.026572318933986625,-0.50002741383218818,-4.9200902451225189e-07,0.90000012950763142,0.00020587448915416597,0.80000002354682631,-0.00027449938620131495,-0.80000002354682631,0.00027449938620131495,0.90000012950763142,0.00020587448915416597
fig8_D_0p05,0.050000000000000003,0.021794069843029548,0.50007255439913945,-0.00037454959393031493,-0.0014880179181592662,0.0068488966106130793,-8.4577016964515472e-05,-0.027004510674723547,-0.50002831289122907,-5.1641299046137519e-07,0.90000013375480004,0.00020922305565276495,0.80000002431903783,-0.0002789641448718479,-0.80000002431903761,0.00027896414487184784,0.90000013375479992,0.00020922305565276495
fig8_D_0p05,0.050000000000000003,0.022148552337263604,0.50007493394324021,-0.00038070545361267879,-0.0015368253089798902,0.0069603641208557587,-8.7350639095380711e-05,-0.027443731586481217,-0.50002924143665539,-5.4202753452459651e-07,0.90000013814125324,0.00021262608686143221,0.80000002511657364,-0.00028350152332140056,-0.80000002511657353,0.0002835015233214005,0.90000013814125324,0.00021262608686143229
fig8_D_0p05,0.050000000000000003,0.022508800520954615,0.50007739153332198,-0.00038696460247708445,-0.0015872338746529104,0.0070736481127240455,-9.0215217522466445e-05,-0.027890095976230697,-0.50003020043559732,-5.689127189451265e-07,0.90000014267155926,0.00021608446865238674,0.80000002594026443,-0.00028811270272114368,-0.80000002594026443,0.00028811270272114363,0.90000014267155926,0.0002160844686523868
fig8_D_0p05,0.050000000000000003,0.022874908173557029,0.5000799297295131,-0.00039332887747894961,-0.0016392961619240962,0.0071887783027794567,-9.317373487323366e-05,-0.028343720009009431,-0.50003119088691128,-5.9713158681221458e-07,0.90000014735043532,0.00021959910130658092,0.80000002679096782,-0.00029279888345430026,-0.80000002679096782,0.00029279888345430026,0.90000014735043543,0.00021959910130658086
fig8_D_0p05,0.050000000000000003,0.023246970599856479,0.50008255117594314,-0.00039980015324016498,-0.0016930664432396306,0.0073057848994310046,-9.6229271572274844e-05,-0.028804721738085976,-0.50003221382222007,-6.2675031007247218e-07,0.90000015218275409,0.00022317089974805703,0.8000000276695699,-0.00029756128542864053,-0.8000000276695699,0.00029756128542864042,0.90000015218275409,0.00022317089974805698
fig8_D_0p05,0.050000000000000003,0.023625084654779464,0.50008525860349973,-0.00040638034304837971,-0.0017486007735030118,0.0074246986113575917,-9.938500904741257e-05,-0.029273221135612464,-0.5000332703069883,-6.5783834489739927e-07,0.90000015717354731,0.00022680079378211511,0.80000002857698549,-0.00030240114839406049,-0.80000002857698538,0.00030240114839406043,0.90000015717354731,0.00022680079378211511
fig8_D_0p05,0.050000000000000003,0.024009348768606532,0.50008805483267738,-0.00041307139989174899,-0.0018059570487041834,0.0075455506560885071,-0.0001026442330408113,-0.029749340123772887,-0.50003436144163282,-6.9046859477265307e-07,0.90000016232801239,0.00023048972833735571,0.80000002951415938,-0.00030731973226532744,-0.80000002951415927,0.00030731973226532744,0.90000016232801239,0.00023048972833735571
fig8_D_0p05,0.050000000000000003,0.024399862972595502,0.500090942776519,-0.00041987531753067401,-0.001865195066482962,0.0076683727687454333,-0.00010601033702863083,-0.030233202606434671,-0.50003548836267009,-7.2471758169330002e-07,0.9000001676515168,0.00023423866371165687,0.80000003048206758,-0.00031231831745007319,-0.80000003048206747,0.00031231831745007319,0.9000001676515168,0.00023423866371165687
fig8_D_0p05,0.050000000000000003,0.024796728925021588,0.5000939254436545,-0.0004267941316081406,-0.0019263765886910404,0.0077931972109498713,-0.00010948682575277063,-0.030724934501312015,-0.50003665224390059,-7.6066562586875374e-07,0.90000017314960412,0.00023804857582215491,0.80000003148171794,-0.0003173982051821261,-0.80000003148171794,0.00031739820518212605,0.90000017314960412,0.00023804857582215491
fig8_D_0p05,0.050000000000000003,0.025200049937640922,0.50009700594143902,-0.0004338299208003375,-0.0019895654060188826,0.0079200567798997645,-0.00011307731886823005,-0.031224663772648792,-0.50003785429763181,-7.9839703436023791e-07,0.90000017882799976,0.00024192045645928862,0.80000003251415186,-0.00032256071786026223,-0.80000003251415164,0.00032256071786026223,0.90000017882799976,0.00024192045645928862
fig8_D_0p05,0.050000000000000003,0.025609931002584581,0.50010018747919494,-0.00044098480800931148,-0.0020548274047561205,0.0080489848176192088,-0.00011678555471012278,-0.031732520464429544,-0.50003909577594285,-8.3800029909827847e-07,0.90000018469261711,0.00024585531354497613,0.8000000335804438,-0.00032780719939246836,-0.8000000335804438,0.00032780719939246836,0.90000018469261711,0.00024585531354497618
fig8_D_0p05,0.050000000000000003,0.026026478819690058,0.50010347337155947,-0.00044826096159950935,-0.0021222306357563956,0.0081800152203855003,-0.00012061539418402323,-0.03224863673412677,-0.50004037797198908,-8.7956830474285406e-07,0.90000019074956294,0.00024985417139499128,0.80000003468170466,-0.00033313901554580519,-0.80000003468170444,0.00033313901554580519,0.90000019074956294,0.00024985417139499123
fig8_D_0p05,0.050000000000000003,0.026449801824277197,0.50010686704194307,-0.00045566059668013318,-0.0021918453856798773,0.0083131824483375586,-0.00012457082478382203,-0.032773146886993322,-0.50004170222135058,-9.2319854688087226e-07,0.90000019700514478,0.00025391807098560618,0.80000003581908075,-0.00033855755430196134,-0.80000003581908075,0.00033855755430196134,0.90000019700514478,0.00025391807098560612
fig8_D_0p05,0.050000000000000003,0.02688001021537606,0.50011037202610131,-0.00046318597643533885,-0.0022637442505893069,0.0084485215352702557,-0.00012865596474123664,-0.033306187410908322,-0.50004306990342373,-9.6899336107282314e-07,0.90000020346587672,0.00025804807022457239,0.80000003699375699,-0.00034406422621859154,-0.80000003699375688,0.00034406422621859154,0.90000020346587672,0.00025804807022457239
fig8_D_0p05,0.050000000000000003,0.027317215984413765,0.5001139919758244,-0.00047083941350439156,-0.0023380022119778134,0.008586068098618985,-0.00013287506731122709,-0.033847897011785387,-0.50004448244286048,-1.0170601632906572e-06,0.90000021013848674,0.00026224524422650743,0.80000003820695609,-0.00034966046479653238,-0.80000003820695609,0.00034966046479653244,0.90000021013848674,0.00026224524422650749
fig8_D_0p05,0.050000000000000003,0.027761532944368009,0.50011773066274756,-0.0004786232714140121,-0.00241469671530952,0.008725858349639232,-0.00013723252519784804,-0.034398416649552503,-0.50004594131105273,-1.0675117023139255e-06,0.90000021702992339,0.00026651068559276151,0.80000003945994191,-0.00035534772685299213,-0.80000003945994169,0.00035534772685299223,0.90000021702992328,0.00026651068559276151
fig8_D_0p05,0.050000000000000003,0.028213076759394721,0.50012159198228734,-0.00048653996606523001,-0.0024939077511566252,0.0088679291037858949,-0.00014173287512515148,-0.034957889574711909,-0.50004744802766699,-1.1204663246805469e-06,0.90000022414736303,0.0002708455046958355,0.80000004075401876,-0.00036112749290081059,-0.80000004075401887,0.0003611274929008107,0.90000022414736303,0.00027084550469583544
fig8_D_0p05,0.050000000000000003,0.028671964974937698,0.50012557995770668,-0.00049459196727719742,-0.0025757179390195227,0.0090123177912973026,-0.00014638080255767114,-0.035526461365489974,-0.50004900416222819,-1.1760482528165952e-06,0.90000023149821706,0.00027525082996842504,0.80000004209053466,-0.00036700126753388956,-0.80000004209053455,0.00036700126753388962,0.90000023149821706,0.00027525082996842504
fig8_D_0p05,0.050000000000000003,0.02913831704832787,0.50012969874431468,-0.00050278180039051135,-0.0026602126139193766,0.0091590624679890858,-0.00015118114657573442,-0.036104279965585746,-0.50005061133575734,-1.2343878770072281e-06,0.9000002390901406,0.00027972780819716605,0.80000004347088105,-0.00037297057981889231,-0.80000004347088094,0.00037297057981889231,0.9000002390901406,0.000279727808197166
fig8_D_0p05,0.050000000000000003,0.029612254379880344,0.50013395263380345,-0.00051111204793273318,-0.0027474799158557143,0.0093082018262631381,-0.00015613890491037938,-0.036691495722528118,-0.50005227122246099,-1.2956220618847575e-06,0.9000002469310393,0.00028427760482115642,0.80000004489649534,-0.0003790369836933159,-0.80000004489649523,0.00037903698369331595,0.9000002469310393,0.00028427760482115631
fig8_D_0p05,0.050000000000000003,0.030093900344497212,0.50013834605872842,-0.00051958535134891039,-0.0028376108822246288,0.0094597752063372027,-0.00016125923914319176,-0.037288261426650891,-0.50005398555147706,-1.3598944681815278e-06,0.90000025502907821,0.0002889014042353346,0.80000004636886235,-0.00038520205837003831,-0.80000004636886213,0.00038520205837003831,0.90000025502907821,0.0002889014042353346
fig8_D_0p05,0.050000000000000003,0.030583380323784333,0.50014288359713577,-0.0005282044128000539,-0.0029306995432965125,0.0096138226077007415,-0.00016654748007653708,-0.037894732350695737,-0.50005575610867914,-1.427355890483992e-06,0.90000026339269046,0.00029360041009879106,0.80000004788951495,-0.00039146740874844665,-0.80000004788951484,0.00039146740874844655,0.90000026339269046,0.00029360041009879095
fig8_D_0p05,0.050000000000000003,0.031080821738690638,0.500147569977342,-0.00053697199703265145,-0.003026843020855572,0.009770384700802907,-0.00017200913327959991,-0.038511066290052985,-0.50005758473853745,-1.4981646118036851e-06,0.90000027203058508,0.0002983758456480946,0.80000004946003689,-0.00039783466583225485,-0.80000004946003689,0.0003978346658322548,0.90000027203058508,0.00029837584564809455
fig8_D_0p05,0.050000000000000003,0.031586354082678174,0.50015241008287137,-0.0005458909333224607,-0.0031261416301068224,0.0099295028389786832,-0.00017764988481616326,-0.039137423603649954,-0.50005947334604395,-1.5724867757951596e-06,0.90000028095175721,0.00030322895401571534,0.80000005108206351,-0.00040430548715411673,-0.80000005108206351,0.00040430548715411673,0.90000028095175721,0.00030322895401571528
fig8_D_0p05,0.050000000000000003,0.032100108955431715,0.50015740895755512,-0.00055496411749597727,-0.003228698984959959,0.010091219070619556,-0.00018347560715989419,-0.039773967255497499,-0.50006142389869823,-1.6504967775049419e-06,0.9000002901654971,0.00030816099855362485,0.80000005275728414,-0.00041088155720714754,-0.80000005275728392,0.00041088155720714754,0.9000002901654971,0.0003081609985536248
fig8_D_0p05,0.050000000000000003,0.032622220097116697,0.50016257181079926,-0.00056419451403313091,-0.0033346221068031334,0.010255576151595095,-0.00018949236530345012,-0.04042086285690473,-0.50006343842856049,-1.7323776735761183e-06,0.90000029968139916,0.00031317326316216137,0.80000005448744282,-0.00041756458788346548,-0.80000005448744271,0.00041756458788346548,0.90000029968139916,0.00031317326316216137
fig8_D_0p05,0.050000000000000003,0.033152823423194248,0.50016790402302491,-0.00057358515825494663,-0.0034440215368835665,0.010422617557932249,-0.00019570642306755356,-0.041078278709372591,-0.50006551903437069,-1.8183216128828117e-06,0.90000030950937293,0.00031826705262424096,0.80000005627434156,-0.00042435631891986624,-0.80000005627434145,0.00042435631891986624,0.90000030950937293,0.00031826705262424096
fig8_D_0p05,0.050000000000000003,0.033692057059802674,0.5001734111512891,-0.00058313915860008965,-0.0035570114524159885,0.010592387498759381,-0.00020212424961677661,-0.041746385848177081,-0.50006766788373835,-1.9085302886012344e-06,0.90000031965965266,0.00032344369294500761,0.80000005811984087,-0.0004312585183507503,-0.80000005811984087,0.00043125851835075035,0.90000031965965266,0.00032344369294500761
fig8_D_0p05,0.050000000000000003,0.034240061379714241,0.50017909893508938,-0.00059285969899438391,-0.0036737097865439097,0.010764930929522137,-0.00020875252618858878,-0.042425358086652515,-0.50006988721540357,-2.0032154128126834e-06,0.90000033014280811,0.00032870453169700416,0.80000006002586277,-0.00043827298296841632,-0.80000006002586277,0.00043827298296841632,0.90000033014280811,0.00032870453169700422
fig8_D_0p05,0.050000000000000003,0.034796979038876914,0.50018497330236,-0.00060275004131762097,-0.0037942383522831494,0.010940293565478756,-0.0002155981530428154,-0.043115372061186263,-0.500072179341573,-2.1025992147394876e-06,0.90000034096975612,0.00033405093837095962,0.800000061994392,-0.00044540153879084424,-0.800000061994392,0.00044540153879084435,0.90000034096975612,0.00033405093837095967
fig8_D_0p05,0.050000000000000003,0.035362955013550426,0.50019104037566653,-0.00061281352797216959,-0.0039187229705814159,0.011118521895482601,-0.00022266825663856682,-0.043816607276935822,-0.50007454665033191,-2.2069149638110274e-06,0.90000035215177121,0.00033948430473227948,0.80000006402747836,-0.00045264604153708808,-0.80000006402747836,0.00045264604153708808,0.90000035215177121,0.00033948430473227953
fig8_D_0p05,0.050000000000000003,0.035938136638046278,0.50019730647860317,-0.00062305358455811148,-0.0040472936026323403,0.011299663196059838,-0.0002299701970462642,-0.044529246154279466,-0.50007699160813646,-2.3164075187877406e-06,0.90000036370049763,0.00034500604518333474,0.80000006612723895,-0.00046000837711040115,-0.80000006612723895,0.00046000837711040115,0.90000036370049774,0.00034500604518333469
fig8_D_0p05,0.050000000000000003,0.036522673643081753,0.50020377814240147,-0.00063347372265988263,-0.004180084486587219,0.011483765545790845,-0.00023751157560219366,-0.045253474076012101,-0.50007951676238704,-2.4313339042645937e-06,0.90000037562796176,0.00035061759713164405,0.80000006829586057,-0.00046749046208922521,-0.80000006829586057,0.00046749046208922521,0.90000037562796176,0.00035061759713164394
fig8_D_0p05,0.050000000000000003,0.037116718194757647,0.50021046211275755,-0.0006440775427496181,-0.0043172342788124936,0.011670877840003795,-0.00024530024281371049,-0.045989479435297805,-0.50008212474408753,-2.5519639158992982e-06,0.9000003879465841,0.00035632042136404156,0.80000007053560129,-0.00047509424422616285,-0.80000007053560107,0.00047509424422616275,0.9000003879465841,0.00035632042136404167
fig8_D_0p05,0.050000000000000003,0.037720424934169994,0.50021736535688266,-0.00065486873721266523,-0.0044588861998463162,0.011861049805789628,-0.00025334430652323645,-0.046737453684390855,-0.5000848182705897,-2.6785807558291595e-06,0.90000040066919262,0.00036211600242693322,0.80000007284879338,-0.00048282170295507059,-0.80000007284879326,0.0004828217029550707,0.90000040066919262,0.00036211600242693333
fig8_D_0p05,0.050000000000000003,0.038333951017666013,0.5002244950707887,-0.00066585109350099597,-0.0046051881852126756,0.012054332017347617,-0.00026165214033949113,-0.047497591384137068,-0.50008760014843079,-2.811481699758556e-06,0.90000041380903606,0.00036800584901273341,0.80000007523784578,-0.0004906748499064013,-0.80000007523784566,0.0004906748499064012,0.90000041380903606,0.00036800584901273346
fig8_D_0p05,0.050000000000000003,0.038957456157755033,0.50023185868681086,-0.00067702849742053508,-0.0047562930412572077,0.012250775911671332,-0.00027023239234461038,-0.048270090254267858,-0.50009047327626255,-2.9509787973241606e-06,0.90000042737979746,0.00037399149435259006,0.80000007770524628,-0.00049865572943092959,-0.80000007770524617,0.00049865572943092959,0.90000042737979746,0.00037399149435259006
fig8_D_0p05,0.050000000000000003,0.039591102664684588,0.50023946388138141,-0.00068840493655870254,-0.0049123586061743923,0.012450433804585074,-0.00027909399408638375,-0.049055151224498737,-0.50009344064787653,-3.0973996073973848e-06,0.90000044139560853,0.0003800744966154946,0.80000008025356406,-0.00050676641913200121,-0.80000008025356395,0.00050676641913200121,0.90000044139560864,0.00038007449661549481
fig8_D_0p05,0.050000000000000003,0.040235055488692911,0.50024731858305749,-0.00069998450385879286,-0.005073547916401808,0.012653358907141232,-0.00028824616986461785,-0.049852978486445418,-0.50009650535533035,-3.2510879700687429e-06,0.90000045587106481,0.00038625643931388407,0.80000008288545299,-0.00051500903040643711,-0.80000008288545299,0.00051500903040643711,0.90000045587106481,0.00038625643931388412
fig8_D_0p05,0.050000000000000003,0.040889482262948626,0.50025543098081537,-0.00071177140134813348,-0.0052400293785632435,0.012859605342389543,-0.00029769844632152737,-0.050663779546369261,-0.50009967059217575,-3.41240481715804e-06,0.90000047082124013,0.000392538931715838,0.80000008560365377,-0.00052338570899424289,-0.80000008560365365,0.00052338570899424289,0.90000047082124013,0.000392538931715838
fig8_D_0p05,0.050000000000000003,0.041554553347188751,0.50026380953261773,-0.00072376994402730856,-0.0054119769471487611,0.013069228162529508,-0.00030746066234587158,-0.051487765278765737,-0.50010293965679253,-3.5817290231782021e-06,0.90000048626170281,0.00039892360926398071,0.80000008841099668,-0.00053189863553725774,-0.80000008841099668,0.00053189863553725774,0.90000048626170281,0.0003989236092639806
fig8_D_0p05,0.050000000000000003,0.042230441872066746,0.50027246297426353,-0.00073598456392808215,-0.005589570308126489,0.0132822833664578,-0.00031754297930119621,-0.052325149980808124,-0.50010631595583421,-3.7594582987820514e-06,0.90000050220853178,0.00040541213400119525,0.80000009131040539,-0.00054055002614689573,-0.80000009131040517,0.00054055002614689573,0.90000050220853178,0.0004054121340011953
fig8_D_0p05,0.050000000000000003,0.042917323784221577,0.50028140032853041,-0.00074841981434805454,-0.0057729950686875855,0.013498827917722904,-0.00032795589158866878,-0.053176151427659815,-0.50010980300778407,-3.9460101288190134e-06,0.90000051867833331,0.0004120061950032615,0.80000009430489882,-0.00054934213298112261,-0.80000009430489893,0.00054934213298112261,0.90000051867833331,0.0004120061950032615
fig8_D_0p05,0.050000000000000003,0.043615377892080032,0.50029063091461901,-0.00076108037427046274,-0.0059624429533331113,0.013718919762899805,-0.00033871023755553328,-0.054040990928668785,-0.50011340444663144,-4.1418227572508244e-06,0.90000053568825789,0.00041870750881852886,0.80000009739759559,-0.0005582772448308208,-0.80000009739759548,0.00055827724483082069,0.90000053568825777,0.00041870750881852896
fig8_D_0p05,0.050000000000000003,0.044324785912403984,0.50030016435790892,-0.00077397105297795311,-0.0061581120065186661,0.013942617850397866,-0.00034981721076040792,-0.054919893384457262,-0.50011712402566677,-4.3473562212533725e-06,0.90000055325601891,0.00042551781991474199,0.80000010059171589,-0.00056735768771569483,-0.800000100591716,0.00056735768771569461,0.90000055325601891,0.00042551781991474199
fig8_D_0p05,0.050000000000000003,0.045045732517594583,0.50031001060003677,-0.00078709679486960171,-0.0063602068020804179,0.014169982149715829,-0.00036128837160694788,-0.055813087344920326,-0.50012096562140296,-4.5630934370124304e-06,0.90000057139991052,0.00043243890113312862,0.80000010389058618,-0.00057658582548987156,-0.80000010389058618,0.00057658582548987146,0.90000057139991052,0.00043243890113312867
fig8_D_0p05,0.050000000000000003,0.045778405383766187,0.50032017990930833,-0.00080046268449091994,-0.0065689386596740739,0.014401073671158397,-0.00037313565935823481,-0.056720805068147785,-0.50012493323762475,-4.7895413397645165e-06,0.90000059013882672,0.00043947255414987865,0.80000010729764137,-0.00058596406045735778,-0.80000010729764137,0.00058596406045735767,0.90000059013882672,0.00043947255414987865
fig8_D_0p05,0.050000000000000003,0.046522995239601891,0.50033068289145299,-0.00081407395178703277,-0.0067845258684663496,0.014635954486029132,-0.00038537140454382793,-0.057643282580282319,-0.50012903100957284,-5.0272320808480335e-06,0.90000060949228133,0.00044662060994512176,0.80000011081642963,-0.00059549483399750605,-0.80000011081642952,0.00059549483399750605,0.90000060949228122,0.00044662060994512165
fig8_D_0p05,0.050000000000000003,0.04727969591600388,0.5003415305007356,-0.00082793597758977131,-0.0070071939183272312,0.014874687747315552,-0.00039800834177275424,-0.058580759736329015,-0.5001332632082649,-5.276724284608114e-06,0.90000062948042792,0.00045388492927953569,0.80000011445061492,-0.00060518062720066334,-0.8000001144506147,0.00060518062720066334,0.90000062948042792,0.00045388492927953569
fig8_D_0p05,0.050000000000000003,0.048048704396551317,0.50035273405143432,-0.00084205429934992491,-0.0072371757387801059,0.015117337710882592,-0.00041105962296532003,-0.05953348028193025,-0.50013763424495938,-5.5386043681671928e-06,0.90000065012408115,0.00046126740317870479,0.80000011820398143,-0.0006150239615141589,-0.80000011820398143,0.0006150239615141589,0.90000065012408115,0.00046126740317870479
fig8_D_0p05,0.050000000000000003,0.048830220868778799,0.50036430522969932,-0.00085643461712644542,-0.0074747119459757745,0.01536396975719123,-0.00042453883101757975,-0.060501691916120183,-0.50014214867576612,-5.8134879272324922e-06,0.90000067144473828,0.0004687699534253536,0.80000012208043814,-0.00062502739939880472,-0.80000012208043803,0.00062502739939880451,0.90000067144473839,0.0004687699534253536
fig8_D_0p05,0.050000000000000003,0.04962444877628916,0.50037625610580261,-0.00087108279984502985,-0.0077200510979663932,0.015614650413560308,-0.00043845999391253429,-0.061485646355074121,-0.50014681120640947,-6.1020211912565575e-06,0.90000069346460143,0.00047639453305958822,0.80000012608402138,-0.00063519354499607934,-0.80000012608402138,0.00063519354499607923,0.90000069346460143,0.00047639453305958822
fig8_D_0p05,0.050000000000000003,0.050431594871713586,0.50038859914679434,-0.0008860048918390705,-0.0079734499585646622,0.015869447376989646,-0.00045283759929255762,-0.062485599396867299,-0.50015162669714797,-6.4048825514481569e-06,0.90000071620660083,0.00048414312688727036,0.80000013021890026,-0.00064552504480616668,-0.80000013021890015,0.00064552504480616668,0.90000071620660083,0.00048414312688727047
fig8_D_0p05,0.050000000000000003,0.051251869270533323,0.50040134722957752,-0.00090120711968664959,-0.0082351737700843194,0.016128429537563774,-0.00046768660950814028,-0.063501810987258045,-0.50015660016785624,-6.722784165300315e-06,0.90000073969441907,0.00049201775199666088,0.80000013448938057,-0.00065602458837703043,-0.80000013448938045,0.00065602458837703032,0.90000073969441907,0.00049201775199666099
fig8_D_0p05,0.050000000000000003,0.05208548550577663,0.50041451365441558,-0.00091669589935791977,-0.0085054965352684784,0.01639166700245644,-0.00048302247715841309,-0.064534545286510717,-0.50016173680327536,-7.0564736414940486e-06,0.90000076395251494,0.00050002045828346185,0.80000013889990917,-0.00066669490900469683,-0.80000013889990906,0.00066669490900469694,0.90000076395251494,0.00050002045828346185
fig8_D_0p05,0.050000000000000003,0.052932660583605615,0.50042811215888816,-0.0009324778436879367,-0.0087847013087234398,0.016659231120556721,-0.00049886116113953896,-0.065584070737274194,-0.50016704195843498,-7.4067358092338043e-06,0.90000078900614966,0.00050815332898440017,0.80000014345507897,-0.00067753878444493944,-0.80000014345507897,0.00067753878444493944,0.90000078900614966,0.00050815332898440017
fig8_D_0p05,0.050000000000000003,0.053793615039807008,0.50044215693230854,-0.00094855977019074925,-0.0090730804981871364,0.016931194507738504,-0.00051521914321736931,-0.066650660133530507,-0.5001725211642557,-7.774394576271393e-06,0.9000008148814127,0.00051641848121948759,0.80000014815963316,-0.0006885590376365402,-0.80000014815963316,0.0006885590376365402,0.9000008148814127,0.00051641848121948759
fig8_D_0p05,0.050000000000000003,0.054668572997201806,0.50045666263061894,-0.00096494870923136589,-0.0093709361759733694,0.017207631072796378,-0.00053211344514164302,-0.06773459069063073,-0.5001781801333357,-8.1603148800966094e-06,0.90000084160524918,0.00052481806654309658,0.80000015301847105,-0.00069975853743632274,-0.80000015301847094,0.00069975853743632274,0.90000084160524918,0.00052481806654309658
fig8_D_0p05,0.050000000000000003,0.055557762223988776,0.50047164439178071,-0.00098165191257302479,-0.0096785804009453837,0.017488616044071485,-0.00054956164631906473,-0.068836144116432685,-0.50018402476592827,-8.5654047370053955e-06,0.90000086920548805,0.00053335427150400135,0.80000015803665192,-0.00071114019936614748,-0.80000015803665192,0.00071114019936614737,0.90000086920548816,0.00053335427150400145
fig8_D_0p05,0.050000000000000003,0.056461414193036699,0.5004871178516741,-0.00099867686231808477,-0.0099963355513852589,0.01777422599679223,-0.00056758190206370254,-0.069955606683557534,-0.50019006115611708,-8.9906173939921117e-06,0.90000089771087066,0.00054202931821452176,0.80000016321940148,-0.00072270698637206024,-0.80000016321940148,0.00072270698637206035,0.90000089771087066,0.00054202931821452154
fig8_D_0p05,0.050000000000000003,0.05737976414214134,0.50050309916052593,-0.0010160312802617729,-0.01032453466913919,0.018064538881156063,-0.00058619296244338467,-0.071093269302781453,-0.50019629559819545,-9.4369535886543654e-06,0.90000092715108115,0.00055084546492892663,0.80000016857211664,-0.00073446190959580108,-0.80000016857211642,0.00073446190959580108,0.90000092715108104,0.00055084546492892652
fig8_D_0p05,0.050000000000000003,0.058313051135262216,0.50051960499988235,-0.0010337231376789813,-0.010663521815432498,0.018359634051179161,-0.00060541419174134706,-0.072249427597578408,-0.50020273459325559,-9.9054639226029643e-06,0.90000095755677689,0.00055980500663124029,0.80000017410037105,-0.00074640802915886385,-0.80000017410037094,0.00074640802915886385,0.90000095755677689,0.00055980500663124039
fig8_D_0p05,0.050000000000000003,0.059261518124755524,0.50053665260014635,-0.0010517606655653228,-0.01101365243876286,0.018659592294342501,-0.00062526558855340378,-0.073424381979830797,-0.50020938485599609,-1.0397251354101475e-05,0.90000098895962111,0.00056891027563260805,0.80000017980992177,-0.00075854845495931832,-0.80000017980992177,0.00075854845495931843,0.90000098895962111,0.00056891027563260783
fig8_D_0p05,0.050000000000000003,0.060225412014619277,0.50055425975869605,-0.0010701523653547432,-0.011375293755295481,0.018964495862064012,-0.00064576780654096444,-0.074618437726725245,-0.50021625332175523,-1.0913473815983934e-05,0.90000102139231486,0.00057816364217837496,0.80000018570671383,-0.00077088634748160136,-0.80000018570671383,0.00077088634748160147,0.90000102139231475,0.00057816364217837485
fig8_D_0p05,0.050000000000000003,0.061204983724766994,0.5005724448586073,-0.0010889070201370737,-0.011748825142199463,0.019274428501027691,-0.00066694217586147492,-0.075831905058849541,-0.50022334715377481,-1.1455346965214106e-05,0.9000010548886318,0.00058756751506503738,0.80000019179688808,-0.0007834249186194854,-0.80000019179688797,0.0007834249186194854,0.9000010548886318,0.00058756751506503727
fig8_D_0p05,0.050000000000000003,0.062200488256347115,0.5005912268879974,-0.0011080337064001283,-0.01213463854438135,0.019589475485402231,-0.00068881072529814596,-0.077065099219509048,-0.50023067375070618,-1.2024147070754357e-05,0.90000108948345359,0.00059712434226722702,0.80000019808678602,-0.00079616743251244575,-0.8000001980867858,0.00079616743251244564,0.9000010894834537,0.00059712434226722702
fig8_D_0p05,0.050000000000000003,0.063212184758124512,0.50061062546001223,-0.0011275418063221622,-0.012533138895088423,0.019909723649982836,-0.00071139620511164944,-0.078318340555278795,-0.50023824075436329,-1.2621214046775733e-05,0.90000112521280551,0.00060683661157488863,0.8000002045829574,-0.00080911720639563543,-0.8000002045829574,0.00080911720639563532,0.90000112521280551,0.00060683661157488842
fig8_D_0p05,0.050000000000000003,0.064240336593941905,0.50063066083348007,-0.0011474410206418291,-0.012944744550872639,0.020235261424292005,-0.00073472211063730503,-0.079591954597809267,-0.5002460560577322,-1.3247954638593196e-05,0.90000116211389414,0.00061670685124081922,0.80000021129216703,-0.00082227761146369928,-0.80000021129216692,0.00082227761146369928,0.90000116211389414,0.00061670685124081933
fig8_D_0p05,0.050000000000000003,0.065285211411278479,0.50065135393425197,-0.0011677413821341385,-0.013369887741424141,0.020566178867676029,-0.00075881270665180758,-0.080886272146903207,-0.50025412781324685,-1.3905845769097156e-05,0.90000120022514662,0.00062673763063873886,0.80000021822140099,-0.00083565207374864596,-0.8000002182214011,0.00083565207374864585,0.90000120022514662,0.00062673763063873886
fig8_D_0p05,0.050000000000000003,0.066347081210923475,0.50067272637725291,-0.0011884532697223719,-0.013809015034802846,0.020902567705436373,-0.00078369305253464527,-0.082201629354881428,-0.50026246444133782,-1.4596438053847069e-05,0.90000123958624978,0.00063693156093205556,0.80000022537787518,-0.00084924407501200721,-0.80000022537787507,0.00084924407501200732,0.90000123958624978,0.00063693156093205556
fig8_D_0p05,0.050000000000000003,0.067426222417783427,0.50069480048926918,-0.001209587423257427,-0.014262587818616689,0.021244521366036405,-0.00080938902824972611,-0.083538367812255238,-0.50027107463926401,-1.5321359493425911e-05,0.9000012802381927,0.00064729129575351438,0.8000002327690412,-0.00086305715365152691,-0.80000023276904131,0.00086305715365152691,0.9000012802381927,0.00064729129575351405
fig8_D_0p05,0.050000000000000003,0.068522915952840602,0.50071759933249427,-0.001231154958997651,-0.014731082797715688,0.02159213501942607,-0.00083592736117394512,-0.084896834634723736,-0.50027996739023761,-1.6082319352088556e-05,0.90000132222330798,0.00065781953189588717,0.80000024040259599,-0.00087709490562260049,-0.80000024040259599,0.00087709490562260027,0.90000132222330809,0.00065781953189588695
fig8_D_0p05,0.050000000000000003,0.069637447306282255,0.50074114672886205,-0.0012531673858239244,-0.015214992508993516,0.021945505616529189,-0.00086333565380011454,-0.086277382551513765,-0.50028915197285162,-1.6881112232221187e-05,0.90000136558531718,0.00066851901001390096,0.80000024828648819,-0.00089136098537471965,-0.80000024828648819,0.00089136098537471943,0.90000136558531707,0.00066851901001390086
fig8_D_0p05,0.050000000000000003,0.0707701066118189,0.50076546728519067,-0.0012756366222265107,-0.015714825853910035,0.022304731929939842,-0.00089164241234250194,-0.087680369995081026,-0.50029863797081808,-1.771962235459063e-05,0.90000141036937498,0.00067939251533757352,0.80000025642892736,-0.00090585910680315862,-0.80000025642892736,0.00090585910680315862,0.90000141036937498,0.00067939251533757352
fig8_D_0p05,0.050000000000000003,0.071921188722211898,0.50079058641916818,-0.0012985750141020517,-0.016231108649373303,0.022669914595877232,-0.00092087707627419926,-0.089106161192191044,-0.50030843528303226,-1.8599828054952951e-05,0.90000145662211761,0.00069044287839715242,0.80000026483839237,-0.00092059304421615584,-0.80000026483839237,0.00092059304421615584,0.90000145662211772,0.00069044287839715264
fig8_D_0p05,0.050000000000000003,0.07309099328602911,0.50081653038620533,-0.0013219953534010552,-0.016764384197642725,0.023041156157449668,-0.00095107004882653487,-0.090555126256397819,-0.50031855413396775,-1.9523806508030522e-05,0.90000150439171023,0.00070167297575983683,0.80000027352364012,-0.00093556663331783923,-0.80000027352364,0.00093556663331783923,0.90000150439171034,0.00070167297575983683
fig8_D_0p05,0.050000000000000003,0.074279824825649141,0.5008433263071872,-0.0013459108976682742,-0.017315213875942433,0.023418561109281994,-0.00098225272848146208,-0.092027641281939188,-0.50032900508441869,-2.0493738690567382e-05,0.90000155372789803,0.00071308573077848061,0.80000028249371435,-0.0009507837722071555,-0.80000028249371424,0.0009507837722071555,0.90000155372789803,0.00071308573077848072
fig8_D_0p05,0.050000000000000003,0.075487992816534358,0.5008710021971543,-0.0013703353905205502,-0.0178841777464997,0.023802235943562441,-0.0010144575414892457,-0.093524088439067718,-0.5003397990425974,-2.1511914595681624e-05,0.90000160468205714,0.00072468411435246821,0.80000029175795584,-0.00096624842239306113,-0.80000029175795562,0.00096624842239306113,0.90000160468205714,0.00072468411435246843
fig8_D_0p05,0.050000000000000003,0.076715811767793018,0.50089958699494253,-0.0013952830831089798,-0.018471875187752007,0.02419228919756803,-0.0010477179754443296,-0.095044856070835154,-0.50035094727560137,-2.2580738711435247e-05,0.90000165730724901,0.00073647114570095829,0.80000030132601119,-0.00098196460982624234,-0.80000030132601119,0.00098196460982624234,0.90000165730724901,0.00073647114570095818
fig8_D_0p05,0.050000000000000003,0.077963601304052332,0.50092911059381895,-0.0014207687566146659,-0.019078925547495906,0.024588831502730706,-0.0010820686139536989,-0.09659033879135101,-0.50036246142126073,-2.3702735777193524e-05,0.90000171165827481,0.00074844989314870429,0.80000031120784398,-0.0009979364259476368,-0.80000031120784398,0.00099793642594763659,0.90000171165827469,0.00074844989314870429
fig8_D_0p05,0.050000000000000003,0.079231686248662531,0.50095960387314242,-0.0014468077458298422,-0.019705968818780614,0.024991975635308791,-0.0011175451724329093,-0.098160937585531738,-0.5003743535003804,-2.4880556832075152e-05,0.90000176779173313,0.00076062347492464723,0.80000032141374378,-0.0010141680287540228,-0.80000032141374378,0.0010141680287540228,0.90000176779173313,0.00076062347492464745
fig8_D_0p05,0.050000000000000003,0.080520396708254741,0.50099109873108916,-0.0014734159638788401,-0.020353666339382653,0.025401836568732385,-0.0011541845350661953,-0.099757059910361934,-0.50038663592938848,-2.611698557051503e-05,0.90000182576607868,0.0007729950599734939,0.80000033195433828,-0.0010306636438809638,-0.80000033195433817,0.001030663643880964,0.90000182576607868,0.0007729950599734939
fig8_D_0p05,0.050000000000000003,0.081830068158673941,0.50102362811847623,-0.0015006099281361523,-0.021022701515730102,0.025818531527693839,-0.0011920247929680557,-0.10137911979768498,-0.50039932153340616,-2.7414945020821707e-05,0.90000188564168337,0.00078556786878048888,0.80000034284060328,-0.0010474275657033857,-0.80000034284060306,0.0010474275657033857,0.90000188564168337,0.00078556786878048888
fig8_D_0p05,0.050000000000000003,0.083161041532309618,0.50105722607372216,-0.0015284067874018162,-0.02171378057218111,0.026242180044058722,-0.0012311052835852036,-0.10302753795854278,-0.50041242355975302,-2.8777504563351399e-05,0.9000019474808989,0.00079834517420959347,0.80000035408387427,-0.0010644641584540723,-0.80000035408387427,0.0010644641584540723,0.9000019474808989,0.00079834517420959358
fig8_D_0p05,0.050000000000000003,0.084513663306847175,0.50109192775898448,-0.0015568243503974598,-0.022427633326597356,0.026672904014675976,-0.0012714666313786149,-0.10470274188908442,-0.50042595569190162,-3.0207887305902341e-05,0.90000201134812174,0.0008113303023552967,0.80000036569585919,-0.0010817778573603849,-0.80000036569585919,0.0010817778573603849,0.90000201134812174,0.0008113303023552967
fig8_D_0p05,0.050000000000000003,0.085888285595462494,0.50112776949751259,-0.0015858811156496124,-0.023165013993191628,0.02711082776117019,-0.0013131507898269633,-0.106405165978061,-0.50043993206389714,-3.1709477834801015e-05,0.90000207730986026,0.00082452663340826856,0.80000037768864929,-0.0010993731697994853,-0.80000037768864918,0.0010993731697994853,0.90000207730986026,0.00082452663340826867
fig8_D_0p05,0.050000000000000003,0.087285266238483789,0.50116478881226134,-0.0016155963028303712,-0.023926702013668762,0.027556078091802605,-0.0013562010847938434,-0.10813525161592813,-0.50045436727525916,-3.3285830361151668e-05,0.90000214543480417,0.00083793760253508993,0.80000039007473245,-0.0011172546764723768,-0.80000039007473256,0.0011172546764723766,0.90000214543480417,0.00083793760253508993
fig8_D_0p05,0.050000000000000003,0.08870496889654407,0.50120302446580511,-0.0016459898856290753,-0.024713502917721383,0.028008784365492565,-0.0014006622593026492,-0.10989344730557288,-0.50046927640637917,-3.4940677282772198e-05,0.90000221579389539,0.00085156670077227885,0.80000040286700635,-0.0011354270325970638,-0.80000040286700635,0.0011354270325970636,0.90000221579389539,0.00085156670077227885
fig8_D_0p05,0.050000000000000003,0.090147763145249166,0.5012425165016009,-0.0016770826262326218,-0.025526249213985688,0.028469078558095329,-0.0014465805197642796,-0.11168020877468625,-0.50048467503443328,-3.6677938183410667e-05,0.90000228846040309,0.0008654174759348582,0.80000041607879135,-0.0011538949691211502,-0.80000041607879135,0.0011538949691211502,0.90000228846040309,0.0008654174759348582
fig8_D_0p05,0.050000000000000003,0.091614024571385164,0.5012833062866443,-0.0017088961114959287,-0.026365801312608309,0.028937095331036819,-0.0014940035837042315,-0.11349599908979892,-0.50050057924982561,-3.8501729292008974e-05,0.90000236350999874,0.00087949353353968603,0.80000042972384444,-0.0011726632939541865,-0.80000042972384444,0.0011726632939541863,0.90000236350999874,0.00087949353353968635
fig8_D_0p05,0.050000000000000003,0.093104134870690747,0.50132543655557038,-0.0017414527908884332,-0.02723304848062395,0.029412972102411648,-0.0015429807290371494,-0.1153412887719991,-0.5005170056731828,-4.0416373426009015e-05,0.90000244102083582,0.00089379853774379915,0.80000044381637425,-0.0011917368932200878,-0.80000044381637414,0.0011917368932200876,0.90000244102083582,0.00089379853774379915
fig8_D_0p05,0.050000000000000003,0.094618481947220029,0.50136895145624538,-0.0017747760163069463,-0.028128909831393777,0.029896849120655756,-0.0015935628449384072,-0.11721655591435297,-0.5005339714729159,-4.2426410443955438e-05,0.90000252107363066,0.00090833621229800766,0.80000045837105482,-0.0012111207325299603,-0.80000045837105482,0.0012111207325299603,0.90000252107363066,0.00090833621229800766
fig8_D_0p05,0.050000000000000003,0.096157460014321003,0.50141389659690538,-0.0018088900838499505,-0.029054335349407226,0.030388869540910662,-0.0016458024843637904,-0.11912228630104345,-0.50055149438337065,-4.4536608234037323e-05,0.90000260375174701,0.00092311034151599072,0.8000004734030417,-0.0012308198582756532,-0.8000004734030417,0.0012308198582756532,0.90000260375174701,0.00092311034151599039
fig8_D_0p05,0.050000000000000003,0.097721469697257243,0.50146031909489419,-0.0018438202776534106,-0.030010306951806533,0.03088917950420323,-0.0016997539182700243,-0.12105897352824964,-0.50056959272358603,-4.6751974266645482e-05,0.90000268914128201,0.00093812477125914653,0.80000048892798714,-0.0012508393989443972,-0.80000048892798703,0.0012508393989443974,0.9000026891412819,0.00093812477125914675
fig8_D_0p05,0.050000000000000003,0.099310918137497955,0.50150826762705614,-0.0018795929158934039,-0.03099783958804974,0.031397928219569847,-0.0017554731915903898,-0.12302711912678202,-0.50058828541668177,-4.9077767740529589e-05,0.90000277733115697,0.0009533834099374512,0.8000005049620571,-0.0012711845664548525,-0.8000005049620571,0.0012711845664548525,0.90000277733115686,0.00095338340993745142
fig8_D_0p05,0.050000000000000003,0.10092621909870474,0.50155779248184296,-0.0019162353990664794,-0.032017982379190756,0.031915268049262084,-0.0018130181810214752,-0.12502723268649341,-0.50060759200989602,-5.1519512353757381e-05,0.90000286841320887,0.00096889022952657855,0.80000052152194734,-0.0012918606575149268,-0.80000052152194723,0.0012918606575149268,0.90000286841320887,0.00096889022952657833
fig8_D_0p05,0.050000000000000003,0.10256779307444219,0.50160894561319525,-0.0019537762606644908,-0.033071819798318546,0.032441354597177327,-0.001872448654678855,-0.12705983198248358,-0.50062753269529647,-5.4083009732389282e-05,0.90000296248228717,0.00098464926660156134,0.80000053862490095,-0.0013128730550017226,-0.80000053862490095,0.0013128730550017226,0.90000296248228717,0.00098464926660156134
fig8_D_0p05,0.050000000000000003,0.10423606739764012,0.50166178069626,-0.0019922452203668026,-0.034160472893764129,0.032976346800665288,-0.0019338263336810928,-0.129125443103114,-0.5006481283311871,-5.6774353551499596e-05,0.90000305963635152,0.0010006646233872451,0.80000055628872679,-0.0013342272293639622,-0.80000055628872679,0.0013342272293639622,0.90000305963635141,0.0010006646233872451
fig8_D_0p05,0.050000000000000003,0.105931476351837,0.50171635318500973,-0.0020316732398793771,-0.035285100556757265,0.033520407025870544,-0.0019972149557235773,-0.13122460057985341,-0.50066940046423625,-5.9599944385242774e-05,0.90000315997657387,0.0010169404688258237,0.8000005745318175,-0.0013559287400472821,-0.80000057453181739,0.0013559287400472823,0.90000315997657387,0.0010169404688258237
fig8_D_0p05,0.050000000000000003,0.10765446128423159,0.50177272037183196,-0.0020720925815569989,-0.036446900835284929,0.034073701166777409,-0.0020626803407052495,-0.13335784751896654,-0.50069137135234809,-6.2566505324436819e-05,0.90000326360744509,0.0010334810396617137,0.80000059337316887,-0.0013779832369427362,-0.80000059337316887,0.0013779832369427362,0.90000326360744509,0.0010334810396617137
fig8_D_0p05,0.050000000000000003,0.10940547072057424,0.50183094144915619,-0.0021135368699523077,-0.03764711229598669,0.034636398748135191,-0.0021302904584735091,-0.13552573573506702,-0.50071406398830631,-6.5681098402490092e-05,0.90000337063688196,0.0010502906415440702,0.80000061283239965,-0.0014003964618589228,-0.80000061283239965,0.0014003964618589226,0.90000337063688196,0.0010502906415440698
fig8_D_0p05,0.050000000000000003,0.11118496048192711,0.50189107757319507,-0.0021560411564428904,-0.038887015436000719,0.035208673032449338,-0.002200115498754561,-0.1377288258865503,-0.50073750212421508,-6.8951141872562564e-05,0.90000348117634088,0.0010673736501472157,0.80000063292977186,-0.0014231742500181023,-0.80000063292977175,0.0014231742500181025,0.90000348117634077,0.0010673736501472157
fig8_D_0p05,0.050000000000000003,0.11299339380332217,0.50195319192987053,-0.002199641987095781,-0.040167934146761168,0.035790701131234337,-0.0022722279433380448,-0.13996768761291931,-0.50076171029676497,-7.2384428381372249e-05,0.90000359534093333,0.0010847345123092779,0.80000065368621176,-0.0014463225315766953,-0.80000065368621165,0.0014463225315766953,0.90000359534093333,0.0010847345123092781
fig8_D_0p05,0.050000000000000003,0.11483124145435111,0.50201734980300772,-0.0022443774739373851,-0.04149123723184131,0.036382664120736603,-0.002346702640587759,-0.14224289967402384,-0.50078671385335449,-7.598914408746835e-05,0.9000037132495462,0.0011023777471893344,0.80000067512333206,-0.0014698473331705808,-0.80000067512333195,0.0014698473331705808,0.90000371324954631,0.0011023777471893346
fig8_D_0p05,0.050000000000000003,0.11669898186171475,0.50208361864487527,-0.0022902873698057045,-0.042858339981027491,0.036984747162343387,-0.0024236168823515043,-0.14455505009122346,-0.50081253897909428,-7.9773888774512317e-05,0.90000383502496528,0.0011203079474433539,0.80000069726345413,-0.0014937547794855717,-0.80000069726345413,0.0014937547794855717,0.90000383502496528,0.0011203079474433532
fig8_D_0p05,0.050000000000000003,0.11859710123376695,0.50215206814915769,-0.0023374131469714797,-0.044270705802915623,0.037597139627909983,-0.0025030504833460053,-0.14690473629049247,-0.50083921272472665,-8.374769701294661e-05,0.90000396079400302,0.0011385297804192525,0.80000072012963108,-0.0015180510948535084,-0.80000072012963108,0.0015180510948535088,0.90000396079400302,0.0011385297804192521
fig8_D_0p05,0.050000000000000003,0.12052609368708427,0.50222277032644702,-0.0023857980797248424,-0.045729847918423772,0.038220035230246495,-0.0025850858630948256,-0.14929256524747911,-0.50086676303549327,-8.7920060426369216e-05,0.90000409068763054,0.0011570479893713728,0.80000074374567209,-0.001542742604874373,-0.80000074374567198,0.0015427426048743725,0.90000409068763054,0.0011570479893713726
fig8_D_0p05,0.050000000000000003,0.12248646137509307,0.50229579958234694,-0.0024354873311347581,-0.047237331117727162,0.038853632159020601,-0.0026698081304994264,-0.15171915363453187,-0.50089521878098198,-9.2300951122142438e-05,0.90000422484111486,0.001175867394694684,0.80000076813616705,-0.0015678357380648471,-0.80000076813616683,0.0015678357380648471,0.90000422484111486,0.001175867394694684
fig8_D_0p05,0.050000000000000003,0.12447871461879062,0.50237123279828166,-0.0024865280441998686,-0.048794773583242829,0.039498133222347354,-0.0027573051711263473,-0.15418512796970732,-0.50092460978599052,-9.6900846349126223e-05,0.90000436339415879,0.0011949928951790517,0.80000079332651197,-0.001593337027533776,-0.80000079332651186,0.001593337027533776,0.90000436339415879,0.0011949928951790515
fig8_D_0p05,0.050000000000000003,0.12650337203959039,0.50244914941511021,-0.0025389694376212382,-0.050403848781410271,0.040153745994350357,-0.0028476677372953965,-0.15669112476776942,-0.50095496686243934,-0.00010173075444895249,0.9000045064910468,0.0012144294692838678,0.80000081934293599,-0.0016192531126849269,-0.80000081934293599,0.0016192531126849269,0.90000450649104691,0.0012144294692838676
fig8_D_0p05,0.050000000000000003,0.12856096069432951,0.50252963151964847,-0.0025928629064401049,-0.052066287426151582,0.040820682968997088,-0.0029409895410567391,-0.15923779069319249,-0.50098632184237468,-0.00010680224217108529,0.90000465428079535,0.001234182176433409,0.80000084621252787,-0.0016455907409475485,-0.80000084621252787,0.0016455907409475485,0.90000465428079535,0.0012341821764334088
fig8_D_0p05,0.050000000000000003,0.13065201621247213,0.5026127639342054,-0.0026482621277971702,-0.053783879517028572,0.04149916172052593,-0.0030373673501471188,-0.16182578271517908,-0.50101870761209766,-0.00011212746342587109,0.90000480691730766,0.0012542561583332305,0.8000008739632648,-0.0016723567695351525,-0.80000087396326469,0.0016723567695351525,0.90000480691730766,0.0012542561583332305
fig8_D_0p05,0.050000000000000003,0.13277708293554291,0.50269863430924455,-0.0027052231720839704,-0.055558476455261997,0.042189405070801607,-0.0031369010870180188,-0.16445576826469802,-0.50105215814746151,-0.00011771918955406956,0.90000496455953516,0.001274656640307942,0.80000090262404133,-0.0016995581672329769,-0.80000090262404133,0.0016995581672329769,0.90000496455953516,0.0012746566403079417
fig8_D_0p05,0.050000000000000003,0.13493671405883065,0.50278733321928692,-0.0027638046197719633,-0.057391993240934969,0.042891641263955387,-0.0032396939310316286,-0.1671284253935571,-0.50108670855037762,-0.0001235908411958541,0.9000051273716414,0.0012953889326607294,0.80000093222469937,-0.0017272020162146305,-0.80000093222469937,0.0017272020162146301,0.9000051273716414,0.0012953889326607288
fig8_D_0p05,0.050000000000000003,0.13713147177539456,0.50287895426217522,-0.0028240676842206259,-0.059286410754861005,0.043606104148685279,-0.0033458524239229383,-0.16984444293551063,-0.50112239508657452,-0.00012975652184706596,0.9000052955231741,0.0013164584320549445,0.80000096279605948,-0.0017552955138883622,-0.80000096279605937,0.0017552955138883622,0.9000052955231741,0.0013164584320549443
fig8_D_0p05,0.050000000000000003,0.13936192742241421,0.50297359416182452,-0.0028860763407828689,-0.061243778128774767,0.044333033368614723,-0.0034554865786292181,-0.17260452066941406,-0.50115925522465476,-0.00013623105319559214,0.90000546918924151,0.0013378706229181532,0.80000099436995231,-0.0017838459747734729,-0.80000099436995231,0.0017838459747734729,0.90000546918924151,0.0013378706229181534
fig8_D_0p05,0.050000000000000003,0.14162866162991988,0.50307135287459082,-0.0029498974625435325,-0.063266215207683524,0.045072674561130448,-0.003568709991591295,-0.17540936948442717,-0.50119732767649694,-0.00014303001233613487,0.90000564855069476,0.0013596310788689843,0.80000102697925279,-0.0018128608324073522,-0.8000010269792529,0.0018128608324073522,0.90000564855069476,0.0013596310788689845
fig8_D_0p05,0.050000000000000003,0.1439322644719408,0.50317233369939163,-0.0030156009630457887,-0.065355915108409116,0.045825279565144365,-0.0036856399586335485,-0.17825971154726822,-0.50123665243905102,-0.0001501697709674365,0.90000583379431598,0.0013817454641671463,0.80000106065791377,-0.0018423476412836267,-0.80000106065791365,0.0018423476412836267,0.90000583379431598,0.0013817454641671463
fig8_D_0p05,0.050000000000000003,0.14627333562011299,0.50327664339172229,-0.0030832599463801523,-0.067515146878558766,0.046591106638251646,-0.0038063975945331306,-0.18115628047152482,-0.50127727083757911,-0.00015766753668202413,0.90000602511301309,0.0014042195351870073,0.80000109544100062,-0.0018723140788219658,-0.80000109544100062,0.0018723140788219658,0.90000602511301309,0.0014042195351870071
fig8_D_0p05,0.050000000000000003,0.14865248449978571,0.50338439228171317,-0.0031529508650319001,-0.069746258260376323,0.047370420683783818,-0.0039311079563917953,-0.18409982148901985,-0.50131922557039288,-0.0001655413964651584,0.9000062227060206,0.0014270591419151065,0.80000113136472917,-0.0019027679473700445,-0.80000113136472917,0.0019027679473700445,0.9000062227060206,0.0014270591419151062
fig8_D_0p05,0.050000000000000003,0.15107033044866541,0.50349569439638431,-0.0032247536859050657,-0.072051678564153829,0.04816349348828524,-0.004059900170926653,-0.18709109162322879,-0.50136256075514407,-0.00017381036252647189,0.90000642677910725,0.0014502702294719697,0.80000116846650249,-0.0019337171762381779,-0.80000116846650227,0.0019337171762381779,0.90000642677910725,0.0014502702294719705
fig8_D_0p05,0.050000000000000003,0.15352750287804226,0.50361066758625495,-0.0032987520649652665,-0.074433921656131843,0.048970603969974338,-0.0041929075658000727,-0.19013085986475262,-0.50140732197672522,-0.00018249442059520759,0.90000663754479038,0.0014738588396586677,0.80000120678494979,-0.0019651698237672104,-0.80000120678494968,0.0019651698237672099,0.90000663754479038,0.0014738588396586679
fig8_D_0p05,0.050000000000000003,0.15602464143663697,0.50372943365647715,-0.0033750335309683899,-0.07689558906606668,0.049792038438782008,-0.0043302678051116324,-0.19321990734883376,-0.50145355633683963,-0.00019161458081773039,0.90000685522255641,0.0014978311125284556,0.80000124635996706,-0.0019971340794301506,-0.80000124635996717,0.0019971340794301502,0.90000685522255641,0.0014978311125284558
fig8_D_0p05,0.050000000000000003,0.15856239617711371,0.50385211850266798,-0.0034536896787693877,-0.079439373219923101,0.050628090868597875,-0.0044721230291787512,-0.19635902753491297,-0.5015013125053035,-0.0002011929314043601,0.90000708003909069,0.0015221932879839551,0.80000128723275843,-0.0020296182659681524,-0.80000128723275843,0.002029618265968152,0.90000708003909069,0.0015221932879839553
fig8_D_0p05,0.050000000000000003,0.16114142772530199,0.50397885225162065,-0.0035348163727336127,-0.082068060803438148,0.051479063182392204,-0.0046186199987361225,-0.19954902638821997,-0.5015506407731456,-0.00021125269518141795,0.90000731222851282,0.0015469517074002711,0.80000132944587865,-0.0020626308415614002,-0.80000132944587854,0.0020626308415613998,0.90000731222851282,0.0015469517074002714
fig8_D_0p05,0.050000000000000003,0.16376240745216875,0.50410976940708629,-0.0036185139608034154,-0.084784536262606222,0.052345265550921047,-0.0047699102436873468,-0.20279072256338038,-0.50160159310756935,-0.00022181828921384898,0.90000755203262073,0.0015721128152744387,0.8000013730432779,-0.0020961804020354327,-0.8000013730432779,0.0020961804020354323,0.90000755203262084,0.0015721128152744392
fig8_D_0p05,0.050000000000000003,0.16642601764859036,0.50424500900082514,-0.0037048874998049006,-0.087591785447471329,0.05322701670576821,-0.0049261502165460526,-0.20608494759003454,-0.50165422320885322,-0.00023291538767382814,0.90000779970114242,0.0015976831609016786,0.80000141807034741,-0.0021302756831035616,-0.80000141807034741,0.0021302756831035612,0.90000779970114242,0.0015976831609016782
fig8_D_0p05,0.050000000000000003,0.16913295170296488,0.50438471474913238,-0.0037940469926136186,-0.090492899405948887,0.054124644267521171,-0.005087501450707136,-0.20943254606044373,-0.50170858656925665,-0.00024457098814154726,0.90000805549199581,0.0016236694000788402,0.80000146457396659,-0.0021649255626459128,-0.80000146457396637,0.0021649255626459132,0.90000805549199581,0.0016236694000788408
fig8_D_0p05,0.050000000000000003,0.17188391428171457,0.50452903521505754,-0.0038861076378346724,-0.093491078334778557,0.055038485089930186,-0.0052541307236927091,-0.21283437581907344,-0.50176474053401388,-0.00025681348153580802,0.90000831967155814,0.0016500782968355131,0.80000151260255159,-0.002200139063025732,-0.80000151260255148,0.0022001390630257316,0.90000831967155814,0.0016500782968355131
fig8_D_0p05,0.050000000000000003,0.17467962151272456,0.50467812397654255,-0.0039811900926907283,-0.096589635695097237,0.055968885620951661,-0.005426210225521106,-0.21629130815412698,-0.50182274436449226,-0.00026967272588426534,0.90000859251494247,0.0016769167251932335,0.80000156220610608,-0.0022359253534435732,-0.80000156220610608,0.0022359253534435727,0.90000859251494247,0.0016769167251932332
fig8_D_0p05,0.050000000000000003,0.17752080117176341,0.5048321398007164,-0.0040794207498529595,-0.09979200250053763,0.056916202281633063,-0.005603917732350628,-0.2198042279910066,-0.50188265930360154,-0.00028318012415628514,0.90000887430628485,0.001704191670953234,0.80000161343627318,-0.0022722937523299547,-0.80000161343627307,0.0022722937523299547,0.90000887430628473,0.0017041916709532342
fig8_D_0p05,0.050000000000000003,0.18040819287193827,0.50499124682459229,-0.0041809320289934639,-0.1031017317862114,0.05788080186386,-0.0057874367855545276,-0.22337403408767845,-0.50194454864353932,-0.00029736870639520373,0.90000916533903985,0.0017319102335132328,0.80000166634638903,-0.0023092537297771877,-0.80000166634638881,0.0023092537297771873,0.90000916533903985,0.0017319102335132332
fig8_D_0p05,0.050000000000000003,0.18334254825622909,0.50515561474242854,-0.0042858626838840489,-0.10652250326739722,0.058863061948046996,-0.0059769568763865799,-0.22700163923190461,-0.50200847779596691,-0.000312273216401857,0.90000946591628672,0.0017600796277136763,0.80000172099153821,-0.0023468149100109429,-0.8000017209915381,0.0023468149100109425,0.90000946591628672,0.0017600796277136761
fig8_D_0p05,0.050000000000000003,0.18632463119315598,0.50532541900002359,-0.004394358125916157,-0.11005812819727122,0.059863371341927638,-0.0061726736364012477,-0.23068797044031403,-0.50207451436470951,-0.00032793020323693307,0.90000977635104462,0.0017887071857139627,0.80000177742861156,-0.0023849870739022861,-0.80000177742861134,0.0023849870739022856,0.90000977635104462,0.0017887071857139634
fig8_D_0p05,0.050000000000000003,0.18935521797562951,0.50550084099622883,-0.0045065707649692699,-0.11371255443354876,0.060882130541671318,-0.0063747890337963534,-0.23443396915927159,-0.50214272822108275,-0.00034437811782696455,0.90001009696659851,0.0018178003588991121,0.80000183571636474,-0.0024237801615208153,-0.80000183571636452,0.0024237801615208153,0.90001009696659851,0.0018178003588991121
fig8_D_0p05,0.050000000000000003,0.19243509752303303,0.50568206829197759,-0.0046226603686114805,-0.11748987172447942,0.061919752216634372,-0.0065835115758496217,-0.23824059146750337,-0.50221319158194977,-0.00036165741497681597,0.9000104280968364,0.001847366719817347,0.80000189591547965,-0.0024632042747295716,-0.80000189591547954,0.0024632042747295712,0.9000104280968364,0.001847366719817347
fig8_D_0p05,0.050000000000000003,0.19556507158659492,0.50586929482714249,-0.0047427944406760892,-0.12139431722525797,0.062976661719140944,-0.0067990565176255478,-0.24210880828043432,-0.50228597909061901,-0.00037981066111110722,0.90001077008659647,0.0018774139641491436,0.80000195808862773,-0.0025032696798224559,-0.80000195808862762,0.0025032696798224559,0.90001077008659647,0.0018774139641491432
fig8_D_0p05,0.050000000000000003,0.19874595495809838,0.50606272114554718,-0.0048671486203218919,-0.12543028125655642,0.064053297620778257,-0.0070216460771318455,-0.24603960555618595,-0.50236116790070007,-0.00039888264808785913,0.90001112329202726,0.0019079499127081906,0.80000202230053474,-0.0025439868102048071,-0.80000202230053474,0.0025439868102048067,0.90001112329202726,0.0019079499127081906
fig8_D_0p05,0.050000000000000003,0.20197857568198785,0.50626255462847669,-0.0049959071027535322,-0.12960231331759398,0.065150112276793154,-0.0072515096571098975,-0.25003398450317987,-0.50243883776303577,-0.00041892051344994807,0.90001148808095721,0.0019389825134748277,0.80000208861804833,-0.0025853662691178981,-0.80000208861804833,0.0025853662691178972,0.90001148808095721,0.0019389825134748277
fig8_D_0p05,0.050000000000000003,0.20526377527092521,0.50646900973704567,-0.0051292630828510336,-0.13391512836689728,0.06626757242028021,-0.0074888840736471556,-0.25409296178928947,-0.50251907111584182,-0.00043997386750406833,0.90001186483327889,0.0019705198436624658,0.80000215711020772,-0.0026274188324080703,-0.80000215711020761,0.0026274188324080694,0.90001186483327889,0.0019705198436624658
fig8_D_0p05,0.050000000000000003,0.20860240892485027,0.50668230826380334,-0.0052674192230359297,-0.13837361338470627,0.067406159787967088,-0.007734013791803062,-0.2582175697524699,-0.50260195317818446,-0.00046209492764235716,0.90001225394134454,0.0020025701118175001,0.8000022278483151,-0.0026701554513412183,-0.80000222784831498,0.0026701554513412183,0.90001225394134454,0.0020025701118175001
fig8_D_0p05,0.050000000000000003,0.2119953457536071,0.50690267959397051,-0.005410588146784542,-0.14298283423183999,0.068566371779527263,-0.0079871511684453771,-0.26240885661280144,-0.50268757204693837,-0.00048533866034960581,0.90001265581037404,0.0020351416599533015,0.8000023009060101,-0.0027135872554634277,-0.80000230090600999,0.0027135872554634281,0.90001265581037404,0.0020351416599533015
fig8_D_0p05,0.050000000000000003,0.21544346900318845,0.50713036097672826,-0.0055589929592882829,-0.1477480428207385,0.069748722152478987,-0.0082485567024963014,-0.26666788668586494,-0.50277601879737266,-0.00050976293136841509,0.90001307085887805,0.0020682429657187928,0.80000237635934646,-0.0027577255555084946,-0.80000237635934657,0.0027577255555084946,0.90001307085887805,0.0020682429657187919
fig8_D_0p05,0.050000000000000003,0.21894767628566209,0.50736559780699397,-0.0057128677968566431,-0.1526746846153906,0.070953741754875732,-0.0085184992927926501,-0.27099574059737164,-0.5028673875875207,-0.00053542866452640928,0.9000134995190926,0.0021018826446021822,0.80000245428687089,-0.0028025818463531141,-0.80000245428687089,0.0028025818463531145,0.90001349951909271,0.0021018826446021822
fig8_D_0p05,0.050000000000000003,0.22250887981283693,0.50760864391814897,-0.0058724584067599353,-0.15776840647789597,0.07218197929814435,-0.0087972565037680375,-0.27539351549895563,-0.50296177576649737,-0.00056240000976386919,0.90001394223743092,0.0021360694521704534,0.80000253476970473,-0.0028481678100205784,-0.80000253476970473,0.0028481678100205784,0.90001394223743092,0.002136069452170453
fig8_D_0p05,0.050000000000000003,0.22612800663372773,0.50785976188620074,-0.0060380227593190153,-0.16303506488053568,0.073434002172592508,-0.0090851148391683269,-0.27986232528503213,-0.50305928398693689,-0.00059074452093644614,0.90001439947494688,0.0021708122863451041,0.8000026178916283,-0.0028944953187336996,-0.8000026178916283,0.0028944953187336996,0.90001439947494677,0.0021708122863451037
fig8_D_0p05,0.050000000000000003,0.2298059988758851,0.50811922334589132,-0.0062098316941663137,-0.16848073450343984,0.074710397308287976,-0.009382370024016054,-0.28440330081062454,-0.50316001632173446,-0.00062053334400754287,0.90001487170781647,0.0022061201897148244,0.80000270373916849,-0.0029415764380178867,-0.80000270373916849,0.0029415764380178872,0.90001487170781647,0.0022061201897148239
fig8_D_0p05,0.050000000000000003,0.23354381399064794,0.50838730931929255,-0.0063881696027278867,-0.17411171723922195,0.076011772084201137,-0.0096893272950422972,-0.28901759011004213,-0.5032640803852827,-0.00065184141628680473,0.90001535942783295,0.0022420023518856134,0.80000279240168815,-0.0029894234298551261,-0.80000279240168815,0.0029894234298551265,0.90001535942783295,0.0022420023518856134
fig8_D_0p05,0.050000000000000003,0.23734242500238661,0.50866431055745087,-0.0065733351491115127,-0.17993455162735286,0.077338755288714228,-0.0100063016998083,-0.29370635861629657,-0.50337158745940813,-0.00068474767741719166,0.90001586314291959,0.002278468111868995,0.80000288397147934,-0.0030380487558897646,-0.80000288397147934,0.0030380487558897646,0.90001586314291959,0.002278468111868995
fig8_D_0p05,0.050000000000000003,0.24120282076180069,0.50895052789568473,-0.0067656420317306239,-0.18595602274253628,0.078691998134823027,-0.010333618404742485,-0.29847078938112875,-0.50348265262422109,-0.00071933529286213015,0.90001638337765888,0.0023155269605089372,0.80000297854385904,-0.003087465080686972,-0.80000297854385916,0.003087465080686972,0.90001638337765888,0.0023155269605089363
fig8_D_0p05,0.050000000000000003,0.24512600620333397,0.50924627262316258,-0.0069654197881490387,-0.19218317256294312,0.080072175333599338,-0.010671613012320596,-0.30331208329550746,-0.50359739489410926,-0.00075569189069702846,0.90001692067383809,0.0023531885429480563,0.80000307621726841,-0.0031376852750447043,-0.80000307621726841,0.0031376852750447043,0.90001692067383821,0.0023531885429480559
fig8_D_0p05,0.050000000000000003,0.24911300260677885,0.50955186686743037,-0.0071730146457988061,-0.19862331084591214,0.081479986229749751,-0.011020631887620914,-0.30823145931045898,-0.50371593735911246,-0.00079390981256688593,0.90001747559101486,0.0023914626611338009,0.80000317709337532,-0.0031887224193601323,-0.80000317709337521,0.0031887224193601323,0.90001747559101486,0.0023914626611338005
fig8_D_0p05,0.050000000000000003,0.25316484786313553,0.50986764399458895,-0.0073887904214034504,-0.20528402654056177,0.082916156003386574,-0.011381032494487346,-0.31323015465807336,-0.50383840733193874,-0.00083408637973303012,0.90001804870709945,0.002430359276365212,0.80000328127717935,-0.0032405898070514295,-0.80000328127717935,0.0032405898070514286,0.90001804870709945,0.0024303592763652115
fig8_D_0p05,0.050000000000000003,0.2572825967447932,0.51019394902586923,-0.0076131294721312436,-0.21217319976876758,0.084381436942437285,-0.011753183741536631,-0.31830942507251658,-0.5039649365008898,-0.00087632417519859559,0.90001864061895631,0.0024698885118809104,0.80000338887712197,-0.0032933009480358012,-0.80000338887712186,0.0032933009480358012,0.90001864061895631,0.0024698885118809104
fig8_D_0p05,0.050000000000000003,0.26146732118010918,0.51053113907138925,-0.007846433701712667,-0.21929901440812752,0.085876609790456096,-0.012137466338246895,-0.32347054501088129,-0.50409566108898585,-0.00092073134297424638,0.90001925194302712,0.0025100606554890152,0.80000350000519826,-0.0033468695722647965,-0.80000350000519826,0.0033468695722647965,0.90001925194302701,0.0025100606554890139
fig8_D_0p05,0.050000000000000003,0.26572011053245065,0.51087958378192566,-0.0080891256249790659,-0.22666997131284378,0.08740248517495991,-0.012534273161366401,-0.32871480787368035,-0.50423072201959418,-0.00096742190562305701,0.90001988331597138,0.0025508861622396037,0.80000361477707393,-0.0034013096333177606,-0.80000361477707405,0.0034013096333177593,0.90001988331597138,0.0025508861622396029
fig8_D_0p05,0.050000000000000003,0.27004207188377727,0.51123966581958191,-0.0083416494945219161,-0.23429490221098143,0.088959905121810248,-0.012944009631882268,-0.3340435262247915,-0.50437026508889182,-0.0010165161013075217,0.900020535395331,0.0025923756571404528,0.80000373331220564,-0.0034566353120544882,-0.80000373331220564,0.0034566353120544869,0.90002053539533111,0.0025923756571404528
fig8_D_0p05,0.050000000000000003,0.27443433032283654,0.51161178134828544,-0.0086044724934327636,-0.24218298431926125,0.090549744661588411,-0.013367094102789308,-0.33945803201063662,-0.50451444114550437,-0.0010681407416524413,0.90002120886021464,0.0026345399379167256,0.80000385573396404,-0.003512861020328053,-0.80000385573396415,0.0035128610203280525,0.90002120886021464,0.0026345399379167243
fig8_D_0p05,0.050000000000000003,0.27889802923804397,0.51199634054510601,-0.0088780859983645828,-0.25034375571947154,0.09217291353437751,-0.013803958257898482,-0.34495967677836925,-0.50466340627769557,-0.0011224295918353441,0.90002190441200514,0.0026773899778152897,0.80000398216976376,-0.0035700014047587931,-0.80000398216976365,0.0035700014047587931,0.90002190441200502,0.0026773899778152897
fig8_D_0p05,0.050000000000000003,0.2834343306151309,0.5123937681334414,-0.0091630069174604024,-0.25878713154376642,0.093830357999875935,-0.014255047521924451,-0.35054983189283745,-0.50481732200850105,-0.0011795237744232322,0.90002262277509038,0.0027209369284544472,0.8000041127511941,-0.0036280713505705592,-0.80000411275119387,0.0036280713505705592,0.90002262277509049,0.0027209369284544476
fig8_D_0p05,0.050000000000000003,0.28804441533962977,0.51280450393918742,-0.0094597791080216313,-0.26752342101951382,0.095523062760312902,-0.014720821482088794,-0.35622988875205874,-0.50497635549922926,-0.0012395721985890042,0.90002336469761823,0.002765192122719706,0.80000424761415667,-0.0036870859854901922,-0.80000424761415656,0.003687085985490193,0.90002336469761834,0.0027651921227197069
fig8_D_0p05,0.050000000000000003,0.29272948350428163,0.51322900347107592,-0.0097689748791456067,-0.27656334542809657,0.097252053004247024,-0.015201754321474231,-0.36200125900094482,-0.50514067976178034,-0.001302732016466736,0.9000241309522754,0.0028101670777064213,0.80000438689900666,-0.0037470606837113839,-0.80000438689900655,0.0037470606837113848,0.9000241309522754,0.0028101670777064213
fig8_D_0p05,0.050000000000000003,0.29749075472144404,0.51366773852643821,-0.010091196584945389,-0.2859180570360621,0.099018396579979295,-0.015698335264361093,-0.36786537474298975,-0.50531047388026962,-0.0013691691085403399,0.90002492233709264,0.0028558734977100078,0.80000453075069822,-0.003808011069923979,-0.80000453075069811,0.0038080110699239781,0.90002492233709264,0.0028558734977100087
fig8_D_0p05,0.050000000000000003,0.30232946844057762,0.51412119782372967,-0.010427078314380941,-0.29559915906137668,0.1008232063080322,-0.016211069033772216,-0.37382368874960942,-0.50548592324247155,-0.0014390586001078827,0.90002573967627653,0.0029023232772644727,0.80000467931893493,-0.0038699530234097878,-0.80000467931893493,0.0038699530234097882,0.90002573967627653,0.0029023232772644727
fig8_D_0p05,0.050000000000000003,0.30724688427090036,0.51458988766324509,-0.010777287684182952,-0.30561872674227319,0.10266764244293114,-0.016740476321448778,-0.37987767466682709,-0.50566721978164086,-0.001512585411024182,0.90002658382106793,0.002949528504230092,0.80000483275832601,-0.003932902682206153,-0.80000483275832601,0.0039329026822061521,0.90002658382106793,0.0029495285042300929
fig8_D_0p05,0.050000000000000003,0.3122442823092858,0.51507433261753544,-0.011142527741839808,-0.31598932958129017,0.10455291529537762,-0.017287094270469677,-0.38602882721894577,-0.50585456222931158,-0.001589944841098292,0.90002745565062858,0.0029975014629309393,0.80000499122854596,-0.0039968764473382731,-0.80000499122854596,0.0039968764473382722,0.90002745565062858,0.0029975014629309402
fig8_D_0p05,0.050000000000000003,0.31732296347349764,0.51557507625314658,-0.011523538986149922,-0.32672405484269434,0.10648028802684713,-0.017851476970721942,-0.39227866240886433,-0.50604815637971434,-0.0016713431937128613,0.90002835607295761,0.0030462546373431448,0.80000515489450152,-0.0040618909871216217,-0.80000515489450152,0.0040618909871216208,0.90002835607295761,0.0030462546373431452
fig8_D_0p05,0.050000000000000003,0.32248424984084423,0.51609268188540336,-0.011921101513419907,-0.33783653238751477,0.10845107962966635,-0.018434195967417015,-0.39862871771464747,-0.50624821536650477,-0.0017569984404383326,0.90002928602583721,0.0030958007143346263,0.80000532392650181,-0.0041279632415355243,-0.8000053239265017,0.0041279632415355252,0.90002928602583721,0.0030958007143346263
fig8_D_0p05,0.050000000000000003,0.32772948499233823,0.51662773336807744,-0.012336037298014194,-0.34934096093701505,0.11046666810675271,-0.019035840782836971,-0.40508055228194267,-0.50645495995255285,-0.0018471409296406385,0.90003024647781016,0.0031461525869571384,0.80000549850043556,-0.0041951104266691854,-0.80000549850043556,0.0041951104266691854,0.90003024647781016,0.003146152586957138
fig8_D_0p05,0.050000000000000003,0.33306003436245885,0.51718083591990793,-0.012769212616650536,-0.36125213586262023,0.11252849386643789,-0.019657019451482158,-0.41163574711183093,-0.50666861883359382,-0.0019420141423265756,0.90003123842918842,0.0031973233577914811,0.80000567879795415,-0.0042633500392413896,-0.80000567879795415,0.0042633500392413905,0.90003123842918842,0.0031973233577914811
fig8_D_0p05,0.050000000000000003,0.33847728559459833,0.51775261699007313,-0.013221540626574008,-0.37358547860810837,0.1146380633491474,-0.02029835906877293,-0.41829590524364396,-0.50688942895661526,-0.0020418754987391319,0.9000322629130959,0.0032493263423466873,0.80000586500665949,-0.0043326998611951323,-0.80000586500665927,0.0043326998611951323,0.9000322629130959,0.0032493263423466882
fig8_D_0p05,0.050000000000000003,0.34398264890229246,0.51834372716486354,-0.013693984108559003,-0.38635706785843899,0.1167969529042074,-0.020960506353442914,-0.42506265193228543,-0.507117635853923,-0.002146997219508031,0.90003332099654498,0.0033021750725140712,0.80000605732029928,-0.0044031779643684873,-0.80000605732029917,0.0044031779643684864,0.90003332099654498,0.0033021750725140716
fig8_D_0p05,0.050000000000000003,0.34957755743632751,0.5189548411179622,-0.014187558386570369,-0.39958367257888672,0.1190068129366873,-0.021644128223737975,-0.43193763481954645,-0.50735349399390339,-0.0022576672454810518,0.90003441378154792,0.0033558833000769984,0.80000625593896768,-0.004474802715243034,-0.80000625593896757,0.0044748027152430331,0.90003441378154792,0.0033558833000769993
fig8_D_0p05,0.050000000000000003,0.35526346765781391,0.51958665860690967,-0.014703334436883398,-0.41328278705831523,0.12126937234599364,-0.022349912387511293,-0.43892252409888161,-0.50759726714958997,-0.0023741902207118247,0.9000355424062656,0.0034104650002772493,0.80000646106931372,-0.0045475927797711127,-0.80000646106931361,0.004547592779771111,0.9000355424062656,0.0034104650002772493
fig8_D_0p05,0.050000000000000003,0.36104185971733371,0.52023990551852006,-0.015242442200520066,-0.42747266810158818,0.12358644327993035,-0.023078567946278383,-0.44601901267309102,-0.50784922878623873,-0.0024968885434638729,0.90003670804619329,0.0034659343754388995,0.80000667292475469,-0.0046215671282834056,-0.80000667292475458,0.0046215671282834048,0.9000367080461934,0.0034659343754389
fig8_D_0p05,0.050000000000000003,0.3669142378402494,0.52091533496621456,-0.015806074114011977,-0.4421723745282401,0.12595992623012969,-0.023830826013263119,-0.45322881630431017,-0.50810966246921541,-0.0026261034905106515,0.90003791191538629,0.0035223058586505936,0.80000689172569828,-0.0046967450404780718,-0.80000689172569817,0.0046967450404780718,0.90003791191538629,0.0035223058586505932
fig8_D_0p05,0.050000000000000003,0.37288213071828336,0.5216137284424589,-0.016395488874770835,-0.45740180914792211,0.12839181549719994,-0.024607440345432035,-0.4605536737556844,-0.50837886229361828,-0.002762196420472993,0.90003915526772371,0.0035795941175071613,0.80000711769977106,-0.0047731461104930017,-0.80000711769977095,0.0047731461104930008,0.90003915526772371,0.0035795941175071622
fig8_D_0p05,0.050000000000000003,0.37894709190746678,0.52233589702973027,-0.017012015458731797,-0.47318176339773493,0.13088420505661408,-0.025409187989472799,-0.46799534692407208,-0.50865713333718854,-0.0029055500624415283,0.90004043939821665,0.0036378140579115307,0.80000735108205456,-0.0048507902520625538,-0.80000735108205445,0.0048507902520625538,0.90004043939821665,0.0036378140579115298
fig8_D_0p05,0.050000000000000003,0.38511070023255689,0.52308268267369595,-0.017657057409459657,-0.48953396484260492,0.13343929485933978,-0.026236869941627928,-0.47555562096307114,-0.50894479213819754,-0.0030565698966877573,0.90004176564435723,0.0036969808279378046,0.80000759211532935,-0.0049296977037602396,-0.80000759211532924,0.0049296977037602396,0.90004176564435723,0.0036969808279378046
fig8_D_0p05,0.050000000000000003,0.3913745601980384,0.52385495952257322,-0.018332097419579696,-0.50648112775754184,0.13605939760451377,-0.027091311821245294,-0.48323630439564957,-0.5092421672001618,-0.003215685634879826,0.90004313538751202,0.0037571098217566022,0.80000784105032607,-0.005009889034328939,-0.80000784105032607,0.0050098890343289373,0.90004313538751202,0.0037571098217566022
fig8_D_0p05,0.050000000000000003,0.39774030240580366,0.52465363533694309,-0.019038702227233851,-0.52404700702994467,0.13874694602511004,-0.027973364557846658,-0.49103922921558962,-0.50954959952540591,-0.0033833528078922341,0.90004455005436268,0.0038182166836234987,0.80000809814598661,-0.0050913851481000673,-0.80000809814598661,0.0050913851481000664,0.90004455005436257,0.0038182166836234987
fig8_D_0p05,0.050000000000000003,0.40420958397963058,0.52547965297462584,-0.019778527852288282,-0.54225645564152791,0.14150450073162349,-0.028883905091454897,-0.49896625097694675,-0.50986744317969279,-0.0035600544700411067,0.900046011118392,0.0038803173119316657,0.80000836366973138,-0.0051742072905033515,-0.80000836366973116,0.0051742072905033515,0.900046011118392,0.0038803173119316666
fig8_D_0p05,0.050000000000000003,0.41078408899656471,0.52633399195559505,-0.020553325199245014,-0.56113548601292218,0.14433475866330134,-0.029823837085845722,-0.50701924887065386,-0.51019606589034872,-0.0037463030293952496,0.90004752010142031,0.003943427863329697,0.80000863789773713,-0.0052583770536687863,-0.80000863789773691,0.0052583770536687854,0.90004752010142031,0.003943427863329697
fig8_D_0p05,0.050000000000000003,0.41746552892531347,0.52721767011230325,-0.021364946056273631,-0.58071133551995047,0.14724056220148229,-0.030794091654308426,-0.51520012578736452,-0.51053584968055332,-0.0039426422147168612,0.90004907857519145,0.0040075647569055633,0.80000892111522315,-0.0053439163821223127,-0.80000892111522304,0.0053439163821223127,0.90004907857519145,0.0040075647569055625
fig8_D_0p05,0.050000000000000003,0.42425564307177771,0.52813174533122986,-0.022215349522492583,-0.60101253651925957,0.1502249090052136,-0.031795628097412321,-0.52351080836559394,-0.51088719154273265,-0.0041496491905850018,0.90005068816301093,0.0040727446784378785,0.80000921361674693,-0.0054308475785770473,-0.80000921361674682,0.0054308475785770473,0.90005068816301093,0.0040727446784378802
fig8_D_0p05,0.050000000000000003,0.43115619903182284,0.52907731739193675,-0.023106608898631611,-0.62206899125258952,0.15329096263556147,-0.032829434652168907,-0.53195324702413282,-0.51125050415428541,-0.0043679368333593175,0.90005235054143817,0.0041389845847153821,0.8000095157065088,-0.0055191933098215481,-0.80000951570650891,0.0055191933098215473,0.90005235054143817,0.0041389845847153812
fig8_D_0p05,0.050000000000000003,0.438168993151419,0.53005552991044524,-0.02404091907953192,-0.64391205203408075,0.15644206404202896,-0.033896529251870269,-0.54052941597769588,-0.51162621663920949,-0.0045981561818662234,0.90005406744203409,0.0042063017079258021,0.80000982769866813,-0.0056089766127070178,-0.80000982769866813,0.0056089766127070187,0.90005406744203398,0.0042063017079258021
fig8_D_0p05,0.050000000000000003,0.44529585099426555,0.53106757239431135,-0.025020604490620092,-0.66657460716378192,0.15968174399230584,-0.034997960295752556,-0.54924131323468128,-0.51201477537956674,-0.0048409990780459329,0.90005584065316602,0.0042747135601151759,0.80001014991766717,-0.0057002209002351457,-0.80001014991766695,0.0057002209002351457,0.90005584065316602,0.0042747135601151768
fig8_D_0p05,0.050000000000000003,0.45253862781701715,0.53211468241741111,-0.026048127614577522,-0.69009117305359557,0.1630137365353358,-0.036134807427491283,-0.55809096057586438,-0.51241664488113425,-0.0050972010143051569,0.9000576720218727,0.0043442379377186483,0.80001048269856856,-0.0057929499677482942,-0.80001048269856856,0.0057929499677482933,0.9000576720218727,0.0043442379377186474
fig8_D_0p05,0.050000000000000003,0.45989920905224385,0.53319814792313258,-0.027126098158965509,-0.71449799309975814,0.16644199359751777,-0.037308182321374603,-0.56708040351280053,-0.51283230869806862,-0.0053675442059938107,0.90005956345578852,0.0044148929261639417,0.80001082638740173,-0.0058871879992240328,-0.80001082638740162,0.0058871879992240337,0.90005956345578852,0.0044148929261639417
fig8_D_0p05,0.050000000000000003,0.46737951079924633,0.53431930966542696,-0.028257282920611311,-0.73983314388907184,0.16997070082288751,-0.038519229474819686,-0.57621171122463333,-0.51326227042191774,-0.0056528609092867006,0.90006151692513359,0.0044866969045486427,0.80001118134152027,-0.0059829595736757869,-0.80001118134152016,0.0059829595736757869,0.90006151692513359,0.0044866969045486409
fig8_D_0p05,0.050000000000000003,0.47498148032284998,0.5354795637980011,-0.029444616408180611,-0.766136649385325,0.17360429478054665,-0.039769127005694245,-0.58548697647193559,-0.5137070547409226,-0.0059540370068238285,0.90006353446476739,0.0045596685503923205,0.80001154792997331,-0.0060802896716614929,-0.8000115479299732,0.0060802896716614947,0.90006353446476739,0.0045596685503923188
fig8_D_0p05,0.050000000000000003,0.48270709656031829,0.53668036462285185,-0.0306912122906315,-0.79345060380834909,0.17734748167659639,-0.041059087452679957,-0.5949083154861563,-0.51416720857619591,-0.0062720158857780383,0.90006561817631003,0.0046338268444648173,0.8000119265338862,-0.0061792036819023179,-0.8000119265338862,0.0061792036819023179,0.90006561817631003,0.0046338268444648164
fig8_D_0p05,0.050000000000000003,0.49055837063650504,0.53792322751034005,-0.032000375746239977,-0.82181930399174974,0.18120525772360441,-0.042390358576657544,-0.60447786783314483,-0.51464330230212885,-0.006607802635599503,0.90006777023033391,0.0047091910756917356,0.80001231754685509,-0.0062797274080133129,-0.8000123175468552,0.0062797274080133112,0.90006777023033391,0.0047091910756917347
fig8_D_0p05,0.050000000000000003,0.49853734638738939,0.53920973200412015,-0.03337561679471663,-0.85128939208775634,0.18518293133847735,-0.043764224160807746,-0.61419779624917548,-0.51513593105921118,-0.0069624685955774843,0.9000699928686271,0.0047857808461383954,0.80001272137535495,-0.0063818870753481411,-0.80001272137535484,0.0063818870753481419,0.9000699928686271,0.0047857808461383962
fig8_D_0p05,0.050000000000000003,0.5066461008921268,0.54054152512545439,-0.034820664703695804,-0.88191000957970944,0.18928614735977972,-0.04518200480680136,-0.62407028644778717,-0.51564571616841182,-0.0073371562855906423,0.90007228840653097,0.0048636160760734889,0.80001313843915811,-0.0064857093379599318,-0.80001313843915811,0.006485709337959931,0.90007228840653097,0.0048636160760734889
fig8_D_0p05,0.050000000000000003,0.5148867450137492,0.54192032489279285,-0.036339483570706856,-0.91373296366599677,0.19352091349841563,-0.046645058724085101,-0.63409754689568076,-0.51617330665734418,-0.0077330847570451465,0.9000746592353539,0.0049427170091135425,0.80001356917177002,-0.0065912212856802967,-0.80001356917177002,0.0065912212856802949,0.9000746592353539,0.0049427170091135416
fig8_D_0p05,0.050000000000000003,0.52326142394866615,0.54334792407399179,-0.037936289192777577,-0.9468129071952075,0.19789362926155976,-0.048154782508867823,-0.64428180855582762,-0.5167193809096764,-0.008151555405069134,0.90007710782486616,0.0050231042174496022,0.80001401402087624,-0.0066984504513188711,-0.80001401402087624,0.0066984504513188711,0.90007710782486616,0.0050231042174496005
fig8_D_0p05,0.050000000000000003,0.53177231778509715,0.54482619419017975,-0.039615567348234793,-0.98120753346252199,0.20241111761924993,-0.049712611908944646,-0.65462532459583211,-0.5172846484506306,-0.0085939582876097542,0.90007963672587499,0.0051047986071572219,0.80001447344880561,-0.006807424817985375,-0.80001447344880572,0.006807424817985375,0.90007963672587499,0.0051047986071572219
fig8_D_0p05,0.050000000000000003,0.54042164207059151,0.54635708979211062,-0.041382093629259258,-1.0169777873241446,0.20708065971669895,-0.051320022569983033,-0.66513037005951869,-0.51786985188301127,-0.0090617790022328882,0.90008224857288477,0.0051878214235911739,0.80001494793300776,-0.0069181728265366449,-0.80001494793300776,0.006918172826536644,0.90008224857288477,0.0051878214235911721
fig8_D_0p05,0.050000000000000003,0.54921164838877889,0.5479426530318493,-0.043240954979538337,-1.0541880942519899,0.21191003297377323,-0.05297853075830361,-0.67579924149958537,-0.51847576899001091,-0.0095566061772383009,0.90008494608684553,0.0052721942568661039,0.80001543796654606,-0.0070307233831508956,-0.80001543796654606,0.0070307233831508956,0.90008494608684553,0.0052721942568661039
fig8_D_0p05,0.050000000000000003,0.5581446249454961,0.54958501855486641,-0.045197573109204983,-1.0929066091376907,0.21690755295697473,-0.054689694054525645,-0.6866342565690654,-0.51910321502310364,-0.010080139640269069,0.90008773207799053,0.0053579390474244168,0.80001594405860676,-0.0071451058670314906,-0.80001594405860688,0.0071451058670314906,0.90008773207799053,0.0053579390474244159
fig8_D_0p05,0.050000000000000003,0.5672228971644544,0.5512864187400951,-0.047257729979460095,-1.1332054868664772,0.22208211945954362,-0.056455112011696201,-0.69763775356923985,-0.51975304519570686,-0.010634199335022817,0.90009060944876751,0.0054450780916928052,0.80001646673502536,-0.0072613501382428457,-0.80001646673502524,0.007261350138242844,0.90009060944876751,0.005445078091692806
fig8_D_0p05,0.050000000000000003,0.57644882829258792,0.55304918931823621,-0.049427595572191854,-1.1751611769209709,0.227443267282986,-0.058276426770664844,-0.70881209095149655,-0.52042615740599274,-0.01122073506509105,0.90009358119686711,0.0055336340478286603,0.8000170065388279,-0.0073794865456807196,-0.80001700653882779,0.0073794865456807196,0.90009358119686711,0.0055336340478286603
fig8_D_0p05,0.050000000000000003,0.5858248200152536,0.55487577540164257,-0.051713758185952613,-1.2188547445470472,0.23300122227967912,-0.060155323624500254,-0.720159646770546,-0.52112349521534929,-0.011841837153511068,0.90009665041834952,0.0056236299415578029,0.80001756403079216,-0.0074995459351796115,-0.80001756403079216,0.0074995459351796115,0.90009665041834952,0.0056236299415578029
fig8_D_0p05,0.050000000000000003,0.59535331308143702,0.55676873796248583,-0.054123257529301069,-1.2643722213231987,0.23876696329264122,-0.062093531522637455,-0.73168281808624624,-0.5218460511125611,-0.012499748117483849,0.90009982031087477,0.0057150891721049063,0.80001813979002601,-0.0076215596577597928,-0.8000181397900259,0.0076215596577597928,0.90009982031087477,0.0057150891721049072
fig8_D_0p05,0.050000000000000003,0.60503678793912186,0.55873076079965678,-0.056663620916333958,-1.3118049883273382,0.24475229071680762,-0.06409282350418713,-0.74338402031116757,-0.52259487009790373,-0.013196875470095291,0.90010309417703938,0.0058080355182179048,0.80001873441456384,-0.0077455595780165504,-0.80001873441456373,0.0077455595780165504,0.90010309417703938,0.0058080355182179065
fig8_D_0p05,0.050000000000000003,0.61487776538100225,0.56076465803901132,-0.05934290290788341,-1.3612501954974792,0.25096990250828538,-0.066155017048403819,-0.75526568650090886,-0.52337105362611303,-0.013935805775015154,0.90010647542782163,0.00590249314428798,0.80001934852198398,-0.0078715780826545487,-0.80001934852198386,0.007871578082654547,0.90010647542782163,0.0059024931442879817
fig8_D_0p05,0.050000000000000003,0.62487880720068945,0.56287338221619854,-0.062169728786106396,-1.4128112212429011,0.25743347858647025,-0.068281974328662537,-0.7673302665840116,-0.52417576395269183,-0.014719320096314013,0.90010996758614148,0.005998486606566337,0.80001998275004371,-0.0079996480891698623,-0.8000199827500436,0.0079996480891698606,0.90010996758614148,0.0059984866065663387
fig8_D_0p05,0.050000000000000003,0.63504251685959623,0.56506003299644358,-0.06515334230098288,-1.4665981768901606,0.26415777471156604,-0.070475602354411193,-0.77958022652819581,-0.52501022893441751,-0.015550411004066641,0.90011357429053684,0.0060960408594794031,0.80002063775733723,-0.0081298030546827337,-0.80002063775733701,0.0081298030546827337,0.90011357429053684,0.0060960408594794048
fig8_D_0p05,0.050000000000000003,0.64537154016467024,0.56732786659136758,-0.068303658185639007,-1.5227284611542409,0.27115872708040545,-0.072737852983403239,-0.79201804743950377,-0.52587574734233555,-0.016432301317685846,0.90011729929896089,0.0061951812620438355,0.80002131422397327,-0.0082620769849238926,-0.80002131422397305,0.0082620769849238926,0.90011729929896089,0.0061951812620438355
fig8_D_0p05,0.050000000000000003,0.65586856595714282,0.56968030593926633,-0.071631320004714893,-1.5813273705226427,0.27845356907074337,-0.075070722784018593,-0.80464622459075863,-0.52677369475418967,-0.01736846479341295,0.90012114649270414,0.006295933584382715,0.80002201285227492,-0.0083965044433773131,-0.80002201285227503,0.0083965044433773131,0.90012114649270414,0.0062959335843827159
fig8_D_0p05,0.050000000000000003,0.66653632681249131,0.57212095172230482,-0.075147763977754828,-1.6425287722450868,0.2860609617834815,-0.077476252724617722,-0.81746726637567257,-0.52770553010334387,-0.018362648990630726,0.90012511988044541,0.0063983240143446552,0.80002273436750282,-0.0085331205605827225,-0.80002273436750282,0.0085331205605827225,0.90012511988044541,0.0063983240143446526
fig8_D_0p05,0.050000000000000003,0.67737759975177525,0.57465359430189955,-0.078865289509607112,-1.7064758475517721,0.2940011402896352,-0.079956527663540292,-0.83048369318472248,-0.52867280297309338,-0.019418900584301256,0.90012922360243719,0.0065023791642270859,0.8000234795186002,-0.0086719610436007486,-0.8000234795186002,0.0086719610436007486,0.90012922360243719,0.0065023791642270868
fig8_D_0p05,0.050000000000000003,0.68839520696454959,0.57728222666220597,-0.082797137264312662,-1.773321913801722,0.30229607779179785,-0.082513675609519888,-0.8436980361988512,-0.5296771617391588,-0.020541593428651576,0.90013346193482724,0.0066081260776054045,0.8000242490789633,-0.0088130621856440435,-0.8000242490789633,0.0088130621856440435,0.90013346193482713,0.0066081260776054045
fig8_D_0p05,0.050000000000000003,0.69959201654353742,0.58001105846121082,-0.086957575740529952,-1.8432313355156937,0.31096967026736866,-0.085149866717811634,-0.85711283609691169,-0.53072036267951728,-0.021735459721151935,0.90013783929412283,0.0067155922362695181,0.80002504384723572,-0.0089564608758777465,-0.80002504384723561,0.008956460875877743,0.90013783929412283,0.006715592236269519
fig8_D_0p05,0.050000000000000003,0.7109709432312431,0.58284453129949398,-0.091361997448357768,-1.9163805357074346,0.32004794458392954,-0.087867311982116614,-0.87073064167266556,-0.53180428019002257,-0.023005624666972709,0.90014236024180283,0.0068248055672692149,0.80002586464812919,-0.0091021946093924177,-0.80002586464812919,0.0091021946093924177,0.90014236024180283,0.0068248055672692166
fig8_D_0p05,0.050000000000000003,0.72253494917872141,0.58578733532837868,-0.096027025953319023,-1.9929591206317463,0.32955929357949709,-0.090668261576313927,-0.8845540083571205,-0.53293091826712913,-0.024357645103809476,0.90014702948908032,0.0069357944500701447,0.80002671233326972,-0.0092503014973532548,-0.80002671233326972,0.009250301497353253,0.90014702948908032,0.0069357944500701455
fig8_D_0p05,0.050000000000000003,0.7342870447166765,0.58884442733195652,-0.1009706352478229,-2.0731711330633495,0.33953474219842678,-0.093555002792877706,-0.89858549664192755,-0.53410242344615033,-0.025797552616844029,0.90015185190182279,0.0070485877238217823,0.80002758778207161,-0.0094008202773287856,-0.80002758778207161,0.0094008202773287856,0.90015185190182279,0.0070485877238217831
fig8_D_0p05,0.050000000000000003,0.74623028913911083,0.59202105043144337,-0.1062122831393152,-2.157236451564494,0.35000824948818982,-0.096529857516500783,-0.91282767039961865,-0.53532109941579109,-0.027331901755634574,0.90015683250563383,0.0071632146947391753,0.80002849190263947,-0.0095537903238029874,-0.80002849190263936,0.0095537903238029874,0.90015683250563383,0.0071632146947391753
fig8_D_0p05,0.050000000000000003,0.75836779149971911,0.59532275557546654,-0.11177306061434084,-2.2453923559592011,0.36101705211837803,-0.099595179161586361,-0.92728309509656281,-0.53658942356828554,-0.028967824061278874,0.90016197649110263,0.0072797051435999818,0.80002942563269908,-0.0097092516588743929,-0.80002942563269908,0.0097092516588743911,0.90016197649110263,0.00727970514359998
fig8_D_0p05,0.050000000000000003,0.77070271142123037,0.59875542499620837,-0.11767585945729737,-2.3378952824923931,0.37260205611280289,-0.10275334899062677,-0.94195433589470601,-0.53791006579071654,-0.030713088726187571,0.90016728921922606,0.0073980893333584269,0.80003038994055808,-0.0098672449631460393,-0.80003038994055797,0.0098672449631460376,0.90016728921922606,0.0073980893333584277
fig8_D_0p05,0.050000000000000003,0.78323825991791962,0.60232529782871091,-0.12394556078204345,-2.4350227960154296,0.38480828472792983,-0.10600677171669033,-0.95684395563853319,-0.53928590985873792,-0.032576170843809926,0.90017277622700942,0.0075183980168779408,0.80003138582609745,-0.010027811586810289,-0.80003138582609734,0.010027811586810289,0.90017277622700942,0.0075183980168779408
fig8_D_0p05,0.050000000000000003,0.79597770023149861,0.60603899810888218,-0.1306092475864136,-2.5370758111318845,0.39768539191559876,-0.10935787027681551,-0.97195451272418409,-0.54072007786105591,-0.034566328366052106,0.90017844323325158,0.0076406624447840537,0.80003241432179517,-0.010190993560932525,-0.80003241432179506,0.010190993560932522,0.90017844323325158,0.0076406624447840537
fig8_D_0p05,0.050000000000000003,0.80892434868059382,0.60990356538446533,-0.13769644497982153,-2.6443810997148613,0.41128825263741975,-0.11280907964351872,-0.98728855884839972,-0.5422159581643955,-0.036693689077334474,0.90018429614452078,0.0077649143734391879,0.80003347649378154,-0.010356833608937761,-0.80003347649378143,0.010356833608937759,0.90018429614452078,0.0077649143734391862
fig8_D_0p05,0.050000000000000003,0.82208157552405403,0.61392648819186735,-0.14523939238205616,-2.7572941287634927,0.42567764353135462,-0.11636283951815792,-1.0028486366360962,-0.5437772375276313,-0.038969349122961905,0.90019034106132734,0.0078911860730412186,0.80003457344293005,-0.010525375158304699,-0.80003457344292983,0.010525375158304699,0.90019034106132734,0.0078911860730412169
fig8_D_0p05,0.050000000000000003,0.83545280583828718,0.61811574066934605,-0.15327335277145099,-2.8762022804415381,0.44092103016803624,-0.12002158572166086,-1.0186372771467713,-0.54540793809461741,-0.041405484904064906,0.90019658428449989,0.0080195103358472863,0.80003570630598075,-0.010696662352471322,-0.80003570630598075,0.010696662352471324,0.90019658428449989,0.0080195103358472863
fig8_D_0p05,0.050000000000000003,0.84904152040887471,0.62247982259228329,-0.1618369650035261,-3.00152851563776,0.45709348050368354,-0.12378774006407528,-1.0346569972620963,-0.54711246014347403,-0.044015480482263711,0.90020303232177146,0.0081499204845247638,0.80003687625670206,-0.010870740062956758,-0.80003687625670206,0.010870740062956756,0.90020303232177157,0.0081499204845247621
fig8_D_0p05,0.050000000000000003,0.8628512566366896,0.62702780312704642,-0.17097264636548457,-3.1337355538834695,0.47427872830258322,-0.12766369843309805,-1.050910296959745,-0.54889563165268218,-0.046814073037492424,0.90020969189458322,0.0082824503806310217,0.80003808450708758,-0.011047653901703978,-0.80003808450708758,0.011047653901703978,0.90020969189458322,0.00828245038063102
fig8_D_0p05,0.050000000000000003,0.87688560945874272,0.6317693686032807,-0.18072705392651436,-3.273330656436122,0.49257041547773961,-0.13165181679148485,-1.0673996564823551,-0.5507627659703147,-0.049817519408640078,0.90021656994511168,0.0084171344332237032,0.80003933230859159,-0.011227450233647986,-0.80003933230859148,0.011227450233647986,0.90021656994511168,0.0084171344332237032
fig8_D_0p05,0.050000000000000003,0.89114823228402018,0.63671487459603548,-0.1911516149509524,-3.4208711163960106,0.51207354875962763,-0.13575439471180581,-1.0841275334156273,-0.55271972915376044,-0.053043787339777909,0.90022367364352895,0.0085540076076034022,0.80004062095340467,-0.01141017618951465,-0.80004062095340456,0.01141017618951465,0.90022367364352895,0.0085540076076034022
fig8_D_0p05,0.050000000000000003,0.90564283794452938,0.64187540258255427,-0.20230313874060571,-3.5769705806387302,0.53290621421057982,-0.13997365600152195,-1.1010963596964469,-0.55477301889853847,-0.056512775781430366,0.90023101039550091,0.0086931054341902979,0.80004195177576898,-0.011595879678854904,-0.80004195177576898,0.011595879678854906,0.90023101039550091,0.0086931054341902979
fig8_D_0p05,0.050000000000000003,0.92037319966182207,0.64726282138485292,-0.21424452486655055,-3.7423063541135173,0.55520160333059487,-0.14431172587822275,-1.1183085385812719,-0.55692985741617018,-0.06024656949087133,0.90023858784993371,0.0088344640175367327,0.80004332615333551,-0.011784609403319822,-0.8000433261533354,0.011784609403319822,0.90023858784993371,0.008834464017536731
fig8_D_0p05,0.050000000000000003,0.93534315202923868,0.65288985351515805,-0.22704558597220798,-3.9176278689550625,0.57911041747618686,-0.14877060403930076,-1.1357664416175921,-0.55919830117873315,-0.064269734281823226,0.90024641390697613,0.0089781200454773762,0.80004474550856464,-0.011976414870181692,-0.80004474550856464,0.011976414870181692,0.90024641390697613,0.0089781200454773728
fig8_D_0p05,0.050000000000000003,0.95055659201011911,0.65877014638808951,-0.24078400735147026,-4.1037665405461086,0.60480373387284392,-0.15335213282623114,-1.1534724056783017,-0.56158737115647739,-0.068609660649381704,0.90025449672628477,0.0091241107984187612,0.80004621131017095,-0.012171346406106632,-0.80004621131017095,0.012171346406106632,0.90025449672628477,0.0091241107984187612
fig8_D_0p05,0.050000000000000003,0.96601747995226461,0.66491834812381878,-0.25554647055492402,-4.3016472823183811,0.63247643776409057,-0.15805795950292273,-1.171428730141995,-0.56410720808118708,-0.073296965214977056,0.90026284473556384,0.0092724741587701387,0.80004772507461375,-0.012369455171184547,-0.80004772507461364,0.012369455171184545,0.90026284473556384,0.009272474158770137
fig8_D_0p05,0.050000000000000003,0.98172984061888413,0.67135018730078255,-0.27142997465305846,-4.5123020135378482,0.66235135271997359,-0.16288949143965309,-1.1896376743336112,-0.56676925843436576,-0.078365961596461503,0.90027146663938507,0.0094232486205171832,0.80004928836763411,-0.012570793173222001,-0.80004928836763411,0.012570793173222001,0.90027146663938507,0.0094232486205171814
fig8_D_0p05,0.050000000000000003,0.99769776423632017,0.6780825554674994,-0.28854339688591296,-4.7368855733585304,0.69468423688727199,-0.1678478427048446,-1.2081014553830343,-0.56958649837071407,-0.083855215039218611,0.90028037142830009,0.0095764732989406243,0.80005090280584235,-0.012775413282304289,-0.80005090280584223,0.012775413282304287,0.90028037142830009,0.0095764732989406243
fig8_D_0p05,0.050000000000000003,1.0139254075588153,0.68513359040660859,-0.30700934478673514,-4.9766945550664534,0.72976985983412523,-0.17293377019745229,-1.2268222467184076,-0.57257370475981584,-0.089808198617333385,0.90028956838825369,0.009732187940481472,0.80005257005835295,-0.012983369245632786,-0.80005257005835295,0.012983369245632786,0.90028956838825369,0.009732187940481472
fig8_D_0p05,0.050000000000000003,1.0304169949505875,0.69252275693720855,-0.32696636520252398,-5.2331897034153982,0.76794943654546377,-0.17814759697761595,-1.245802177492833,-0.57574778512268809,-0.0962740732597549,0.90029906711030727,0.0098904329327545691,0.80005429184847299,-0.01319471570264381,-0.80005429184847288,0.013194715702643809,0.90029906711030727,0.0098904329327545674
fig8_D_0p05,0.050000000000000003,1.0471768194855202,0.7002709202616495,-0.34857159292608025,-5.5080226844000588,0.8096197775456947,-0.1834891198378816,-1.2650433333570585,-0.57912818167792635,-0.1033086195862245,0.90030887750068467,0.010051249314712513,0.80005606995544243,-0.013409508200415969,-0.80005606995544232,0.013409508200415969,0.90030887750068467,0.010051249314712511
fig8_D_0p05,0.050000000000000003,1.0642092440647246,0.70840040423868911,-0.37200394424671451,-5.8030682531628495,0.85524462480099572,-0.18895749735427009,-1.2845477591502903,-0.58273736930822173,-0.11097535697526709,0.90031900979114932,0.010214678786961468,0.80005790621623007,-0.013627803209372295,-0.80005790621623019,0.013627803209372296,0.90031900979114932,0.010214678786961468
fig8_D_0p05,0.050000000000000003,1.0815187025522881,0.71693502308903068,-0.39746799048321524,-6.1204631291165361,0.9053687930238945,-0.19455111360018701,-1.3043174643065532,-0.58660147345753688,-0.1193468950139388,0.90032947454972434,0.010380763722230861,0.80005980252738518,-0.013849658139284574,-0.80005980252738518,0.013849658139284574,0.90032947454972434,0.010380763722230861
fig8_D_0p05,0.050000000000000003,1.0991097009294972,0.72590006929466422,-0.42519868608945421,-6.4626532615702503,0.9606359411819495,-0.20026741130490724,-1.3243544320946234,-0.59075104241184828,-0.12850657530304427,0.90034028269176891,0.010549547175998786,0.80006176084694658,-0.014075131355587002,-0.80006176084694647,0.014075131355587,0.90034028269176891,0.010549547175998786
fig8_D_0p05,0.050000000000000003,1.1169868184678227,0.73532223189641799,-0.45546717890502297,-6.8324516675322915,1.0218110826139324,-0.20610268636274864,-1.3446606342700524,-0.59522202003127189,-0.13855047864112743,0.90035144549141799,0.010721072897274629,0.8000637831964128,-0.014304282196006371,-0.80006378319641269,0.014304282196006371,0.90035144549141799,0.010721072897274628
fig8_D_0p05,0.050000000000000003,1.135154708920999,0.74522940656588343,-0.48858800182722933,-7.2331096931985499,1.0898093384610912,-0.21205183306445924,-1.3652380533857997,-0.60005698115488226,-0.14958989548130872,0.90036297459340342,0.010895385339541108,0.80006587166277221,-0.014537170987516954,-0.80006587166277199,0.014537170987516954,0.90036297459340331,0.010895385339541106
fig8_D_0p05,0.050000000000000003,1.1536181017364786,0.75565033944633075,-0.52492804322140807,-7.6684054596182616,1.1657329994203074,-0.21810802596230272,-1.3860887159873552,-0.60530671462726293,-0.16175438852584259,0.90037488202526461,0.01107252967185708,0.8000680284005971,-0.014773859063627586,-0.80006802840059699,0.01477385906362759,0.90037488202526461,0.011072529671857081
fig8_D_0p05,0.050000000000000003,1.1723818032865985,0.76661401720727662,-0.56491782891210962,-8.1427544992480048,1.2509197629593427,-0.22426231950560027,-1.4072147413709828,-0.61103227127344661,-0.17519561868569755,0.90038718020996433,0.011252551790123199,0.80007025563420342,-0.015014408782009483,-0.80007025563420331,0.015014408782009483,0.90038718020996433,0.011252551790123203
fig8_D_0p05,0.050000000000000003,1.1914506981197759,0.77814867023104917,-0.60906583814416648,-8.6613493173856142,1.3470061770189787,-0.23050313991792887,-1.4286184127660244,-0.61730764089357781,-0.19009216419619235,0.90039988197892207,0.011435498328512017,0.80007255565987612,-0.015258883542473265,-0.80007255565987589,0.015258883542473262,0.90039988197892207,0.011435498328512024
fig8_D_0p05,0.050000000000000003,1.2108297502320395,0.7902801848740042,-0.65797684434602821,-9.2303370344363458,1.456012034627451,-0.23681563436622705,-1.4503022811259307,-0.62422329081292649,-0.20665564456039204,0.90041300058547913,0.01162141667106416,0.80007493084816383,-0.015507347805303624,-0.80007493084816383,0.01550734780530362,0.90041300058547902,0.011621416671064162
fig8_D_0p05,0.050000000000000003,1.2305240043592616,0.80302960861081241,-0.71237565685625304,-9.857047703177205,1.580454025946515,-0.2431808289791027,-1.4722693168513639,-0.63189090036745044,-0.22513857685316535,0.90042654971880942,0.011810354963452535,0.80007738364624603,-0.015759867109961315,-0.80007738364624603,0.015759867109961315,0.90042654971880931,0.011810354963452539
fig8_D_0p05,0.050000000000000003,1.2505385872903914,0.81640925205116965,-0.7731382009375477,-10.550290840636238,1.7235008508265546,-0.24957452766964336,-1.4945231328443305,-0.64044977977301887,-0.24584455795808263,0.90044054351829306,0.012002362124915985,0.80007991658037025,-0.016016508094161247,-0.80007991658037025,0.016016508094161247,0.90044054351829317,0.012002362124915986
fig8_D_0p05,0.050000000000000003,1.2708787092020581,0.83041659862856987,-0.84133270346724809,-11.320744927800868,1.8891880309920208,-0.25596585480233447,-1.5170683152132398,-0.65007569919141683,-0.26914160747741789,0.90045499658836503,0.012197487860364153,0.80008253225836723,-0.016277338513336799,-0.80008253225836723,0.016277338513336799,0.90045499658836514,0.012197487860364155
fig8_D_0p05,0.050000000000000003,1.2915496650148839,0.84502474579020126,-0.91827500030812481,-12.181475309688203,2.0827202005210426,-0.26231530138114229,-1.539910919032204,-0.66099322685322237,-0.29547986134069293,0.90046992401385706,0.012395782672655299,0.8000852333722408,-0.016542427260500311,-0.8000852333722408,0.016542427260500307,0.90046992401385706,0.012395782672655301
fig8_D_0p05,0.050000000000000003,1.3125568357718427,0.86016727582734065,-1.00560389394808,-13.148631988504155,2.3109040640730059,-0.26857206824628277,-1.5630592217129355,-0.67349327428525763,-0.32541533734834094,0.90048534137584824,0.012597297875048295,0.80008802270083879,-0.016811844386509938,-0.80008802270083879,0.016811844386509938,0.90048534137584824,0.012597297875048293
fig8_D_0p05,0.050000000000000003,1.3339056900390587,0.87571402187525593,-1.1053854775634804,-14.242403355902487,2.5827807146425412,-0.27467039679008348,-1.5865248865836428,-0.68795853237858573,-0.35964230038624889,0.90050126476804337,0.012802085603830818,0.80009090311260478,-0.017085661120754062,-0.80009090311260467,0.017085661120754058,0.90050126476804326,0.012802085603830822
fig8_D_0p05,0.050000000000000003,1.3556017853293689,0.89143164416574061,-1.2202601080587434,-15.488340093470525,2.9105693404070894,-0.28052441417985102,-1.6103247945481378,-0.7049011468068247,-0.39903799857511135,0.90051771081369281,0.013010198831124815,0.80009387756841288,-0.017363949892263884,-0.80009387756841277,0.017363949892263881,0.90051771081369281,0.013010198831124814
fig8_D_0p05,0.050000000000000003,1.3776507695490536,0.90691825818861826,-1.3536534897979255,-16.91922387991497,3.3111101951282595,-0.28602075467531757,-1.6344839918419232,-0.72501987620162733,-0.44472548788625288,0.90053469668307706,0.01322169137787097,0.80009694912449081,-0.017646784351266247,-0.80009694912449059,0.01764678435126624,0.90053469668307695,0.013221691377870973
fig8_D_0p05,0.050000000000000003,1.4000583824680977,0.92149251026467804,-1.5100863389358481,-18.577752705829468,3.8081318567760909,-0.29100777782129184,-1.6590405568387121,-0.74928917631112801,-0.49816334916599569,0.90055224011157087,0.013436617926993542,0.80010012093542882,-0.017934239391188354,-0.80010012093542882,0.01793423939118835,0.90055224011157087,0.013436617926993542
fig8_D_0p05,0.050000000000000003,1.4228304572143533,0.9340001259193399,-1.695639413232521,-20.520473074258735,4.4359250454620494,-0.29527945447716414,-1.6840538764463986,-0.77910233751180347,-0.56127603833532302,0.90057035941830832,0.013655034036746717,0.80010339625728144,-0.01822639117112675,-0.80010339625728144,0.01822639117112675,0.90057035941830832,0.013655034036746718
fig8_D_0p05,0.050000000000000003,1.4459729217920196,0.94246539930142326,-1.9186699837402637,-22.823649829792082,5.2455079970259684,-0.29855068580763278,-1.709619211614692,-0.81650958554316222,-0.63664649263137485,0.90058907352547024,0.013876996154244113,0.80010677845076184,-0.018523317138793703,-0.80010677845076184,0.018523317138793703,0.90058907352547024,0.013876996154244113
fig8_D_0p05,0.050000000000000003,1.4694918006248172,0.94343876896447665,-2.1909467424572497,-25.592189097962002,6.3153973394586993,-0.30041849865935005,-1.7358943739892154,-0.8646301840827908,-0.72780486254068699,0.90060840197821124,0.014102561629172387,0.80011027098453191,-0.018825096053954035,-0.80011027098453191,0.018825096053954032,0.90060840197821113,0.014102561629172387
fig8_D_0p05,0.050000000000000003,1.4933932161242518,0.93071866138596326,-2.5295005933399763,-28.973389449098871,7.771317181176828,-0.30029938442068183,-1.7631509163481871,-0.92839905300171011,-0.83966445850039584,0.90062836496525267,0.014331788727690128,0.80011387743859097,-0.019131808012366247,-0.80011387743859086,0.019131808012366244,0.90062836496525267,0.014331788727690128
fig8_D_0p05,0.050000000000000003,1.5176833902834055,0.89270866587359066,-2.9597290834873111,-33.178143514841807,9.8242523037879543,-0.29732564084522406,-1.791877893717698,-1.0159927914383386,-0.97917166612584039,0.9006489833401603,0.014564736646513352,0.80011760150776523,-0.019443534470242559,-0.80011760150776512,0.019443534470242559,0.9006489833401603,0.014564736646513355
fig8_D_0p05,0.050000000000000003,1.5423686462966288,0.80659134732916538,-3.5207117849878262,-38.512377955981982,12.848627255647177,-0.29017166281251228,-1.8230061876316594,-1.1417242614094718,-1.1562066352061826,0.90067027864333205,0.01480146552718819,0.80012144700530152,-0.01976035826924228,-0.80012144700530141,0.01976035826924228,0.90067027864333205,0.01480146552718819
fig8_D_0p05,0.050000000000000003,1.5674554102055951,0.62447583394527417,-4.2742387277215226,-45.41567445606421,17.554700580542494,-0.27677036232700541,-1.8584314092093455,-1.332336445735036,-1.3844682551005394,0.900692273124718,0.015042036470552056,0.80012541786656655,-0.020082363662014373,-0.80012541786656644,0.020082363662014373,0.900692273124718,0.015042036470552056
fig8_D_0p05,0.050000000000000003,1.5929502125721229,0.2374984195467095,-5.3183736438696307,-54.462914673934826,25.398592702037828,-0.25393090955139214,-1.9023405329819776,-1.6417103564954487,-1.6803440893038017,0.90071498976730013,0.01528651155138388,0.80012951815285527,-0.020409636338305077,-0.80012951815285527,0.020409636338305073,0.90071498976730013,0.01528651155138388
fig8_D_0p05,0.050000000000000003,1.6188596901781975,-0.62547410144708859,-6.7932374495158641,-66.043718928870533,39.617876983544257,-0.21742509466362259,-1.9648610429656992,-2.1870705671189192,-2.0484122612512081,0.90073845231135419,0.015534953833244082,0.80013375205531134,-0.020742263451647026,-0.80013375205531134,0.020742263451647026,0.90073845231135419,0.015534953833244082
fig8_D_0p05,0.050000000000000003,1.6451905877536626,-2.689073988550498,-8.7575022142250081,-78.038084230300001,67.68536803278343,-0.16726065983067023,-2.0721459299555125,-3.2302348355293669,-2.390976601473628,0.90076268527952419,0.015787427383505078,0.80013812389896155,-0.021080333646647669,-0.80013812389896155,0.021080333646647666,0.90076268527952419,0.015787427383505071
fig8_D_0p05,0.050000000000000003,1.6719497597319901,-7.6138103142173925,-10.112356809446322,-73.243029403463893,122.11757238822487,-0.1476655540271522,-2.2805507834949177,-5.1701423690358155,-2.0548556711916861,0.90078771400273328,0.016043997288572417,0.80014263814686881,-0.02142393708689427,-0.8001426381468687,0.021423937086894274,0.90078771400273328,0.016043997288572413
fig8_D_0p05,0.050000000000000003,1.6991441720346261,-14.605278759888124,-5.4873288782224616,-0.8678766553259416,174.89787804855123,-0.34892583072251193,-2.5460129089502375,-6.854857645008881,0.70000622275879287,0.90081356464696183,0.016304729669297299,0.80014729940440277,-0.021773165483494832,-0.80014729940440266,0.021773165483494835,0.90081356464696194,0.016304729669297302
fig8_D_0p05,0.050000000000000003,1.726780903884356,-13.542019302753214,3.3255318537231631,83.334147978787598,131.40536940584525,-0.67743979839338819,-2.5107822839168601,-5.0530587775928684,3.5999709715646007,0.90084026424092256,0.016569691696580353,0.80015211242363682,-0.022128112124273857,-0.80015211242363682,0.022128112124273864,0.90084026424092256,0.01656969169658035
fig8_D_0p05,0.050000000000000003,1.7548671496481503,-8.5488337268557295,6.2021967146737929,93.43181264797218,70.753834379438757,-0.7821436056614619,-2.3521258480602203,-2.8508712038963315,3.793069589672863,0.90086784070466097,0.016838951607166665,0.80015708210786829,-0.022488871903643272,-0.80015708210786796,0.022488871903643275,0.90086784070466097,0.016838951607166665
fig8_D_0p05,0.050000000000000003,1.783410220710008,-5.3424769788991764,6.1049613958613849,80.436181295090776,39.10079164855415,-0.78585114765398556,-2.2664464324797855,-1.7555217146938582,3.2423606993074054,0.90089632287911603,0.017112578719632301,0.80016221351626793,-0.022855541353169646,-0.80016221351626793,0.022855541353169646,0.90089632287911603,0.017112578719632295
fig8_D_0p05,0.050000000000000003,1.8124175473742377,-3.5575596559334519,5.4737303352190683,67.40567974719886,23.672967674305315,-0.77500628846313824,-2.2335624890834396,-1.2421049940855644,2.7376571799764946,0.90092574055667041,0.017390643450561419,0.80016751186866342,-0.023228218672859111,-0.80016751186866331,0.023228218672859114,0.90092574055667041,0.017390643450561419
fig8_D_0p05,0.050000000000000003,1.8418966807997108,-2.5058305062007826,4.8622871049939738,57.312349767890439,15.511959375078716,-0.76748255299567203,-2.2271842676781799,-0.98076171585834437,2.3595594306800507,0.90095612451272744,0.017673217330914103,0.80017298255045355,-0.023607003763183216,-0.80017298255045355,0.023607003763183212,0.90095612451272744,0.0176732173309141
fig8_D_0p05,0.050000000000000003,1.8718552949655793,-1.8377176127082113,4.3562172905542438,49.706893007861431,10.798788713613346,-0.76534668169054321,-2.234524054420135,-0.83584810072294591,2.0808864305515895,0.9009875065383478,0.017960373022583725,0.80017863111766363,-0.023991998257868883,-0.80017863111766374,0.02399199825786888,0.9009875065383478,0.017960373022583718
fig8_D_0p05,0.050000000000000003,1.9023011886689438,-1.3848317434439443,3.9491028928383605,43.895968421726572,7.8718563428562094,-0.76789180566936344,-2.2495575655964077,-0.74978909692260154,1.8719623548489819,0.90101991947398308,0.018252184335143039,0.80018446330213944,-0.024383305557477156,-0.80018446330213955,0.024383305557477156,0.90101991947398297,0.018252184335143033
fig8_D_0p05,0.050000000000000003,1.9332422875550452,-1.0612835447903748,3.6209230070640319,39.358297442765405,5.9462103515479159,-0.77416262540736835,-2.2692579218571685,-0.69594609804718721,1.7118236042356756,0.90105339724434419,0.018548726242778146,0.80019048501688439,-0.024781030863796634,-0.80019048501688439,0.024781030863796634,0.90105339724434419,0.018548726242778136
fig8_D_0p05,0.050000000000000003,1.9646866461804466,-0.82014356452828518,3.3535917148765764,35.737529246412009,4.6196583071740802,-0.78338630941851184,-2.2919892807699185,-0.66092735365081223,1.5865307127416772,0.90108797489444337,0.018850074901408324,0.80019670236154428,-0.025185281215077588,-0.80019670236154428,0.025185281215077585,0.90108797489444337,0.018850074901408317
fig8_D_0p05,0.050000000000000003,1.9966424501097935,-0.63411627063487741,3.1331306557702865,32.791784483895938,3.6711964531194092,-0.79499434551048342,-2.3168075148637626,-0.63750617763050177,1.4867744930671807,0.90112368862685077,0.019156307665990698,0.8002031216280403,-0.025596165522135211,-0.80020312162804019,0.025596165522135218,0.90112368862685077,0.019156307665990698
fig8_D_0p05,0.050000000000000003,2.0291180180466779,-0.48645246693628197,2.9491298134228252,30.35430558576962,2.9720571399454072,-0.80857684024066745,-2.3431358912364222,-0.62154531314119166,1.4062070357451766,0.90116057584020637,0.019467503108007447,0.80020974930635347,-0.026013794605350599,-0.80020974930635358,0.026013794605350596,0.90116057584020648,0.019467503108007447
fig8_D_0p05,0.050000000000000003,2.0621218039991422,-0.36639782097259055,2.7938651312069696,28.307619264160909,2.4434450323109553,-0.82383766618286525,-2.3706044063592318,-0.61055632084727418,1.340392634392396,0.90119867516903285,0.019783741033133129,0.80021659209046547,-0.026438281232599198,-0.80021659209046547,0.026438281232599194,0.90119867516903285,0.019783741033133125
fig8_D_0p05,0.050000000000000003,2.0956623994804331,-0.26677657874873961,2.6615595172709448,26.567111611227698,2.0351109012874313,-0.84056094197326547,-2.3989652706212121,-0.60297888418100054,1.2861566631603369,0.90123802652489171,0.020105102499080145,0.80022365688445463,-0.026869740158139036,-0.80022365688445463,0.026869740158139029,0.90123802652489171,0.020105102499080138
fig8_D_0p05,0.050000000000000003,2.129748535745521,-0.18264108552601138,2.5478391583497086,25.070540195726426,1.713864484491018,-0.85858760574258552,-2.4280460452911372,-0.59779930192803588,1.2411761703368538,0.90127867113893223,0.020431669833618622,0.80023095080875362,-0.027308288162490306,-0.80023095080875339,0.027308288162490306,0.90127867113893223,0.020431669833618625
fig8_D_0p05,0.050000000000000003,2.1643890860640203,-0.11048232245519171,2.449348041164618,23.771225828527086,1.4571120587762767,-0.8777992876482682,-2.4577224383255909,-0.59433849097393021,1.2037169914830721,0.90132065160587982,0.020763526652768191,0.80023848120656915,-0.027754044093341444,-0.80023848120656904,0.027754044093341441,0.90132065160587982,0.020763526652768191
fig8_D_0p05,0.050000000000000003,2.1995930680300746,-0.047749965006725605,2.3634765447911694,22.633542581580016,1.2490661595921491,-0.89810716947988767,-2.4879018687752912,-0.59212914487598201,1.1724610237984912,0.90136401192951343,0.021100757879157449,0.80024625565046681,-0.028207128907516681,-0.80024625565046681,0.028207128907516681,0.90136401192951343,0.021100757879157449
fig8_D_0p05,0.050000000000000003,2.235369645909794,0.0074495667939746294,2.2881694089507891,21.629867352759337,1.0784404511908605,-0.91944420576522767,-2.5185131839429338,-0.59084191615887904,1.1463901443867706,0.90140879756968673,0.021443449760547111,0.80025428194912296,-0.028667665714042095,-0.80025428194912307,0.028667665714042088,0.90140879756968673,0.021443449760547111
fig8_D_0p05,0.050000000000000003,2.271728133026905,0.056548893526271654,2.2217885091648433,20.73847468592891,0.93700254744877698,-0.94175961704775901,-2.5495000249603792,-0.59023962309442013,1.1247065116976365,0.90145505549094374,0.021791689888512572,0.80026256815424679,-0.029135779818349371,-0.80026256815424657,0.029135779818349375,0.90145505549094374,0.021791689888512572
fig8_D_0p05,0.050000000000000003,2.3086779941871698,0.10065005682889107,2.1630136180072292,19.942056186813947,0.81863961953225661,-0.9650149339475993,-2.5808164280255443,-0.59014803372463986,1.1067767507117308,0.90150283421278798,0.022145567217280431,0.80027112256767252,-0.02961159876765708,-0.80027112256767241,0.029611598767657087,0.90150283421278798,0.022145567217280428
fig8_D_0p05,0.050000000000000003,2.3462288481422626,0.14061343003245427,2.1107697302075774,19.22666077453237,0.71873987632757175,-0.98918111299768774,-2.6124238362138827,-0.59043675695837761,1.0920921442315616,0.90155218386165981,0.022505172082713746,0.80027995374862737,-0.030095252397571919,-0.80027995374862737,0.030095252397571919,0.90155218386165981,0.022505172082713753
fig8_D_0p05,0.050000000000000003,2.3843904700937206,0.17711965015268027,2.0641731728073829,18.580923762325636,0.63377392307922409,-1.0142364032867583,-2.6442890248572786,-0.59100646417625402,1.0802397603148901,0.90160315622468501,0.022870596221439946,0.80028907052117282,-0.030586872879953948,-0.80028907052117282,0.030586872879953948,0.90160315622468501,0.022870596221439953
fig8_D_0p05,0.050000000000000003,2.4231727942376007,0.21071358878097218,2.0224911600902837,17.995497620799075,0.56100568454767563,-1.0401647462606072,-2.6763826326936209,-0.59178017275498096,1.0708811869848276,0.90165580480525553,0.023241932790114411,0.80029848198182241,-0.031086594772091275,-0.8002984819818223,0.031086594772091268,0.90165580480525553,0.023241932790114418
fig8_D_0p05,0.050000000000000003,2.4625859163505468,0.24183611371011604,1.9851110886516767,17.462625850840585,0.4982891578499356,-1.0669545591603791,-2.7086781033544329,-0.59269719314860281,1.063736647059935,0.90171018488050791,0.023619276384812916,0.80030819750733873,-0.031594555067232723,-0.80030819750733873,0.031594555067232723,0.90171018488050791,0.023619276384812919
fig8_D_0p05,0.050000000000000003,2.5026400964179194,0.27084739310052913,1.95151697308324,16.975819927930807,0.443923151747671,-1.0945977980094308,-2.7411509102747575,-0.59370885727093348,1.0585729766659568,0.90176635356076518,0.02400272306054476,0.80031822676270814,-0.032110893246528167,-0.80031822676270814,0.03211089324652816,0.90176635356076518,0.024002723060544764
fig8_D_0p05,0.050000000000000003,2.5433457613046482,0.29804423966791699,1.9212711767127069,16.529611513086795,0.39654590809953666,-1.123089226739429,-2.7737779809043506,-0.59477545967500201,1.0551944179197494,0.90182436985101377,0.024392370350877764,0.80032857970929461,-0.032635751332428631,-0.80032857970929461,0.032635751332428631,0.90182436985101377,0.024392370350877768
fig8_D_0p05,0.050000000000000003,2.584713507469564,0.3236731885179186,1.8940001118523171,16.119360334349825,0.35505760499380851,-1.1524258400302523,-2.8065372634188526,-0.59586403809571942,1.053435488336455,0.90188429471448672,0.024788317287666384,0.80033926661317423,-0.033169273943601453,-0.80033926661317412,0.033169273943601453,0.90188429471448672,0.024788317287666391
fig8_D_0p05,0.050000000000000003,2.6267541037238384,0.34794047679794976,1.8693829467267271,15.741103736729903,0.31856264575325782,-1.182606401974712,-2.839407396921878,-0.59694674371603518,1.0531554014352538,0.90194619113842789,0.025190664420871988,0.80035029805364721,-0.033711608351416636,-0.80035029805364721,0.033711608351416629,0.90194619113842789,0.025190664420871992
fig8_D_0p05,0.050000000000000003,2.6694784940343208,0.37101974357278217,1.8471426121144729,15.391437766510595,0.28632618321233144,-1.2136310728748778,-2.8723674579308374,-0.59799963156669933,1.054233659108365,0.90201012420211635,0.025599513838464927,0.80036168493193216,-0.034262904538064777,-0.80036168493193205,0.034262904538064784,0.90201012420211635,0.025599513838464927
fig8_D_0p05,0.050000000000000003,2.7128978003724673,0.39305803159254832,1.8270385832241418,15.067422367032748,0.25774101662050802,-1.2455011037138357,-2.90539676390034,-0.59900175413335022,1.0565665384406413,0.9020761611472311,0.026014969186396338,0.80037343848003517,-0.034823315256368753,-0.80037343848003495,0.034823315256368746,0.9020761611472311,0.026014969186396342
fig8_D_0p05,0.050000000000000003,2.7570233256095826,0.41418050989557387,1.8088610438734158,14.766505187866109,0.23230213593329943,-1.278218583042918,-2.93847471999156,-0.59993447644621345,1.0600642679930576,0.90214437145063986,0.026437135688626386,0.80038557026979706,-0.035392996091353567,-0.80038557026979706,0.03539299609135356,0.90214437145063986,0.026437135688626382
fig8_D_0p05,0.050000000000000003,2.8018665564591956,0.43449422272694166,1.7924261358407065,14.486459892194773,0.20958696606337754,-1.311786224796349,-2.9715806990870051,-0.60078095480527338,1.064648740415568,0.90221482689970012,0.026866120167195855,0.80039809222211555,-0.03597210552364382,-0.80039809222211544,0.035972105523643813,0.90221482689970012,0.026866120167195855
fig8_D_0p05,0.050000000000000003,2.8474391664672476,0.45409109008648013,1.7775720667131039,14.225335852040947,0.18923990289401382,-1.3462071883117932,-3.0046939477201939,-0.60152573771189255,1.0702516458560967,0.90228760167016209,0.027302031062325306,0.8004110166163384,-0.036560804994758549,-0.80041101661633829,0.036560804994758535,0.90228760167016209,0.027302031062325306
fig8_D_0p05,0.050000000000000003,2.8937530190509504,0.47305032787391998,1.7641559018524504,13.981416858742232,0.17096011147509893,-1.3814849238851203,-3.0377935124936464,-0.60215445901021514,1.0768129381932983,0.90236277240676888,0.027744978452526148,0.80042435609982565,-0.037159258974379036,-0.80042435609982565,0.037159258974379036,0.90236277240676888,0.027744978452526142
fig8_D_0p05,0.050000000000000003,2.940820170587064,0.49144041410256489,1.7520509052673732,13.753187023221408,0.15449182584215551,-1.417623038720714,-3.0708581829315018,-0.60265360129615175,1.0842795665264346,0.90244041830665056,0.028195074074706301,0.80043812369767664,-0.037767635029667027,-0.80043812369767653,0.037767635029667013,0.90244041830665056,0.028195074074706301
fig8_D_0p05,0.050000000000000003,2.9886528735503823,0.50932069730041929,1.7411443237587416,13.539302450113453,0.13961658318049006,-1.4546251792957909,-3.1038664477135498,-0.60301031338862532,1.092604419607401,0.90252062120561471,0.028652431344251158,0.80045233282261674,-0.038386103896714485,-0.80045233282261652,0.038386103896714485,0.90252062120561471,0.028652431344251158
fig8_D_0p05,0.050000000000000003,3.0372635797033114,0.52674272079135775,1.7313355312250485,13.33856757904886,0.12614696537297138,-1.4924949270384664,-3.1367964619734656,-0.60321226978541687,1.1017454424013438,0.90260346566743854,0.029117165375060709,0.80046699728503823,-0.039014839554211228,-0.80046699728503812,0.039014839554211228,0.90260346566743843,0.029117165375060702
fig8_D_0p05,0.050000000000000003,3.0866649433372744,0.54375131982079528,1.7225344672887866,13.149915321837963,0.11392152383586224,-1.5312357048957792,-3.1696260238901246,-0.60324756302393445,1.1116648927086998,0.90268903907627296,0.02958939299952007,0.80048213130318857,-0.039654019299418142,-0.80048213130318846,0.039654019299418135,0.90268903907627296,0.029589392999520063
fig8_D_0p05,0.050000000000000003,3.1368698245668765,0.56038553590101081,1.7146603177525224,12.972390304971517,0.10280063965273448,-1.5708506928918906,-3.2023325592092435,-0.60310462206375992,1.1223287124855585,0.90277743173227221,0.030069232788381344,0.80049774951349895,-0.040303823826540866,-0.80049774951349895,0.040303823826540859,0.90277743173227221,0.030069232788381344
fig8_D_0p05,0.050000000000000003,3.1878912926776461,0.57667938319623679,1.7076403947781036,12.805134666523857,0.092663127813742072,-1.6113427511853315,-3.2348931126397562,-0.6027721514301434,1.1337059936765268,0.90286873695056857,0.030556805070531212,0.80051386698104365,-0.040964437307600778,-0.80051386698104354,0.040964437307600771,0.90286873695056857,0.030556805070531212
fig8_D_0p05,0.050000000000000003,3.2397426295281955,0.59266249445799157,1.7014091828145057,12.647375965276428,0.083403437101353242,-1.6527143494554952,-3.2672843453018907,-0.60223908706475404,1.1457685224005927,0.90296305116371522,0.031052231952617509,0.80053049921012032,-0.041636047475905533,-0.80053049921012021,0.041636047475905533,0.90296305116371511,0.031052231952617502
fig8_D_0p05,0.050000000000000003,3.292437333007769,0.60836066838655856,1.6959075227085423,12.498416845093075,0.07492932956713981,-1.6949675017031447,-3.2994825375802903,-0.60149456573422655,1.1584903884827298,0.90306047402772494,0.031555637338506748,0.80054766215494055,-0.042318845712227167,-0.80054766215494055,0.042318845712227167,0.90306047402772494,0.031555637338506755
fig8_D_0p05,0.050000000000000003,3.3459891205499748,0.62379633592009787,1.6910819115123996,12.357626164780983,0.067159948293188276,-1.7381037057524933,-3.3314635968699142,-0.60052790552854052,1.1718476498073409,0.90316110853184095,0.032067146948541021,0.80056537223041746,-0.043013027133798655,-0.80056537223041746,0.043013027133798662,0.90316110853184095,0.032067146948541021
fig8_D_0p05,0.050000000000000003,3.4004119327037063,0.63898895953358292,1.6868838995522639,12.224431356991458,0.060024201167362679,-1.7821238869053224,-3.3632030698045252,-0.59932859549762996,1.1858180429375424,0.9032650611121753,0.032586888338562034,0.80058364632303491,-0.043718790686247622,-0.80058364632303503,0.043718790686247622,0.9032650611121753,0.032586888338562027
fig8_D_0p05,0.050000000000000003,3.4557199367621392,0.65395537693950379,1.6832695695686066,12.098311822259793,0.05345940313852704,-1.8270283453289879,-3.3946761586350456,-0.597886292867705,1.2003807330124727,0.90337244176936293,0.033114990918666709,0.80060250180178516,-0.044436339238589605,-0.80060250180178505,0.044436339238589605,0.90337244176936293,0.033114990918666709
fig8_D_0p05,0.050000000000000003,3.5119275304507278,0.66871009845254137,1.6801990853547377,11.978793198418371,0.047410130899493107,-1.8728167068668147,-3.4258577414833535,-0.59619082657920741,1.2155160971906955,0.90348336419038011,0.033651585971656385,0.8006219565291538,-0.045165879681409657,-0.80062195652915369,0.045165879681409664,0.90348336419038011,0.033651585971656385
fig8_D_0p05,0.050000000000000003,3.5690493456752295,0.6832655655844202,1.6776362994387974,11.865442373146891,0.041827252942613427,-1.9194878770463206,-3.4567223962405027,-0.59423220611864835,1.2312055369185588,0.903597945874685,0.034196806671139543,0.80064202887213376,-0.045907623028367983,-0.80064202887213376,0.04590762302836799,0.903597945874685,0.034196806671139543
fig8_D_0p05,0.050000000000000003,3.6271002523306484,0.69763237707666559,1.6755484110782983,11.757863129734197,0.036667105026149546,-1.9670399981316287,-3.4872444279098058,-0.59200063479363907,1.2474313151191543,0.90371630826484262,0.034750788099244229,0.80066273771324792,-0.046661784521170285,-0.80066273771324781,0.046661784521170278,0.90371630826484262,0.034750788099244243
fig8_D_0p05,0.050000000000000003,3.6860953621721579,0.71181948748508506,1.6739056672459269,11.655692334297086,0.031890786708909769,-2.0154704091246769,-3.5173978992176309,-0.58948652673676127,1.2641764150604349,0.90383857688180735,0.035313667263894122,0.80068410246155108,-0.047428583738151744,-0.80068410246155086,0.047428583738151744,0.90383857688180735,0.035313667263894115
fig8_D_0p05,0.050000000000000003,3.7460500327489932,0.72583438254423949,1.6726811004429776,11.558596587563718,0.027463559088199106,-2.0647756086673312,-3.547156664329393,-0.58668052702899665,1.2814244182005996,0.90396488146503584,0.035885583115598585,0.80070614306359011,-0.048208244706630099,-0.80070614306359,0.048208244706630106,0.90396488146503584,0.035885583115598571
fig8_D_0p05,0.050000000000000003,3.8069798714022842,0.73968323481953124,1.6718502981318308,11.466269276542572,0.023354327459887702,-2.1149512208351839,-3.576494405517102,-0.58357353441454995,1.2991593987495853,0.90409535611761915,0.036466676563703018,0.80072888001428943,-0.049000996019189787,-0.80072888001428955,0.04900099601918978,0.90409535611761926,0.036466676563703011
fig8_D_0p05,0.050000000000000003,3.8689007393279757,0.75337104256559295,1.671391199370204,11.378427971471551,0.019535195502273547,-2.1659919638454657,-3.6053846726288405,-0.58015672614145009,1.3173658330462186,0.90423013945662345,0.037057090492043462,0.80075233436772852,-0.049807070954069353,-0.80075233436772841,0.049807070954069346,0.90423013945662345,0.037057090492043462
fig8_D_0p05,0.050000000000000003,3.9318287557057703,0.76690175422565743,1.6712839148882863,11.294812121788773,0.015981079913818627,-2.217891621726277,-3.633800925210608,-0.57642158451068748,1.3360285221463213,0.90436937476884305,0.037656969773943685,0.80077652774777719,-0.050626707599829852,-0.80077652774777719,0.050626707599829852,0.90436937476884305,0.037656969773943678
fig8_D_0p05,0.050000000000000003,3.9957803018952696,0.78027838060748711,1.6715105674001367,11.215181011806681,0.012669376326591134,-2.2706430190143752,-3.6617165771280753,-0.57235992475410891,1.3551325262600395,0.90451321017217157,0.038266461286490146,0.80080148235855009,-0.051460148984492755,-0.80080148235855009,0.051460148984492748,0.90451321017217168,0.038266461286490139
fig8_D_0p05,0.050000000000000003,4.0607720257003654,0.79350309644082651,1.672055149402212,11.139311942560855,0.0095796688548508476,-2.3242379985634751,-3.689105043530307,-0.56796392389036587,1.3746631098760358,0.90466179878281339,0.038885713924015283,0.80082722099463388,-0.052307643209344411,-0.80082722099463399,0.052307643209344404,0.90466179878281339,0.038885713924015262
fig8_D_0p05,0.050000000000000003,4.1268208457029516,0.8065773327461615,1.6729033961010091,11.066998611159271,0.0066934769001723814,-2.3786674025559211,-3.7159397899900992,-0.56322615023112199,1.3946056965740683,0.90481529888855738,0.039514878610713552,0.80085376705104361,-0.053169443587612171,-0.8008537670510435,0.053169443587612171,0.9048152988885575,0.039514878610713546
fig8_D_0p05,0.050000000000000003,4.1939439556671863,0.81950186121521418,1.6740426714407324,10.998049663032226,0.0039940338681742991,-2.4339210568176863,-3.7421943836468619,-0.55813959322789286,1.4149458326618545,0.90497387412835772,0.04015410831231208,0.80088114453285364,-0.054045808788231044,-0.80088114453285364,0.054045808788231044,0.90497387412835772,0.04015410831231208
fig8_D_0p05,0.050000000000000003,4.2621588290153252,0.83227687161120056,1.6754618654816023,10.932287395922511,0.0014660933044241206,-2.4899877585401224,-3.7678425461679095,-0.55269769336478514,1.4356691588820305,0.90513769367846164,0.040803558046708592,0.80090937806444951,-0.054937002984925522,-0.80090937806444962,0.054937002984925522,0.90513769367846164,0.040803558046708578
fig8_D_0p05,0.050000000000000003,4.3314832233763987,0.84490204303561933,1.6771513016177204,10.869546597362834,-0.00090424133763311056,-2.5468552675127119,-3.7928582083335014,-0.54689437181489553,1.4567613895248612,0.90530693244534866,0.041463384893486901,0.8009384928983363,-0.055843296010847032,-0.8009384928983363,0.055843296010847025,0.90530693244534866,0.041463384893486888
fig8_D_0p05,0.050000000000000003,4.4019351852088748,0.85737660977229646,1.6791026523279007,10.80967349985556,-0.0031296664986416073,-2.6045103009686197,-3.8172155660399363,-0.54072405958927516,1.4782082983552225,0.90548177126574858,0.042133748002211646,0.8009685149234389,-0.056764963519016137,-0.8009685149234389,0.056764963519016137,0.90548177126574858,0.042133748002211632
fig8_D_0p05,0.050000000000000003,4.4735330544984677,0.86969942230484265,1.6813088623283325,10.752524840069229,-0.0052218106008241226,-2.6629385321400285,-3.8408891375038268,-0.53418172591756685,1.4999957108213628,0.90566239711401875,0.042814808599396938,0.80099947067281918,-0.057702287148831403,-0.80099947067281918,0.057702287148831403,0.90566239711401875,0.042814808599396938
fig8_D_0p05,0.050000000000000003,4.5462954695323994,0.88186900400688106,1.6837640781477914,10.697967010158116,-0.0071913507300087262,-2.7221245926130591,-3.8638538214398279,-0.52726290560946176,1.5221095020602695,0.90584900331717844,0.043506729994038346,0.80103138733073209,-0.058655554698921739,-0.80103138733073209,0.058655554698921725,0.90584900331717844,0.043506729994038332
fig8_D_0p05,0.050000000000000003,4.6202413717513133,0.89388360392254851,1.6864635832775654,10.645875290845401,-0.0090481158808320451,-2.7820520785624776,-3.8860849559735251,-0.51996372515629685,1.5445356002522674,0.90604178977790362,0.044209677581587406,0.80106429273893298,-0.05962506030663009,-0.80106429273893287,0.059625060306630097,0.90604178977790362,0.044209677581587392
fig8_D_0p05,0.050000000000000003,4.6953900106800583,0.90574124598564454,1.689403738162744,10.596133157225733,-0.010801178449053893,-2.8427035609348406,-3.9075583780413194,-0.51228092734277397,1.5672599949071204,0.9062409632058066,0.044923818846240665,0.80109821540214143,-0.060611104634432124,-0.80109821540214143,0.060611104634432117,0.90624096320580672,0.044923818846240672
fig8_D_0p05,0.050000000000000003,4.7717609489387458,0.91743977496749618,1.6925819244014266,10.548631649374702,-0.012458935414293363,-2.9040605996355198,-3.9282504830201734,-0.50421189415019418,1.5902687496873553,0.90644673735733361,0.045649323361406431,0.80113318449256188,-0.06161399506360897,-0.80113318449256177,0.06161399506360897,0.90644673735733361,0.045649323361406452
fig8_D_0p05,0.050000000000000003,4.8493740673352379,0.92897689939443495,1.6959964926060394,10.503268800829467,-0.014029180454338482,-2.9661037617596695,-3.9481382843222077,-0.49575466774503574,1.6135480193924194,0.90665933328463222,0.046386362788201498,0.80116922985334615,-0.062634045895507418,-0.80116922985334604,0.062634045895507418,0.90665933328463222,0.046386362788201518
fig8_D_0p05,0.050000000000000003,4.9282495700405136,0.94035023163457532,1.6996467134579116,10.45994911884754,-0.015519168061350419,-3.0288126438908929,-3.9671994726824171,-0.48690796936009173,1.6370840707411705,0.90687897959375507,0.047135110871821234,0.80120638200087979,-0.063671578560739545,-0.80120638200087968,0.063671578560739531,0.90687897959375507,0.047135110871821248
fig8_D_0p05,0.050000000000000003,5.0084079898482123,0.9515573253191888,1.7035327315541651,10.418583111082288,-0.016935670585344086,-3.0921658984733296,-3.9854124748626312,-0.4776712158900448,1.6608633066007166,0.90710591271258378,0.047895743435614341,0.80124467212576123,-0.064726921836690238,-0.80124467212576111,0.064726921836690238,0.90710591271258378,0.047895743435614348
fig8_D_0p05,0.050000000000000003,5.0898701935196797,0.96259571023540236,1.7076555217058675,10.379086853947731,-0.018285029007785562,-3.156141264243824,-4.0027565114911408,-0.46804453403914442,1.6848722933176277,0.90734037716887139,0.048668438372681318,0.80128413209232952,-0.065800412073718714,-0.80128413209232952,0.065800412073718714,0.90734037716887139,0.048668438372681325
fig8_D_0p05,0.050000000000000003,5.1726573872160193,0.97346292480358187,1.7120168473995037,10.341381598497357,-0.019573198143935711,-3.2207156006910784,-4.0192116537555567,-0.45802877187558655,1.7090977908138838,0.90758262587882743,0.049453375634804342,0.80132479443658911,-0.066892393430462563,-0.80132479443658922,0.066892393430462563,0.90758262587882732,0.049453375634804349
fig8_D_0p05,0.050000000000000003,5.2567911220184245,0.9841565462337224,1.7166192211807658,10.305393410122926,-0.020805786883774539,-3.2858649264878599,-4.0347588786662731,-0.4476255076653462,1.7335267851149077,0.90783292044667918,0.050250737218500187,0.80136669236236235,-0.068003218118669079,-0.80136669236236224,0.068003218118669065,0.90783292044667918,0.05025073721850018
fig8_D_0p05,0.050000000000000003,5.3422932995383521,0.99467421844009907,1.7214658667613347,10.271052838799264,-0.021988094005931866,-3.3515644618214013,-4.0493801226098096,-0.43683705587727883,1.758146522981556,0.90809153147567279,0.051060707147975407,0.80140985973549006,-0.069133246658004327,-0.80140985973548995,0.069133246658004327,0.90809153147567279,0.051060707147975407
fig8_D_0p05,0.050000000000000003,5.4291861776189432,1.0050136777815968,1.7265606826862172,10.238294616968798,-0.023125140034501401,-3.4177886745256743,-4.0630583329150589,-0.42566647027139431,1.7829445483221222,0.90835873889099172,0.051883471454745388,0.80145433107588393,-0.070282848141310209,-0.80145433107588382,0.070282848141310209,0.90835873889099172,0.051883471454745381
fig8_D_0p05,0.050000000000000003,5.5174923761291232,1.0151727766863174,1.7319082074318444,10.207057382481947,-0.024221695553543695,-3.484511329897757,-4.0757775171612618,-0.41411754400304351,1.807908740064841,0.90863483227509823,0.052719218153661665,0.80150014154721716,-0.071452400510803996,-0.80150014154721705,0.071452400510803996,0.90863483227509823,0.052719218153661679
fig8_D_0p05,0.050000000000000003,5.6072348828520324,1.025149505212716,1.737513585833971,10.177283424291923,-0.025282306346945442,-3.5517055440595189,-4.0875227899644635,-0.40219480669716934,1.8330273511764141,0.90892011121602256,0.053568137215075654,0.8015473269440242,-0.072642290845742141,-0.8015473269440242,0.072642290845742113,0.90892011121602256,0.053568137215075647
fig8_D_0p05,0.050000000000000003,5.6984370594691418,1.0349420105952973,1.7433825367697631,10.148918448851752,-0.026311315690716087,-3.6193438407048473,-4.0982804169890708,-0.38990351846873428,1.8582890485177914,0.9092148856691542,0.054430420532843506,0.80159592367595978,-0.073852915662092483,-0.80159592367595978,0.073852915662092469,0.9092148856691542,0.054430420532843499
fig8_D_0p05,0.050000000000000003,5.7911226476417585,1.0445486148206788,1.7495213220407277,10.121911365379697,-0.027312884090237532,-3.6873982110527486,-4.108037855943075,-0.37724966088750123,1.8836829532353003,0.90951947633311114,0.055306261887859441,0.80164596874894822,-0.0750846812247912,-0.80164596874894811,0.075084681224791172,0.90951947633311114,0.055306261887859448
fig8_D_0p05,0.050000000000000003,5.8853157751914509,1.0539678302790048,1.755936716422434,10.096214088352964,-0.028291006724876829,-3.7558401768073626,-4.1167837943294296,-0.36423992490758061,1.9091986813932655,0.90983421504029482,0.056195856906778946,0.80169749974292992,-0.076338003873186525,-0.80169749974293003,0.076338003873186525,0.90983421504029482,0.056195856906778932
fig8_D_0p05,0.050000000000000003,5.9810409623809377,1.0631983735362687,1.7626359788637669,10.071781355759422,-0.029249528836443467,-3.8246408559077967,-4.1245081837417654,-0.35088169580412476,1.934826384563612,0.91015944516276426,0.057099403015569379,0.8017505547858903,-0.07761331036030332,-0.80175055478589019,0.077613310360303306,0.91015944516276426,0.057099403015569379
fig8_D_0p05,0.050000000000000003,6.0783231282972299,1.072239177274841,1.7696268248327354,10.048570561788349,-0.030192159275798599,-3.8937710308340971,-4.1312022705102827,-0.33718303518116521,1.9605567900988017,0.91049552203409578,0.05801709938750059,0.80180517252382744,-0.078911038206596076,-0.80180517252382744,0.078911038206596062,0.91049552203409578,0.058017099387500576
fig8_D_0p05,0.050000000000000003,6.1771875973384951,1.0810894004518767,1.7769173998179884,10.026541602774435,-0.031122482401998802,-3.9632012192202044,-4.1368586225227899,-0.3231526601356226,1.9863812408267649,0.91084281338792406,0.058949146885155998,0.80186139208629137,-0.080231636068888751,-0.80186139208629137,0.080231636068888751,0.91084281338792406,0.058949146885155984
fig8_D_0p05,0.050000000000000003,6.2776601058065005,1.0897484367285655,1.7845162540052748,10.005656735327552,-0.032043968511661809,-4.0329017465114276,-4.1414711520666048,-0.30879991968267001,2.0122917339202879,0.91120169981389909,0.059895747996017684,0.80191925304709122,-0.081575564125239544,-0.80191925304709111,0.081575564125239544,0.91120169981389909,0.059895747996017684
fig8_D_0p05,0.050000000000000003,6.3797668086062824,1.0982159212267828,1.7924323181562962,9.9858804456858898,-0.032959982960954613,-4.1028428203921665,-4.145035134559051,-0.29413476856682491,2.0382809587086252,0.91157257523182278,0.060857106761142608,0.8019787953797396,-0.082943294476503213,-0.80197879537973948,0.082943294476503213,0.91157257523182278,0.060857106761142608
fig8_D_0p05,0.050000000000000003,6.48353428605472,1.1064917356736832,1.8006748807239212,9.9671793294235798,-0.033873794129412341,-4.1729946066999579,-4.1475472230575381,-0.27916773860115562,2.0643423332157722,0.91195584738477053,0.06183342869641241,0.80204005940716505,-0.0843353115654039,-0.80204005940716494,0.0843353115654039,0.91195584738477053,0.06183342869641241
fig8_D_0p05,0.050000000000000003,6.5889895507999494,1.1145760119989594,1.8092535662427542,9.9495219807267823,-0.034788580362952827,-4.243327306534602,-4.149005458464269,-0.2639099076934695,2.0904700392279589,0.91235193835204287,0.062824920705801063,0.80210308574518574,-0.085752112613974835,-0.80210308574518585,0.085752112613974835,0.91235193835204287,0.062824920705801063
fig8_D_0p05,0.050000000000000003,6.6961600548532223,1.1224691344536419,1.8181783150375626,9.932878890526613,-0.035707436022857905,-4.3138112342655912,-4.1494092753656275,-0.24837286673352915,2.1166590557120717,0.9127612850828305,0.06383179098606126,0.80216791523919684,-0.087194208080261251,-0.80216791523919684,0.087194208080261265,0.9127612850828305,0.063831790986061232
fig8_D_0p05,0.050000000000000003,6.8050736967352066,1.1301717403234104,1.8274593642944756,9.9172223528433463,-0.036633376757812822,-4.3844168961384122,-4.1487595034714788,-0.23256868452857621,2.1429051904271823,0.91318433995152237,0.064854248922186872,0.80223458889347665,-0.088662122135233473,-0.80223458889347665,0.088662122135233487,0.91318433995152248,0.064854248922186858
fig8_D_0p05,0.050000000000000003,6.9157588287385252,1.1376847193133426,1.8371072305410334,9.9025263787556881,-0.037569344107361888,-4.455115069179608,-4.1470583646455408,-0.21650987098609004,2.1692051095925775,0.91362157133563104,0.065892504972959343,0.80230314779247325,-0.090156393160901516,-0.80230314779247314,0.090156393160901516,0.91362157133563104,0.065892504972959356
fig8_D_0p05,0.050000000000000003,7.0282442643083458,1.1450092116846038,1.8471326935814496,9.8887666174620907,-0.038518209537136618,-4.5258768801022651,-4.1443094655434152,-0.20020933875235336,2.195556365497783,0.91407346421735891,0.066946770545832507,0.80237363301337483,-0.091677574270675036,-0.80237363301337472,0.09167757427067505,0.91407346421735891,0.066946770545832507
fig8_D_0p05,0.050000000000000003,7.1425592855431264,1.1521466052269262,1.8575467819328562,9.8759202839488953,-0.039482777998720228,-4.5966738839181307,-4.1405177859005482,-0.18368036352305767,2.2219574219627556,0.91454052080987625,0.068017257860355118,0.80244608552921515,-0.093226233853066831,-0.80244608552921493,0.093226233853066845,0.91454052080987625,0.068017257860355104
fig8_D_0p05,0.050000000000000003,7.2587336508172537,1.1590985311535107,1.8683607598069909,9.8639660928230857,-0.040465791100061273,-4.6674781419688269,-4.1356896625373665,-0.16693654324793711,2.2484076775794164,0.91502326120944177,0.069104179799267279,0.80252054610170043,-0.094802956139891509,-0.80252054610170032,0.094802956139891509,0.91502326120944177,0.069104179799267265
fig8_D_0p05,0.050000000000000003,7.3767976025277306,1.165866859007433,1.8795861156799516,9.8528841979065884,-0.041469929965895082,-4.7382622990980332,-4.1298327691732428,-0.14999175645500951,2.2749074866891088,0.91552222407454431,0.07020774974634103,0.80259705516288127,-0.096408341800172298,-0.80259705516288127,0.096408341800172298,0.91552222407454431,0.070207749746341044
fig8_D_0p05,0.050000000000000003,7.4967818749668771,1.1724536906705001,1.8912345524902932,9.8426561372243597,-0.042497817861447421,-4.8089996596973599,-4.1229560921644444,-0.13286011992166519,2.301458178073776,0.91603796733330944,0.071328181409964567,0.80267565268471663,-0.098043008561030598,-0.80267565268471675,0.09804300856103057,0.91603796733330944,0.071328181409964553
fig8_D_0p05,0.050000000000000003,7.6187177023229991,1.1788613535668442,1.9033179795030957,9.8332647830505344,-0.043552022647012273,-4.8796642623721951,-4.1150699023036488,-0.11555594591944535,2.3280620713618467,0.9165710689204738,0.072465688631388234,0.80275637803550282,-0.099707591856894692,-0.80275637803550282,0.099707591856894692,0.9165710689204738,0.072465688631388234
fig8_D_0p05,0.050000000000000003,7.7426368268112693,1.1850923931543147,1.9158485058748012,9.8246942967067206,-0.044635059125330508,-4.9502309529893314,-4.1061857228396672,-0.098093699257027434,2.3547224911727302,0.91712212754529499,0.073620485176471545,0.80283926982205378,-0.10140274550843711,-0.802839269822054,0.10140274550843711,0.91712212754529499,0.073620485176471517
fig8_D_0p05,0.050000000000000003,7.8685715069368518,1.1911495647970716,1.9288384359506052,9.8169300878331072,-0.045749391338713988,-5.0206754558852325,-4.0963162938957369,-0.080487954341700405,2.3814437790460006,0.9176917634918329,0.074792784509673901,0.80292436571642933,-0.10312914243271783,-0.80292436571642922,0.10312914243271783,0.9176917634918329,0.074792784509673901
fig8_D_0p05,0.050000000000000003,7.9965545258923463,1.1970358251123536,1.9423002663232662,9.8099587778784922,-0.046897434867790619,-5.0909744430330601,-4.0854755334826951,-0.062753352473653476,2.4082313032231197,0.91828061945311235,0.075982799548936192,0.80301170226590413,-0.10488747538608489,-0.80301170226590401,0.10488747538608489,0.91828061945311235,0.075982799548936178
fig8_D_0p05,0.050000000000000003,8.1266192000919446,1.2027543228836786,1.9562466846793336,9.8037681675779993,-0.048081559179118459,-5.1611056009872076,-4.073678495319542,-0.044904559579640006,2.435091466370344,0.91888936140074517,0.077190742399992962,0.8031013146847702,-0.10667845774146749,-0.80310131468477008,0.10667845774146749,0.91888936140074517,0.077190742399992976
fig8_D_0p05,0.050000000000000003,8.258799387844272,1.2083083896313473,1.9706905704561402,9.7983472082092398,-0.049304090064544719,-5.2310476954459242,-4.0609413236883753,-0.026956224583455354,2.4620317113513521,0.91951867949167676,0.078416824068536853,0.80319323662644015,-0.10850282430177038,-0.80319323662644004,0.10850282430177038,0.91951867949167676,0.078416824068536881
fig8_D_0p05,0.050000000000000003,8.3931294981663651,1.2137015299293406,1.985644997330559,9.7936859764376631,-0.050567312211081718,-5.3007806332960374,-4.047281205562884,-0.0089229385999055992,2.4890605251770093,0.92016928901379913,0.079661254148534325,0.80328749993420023,-0.11036133215117327,-0.80328749993420023,0.11036133215117327,0.92016928901379913,0.079661254148534311
fig8_D_0p05,0.050000000000000003,8.5296444997410248,1.218937411555427,2.0011232375585286,9.7897756525809108,-0.051873471936102852,-5.3702855220279506,-4.0327163202599294,0.0091808048729081961,2.5161874412774035,0.92084193137225823,0.080924240484852861,0.80338413436881784,-0.11225476154622187,-0.80338413436881773,0.11225476154622187,0.92084193137225823,0.080924240484852847
fig8_D_0p05,0.050000000000000003,8.6683799300197748,1.2240198555586999,2.0171387681828081,9.7866085021403162,-0.053224780119275207,-5.4395447264339394,-4.0172657868720405,0.027340648601160603,2.5434230402577334,0.92153737511837641,0.082205988808212171,0.80348316731106251,-0.1141839168486931,-0.8034831673110624,0.11418391684869308,0.92153737511837641,0.082205988808212158
fig8_D_0p05,0.050000000000000003,8.8093719044739913,1.2289528263257659,2.0337052791254551,9.7841778604646965,-0.054623415359215451,-5.5085419225287531,-4.0009496097444988,0.045542408954930974,2.5707789493149731,0.9222564170232006,0.083506702340312849,0.80358462343704018,-0.11614962750231718,-0.80358462343704007,0.11614962750231718,0.9222564170232006,0.083506702340312877
fig8_D_0p05,0.050000000000000003,8.9526571259964012,1.2337404217235179,2.0508366831810076,9.7824781204282374,-0.056071527379953072,-5.5772621486572342,-3.9837886222648344,0.063772111806761886,2.5982678405061028,0.92299988319779036,0.084826581366819642,0.80368852436405624,-0.1181527490555367,-0.80368852436405624,0.1181527490555367,0.92299988319779036,0.084826581366819656
fig8_D_0p05,0.050000000000000003,9.0982728944555582,1.23838686339294,2.0685471279266467,9.7815047230205359,-0.057571240709683877,-5.6456918537802085,-3.9658044292342454,0.082016026871430031,2.6259034280714704,0.92376863026245426,0.086165822775688017,0.80379488826454304,-0.12019416423259294,-0.80379488826454293,0.12019416423259294,0.92376863026245426,0.086165822775688017
fig8_D_0p05,0.050000000000000003,9.2462571164057437,1.2428964872646522,2.0868510095664883,9.7812541507620594,-0.059124658651839038,-5.7138189429562285,-3.9470193480902451,0.10026070038485856,2.6537004650282165,0.92456354656725792,0.087524619558118147,0.80390372944537014,-0.12227478405533847,-0.80390372944537003,0.12227478405533847,0.92456354656725792,0.087524619558118147
fig8_D_0p05,0.050000000000000003,9.3966483149546907,1.2472737343631155,2.1057629887287725,9.7817239238737397,-0.060733867566656261,-5.781632820062776,-3.9274563492476591,0.11849298603641809,2.6816747392588258,0.92538555346623008,0.088903160269193704,0.80401505788963823,-0.12439554901828728,-0.80401505788963823,0.12439554901828728,0.92538555346623008,0.088903160269193732
fig8_D_0p05,0.050000000000000003,9.5494856397919659,1.251523141962491,2.1252980082372681,9.7829125991444581,-0.062400941479738688,-5.8491244278269834,-3.9071389958207989,0.13670007408478027,2.7098430693290516,0.92623560664781113,0.090301628445024651,0.80412887875780625,-0.12655743031953812,-0.80412887875780625,0.12655743031953809,0.92623560664781124,0.090301628445024665
fig8_D_0p05,0.050000000000000003,9.704808877380307,1.2556493351532323,2.1454713128813436,9.7848197714546838,-0.064127947032832686,-5.9162862852610312,-3.886091382983929,0.15486951860385928,2.7382233002771694,0.92711469752420661,0.091720201972943907,0.80424519184473953,-0.12876143115032246,-0.80424519184473953,0.12876143115032246,0.92711469752420661,0.091720201972943907
fig8_D_0p05,0.050000000000000003,9.8626584613128205,1.2596570188746286,2.1662984712134392,9.7874460779297774,-0.065916948791085603,-5.9831125226230188,-3.8643380772191289,0.17298926282135332,2.7668342996236643,0.92802385468242976,0.09315905241102497,0.80436399098897471,-0.13100858804606039,-0.8043639909889746,0.13100858804606039,0.92802385468242976,0.093159052411024998
fig8_D_0p05,0.050000000000000003,10.023075482838644,1.2635509704647445,2.187795399407658,9.7907932047105604,-0.0677700149206973,-6.0495989140482695,-3.8419040556915744,0.19104766252818978,2.7956959538563204,0.92896414539994387,0.094618344252872855,0.80448526343018323,-0.1332999723019366,-0.80448526343018334,0.1332999723019366,0.92896414539994399,0.094618344252872869
fig8_D_0p05,0.050000000000000003,10.186101701559753,1.267336032775539,2.2099783872191918,9.7948638963443351,-0.069689223250497478,-6.1157429080201755,-3.8188146459816688,0.20903350755237393,2.8248291656511761,0.92993667722794171,0.096098234133299154,0.80460898911047085,-0.13563669145613921,-0.80460898911047085,0.13563669145613921,0.92993667722794171,0.09609823413329914
fig8_D_0p05,0.050000000000000003,10.351779556301762,1.2710171078975703,2.2328641260913424,9.799661967813929,-0.071676667731512461,-6.1815436558727903,-3.7950954663911127,0.22693604130590189,2.8542558520944006,0.93094259964543769,0.097598869970125776,0.80473513991477919,-0.13801989084404642,-0.80473513991477919,0.13801989084404645,0.93094259964543757,0.097598869970125804
fig8_D_0p05,0.050000000000000003,10.520152176161591,1.2745991515354829,2.2564697394648889,9.8051923192381736,-0.073734465308976205,-6.2470020385398826,-3.7707723670270745,0.24474497842749182,2.8839989441744649,0.93198310578747501,0.09912039003695497,0.80486367884524768,-0.14045075522678044,-0.80486367884524779,0.14045075522678044,0.93198310578747501,0.09912039003695497
fig8_D_0p05,0.050000000000000003,10.691263391734772,1.2780871680725761,2.280812815353634,9.8114609532924586,-0.075864763222545858,-6.3121206917869861,-3.7458713718542858,0.26245052055768153,2.9140823878180093,0.93305943425089466,0.10066292196130557,0.8049945591239519,-0.14293051049769204,-0.80499455912395179,0.14293051049769198,0.93305943425089466,0.10066292196130561
fig8_D_0p05,0.050000000000000003,10.865157746525373,1.2814862063602606,2.3059114412601787,9.8184749954143573,-0.078069746751841029,-6.3769040301839794,-3.720418621889896,0.28004337029573834,2.9445311467467716,0.93417287098124568,0.10222658164203773,0.80512772321795312,-0.14546042547047974,-0.80512772321795301,0.14546042547047972,0.93417287098124557,0.10222658164203773
fig8_D_0p05,0.050000000000000003,11.041880508541603,1.2848013562660199,2.3317842415174255,9.8262427168761075,-0.080351647426422187,-6.4413582700962575,-3.694440319699972,0.29751474340025597,2.9753712074369125,0.93532475124455572,0.10381147207946539,0.80526310178006744,-0.14804181375279235,-0.80526310178006721,0.14804181375279235,0.93532475124455572,0.10381147207946541
fig8_D_0p05,0.050000000000000003,11.221477682079803,1.2880377460117438,2.3584504171538008,9.8347735608227111,-0.082712751721670502,-6.5054914519923521,-3.6679626753403167,0.31485637930666388,3.0066295864665258,0.93651646168781888,0.10541768211098726,0.80540061249819117,-0.15067603570929974,-0.80540061249819117,0.15067603570929972,0.93651646168781888,0.10541768211098729
fig8_D_0p05,0.050000000000000003,11.40399601970033,1.2912005403331086,2.3859297883943134,9.8440781713930026,-0.085155410264944262,-6.5693134623855221,-3.641011853867361,0.33206055004579038,3.0383343405420975,0.93774944249219316,0.10704528504445053,0.80554015884539554,-0.15336450051836545,-0.80554015884539554,0.15336450051836545,0.93774944249219305,0.10704528504445052
fig8_D_0p05,0.050000000000000003,11.589483034398118,1.2942949394898469,2.4142428399248024,9.8541684260599052,-0.08768204757961813,-6.632836055745619,-3.613613924527558,0.34912006765759901,3.0705145795002298,0.93902518962302883,0.10869433718078142,0.80568162872232185,-0.15610866832658088,-0.80568162872232185,0.15610866832658085,0.93902518962302883,0.10869433718078139
fig8_D_0p05,0.050000000000000003,11.777987011971181,1.2973261791565784,2.4434107690635338,9.8650574713461676,-0.090295172398557,-6.6960728767368733,-3.585794811716684,0.36602829020354938,3.1032004825878201,0.94034525718097628,0.11036487621668202,0.80582489298266957,-0.15891005250555398,-0.80582489298266979,0.15891005250555398,0.94034525718097639,0.11036487621668201
fig8_D_0p05,0.050000000000000003,11.969557023590429,1.3002995312242678,2.473455537002931,9.8767597620936218,-0.092997388582910345,-6.7590394831560543,-3.5575802477826581,0.38277912648968027,3.1364233183318238,0.94171125985853887,0.11205691951738907,0.80596980383175598,-0.16177022201546956,-0.80596980383175587,0.16177022201546956,0.94171125985853887,0.11205691951738907
fig8_D_0p05,0.050000000000000003,12.164242938573679,1.3032203055433424,2.5043999233042045,9.8892911044865386,-0.095791406687042252,-6.821753369964604,-3.528995727728097,0.39936703962063103,3.1702154683191068,0.94312487550654001,0.11377046224860914,0.80611619308724813,-0.16469080388003998,-0.80611619308724802,0.16469080388003998,0.94312487550654001,0.11377046224860914
fig8_D_0p05,0.050000000000000003,12.362095437367691,1.3060938526412225,2.5362675838499693,9.9026687030542924,-0.09868005621604764,-6.8842339948284641,-3.5000664658514786,0.4157870495121001,3.2046104552185151,0.94458784781506999,0.11550547535579225,0.80626387029020152,-0.16767348577757207,-0.80626387029020141,0.16767348577757207,0.94458784781506999,0.11550547535579227
fig8_D_0p05,0.050000000000000003,12.563166024741214,1.3089255674494249,2.5690831124839342,9.9169112119048872,-0.10166629862848964,-6.9465028055993647,-3.4708173543483722,0.43203473449647112,3.2396429753903693,0.94610198911354815,0.11726190337785666,0.80641262065348951,-0.17072001875294437,-0.8064126206534894,0.17072001875294437,0.94610198911354815,0.11726190337785666
fig8_D_0p05,0.050000000000000003,12.767507043192644,1.3117208940785494,2.6028721065932956,9.9320387904693384,-0.10475324114394856,-7.0085832701932045,-3.4412729238771353,0.44810623216277734,3.2753489364447184,0.94766918329458905,0.11903966208133546,0.80656220283355995,-0.17383222005534699,-0.80656220283355973,0.17383222005534701,0.94766918329458905,0.11903966208133547
fig8_D_0p05,0.050000000000000003,12.97517168657587,1.3144853316835203,2.6376612369184649,9.9480731640678304,-0.10794415142279454,-7.0705009093441031,-3.4114573060765117,0.46399823957866859,3.3117655001281445,0.94929138886638442,0.12083863589967489,0.80671234651020607,-0.17701197610666666,-0.80671234651020629,0.17701197610666666,0.94929138886638453,0.12083863589967486
fig8_D_0p05,0.050000000000000003,13.186214013947485,1.3172244414663619,2.6734783219063467,9.9650376896419903,-0.11124247319410867,-7.1322833327371278,-3.3813941980058981,0.47970801304808786,3.3489311309406209,0.95097064213829918,0.12265867516104438,0.80686274975766625,-0.18026124560538087,-0.80686274975766625,0.18026124560538087,0.95097064213829918,0.12265867516104437
fig8_D_0p05,0.050000000000000003,13.400688963639507,1.319943854869664,2.7103524069584801,9.9829574270346697,-0.11465184291742896,-7.19396027905022,-3.3511068284625236,0.49523336756474662,3.3868856509093228,0.9527090605443358,0.12449959308654505,0.80701307618888163,-0.18358206277079434,-0.80701307618888152,0.18358206277079436,0.9527090605443358,0.12449959308654505
fig8_D_0p05,0.050000000000000003,13.618652367560827,1.3226492830208962,2.7483138489633503,10.001859216238216,-0.11817610757453277,-7.2555636604647296,-3.3206179261134405,0.51057267612758872,3.425670300975312,0.9545088461090061,0.12636116253906887,0.80716295185310549,-0.18697654073232955,-0.80716295185310538,0.18697654073232955,0.9545088461090061,0.12636116253906884
fig8_D_0p05,0.050000000000000003,13.840160965731302,1.3253465274958467,2.7873944065445699,10.021771761077057,-0.12181934369952406,-7.3171276122372113,-3.2899496893640485,0.52572486909124416,3.4653278094826883,0.95637228905999883,0.12824311250129744,0.80731196186528753,-0.19044687506844143,-0.80731196186528742,0.19044687506844146,0.95637228905999883,0.12824311250129747
fig8_D_0p05,0.050000000000000003,14.065272421052363,1.3280414924788859,2.8276273365028808,10.042725719838325,-0.12558587776867242,-7.3786885479612705,-3.2591237578686694,0.54068943373144296,3.5059024682984417,0.95830177159179286,0.13014512425939495,0.80745964674370552,-0.19399534749948713,-0.80745964674370552,0.19399534749948713,0.95830177159179297,0.13014512425939492
fig8_D_0p05,0.050000000000000003,14.294045334317611,1.3307401984085716,2.8690474969812656,10.064753803418363,-0.12948030808628813,-7.4402852211889972,-3.2281611855726315,0.55546641421315046,3.5474402171352408,0.96029977178404646,0.13206682726683147,0.80760549843020846,-0.1976243297385599,-0.80760549843020857,0.19762432973855992,0.96029977178404646,0.13206682726683144
fig8_D_0p05,0.050000000000000003,14.526539259467812,1.3334487972095967,2.9116914579392361,10.087890881611983,-0.13350752831963331,-7.501958794127404,-3.1970824151587571,0.57005641215795089,3.5899887366997532,0.96236886767817442,0.13400779466048096,0.80774895596511642,-0.20133628750389404,-0.80774895596511631,0.20133628750389401,0.96236886767817442,0.13400779466048096
fig8_D_0p05,0.050000000000000003,14.76281471909391,1.336173589226213,2.9555976195851645,10.112174098237583,-0.13767275285428771,-7.5637529141765985,-3.1659072537546029,0.58446058801693623,3.6335975513463588,0.96451174151499208,0.13596753839861234,0.807889400786304,-0.20513378469589555,-0.80788940078630389,0.20513378469589555,0.96451174151499208,0.13596753839861231
fig8_D_0p05,0.050000000000000003,15.002933220192167,1.3389210419884821,3.0008063394852971,10.137642995863841,-0.14198154416237513,-7.6257137991346617,-3.1346548497396363,0.5986806634666394,3.6783181419810931,0.96673118413561654,0.13794550398765484,0.80802615161924252,-0.20901948774118478,-0.80802615161924229,0.20901948774118478,0.96673118413561654,0.13794550398765487
fig8_D_0p05,0.050000000000000003,15.246957270175731,1.3416978109611422,3.0473600691458076,10.164339650985635,-0.14643984239958402,-7.68789033196001,-3.1033436704734547,0.61271892505860492,3.7242040700344217,0.96903009954698804,0.13994106476162829,0.80815845892177485,-0.21299617010519811,-0.80815845892177463,0.21299617010519814,0.96903009954698804,0.13994106476162829
fig8_D_0p05,0.050000000000000003,15.494950393146317,1.3445107624458124,3.0953035009506431,10.192308820587686,-0.15105399747322545,-7.7503341660561977,-3.071991480747545,0.62657822936814023,3.7713111134049866,0.97141150965232459,0.14195351567486161,0.80828549884413159,-0.21706671697385055,-0.80828549884413159,0.21706671697385052,0.97141150965232459,0.14195351567486161
fig8_D_0p05,0.050000000000000003,15.746977146430867,1.3473669988311736,3.1446837264346374,10.221598101135612,-0.1558308038536817,-7.8130998421288149,-3.040615321742608,0.64026200990545779,3.8196974153711558,0.9738785591455803,0.14398206656508114,0.80840636666113419,-0.22123413010352139,-0.8084063666611343,0.22123413010352141,0.9738785591455803,0.14398206656508111
fig8_D_0p05,0.050000000000000003,16.003103137387019,1.3502738864129196,3.1955504069792946,10.252258101148612,-0.16077753843534381,-7.8762449177595384,-3.0092314902519521,0.6537742860727811,3.8694236475741395,0.97643452056744073,0.14602583484007262,0.80852006962965417,-0.22550153283708213,-0.80852006962965395,0.22550153283708216,0.97643452056744073,0.14602583484007262
fig8_D_0p05,0.050000000000000003,16.263395040481907,1.3532390860362429,3.2479559581398343,10.284342628634883,-0.1659020017915615,-7.9398301109511618,-2.977855517907448,0.66711967447496401,3.9205531882977116,0.97908279951857047,0.1480838375369182,0.80862551922018366,-0.22987217528186923,-0.80862551922018355,0.22987217528186923,0.97908279951857047,0.14808383753691814
fig8_D_0p05,0.050000000000000003,16.527920614648938,1.3562705868489846,3.3019557489480165,10.31790889481514,-0.17121256321185682,-8.0039194590209028,-2.9465021501183273,0.68030340291902214,3.9731523174068251,0.98182694002363857,0.15015498269823599,0.80872152266678932,-0.23434943964331625,-0.80872152266678943,0.23434943964331625,0.98182694002363857,0.15015498269823599
fig8_D_0p05,0.050000000000000003,16.79674872092653,1.3593767434938953,3.35760831768809,10.353017735720307,-0.17671820995934054,-8.0685804943592423,-2.9151853244036441,0.69333132747063386,4.0272904294623757,0.98467063003704247,0.1522380600048798,0.80880677377474486,-0.23893684570534685,-0.80880677377474486,0.23893684570534685,0.98467063003704247,0.15223806000487972
fig8_D_0p05,0.050000000000000003,17.069949340384078,1.3625663171147215,3.4149756058158465,10.389733853432478,-0.18242860124315347,-8.133884438731581,-2.8839181477660083,0.70620995297381084,4.0830402667058907,0.9876177070781802,0.15433173059917568,0.80887984291974446,-0.24363805644556341,-0.80887984291974446,0.24363805644556341,0.9876177070781802,0.15433173059917563
fig8_D_0p05,0.050000000000000003,17.347593592339326,1.3658485206037581,3.4741232118851113,10.428126078943492,-0.18835412746569374,-8.199906417981305,-2.8527128727166851,0.71894645748444241,4.1404781738069447,0.99067216398046276,0.15643451602693481,0.80893916616675976,-0.24845688376960232,-0.80893916616675965,0.24845688376960232,0.99067216398046276,0.15643451602693476
fig8_D_0p05,0.050000000000000003,17.629753752872038,1.369233068579278,3.5351206675662747,10.468267658838684,-0.19450597537898434,-8.2667256992000251,-2.8215808715191208,0.73154872112047886,4.1996843764930318,0.99383815473397663,0.15854478622017476,0.80898303343028011,-0.2533972943447419,-0.80898303343028,0.25339729434474184,0.99383815473397674,0.1585447862201747
fig8_D_0p05,0.050000000000000003,17.916503273638995,1.3727302326513413,3.5980417380910876,10.510236568277463,-0.20089619987014262,-8.3344259526669404,-2.7905326081684207,0.74402535989238072,4.2607432864390207,0.99712000039666526,0.16066074643567971,0.80900957559087017,-0.25846341550780527,-0.80900957559087017,0.25846341550780533,0.99712000039666526,0.16066074643567971
fig8_D_0p05,0.050000000000000003,18.207916800994624,1.376350902615094,3.6629647497410978,10.554115853042468,-0.20753780319461684,-8.403095541128712,-2.7595776075673202,0.75638576514856193,4.3237438350860815,1.0005221950429748,0.16278042305719242,0.80901675047563393,-0.26365954121647001,-0.80901675047563393,0.26365954121646995,1.0005221950429748,0.1627804230571924
fig8_D_0p05,0.050000000000000003,18.504070195423022,1.3801066543040343,3.7299729473198497,10.59999400377052,-0.21444482258967784,-8.472827839299768,-2.7287244212926471,0.76864014935378444,4.3887798393944477,1.0040494117120142,0.1649016481611702,0.80900232760229773,-0.26899013800620092,-0.80900232760229773,0.26899013800620092,1.0040494117120142,0.1649016481611702
fig8_D_0p05,0.050000000000000003,18.805040551285835,1.3840098249437134,3.7991548849162409,10.647965365867899,-0.22163242733240807,-8.5437215868155185,-2.6979805892692852,0.78079959901589646,4.4559504029150272,1.0077065083091854,0.1670220427376013,0.80896387157819116,-0.27445985090692004,-0.80896387157819094,0.27445985090692004,1.0077065083091854,0.1670220427376013
fig8_D_0p05,0.050000000000000003,19.110906216891397,1.3880735969718339,3.8706048536865527,10.698130589057312,-0.22911702645919502,-8.6158812782757188,-2.6673525965781266,0.79287613569047133,4.5253603560011477,1.0114985334058475,0.16913899844839056,0.80889872403639873,-0.28007350926412822,-0.80889872403639873,0.28007350926412816,1.0114985334058477,0.16913899844839053
fig8_D_0p05,0.050000000000000003,19.421746814890245,1.3923120914366904,3.9444233508633175,10.750597121013216,-0.23691638854123165,-8.6894175944795453,-2.636845824518887,0.80488278612683473,4.5971207394809577,1.0154307318706193,0.17124965779626847,0.80880398398180486,-0.2858361323982293,-0.80880398398180464,0.28583613239822919,1.0154307318706195,0.1712496577962685
fig8_D_0p05,0.050000000000000003,19.737643263002553,1.3967404722562626,4.0207175947505931,10.805479750126009,-0.24504977511733564,-8.7644478794880847,-2.606464494924039,0.81683366277644187,4.6713493366841163,1.0195085502532151,0.17335089256708727,0.80867648640963752,-0.29175293502309557,-0.80867648640963719,0.29175293502309552,1.0195085502532151,0.17335089256708736
fig8_D_0p05,0.050000000000000003,20.058677795082339,1.401375062819511,4.0996020910990554,10.8629012031071,-0.25353808962705504,-8.8410966687653278,-2.576211606573668,0.82874405606974055,4.7481712593753524,1.023737641826951,0.17543928039774781,0.80851277904851504,-0.29782933233013492,-0.80851277904851515,0.29782933233013492,1.023737641826951,0.17543928039774781
fig8_D_0p05,0.050000000000000003,20.384933982524643,1.4062334766450748,4.1811992569849181,10.922992803920504,-0.262404043969651,-8.9194962743592505,-2.5460888623876778,0.84063054008608562,4.8277195939074318,1.0281238711789862,0.17751107931095125,0.80830909706891563,-0.30407094462705542,-0.80830909706891552,0.30407094462705531,1.0281238711789862,0.17751107931095125
fig8_D_0p05,0.050000000000000003,20.71649675602071,1.41133476408728,4.2656401091597553,10.985895201418961,-0.2716723451467542,-8.9997874339058228,-2.5160965858665718,0.85251109349923349,4.9101361147829392,1.0326733182175978,0.17956220004652546,0.80806133558655691,-0.31048360140073578,-0.80806133558655679,0.31048360140073572,1.0326733182175978,0.17956220004652546
fig8_D_0p05,0.050000000000000003,21.05345242766704,1.4166995774033118,4.3530650248147102,11.051759174096647,-0.2813699048370254,-9.082120031191355,-2.4862336250082802,0.86440523798640601,4.9955720738301066,1.0373922814429788,0.18158817600739457,0.80776501977848081,-0.31707334465080161,-0.8077650197784807,0.3170733446508015,1.0373922814429788,0.18158817600739463
fig8_D_0p05,0.050000000000000003,21.395888713434214,1.4223503568782856,4.443624583835196,11.120746521568599,-0.29152607521240292,-9.1666538971146849,-2.4564972416383966,0.87633419665121259,5.0841890743764253,1.0422872803017582,0.18358413062649767,0.80741527241786315,-0.32384643131419544,-0.80741527241786315,0.32384643131419538,1.0422872803017582,0.1835841306264977
fig8_D_0p05,0.050000000000000003,21.743894756000799,1.4283115411590463,4.5374805029391565,11.193031053780929,-0.302172914851284,-9.2535597011782773,-2.4268829837446306,0.88832107544192018,5.1761600411741737,1.047365056415142,0.18554474194932877,0.80700677862193959,-0.3308093345707302,-0.80700677862193959,0.33080933457073008,1.047365056415142,0.18554474194932874
fig8_D_0p05,0.050000000000000003,22.097561147959031,1.4346098054875613,4.6348066736286428,11.268799690580801,-0.31334548925183109,-9.3430199451412346,-2.3973845379917478,0.90039107106060623,5.2716702984310677,1.0526325734358086,0.18746420421559631,0.80653374759624807,-0.3379687437848331,-0.80653374759624785,0.33796874378483294,1.0526325734358086,0.18746420421559642
fig8_D_0p05,0.050000000000000003,22.456979955397763,1.4412743321688195,4.735790317679796,11.348253686173953,-0.32508221121993131,-9.4352300722255205,-2.3679935590955505,0.91257170947366084,5.3709187701679371,1.0580970152487543,0.18933618621312462,0.80598987114801479,-0.34533156279873428,-0.80598987114801457,0.34533156279873428,1.0580970152487543,0.18933618621312467
fig8_D_0p05,0.050000000000000003,22.822244741868964,1.4483371183791134,4.8406332760020385,11.431609995223193,-0.33742522732752123,-9.5303997073307247,-2.3386994721352083,0.92489311987169232,5.4741193193167677,1.063765782185579,0.19115378616807718,0.8053682787324653,-0.35290490624664816,-0.8053682787324653,0.35290490624664828,1.063765782185579,0.19115378616807727
fig8_D_0p05,0.050000000000000003,23.193450592744277,1.4558333273459341,4.9495534491723951,11.519102799956938,-0.35042085774081649,-9.6287540461407044,-2.309489243159855,0.93738834981432406,5.5815022445491431,1.0696464848694913,0.19290948292847715,0.80466148878872401,-0.36069609350725851,-0.8046614887887239,0.36069609350725845,1.0696464848694913,0.19290948292847721
fig8_D_0p05,0.050000000000000003,23.57069413996728,1.4638016900455817,5.0627864108689611,11.610985220739627,-0.3641200980448342,-9.7305354138698537,-2.2803471125689239,0.95009372836659078,5.6933159568630876,1.0757469352487412,0.19459508319362193,0.80386135611759646,-0.3687126398522434,-0.80386135611759646,0.3687126398522434,1.0757469352487412,0.19459508319362195
fig8_D_0p05,0.050000000000000003,23.954073587208793,1.4722849659123216,5.180587218879074,11.707531236200058,-0.37857919329156098,-9.836005017786885,-2.2512542846803258,0.96304928533126244,5.8098288615497928,1.0820751343085067,0.19620166454134313,0.80295901505287048,-0.37696224428087982,-0.80295901505287037,0.37696224428087982,1.0820751343085067,0.19620166454134311
fig8_D_0p05,0.050000000000000003,24.34368873543113,1.4813304726879764,5.3032324524515433,11.809037843335613,-0.39386029643712817,-9.9454449216784315,-2.2221885656016616,0.97629923625833559,5.9313314754253952,1.0886392558744575,0.19771951400934532,0.80194481818205565,-0.38545277345394446,-0.80194481818205576,0.38545277345394446,1.0886392558744573,0.19771951400934532
fig8_D_0p05,0.050000000000000003,24.739641008868116,1.4909906975321756,5.4310225096350928,11.915827493151429,-0.41003222568887965,-10.059160275207088,-2.1931239399291886,0.98989254483707512,6.0581388142875783,1.0954476258344328,0.19913806199760745,0.80080827038323432,-0.39419224105333744,-0.80080827038323432,0.3941922410533375,1.0954476258344328,0.19913806199760742
fig8_D_0p05,0.050000000000000003,25.142033481427966,1.5013240039480231,5.5642842040636449,12.028250843530454,-0.42717133815683184,-10.177481836845953,-2.1640300748453831,1.0038835766322469,6.1905930916187897,1.1025086960069457,0.20044581127788458,0.7995379579637385,-0.40318878179610507,-0.79953795796373839,0.40318878179610496,1.1025086960069457,0.20044581127788463
fig8_D_0p05,0.050000000000000003,25.550970903525069,1.5123954520666427,5.7033737076210391,12.146689878380549,-0.44536254072412734,-10.300768835938479,-2.1348717377754922,1.0183328610235123,6.3290667768218913,1.1098310117755821,0.20163026092595857,0.79812147271599576,-0.41245061922188236,-0.79812147271599576,0.41245061922188231,1.1098310117755821,0.20163026092595854
fig8_D_0p05,0.050000000000000003,25.966559729348724,1.5242777535184144,5.8486798938034621,12.27156145094083,-0.46470046338149501,-10.429412227697997,-2.1056081107775397,1.0333079817846744,6.4739660700139199,1.117423172486065,0.20267782503521081,0.79654533074879341,-0.42198602625047327,-0.7965453307487933,0.4219860262504731,1.117423172486065,0.20267782503521081
fig8_D_0p05,0.050000000000000003,26.388908144575129,1.5370523866808206,6.0006281467194427,12.403321319790351,-0.48529082562088383,-10.563838404945303,-2.0761919811256884,1.0488846211764074,6.6257348609548785,1.1252937834669829,0.20357374612959148,0.79479488601172554,-0.43180327737047697,-0.79479488601172554,0.43180327737047697,1.1252937834669829,0.20357374612959123
fig8_D_0p05,0.050000000000000003,26.818126094530129,1.5508109037678441,6.1596847129344745,12.542468759015362,-0.50725203312460632,-10.704513442492457,-2.046568782904338,1.0651477879541817,6.7848592524800635,1.1334513983855476,0.2043020032740859,0.79285423851061732,-0.44191059117024406,-0.79285423851061709,0.44191059117024395,1.1334513983855476,0.20430200327408587
fig8_D_0p05,0.050000000000000003,27.254325312810277,1.5656564683190366,6.3263616882939617,12.689551839696348,-0.53071705026887028,-10.851947964828204,-2.0166754586008646,1.0821932666135052,6.9518727443736337,1.1419044504861602,0.20484521498602609,0.79070613731695416,-0.45231606175882372,-0.79070613731695416,0.45231606175882366,1.1419044504861602,0.20484521498602615
fig8_D_0p05,0.050000000000000003,27.69761935036891,1.5817056705567227,6.5012227500977602,12.845173499055386,-0.55583560434212032,-11.006702745796487,-1.9864391023286763,1.1001293339012854,7.1273621926518276,1.1506611710823487,0.20518453718651608,0.78833187861030052,-0.46302757744734113,-0.78833187861030041,0.46302757744734113,1.1506611710823484,0.20518453718651608
fig8_D_0p05,0.050000000000000003,28.148123605075813,1.5990906793316415,6.6848897673881273,13.009998537132182,-0.58277679045964437,-11.169395171118282,-1.955775336980454,1.1190787996338079,7.3119746825917247,1.1597294934831246,0.20529955660434962,0.78571119916576759,-0.4740527248717159,-0.78571119916576759,0.47405272487171579,1.1597294934831248,0.20529955660434937
fig8_D_0p05,0.050000000000000003,28.605955351757448,1.6179618036638737,6.8780504497164321,13.184761709846974,-0.61173216272794351,-11.340706721953691,-1.9245863657094979,1.13918144286506,7.5064254826624124,1.169116940334983,0.20516818026246575,0.78282216591629694,-0.48539867653777452,-0.78282216591629683,0.48539867653777446,1.169116940334983,0.2051681802624658
fig8_D_0p05,0.050000000000000003,29.071233772725755,1.6384905551301188,7.0814672289564866,13.370277123203989,-0.64291941832853439,-11.521391671620693,-1.8927586228700917,1.1605969323588967,7.7115072822402331,1.1788304921542618,0.20476652194778536,0.77964106249030996,-0.49707205956331307,-0.77964106249031007,0.49707205956331307,1.1788304921542618,0.20476652194778533
fig8_D_0p05,0.050000000000000003,29.544079988803798,1.6608733257877104,7.2959876113187869,13.567449178051298,-0.67658680825908746,-11.712287229866316,-1.8601599298452318,1.1835083433637281,7.9281009604899042,1.1888764346166587,0.20406878689874455,0.77614227395876412,-0.5090788031837028,-0.77614227395876412,0.50907880318370291,1.1888764346166585,0.20406878689874455
fig8_D_0p05,0.050000000000000003,30.024617090855493,1.6853358266297915,7.5225562900274792,13.777285370675532,-0.71301844338723397,-11.914325422072146,-1.8266360356048106,1.208126412528421,8.157188189521646,1.1992601819688458,0.20304715635169104,0.77229817143250901,-0.52142396238577626,-0.7722981714325089,0.52142396238577615,1.199260181968846,0.20304715635169104
fig8_D_0p05,0.050000000000000003,30.512970171828709,1.7121384710078424,7.7622293762131234,14.000911324757723,-0.75254070981596266,-12.128547057545404,-1.7920063883885786,1.2346947116958906,8.3998662451054376,1.2099860737419406,0.20167167407898753,0.76807899864252782,-0.53411151484952568,-0.76807899864252793,0.5341115148495259,1.2099860737419403,0.2016716740789874
fig8_D_0p05,0.050000000000000003,31.009266359319298,1.7415829391520019,8.016191190497727,14.239588519057465,-0.79553006685421879,-12.356118225676406,-1.7560589408754395,1.2634959723704111,8.6573654870913757,1.2210571417920002,0.19991013764038981,0.76345276322438049,-0.54714412822254677,-0.76345276322438049,0.54714412822254677,1.2210571417920004,0.19991013764038951
fig8_D_0p05,0.050000000000000003,31.513634848664761,1.7740202281754565,8.2857741658880251,14.494735288210208,-0.84242257899871942,-12.598349866665107,-1.7185437328031863,1.294859860176752,8.9310700849107505,1.2324748445874516,0.19772799776727706,0.75838513612618552,-0.56052289464686689,-0.75838513612618552,0.56052289464686689,1.2324748445874518,0.19772799776727701
fig8_D_0p05,0.050000000000000003,32.0262069365765,1.809860582776782,8.5724825511615652,14.767951818691309,-0.89372563703764429,-12.856721102024059,-1.6791649169508722,1.3291725886192325,9.2225427087046778,1.2442387656313318,0.19508827011830956,0.75283936337848834,-0.57424702942578054,-0.75283936337848834,0.57424702942578065,1.2442387656313318,0.1950882701183094
fig8_D_0p05,0.050000000000000003,32.547116055318483,1.8495858237168494,8.8780207826514008,15.061050048379032,-0.95003246220436133,-13.132907189007827,-1.6375707892111964,1.3668888823754961,9.5335540939897179,1.2563462729778314,0.19195146459507403,0.74677619541436868,-0.58831353078987836,-0.7467761954143689,0.58831353078987847,1.2563462729778316,0.19195146459507381
fig8_D_0p05,0.050000000000000003,33.076497807442422,1.8937647560818252,9.2043276244365178,15.376089619893342,-1.0120401747528265,-13.428813195935819,-1.593341240488483,1.408546964282875,9.8661186312661684,1.2687921370159123,0.18827553849406828,0.74015384021592556,-0.60271679793475008,-0.74015384021592567,0.60271679793475008,1.2687921370159123,0.18827553849406803
fig8_D_0p05,0.050000000000000003,33.614490001087688,1.9430725646456877,9.5536174805308125,15.715421353659147,-1.0805724637714293,-13.746614800512114,-1.5459718519645487,1.4547874644461203,10.222537450714501,1.2815681040937685,0.18401588099845403,0.73292794779039316,-0.61744820490380781,-0.73292794779039327,0.61744820490380781,1.2815681040937683,0.18401588099845395
fig8_D_0p05,0.050000000000000003,34.161232685855254,1.9983154144467334,9.928430682745514,16.081740122160706,-1.1566082465969867,-14.088808016263807,-1.4948535834256427,1.5063774597617725,10.605450892540098,1.2946624242022715,0.17912533787290022,0.72505163483903579,-0.63249562853404251,-0.7250516348390359,0.63249562853404229,1.2946624242022717,0.1791253378729
fig8_D_0p05,0.050000000000000003,34.716868189265597,2.0604619079375159,10.33169508929117,16.478149557831824,-1.2413181950515604,-14.458270188823303,-1.4392466237048338,1.5642412847828164,11.017902812456699,1.3080593318879041,0.1735542866994022,0.71647555995655121,-0.64784292963486911,-0.7164755599565511,0.647842929634869,1.3080593318879041,0.17355428669940245
fig8_D_0p05,0.050000000000000003,35.281541153808831,2.1306836607541761,10.766802040771527,16.908241763471874,-1.3361116931276618,-14.858335324308657,-1.3782464333529216,1.6295003656407361,11.463419921057717,1.3217384808997656,0.16725077454725135,0.70714806125402219,-0.66346938790429422,-0.70714806125402219,0.66346938790429433,1.3217384808997654,0.16725077454725118
fig8_D_0p05,0.050000000000000003,35.855398574598169,2.210408129242746,11.237700681234763,17.376196186588395,-1.4426977688477949,-15.292887788123073,-1.3107392374260174,1.703525201394537,11.946110368924376,1.3356743348721616,0.16016073155093796,0.69701536987908108,-0.67934909288354084,-0.69701536987908108,0.67934909288354084,1.3356743348721618,0.16016073155093799
fig8_D_0p05,0.050000000000000003,36.438589837635483,2.3013880813125391,11.749015961268848,17.886903168088818,-1.5631649525067186,-15.766479746930848,-1.2353431055959012,1.7880038799241527,12.470787171472672,1.3498355186888658,0.15222827539337283,0.6860219144305616,-0.69545029559584193,-0.68602191443056171,0.69545029559584215,1.3498355186888658,0.15222827539337297
fig8_D_0p05,0.050000000000000003,37.031266758699232,2.4057939451440276,12.30619744020464,18.446119525346699,-1.7000870724106822,-16.284479568422551,-1.1503291080194782,1.8850333678239726,13.043123970691797,1.3641841381511104,0.14339612304173957,0.67411073261488319,-0.711734728491077,-0.67411073261488308,0.71173472849107711,1.3641841381511104,0.14339612304173963
fig8_D_0p05,0.050000000000000003,37.633583622865331,2.5263380090684819,12.915708502132134,19.060666087884439,-1.8566650509833538,-16.853260960768164,-1.0535145737892038,1.9972425711100747,13.66985327632057,1.3786750792521816,0.13360612710282432,0.66122400751093569,-0.728156904998708,-0.66122400751093557,0.728156904998708,1.3786750792521816,0.13360612710282449
fig8_D_0p05,0.050000000000000003,38.245697224669989,2.6664435806727869,13.585269098032091,19.738680672918115,-2.0369193590876589,-17.480446248025135,-0.94211674494958275,2.1279603334434718,14.359021041321569,1.3932553027984285,0.12279995465048749,0.64730374629610077,-0.74466341442843575,-0.64730374629610088,0.74466341442843575,1.3932553027984285,0.12279995465048746
fig8_D_0p05,0.050000000000000003,38.867766908926676,2.8304785624425106,14.324170068364555,20.489945008223291,-2.2459548231974318,-18.175222317385231,-0.81254935786010396,2.2814479529946587,15.120316685160772,1.4078631553225254,0.11091992607682508,0.6322926189849255,-0.76119223316398499,-0.63229261898492561,0.76119223316398488,1.4078631553225254,0.11091992607682505
fig8_D_0p05,0.050000000000000003,39.499954612206466,3.0240828320764881,15.143684141743616,21.32631122280544,-2.4903304553663483,-18.948755153785907,-0.6601356283855998,2.4632258497703785,15.965505193852591,1.4224277231626155,0.097910030127888278,0.61613497334131928,-0.77767207902322955,-0.61613497334131928,0.77767207902322955,1.4224277231626159,0.097910030127888265
fig8_D_0p05,0.050000000000000003,40.142424904993177,3.2546346609488093,16.057608807440275,22.262263659285772,-2.7785844370791861,-19.814739567639716,-0.4786965962049452,2.6805400813763929,16.908998749785972,1.436868263098539,0.083717128458680748,0.59877803929901574,-0.79402184217543015,-0.59877803929901574,0.79402184217543015,1.436868263098539,0.083717128458680831
fig8_D_0p05,0.050000000000000003,40.795345034524487,3.5319272395063024,17.082990815490351,23.315666228438982,-3.121992772049492,-20.790136317940913,-0.25994998411818676,2.9430406504678222,17.968621018958807,1.4510937497971665,0.068292358408140699,0.58017333159104689,-0.81015013286717275,-0.580173331591047,0.81015013286717252,1.4510937497971668,0.068292358408140533
fig8_D_0p05,0.050000000000000003,41.458884968329116,3.8691695045915147,18.24110301822121,24.508766091936881,-3.5356873540478637,-21.896171672047299,0.0073852140257214312,3.2637874447317747,19.16663994848302,1.4650025871329659,0.051592735881952401,0.56027825247614216,-0.82595499302268882,-0.56027825247614205,0.82595499302268882,1.4650025871329659,0.05159273588195238
fig8_D_0p05,0.050000000000000003,42.13321743847289,4.2844993193839986,19.558774140798338,25.869553215720099,-4.0403398113794342,-23.159707791560834,0.33895199319403496,3.6607749840159909,20.531177639978662,1.4784825366574814,0.033582950914102884,0.53905788713304859,-0.84132382499181491,-0.53905788713304859,0.84132382499181502,1.4784825366574812,0.033582950914102752
fig8_D_0p05,0.050000000000000003,42.818517986524157,4.8033271079267719,21.07021337787862,27.433613849238274,-4.6647589379604311,-24.615140242190915,0.75688187838454157,4.1593000977354659,22.098151827874918,1.4914109213462545,0.014237336439273765,0.51648697225497742,-0.85613359557365887,-0.51648697225497753,0.85613359557365865,1.4914109213462547,0.014237336439273709
fig8_D_0p05,0.050000000000000003,43.514965009250453,5.4620640678980106,22.819524523178082,29.246662093494159,-5.4500052332282278,-26.307044655104971,1.2932027556805765,4.7957385132929762,23.913964070203139,1.5036551653239236,-0.0064580239844055313,0.49255200358383217,-0.87025137601627722,-0.49255200358383217,0.87025137601627744,1.5036551653239234,-0.0064580239844054749
fig8_D_0p05,0.050000000000000003,44.222739805058971,6.3142315670686155,24.864157534234323,31.367970989298961,-6.4561034167159015,-28.293873935463143,1.9954662182971059,5.6237509535191359,26.03921611960109,1.515073729474725,-0.028503101062154028,0.46725343082445869,-0.88353527789915443,-0.46725343082445869,0.88353527789915454,1.5150737294747247,-0.028503101062154063
fig8_D_0p05,0.050000000000000003,44.942026621191417,7.4408068922277728,27.27954793645824,33.874888762843867,-7.7733554761657713,-30.653064989188454,2.9363544872907053,6.7248240778364909,28.553760909960388,1.5255174975209209,-0.051881708002224199,0.44060786919576284,-0.89583583948054424,-0.44060786919576284,0.89583583948054424,1.5255174975209209,-0.051881708002224219
fig8_D_0p05,0.050000000000000003,45.673012701687469,8.9683859118449973,30.164961069435279,36.868298003218491,-9.5420983816374783,-33.487801370382797,4.2306938717367162,8.2268358107357091,31.563199054465901,1.5348316561673847,-0.076559362834654449,0.41265023689270214,-0.90699790610749786,-0.41265023689270214,0.90699790610749764,1.5348316561673849,-0.076559362834654379
fig8_D_0p05,0.050000000000000003,46.415888336127821,11.102325739915912,33.649455417695641,40.477531279982621,-11.98854665321355,-36.934852709897449,6.0668025467319326,10.338055370668204,35.205888712896204,1.5428580953465361,-0.10248133471663481,0.38343570855183878,-0.9168630307223179,-0.38343570855183878,0.91686303072231767,1.5428580953465358,-0.1024813347166348
fig8_D_0p05,0.050000000000000003,47.170846909170123,14.189635222675205,37.89274024515111,44.858473051494997,-15.492337377070701,-41.169437810610823,8.766647276260942,13.411933391968713,39.655469484846599,1.5494383299605881,-0.12957100040347003,0.35304135854170393,-0.92527239586198617,-0.35304135854170399,0.92527239586198617,1.5494383299605881,-0.12957100040346997
fig8_D_0p05,0.050000000000000003,47.938084950891067,18.842329245519231,43.06092724091009,50.162002919945806,-20.71785179808078,-46.389937097296482,12.905502243282141,18.074858413870775,45.099089812158752,1.5544169129848995,-0.15772864790518878,0.32156735705818768,-0.93207022701393449,-0.32156735705818768,0.93207022701393405,1.5544169129848999,-0.15772864790518881
fig8_D_0p05,0.050000000000000003,48.717802187946312,26.181134313188711,49.204392076561199,56.391969781402359,-28.870334519300972,-52.716619332546117,19.55312456085392,25.480495462106838,51.61789116483515,1.5576452724495609,-0.18683086703882909,0.289137579315216,-0.93710762984487139,-0.28913757931521594,0.93710762984487139,1.5576452724495611,-0.18683086703882917
fig8_D_0p05,0.050000000000000003,49.510201595563515,38.274904567190291,55.777409847725053,62.869874971042719,-42.146032809599362,-59.759978186587531,30.72532778952268,37.775157932150179,58.703422041470112,1.5589858638149425,-0.21673065853717977,0.25589949617022867,-0.94024674281800547,-0.25589949617022861,0.94024674281800535,1.5589858638149423,-0.2167306585371796
fig8_D_0p05,0.050000000000000003,50.315489450380568,58.528997112849765,59.951609622154002,66.40712979211871,-64.073489353061873,-65.030981305732524,49.864210268776183,58.542033464260072,63.529677891463635,1.5583164878799107,-0.24725837256949554,0.22202323532927012,-0.94136505533696135,-0.22202323532927012,0.94136505533696135,1.5583164878799107,-0.24725837256949562
fig8_D_0p05,0.050000000000000003,51.133875384143209,89.155169740106274,52.255754876342628,56.738196865029167,-96.602313684926528,-59.603951346727925,79.696047727257678,90.307463996274109,56.393649170762444,1.5555345868652366,-0.27822355301972007,0.18769973678650317,-0.94035970405854152,-0.1876997367865032,0.94035970405854175,1.5555345868652364,-0.27822355301972013
fig8_D_0p05,0.050000000000000003,51.965572438276574,116.52772205776611,17.311054941754083,17.966192284990072,-124.41743651879951,-27.879394169425375,108.16388861561565,119.43037987531457,21.091225120360512,1.5505613025605109,-0.3094177162377717,0.15313797378294397,-0.93715153126228234,-0.15313797378294403,0.93715153126228234,1.5505613025605107,-0.30941771623777165
fig8_D_0p05,0.050000000000000003,52.810797119343306,109.18081855110159,-30.860596539996767,-33.447533924668882,-114.37191029117407,18.740327728042857,104.24090532238992,113.11765796849471,-28.74773628616061,1.543345065276206,-0.34061803467463392,0.11856126887406648,-0.93168867401807709,-0.1185612688740664,0.93168867401807709,1.543345065276206,-0.34061803467463381
fig8_D_0p05,0.050000000000000003,53.669769455404762,77.848780074171756,-54.659726971606752,-57.624844263904194,-79.673105272101282,43.567276367226746,75.787695433674486,81.451161341988112,-54.094755446225868,1.5338644849024381,-0.37159183120760197,0.08420279930030726,-0.92394945545309248,-0.084202799300307218,0.92394945545309204,1.5338644849024385,-0.37159183120760209
fig8_D_0p05,0.050000000000000003,54.542713053298364,51.376448618632736,-56.771637775598165,-58.740922969709942,-51.162690672958938,47.318506204691126,50.593125699592754,54.227288860526954,-56.964989337963672,1.5221303381547857,-0.40210172508589703,0.050300450730680346,-0.91394437219799696,-0.050300450730680429,0.91394437219799718,1.5221303381547855,-0.40210172508589703
fig8_D_0p05,0.050000000000000003,55.429855156846628,34.748555904522519,-51.677375653993963,-52.563113089610823,-33.542249823343845,43.537907161231651,34.360320816899126,36.960746082829765,-52.152049663824855,1.508186489308142,-0.43191121231123492,0.017091236565333321,-0.90171701531318271,-0.0170912365653333,0.90171701531318271,1.508186489308142,-0.4319112123112348
fig8_D_0p05,0.050000000000000003,56.331426706013517,24.688875714488837,-45.558662557673919,-45.58002596015659,-23.01802877570843,38.354464296174974,24.34989931205827,26.436388960118283,-46.112014835489951,1.4921096429128233,-0.46079041898513845,-0.015194455734303362,-0.88734382318888971,0.015194455734303438,0.88734382318888994,1.4921096429128233,-0.46079041898513845
fig8_D_0p05,0.050000000000000003,57.247662397021784,18.406677097665558,-40.070363965193749,-39.442909600843123,-16.520291846674677,33.531911772374713,17.99635438936938,19.821355507747153,-40.623100620602614,1.4740079010318428,-0.48852174169633122,-0.046338505360654487,-0.87093263895788919,0.046338505360654515,0.87093263895788908,1.4740079010318428,-0.48852174169633122
fig8_D_0p05,0.050000000000000003,58.178800743449351,14.30174176640333,-35.475209206659358,-34.362051946146273,-12.319592200002393,29.424627161778705,13.784512467611329,15.473375876823072,-35.997795507381554,1.4540181772043372,-0.5149050882371099,-0.076140299208869222,-0.85262012462544301,0.076140299208869208,0.85262012462544301,1.4540181772043375,-0.51490508823710979
fig8_D_0p05,0.050000000000000003,59.125084138318812,11.500248852611843,-31.684416996391992,-30.202986030181279,-9.4819515321243788,26.003763350820545,10.872066862219571,12.489610487140206,-32.167391940809026,1.4323025962751152,-0.53976245577302417,-0.10442131038327049,-0.83256816105627329,0.10442131038327046,0.83256816105627318,1.4323025962751155,-0.53976245577302406
fig8_D_0p05,0.050000000000000003,60.086758917196931,9.5139923898720014,-28.548896621762516,-26.783791553798189,-7.4900132420673105,23.157949039139329,8.782025484861931,10.36304672972641,-28.990973772075574,1.4090440752139355,-0.56294162981556495,-0.13102879751060323,-0.81095942894193673,0.13102879751060326,0.81095942894193684,1.4090440752139355,-0.56294162981556506
fig8_D_0p05,0.050000000000000003,61.064075422320364,8.0590878305113272,-25.932948706834438,-23.946079843531791,-6.0451390536110363,20.775502211502907,7.2338757905417976,8.7975869266970079,-26.336097116953312,1.3844413282626826,-0.58431885085284752,-0.15583847171457807,-0.78799241408656939,0.15583847171457813,0.78799241408656928,1.3844413282626826,-0.5843188508528474
fig8_D_0p05,0.050000000000000003,62.057288067765008,6.9634310128162378,-23.727743087355055,-21.565313404303851,-4.967471535670307,18.763281596495737,6.0558514775919754,7.6130306310678408,-24.095093380347155,1.3587035657971878,-0.60380036910457524,-0.17875605171750342,-0.76387610639757408,0.17875605171750328,0.76387610639757419,1.3587035657971878,-0.60380036910457524
fig8_D_0p05,0.050000000000000003,63.066655405674055,6.118550302438261,-21.849232734099026,-19.546408789708167,-4.1443457671057136,17.047783913097547,5.1387012614588361,6.6954009316163265,-22.184174999765915,1.3320451587584463,-0.62132288350343634,-0.19971770317064269,-0.73882466443584782,0.19971770317064275,0.73882466443584782,1.3320451587584463,-0.62132288350343634
fig8_D_0p05,0.050000000000000003,64.09244019356457,5.4536535853998691,-20.233065490200055,-17.817111673062321,-3.5026594901573049,15.571940330660771,4.4105142206989107,5.9700656199341324,-20.538868456842991,1.3046805209732879,-0.63685293092533268,-0.21868942823520771,-0.7130522978454702,0.21868942823520765,0.71305229784547031,1.3046805209732877,-0.63685293092533268
fig8_D_0p05,0.050000000000000003,65.134909462728089,4.9210898656631095,-18.829822224844989,-16.322233879493481,-2.9934810653535568,14.291491821552002,3.8224945511684725,5.3866303204334054,-19.109486009202477,1.2768194242183883,-0.65038534958087357,-0.23566552932589324,-0.68676858251662898,0.23566552932589327,0.68676858251662898,1.2768194242183883,-0.65038534958087357
fig8_D_0p05,0.050000000000000003,66.194334587743882,4.4878967916077048,-17.601253204494409,-15.01923466458247,-2.5831453263194275,13.171929069193157,3.3406271883116427,4.910129577979653,-17.857467433949996,1.2486629111865115,-0.66194098217941144,-0.25066631262773109,-0.66017437364058096,0.25066631262773109,0.66017437364058096,1.2486629111865115,-0.66194098217941133
fig8_D_0p05,0.050000000000000003,67.270991357123364,4.1307146016519454,-16.517463115672992,-13.874971149991824,-2.2479204400715549,12.186124259696959,2.9406274307452858,4.5157119913088266,-16.752611619656392,1.2203999159153376,-0.67156380825465256,-0.26373522077478023,-0.63345842621693482,0.26373522077478029,0.63345842621693482,1.2203999159153374,-0.67156380825465256
fig8_D_0p05,0.050000000000000003,68.365160045102385,3.8326284842290086,-15.554843816062354,-12.863337795174067,-1.9707112289713578,11.312554811691381,2.6047848932056072,4.1853322030153164,-15.771028441590731,1.1922046457349569,-0.67931770144676451,-0.27493559048506105,-0.60679477706929208,0.274935590485061,0.60679477706929219,1.1922046457349569,-0.67931770144676462
fig8_D_0p05,0.050000000000000003,69.477125484602396,3.5811518980204169,-14.69456081205351,-11.963551370583124,-1.7389624019888383,10.53398391412704,2.3199354036719764,3.9056331704126865,-14.89363152254157,1.1642347283228438,-0.68528299892062139,-0.28434722233087517,-0.58034089195802907,0.28434722233087512,0.58034089195802918,1.1642347283228438,-0.6852829989206215
fig8_D_0p05,0.050000000000000003,70.607177141377804,3.3669051497494324,-13.921440740291812,-11.158897523993971,-1.5432901302678217,9.8364802980785413,2.076124307389795,3.666555414903967,-14.105026109786568,1.1366300854903593,-0.68955304996138433,-0.29206292968519548,-0.55423653941427353,0.29206292968519543,0.55423653941427353,1.136630085490359,-0.68955304996138411
fig8_D_0p05,0.050000000000000003,71.75560918936921,3.182729100665298,-13.22314765558697,-10.435806848257998,-1.376567783102739,9.2086865396803219,1.8657049140537993,3.4604022511711854,-13.392683221988925,1.1095124637356428,-0.69223088309467551,-0.29818520619089078,-0.52860332132994958,0.29818520619089078,0.52860332132994958,1.1095124637356428,-0.69223088309467562
fig8_D_0p05,0.050000000000000003,72.922720587283123,3.0230778175698334,-12.589567845292056,-9.7831672784449228,-1.2333017879030741,8.6412690678648723,1.6827173920921492,3.2811979537531983,-12.746321401355582,1.0829855308052068,-0.69342609968099156,-0.30282311970193315,-0.50354476954624483,0.30282311970193326,0.50354476954624483,1.0829855308052068,-0.69342609968099178
fig8_D_0p05,0.050000000000000003,74.108815156415702,2.8835938937172112,-12.012346214107097,-9.1918073681976136,-1.1091968447484781,8.1265015287522999,1.5224522691872326,3.1242381709943454,-12.157439879507228,1.0571354367837678,-0.69325207014768875,-0.30608950885943537,-0.47914690696009882,0.30608950885943548,0.47914690696009882,1.0571354367837675,-0.69325207014768864
fig8_D_0p05,0.050000000000000003,75.314201659743759,2.7608055957206137,-11.484533833218306,-8.6541043497768051,-1.0008470240805163,7.6579467235284806,1.3811376812648,2.9857688473332793,-11.618963095767731,1.032031736080258,-0.69182347938781641,-0.30809852883132094,-0.45547916951673423,0.30809852883132088,0.45547916951673423,1.032031736080258,-0.69182347938781663
fig8_D_0p05,0.050000000000000003,76.539193882301561,2.6519064179904586,-11.000317872730907,-8.1636843246421549,-0.9055117655331657,7.2302120848731155,1.2557107689248392,2.8627523072113505,-11.124967926389139,1.0077285711995907,-0.68925424206936714,-0.30896356695871763,-0.43259558997790476,0.30896356695871763,0.43259558997790476,1.0077285711995907,-0.68925424206936736
fig8_D_0p05,0.050000000000000003,77.784110712864816,2.5545908007250842,-10.554813294623154,-7.7151912861858127,-0.82094959078401364,6.8387606134486045,1.1436467534346175,2.7526929579186756,-10.670473045429731,0.98426602839853061,-0.68565578756854584,-0.3087955280222312,-0.4105361535643402,0.3087955280222312,0.4105361535643402,0.98426602839853072,-0.68565578756854573
fig8_D_0p05,0.050000000000000003,79.049276226964196,2.4669279135670448,-10.143901424730505,-7.3041082177979701,-0.74529085942910178,6.4797641564946939,1.0428273861942161,2.653503636229563,-10.251275541090619,0.96167158737615488,-0.6811356982195379,-0.30770147282012467,-0.38932824762300539,0.30770147282012467,0.38932824762300539,0.96167158737615488,-0.68113569821953768
fig8_D_0p05,0.050000000000000003,80.335019771247346,2.3872603337908052,-9.7641045624535039,-6.9266180935010846,-0.67693605030456105,6.1499894405076283,0.95143543355789406,2.5633988436677262,-9.8638239476238461,0.9399616004832041,-0.67579667332903848,-0.30578358250623189,-0.36898814080363729,0.30578358250623194,0.36898814080363729,0.93996160048320399,-0.67579667332903837
fig8_D_0p05,0.050000000000000003,81.641676049214723,2.3141171230162842,-9.4124885742986866,-6.5794957720558314,-0.61446887035311559,5.8467097292942301,0.86786458822226098,2.4808040071836177,-9.5051196635707313,0.91914275033445292,-0.66973578438955805,-0.30313841412120657,-0.3495224406288665,0.30313841412120651,0.3495224406288665,0.91914275033445281,-0.66973578438955794
fig8_D_0p05,0.050000000000000003,82.969585208349145,2.2461316272276579,-9.0865871496684729,-6.2600237746662621,-0.55657441328249169,5.5676365177145177,0.79063508346745481,2.4042708993883672,-9.1726405159732938,0.8992134473098583,-0.66304398342801829,-0.29985640925321333,-0.3309294909438727,0.29985640925321333,0.33092949094387275,0.89921344730985842,-0.66304398342801829
fig8_D_0p05,0.050000000000000003,84.319092928662513,2.1819531951986884,-8.7843419400887317,-5.965925678005159,-0.50195153942196424,5.3108661417565557,0.71830423288741374,2.3323883869438302,-8.8642808870639929,0.88016513968604571,-0.65580582568233614,-0.29602161702036595,-0.31320068198734524,0.29602161702036583,0.31320068198734513,0.88016513968604571,-0.65580582568233614
fig8_D_0p05,0.050000000000000003,85.690550512683473,2.1201382579965329,-8.5040513894609209,-5.6953096065885163,-0.44920497381782465,5.074834845304971,0.64935745391519806,2.2636740961691322,-8.578301635756036,0.86198351876483359,-0.64809936907771815,-0.29171159384626705,-0.29632165545067846,0.29171159384626705,0.29632165545067846,0.8619835187648337,-0.64809936907771837
fig8_D_0p05,0.050000000000000003,87.084314976907237,2.0589983646493391,-8.2443154424255596,-5.4466088640073584,-0.39669486884541461,4.8582705320914217,0.58205756903900885,2.1964249226124268,-8.313277900847142,0.84464960927572652,-0.63999621562828068,-0.28699744515389963,-0.28027339480256691,0.28699744515389974,0.28027339480256702,0.84464960927572641,-0.63999621562828057
fig8_D_0p05,0.050000000000000003,88.500749144734385,1.9963683865657023,-8.003947434707305,-5.2184911229690591,-0.34230732972560934,4.6601143107302709,0.51421578473965002,2.1284900577406405,-8.0680180038016083,0.8281407415813653,-0.63156166337788744,-0.28194397759143486,-0.26503319740824699,0.28194397759143491,0.26503319740824699,0.8281407415813653,-0.63156166337788744
fig8_D_0p05,0.050000000000000003,89.940221740920535,1.9292349758104539,-7.7817821560158453,-5.0096658079500331,-0.2830864424209053,4.4793443281240348,0.44282415827275745,2.0569067954831457,-7.8413865639614189,0.81243140695603033,-0.62285494139063602,-0.27660993430005254,-0.25057552971374475,0.2766099343000526,0.2505755297137448,0.81243140695603033,-0.62285494139063613
fig8_D_0p05,0.050000000000000003,91.403107487562238,1.8531408602153228,-7.5761974107213019,-4.8184088561161964,-0.21464389281204369,4.3145263112681631,0.36346264561978359,1.977312747476341,-7.6318580464052328,0.79749400063272313,-0.61392950428762783,-0.27104828972011846,-0.23687277019094008,0.27104828972011846,0.23687277019094002,0.79749400063272313,-0.61392950428762794
fig8_D_0p05,0.050000000000000003,92.889787201644978,1.7613209474795946,-7.3838777450665738,-4.6413382651497717,-0.13030172348177474,4.1626332201783125,0.26942570844803615,1.8830791486645173,-7.4363477714838639,0.7832994596381273,-0.60483336667900878,-0.26530658428441645,-0.22389584706302867,0.26530658428441639,0.22389584706302862,0.7832994596381273,-0.60483336667900889
fig8_D_0p05,0.050000000000000003,94.400647894176032,1.6439792086644931,-7.1966781336920551,-4.470308946078644,-0.020370963572613046,4.0160117378357931,0.15093711017602318,1.7645280878262608,-7.2472087133824505,0.76981780386744392,-0.59560946141344628,-0.25942728292033346,-0.21161477926268521,0.2594272829203334,0.21161477926268521,0.76981780386744392,-0.59560946141344639
fig8_D_0p05,0.050000000000000003,95.936082870931472,1.4903996247488476,-6.9945342972672266,-4.2853893387839532,0.12577160511413712,3.8554276342657374,-0.0029784893232645501,1.6107724828873864,-7.0453422900980103,0.7570185895871997,-0.58629600877763932,-0.25344814449335917,-0.19999912981133028,0.25344814449335917,0.19999912981133028,0.7570185895871997,-0.58629600877763943
fig8_D_0p05,0.050000000000000003,97.496491834840967,1.3039324461492598,-6.7356476802731917,-4.045116961926758,0.30486668337548917,3.6401266879129408,-0.19016183919717899,1.4238865663307341,-6.790332353731479,0.74487128476469977,-0.57692688658896085,-0.24740259213476673,-0.18901838101849089,0.24740259213476679,0.18901838101849094,0.74487128476469977,-0.57692688658896096
fig8_D_0p05,0.050000000000000003,99.082280990037873,1.1421150920717089,-6.3718963511589974,-3.7016787748483537,0.46002930413403981,3.3218018578126234,-0.35587069082215383,1.2579806293555988,-6.4341977067891563,0.73334557545230483,-0.56753199353037986,-0.24132007680242168,-0.17864224072975715,0.24132007680242168,0.17864224072975715,0.73334557545230483,-0.56753199353037997
fig8_D_0p05,0.050000000000000003,100.69386314760271,1.1155228927351597,-5.9403108621226428,-3.291462289778281,0.48171895260123798,2.9336615162257313,-0.39154250710160193,1.2205888218998318,-6.0095556220290121,0.72241161202158133,-0.55813760009612001,-0.23522642844299291,-0.16884088841871644,0.23522642844299288,0.16884088841871647,0.72241161202158133,-0.55813760009612001
fig8_D_0p05,0.050000000000000003,102.33165783302449,1.2352985221645292,-5.5812074349599827,-2.9532833719360965,0.3586336037824378,2.6120070302076939,-0.28273538554062821,1.3262651568436523,-5.6512509151138257,0.71204020344061858,-0.54876668318023214,-0.22914419078757459,-0.15958516931648961,0.22914419078757459,0.15958516931648958,0.71204020344061858,-0.54876668318023214
fig8_D_0p05,0.050000000000000003,103.99609139541204,1.3897057285848322,-5.3509794252929623,-2.7431147233510247,0.20126112031232982,2.4146168577345102,-0.1367719034105597,1.4688872056562037,-5.4166281581655689,0.70220296708972374,-0.53943924168661073,-0.22309293715911238,-0.15084674407442275,0.22309293715911238,0.15084674407442278,0.70220296708972374,-0.53943924168661073
fig8_D_0p05,0.050000000000000003,105.68759711848051,1.5085477756338384,-5.2026013958838391,-2.6144858208951338,0.079160552195882111,2.2975352234066659,-0.023204259297422498,1.5795338036560094,-5.2622627811676574,0.69287244087069366,-0.53017259160904662,-0.21708956574009922,-0.14259820071547333,0.21708956574009922,0.14259820071547333,0.69287244087069366,-0.53017259160904651
fig8_D_0p05,0.050000000000000003,107.40661533334324,1.5852541172647538,-5.0886705283480325,-2.5204404444266251,-0.0010896161676630925,2.2147990685159447,0.050337827256672699,1.6505752209814277,-5.1426339234644303,0.68402216362186141,-0.52098163986404522,-0.21114857358316771,-0.13481313488683372,0.21114857358316771,0.13481313488683372,0.68402216362186141,-0.52098163986404511
fig8_D_0p05,0.050000000000000003,109.15359353313912,1.6316580166240156,-4.9865999103118046,-2.4385572517290259,-0.051172981763829471,2.1441249935625719,0.094778536238417824,1.6927905872498183,-5.0356302899506984,0.67562672913233623,-0.51187913679551633,-0.20528230928360622,-0.12746620370755685,0.20528230928360622,0.12746620370755682,0.67562672913233623,-0.51187913679551644
fig8_D_0p05,0.050000000000000003,110.92898648952227,1.658743263851834,-4.8881253503314692,-2.360597625412586,-0.081957685906951155,2.0771917251924852,0.12058528395056517,1.7165319085030857,-4.9329653677362799,0.66766181837199423,-0.50287590774365953,-0.19950120470605037,-0.12053315782808384,0.19950120470605037,0.12053315782808384,0.66766181837199412,-0.50287590774365953
fig8_D_0p05,0.050000000000000003,112.73325637104871,1.6738090677044608,-4.7907642621184641,-2.2840558410435174,-0.10067443922174532,2.0113997218152599,0.13478904111540338,1.7287595071954369,-4.8320255472507618,0.66010421392930252,-0.49398106441087841,-0.1938139864981529,-0.11399085569410669,0.19381398649815293,0.1139908556941067,0.66010421392930252,-0.4939810644108783
fig8_D_0p05,0.050000000000000003,114.56687286348726,1.6813530070036982,-4.6940726962150734,-2.2084520587545389,-0.1117837474004436,1.9462052889242913,0.14174724125999275,1.7337905389635813,-4.7322396463727925,0.6529318000824057,-0.48520219699194306,-0.18822786835841562,-0.1078172634405332,0.18822786835841565,0.1078172634405332,0.6529318000824057,-0.485202196991943
fig8_D_0p05,0.050000000000000003,116.43031329208756,1.684124750173827,-4.5982394780788889,-2.1339384912682031,-0.11801644744923241,1.8817251146482119,0.14413311794712852,1.7342757978726393,-4.6336954967620896,0.64612355142137834,-0.47654554818613615,-0.18274872517591792,-0.10199144333380292,0.18274872517591795,0.10199144333380292,0.64612355142137834,-0.47654554818613609
fig8_D_0p05,0.050000000000000003,118.32406274583781,1.6838296504362669,-4.5035908165884067,-2.0608074999665504,-0.12106932434565111,1.8182360234404946,0.14360770965334421,1.7318640365119913,-4.5366432993640489,0.63965951249011477,-0.46801617029461234,-0.17738125024518597,-0.096493533231363074,0.17738125024518597,0.096493533231363074,0.63965951249011477,-0.4680161702946124
fig8_D_0p05,0.050000000000000003,120.24861420374123,1.6815478772585721,-4.4104287903469306,-1.9893307378313798,-0.12201974957354846,1.7560070296619272,0.14122359004596072,1.7276013323271135,-4.4413284344175512,0.63352077052207745,-0.45961806664210719,-0.17212909679536206,-0.091304719132857412,0.17212909679536206,0.091304719132857412,0.63352077052207734,-0.45961806664210714
fig8_D_0p05,0.050000000000000003,122.20446866314887,1.6779786656747642,-4.3189890076355573,-1.919716603997117,-0.12156742159951686,1.6952518866213755,0.13766145378825947,1.7221652193531909,-4.3479438766663066,0.62768942300107033,-0.45135431856093622,-0.16699500507167239,-0.086407202554529244,0.16699500507167242,0.086407202554529272,0.62768942300107045,-0.45135431856093622
fig8_D_0p05,0.050000000000000003,124.19213527017847,1.6735838196776893,-4.2294388513365444,-1.852108077847505,-0.12017645071708975,1.6361237279063068,0.13336969331084139,1.7160028676271881,-4.2566244747659114,0.62214854148196874,-0.44322719914716746,-0.16198091617913143,-0.081784164162089681,0.16198091617913143,0.081784164162089681,0.62214854148196874,-0.44322719914716746
fig8_D_0p05,0.050000000000000003,126.21213145225461,1.668673655574475,-4.1418877652660031,-1.7865925962700755,-0.11816048517169959,1.5787229064834671,0.12864826560028,1.7094141386182282,-4.1674544146371613,0.61688213285208604,-0.43523827495178535,-0.15708807385138826,-0.07741972484305476,0.15708807385138826,0.077419724843054774,0.61688213285208604,-0.4352382749517853
fig8_D_0p05,0.050000000000000003,128.264983052806,1.6634596593630995,-4.0563995012254948,-1.7232139486756461,-0.1157348888102767,1.5231075949528778,0.12370021584444767,1.7026026280706463,-4.0804774907847667,0.61187509899703707,-0.42738849670999757,-0.15231711524795985,-0.073298905182720281,0.15231711524795985,0.073298905182720267,0.61187509899703707,-0.42738849670999751
fig8_D_0p05,0.050000000000000003,130.35122446815089,1.658087509800676,-3.9730030753229109,-1.6619829442734266,-0.1130494780904196,1.4693036311097807,0.1186640614450557,1.6957077598472752,-3.9957066792364295,0.60711319565104727,-0.41967828014436676,-0.14766815181564102,-0.069407584124029129,0.14766815181564105,0.069407584124029129,0.60711319565104727,-0.4196782801443667
fig8_D_0p05,0.050000000000000003,132.47139878661176,1.652658257289964,-3.8917016682589218,-1.6028860780773426,-0.11020952858756022,1.4173126637622484,0.11363459867752473,1.6888254149216995,-3.913132061119148,0.60258299105647972,-0.41210757780584933,-0.14314084117830583,-0.065732457436402256,0.14314084117830583,0.065732457436402256,0.60258299105647961,-0.41210757780584928
fig8_D_0p05,0.050000000000000003,134.62605792989109,1.6472421939137827,-3.8124795554201536,-1.5458922708390908,-0.10728954081634494,1.3671185659808109,0.10867654820720013,1.6820214670992761,-3.8327270548680996,0.59827182492714792,-0.40467594284395569,-0.13873445094644743,-0.062260996488388856,0.13873445094644743,0.062260996488388863,0.59827182492714792,-0.40467594284395564
fig8_D_0p05,0.050000000000000003,136.81576279674704,1.6418881133842991,-3.7353073931468672,-1.4909579997556399,-0.1043424376248259,1.3186923643181316,0.10383367430394282,1.675340834214647,-3.7544531970289632,0.5941677681012314,-0.39738258552501943,-0.13444791526559757,-0.058981407710233302,0.13444791526559755,0.058981407710233323,0.5941677681012314,-0.39738258552501937
fig8_D_0p05,0.050000000000000003,139.04108340900697,1.636629602455856,-3.6601462094708701,-1.4380311606082778,-0.10140581892129105,1.2719959810603145,0.099134984168097726,1.6688136356130765,-3.6782637616919795,0.5902595831792895,-0.39022642324749401,-0.13027988485271005,-0.055882593042128816,0.13027988485271005,0.055882593042128816,0.5902595831792895,-0.39022642324749401
fig8_D_0p05,0.050000000000000003,141.30259905995337,1.631489383705802,-3.5869504005775386,-1.387053956707621,-0.098506284036092406,1.2269850567510345,0.094599007535359547,1.6624594465499696,-3.604106480327216,0.58653668636826506,-0.38320612473626214,-0.12622877120266277,-0.052954111589306616,0.12622877120266277,0.052954111589306609,0.58653668636826506,-0.38320612473626214
fig8_D_0p05,0.050000000000000003,143.60089846512608,1.6264823562386692,-3.515669973696367,-1.3379650508887657,-0.095662462322650438,1.1836110708726408,0.090236791807182234,1.6562902788168445,-3.5319255757195296,0.58298911069105852,-0.37632014903471289,-0.1222927855838275,-0.050186142643799697,0.1222927855838275,0.050186142643799697,0.58298911069105852,-0.37632014903471284
fig8_D_0p05,0.050000000000000003,145.93657991557578,1.6216177520012254,-3.4462522219109992,-1.2907011626717924,-0.09288716593404335,1.1418229306892855,0.086054023795853224,1.6503126949178353,-3.4616632768211675,0.57960747067125651,-0.36956677985430036,-0.11846997338261026,-0.047569450182703289,0.11846997338261026,0.047569450182703289,0.57960747067125651,-0.36956677985430031
fig8_D_0p05,0.050000000000000003,148.31025143361029,1.6169006823341203,-3.378642971379016,-1.2451982485104787,-0.090188937001796171,1.1015681581130938,0.082052548794065719,1.6445293240816798,-3.3932609419462993,0.57638292856203999,-0.36294415578648054,-0.11475824430206687,-0.045095348912192607,0.11475824430206685,0.045095348912192607,0.57638292856203999,-0.36294415578648054
fig8_D_0p05,0.050000000000000003,150.72253093107554,1.612333258300817,-3.312787506547767,-1.2013923687473695,-0.087573171204075859,1.0627937728028356,0.078231468147242397,1.6389399597041037,-3.3266598866418864,0.57330716215571531,-0.35645029683144486,-0.11115539886922773,-0.042755671893961018,0.11115539886922773,0.042755671893961032,0.57330716215571531,-0.35645029683144486
fig8_D_0p05,0.050000000000000003,153.17404637020798,1.607915409332844,-3.2486312525177903,-1.1592203189020645,-0.08504294124677525,1.0254469454739701,0.074587938418843411,1.6335423602649584,-3.2618019887553387,0.57037233418435629,-0.35008312765181593,-0.10765915165951176,-0.040542739764779512,0.10765915165951175,0.040542739764779512,0.57037233418435629,-0.35008312765181593
fig8_D_0p05,0.050000000000000003,155.66543592710622,1.603645485889938,-3.1861202739124552,-1.1186200834572964,-0.082599605287411587,0.98947547711611061,0.071117756942741833,1.6283328378168653,-3.1986301252492346,0.56757106330160245,-0.3438404979172362,-0.10426715160439776,-0.038449331539422711,0.10426715160439771,0.038449331539422711,0.56757106330160245,-0.34384049791723625
fig8_D_0p05,0.050000000000000003,158.19734815786015,1.5995207058768794,-3.1252016348611149,-1.0795311558043494,-0.080243259602039166,0.9548281461093755,0.067815792928709137,1.6233066927432547,-3.1370884818442502,0.56489639661980384,-0.33772020006746256,-0.10097699971019314,-0.036468656971342349,0.10097699971019315,0.036468656971342349,0.56489639661980384,-0.33772020006746251
fig8_D_0p05,0.050000000000000003,160.77044216738221,1.5955374869668866,-3.0658236537175134,-1.0418947572115462,-0.077973077353365949,0.92145495497813479,0.064676305895560476,1.6184585362447703,-3.077122766496815,0.56234178376460209,-0.33171998478682452,-0.097786264481002319,-0.034594330433355955,0.097786264481002333,0.034594330433355955,0.56234178376460209,-0.33171998478682446
fig8_D_0p05,0.050000000000000003,163.38538778098604,1.5916916949012836,-3.0079360779413609,-1.0056539796301063,-0.075787563338359717,0.88930730084508347,0.06169318125022355,1.6137825301594373,-3.0186803501803277,0.5599010524000344,-0.32583757445154016,-0.094692495307633268,-0.032820346271605808,0.094692495307633254,0.032820346271605808,0.5599010524000344,-0.32583757445154021
fig8_D_0p05,0.050000000000000003,166.04286571875295,1.5879788294379724,-2.9514901984422672,-0.97075387113412681,-0.073684746263846745,0.8583380878895267,0.058860104511006844,1.6092725654718072,-2.9617103527858339,0.55756838517077534,-0.32007067478313916,-0.091693234055935893,-0.031141055579560369,0.091693234055935893,0.031141055579560369,0.55756838517077534,-0.32007067478313911
fig8_D_0p05,0.050000000000000003,168.74356777273758,1.5843941637172414,-2.8964389180833825,-0.93714147827694716,-0.071662324240237663,0.82850179577794225,0.056170689818165809,1.6049223950588973,-2.9061636877056949,0.55533829800369383,-0.31441698491580528,-0.088786025062646684,-0.029551144334382735,0.08878602506264667,0.029551144334382735,0.55533829800369383,-0.31441698491580522
fig8_D_0p05,0.050000000000000003,171.4881969870541,1.5809328486181717,-2.8427367855740204,-0.90476585624698713,-0.06971777501920523,0.79975451475981707,0.053618574210818837,1.6007257320896773,-2.8519930754551988,0.55320561970814086,-0.30887420606268856,-0.085968423724036264,-0.028045612835214694,0.085968423724036264,0.028045612835214694,0.55320561970814086,-0.30887420606268867
fig8_D_0p05,0.050000000000000003,174.27746784089175,1.5775899906679227,-2.7903400033541952,-0.87357805513487141,-0.067848439511255701,0.77205395563633616,0.051197486158683442,1.5966763225270466,-2.7991530342539477,0.55116547281291883,-0.30344004894578797,-0.083238003842222782,-0.02661975638145566,0.08323800384222281,0.026619756381455664,0.55116547281291883,-0.30344004894578791
fig8_D_0p05,0.050000000000000003,177.11210643450869,1.5743607098854013,-2.7392064160781486,-0.84353108867238036,-0.066051584952596012,0.7453594409172839,0.048901294669827872,1.5927679980298701,-2.7475998536402204,0.54921325557748635,-0.29811224013573423,-0.080592363875742548,-0.025269147128701742,0.080592363875742576,0.025269147128701746,0.54921325557748635,-0.29811224013573417
fig8_D_0p05,0.050000000000000003,179.99285067824763,1.571240182347388,-2.6892954847797972,-0.81457989031552303,-0.064324452506877239,0.7196318820337021,0.046724043711566729,1.5889947139794793,-2.6972915557776078,0.5473446251153693,-0.2928885274314903,-0.078029132224646275,-0.023989617060420569,0.078029132224646275,0.023989617060420569,0.5473446251153693,-0.2928885274314903
fig8_D_0p05,0.050000000000000003,182.92045048462938,1.5682236710917865,-2.6405682506351882,-0.78668126040632336,-0.062664292920363115,0.6948337463633425,0.044659975514713963,1.5853505761958053,-2.6481878480321588,0.54555548156879363,-0.28776668439537456,-0.075545971665798586,-0.022777242014472007,0.075545971665798586,0.02277724201447201,0.54555548156879363,-0.28776668439537456
fig8_D_0p05,0.050000000000000003,185.89566796356883,1.5653065481019055,-2.5929872913387677,-0.75979380727394841,-0.061068392982432634,0.67092901696957963,0.042703545465569821,1.5818298590476543,-2.6002500695653503,0.54384195327509721,-0.28274451414584167,-0.073140583041068047,-0.021628326705114546,0.073140583041068061,0.021628326705114546,0.5438419532750971,-0.28274451414584162
fig8_D_0p05,0.050000000000000003,188.91927762076682,1.5624843094651233,-2.5465166724168093,-0.7338778844631022,-0.05953409489532082,0.64788314729309993,0.040849430643127106,1.5784270170183108,-2.5534411340466669,0.54220038286736272,-0.27781985249885111,-0.07081070828950016,-0.020539390683013626,0.070810708289500146,0.020539390683013629,0.54220038286736272,-0.27781985249885111
fig8_D_0p05,0.050000000000000003,191.99206655932829,1.5597525853100027,-2.5011218952647565,-0.7088955257583649,-0.05805881016925131,0.62566301252278922,0.039092533572759124,1.5751366913037701,-2.507725470093904,0.54062731425385901,-0.27299057053833975,-0.068554132904247916,-0.019507155177903274,0.068554132904247903,0.01950715517790327,0.54062731425385901,-0.27299057053833969
fig8_D_0p05,0.050000000000000003,195.11483468466164,1.5571071457558299,-2.4567698432784253,-0.684810379270817,-0.056640029289679615,0.60423685897329382,0.037427982400015117,1.5719537126548264,-2.4630689606637066,0.53911948042319258,-0.2682545766871261,-0.066368687885846434,-0.018528530770858875,0.066368687885846434,0.018528530770858871,0.53911948042319269,-0.26825457668712616
fig8_D_0p05,0.050000000000000003,198.28839491270713,1.5545439038269548,-2.413428727125245,-0.66158764154228045,-0.055275328122048099,0.58357425248656125,0.035851128408756996,1.5688731013956734,-2.4194388823178583,0.53767379202449972,-0.26360981834141828,-0.064252251255252746,-0.017600605845554979,0.06425225125525276,0.017600605845554979,0.53767379202449972,-0.26360981834141833
fig8_D_0p05,0.050000000000000003,201.51357338155586,1.5520589160690468,-2.3710680299488791,-0.6391939923801514,-0.053962371804008459,0.56364602663176389,0.03435754159449745,1.5658900653389332,-2.3768038450574074,0.53628732667447609,-0.25905428312481077,-0.062202749182796176,-0.016720635770345115,0.062202749182796176,0.016720635770345115,0.53628732667447609,-0.25905428312481077
fig8_D_0p05,0.050000000000000003,204.79120966650876,1.5496483814389475,-2.3296584531037241,-0.61759753094834613,-0.052698916709326062,0.54442423128896056,0.032943004840169716,1.5629999961534788,-2.3351337332371478,0.53495731894553877,-0.25458599981122515,-0.060218156782736787,-0.015886032765484479,0.060218156782736801,0.015886032765484479,0.53495731894553877,-0.25458599981122521
fig8_D_0p05,0.050000000000000003,208.12215699863373,1.5473086389123323,-2.2891718628619904,-0.59676771349393587,-0.051482810939577926,0.52588208205354869,0.031603507115576475,1.5601984646155216,-2.2943996479322988,0.53368115099187718,-0.2502030389604995,-0.058296498617385492,-0.015094356412273397,0.058296498617385478,0.015094356412273397,0.53368115099187718,-0.25020303896049945
fig8_D_0p05,0.050000000000000003,211.50728248687946,1.5450361641544386,-2.2495812384157889,-0.5766752929758312,-0.050311993700331084,0.50799391078265199,0.030335236024406541,1.557481215075907,-2.2545738510199853,0.53245634377257245,-0.24590351330524182,-0.056435848949644096,-0.014343304763314331,0.056435848949644089,0.014343304763314331,0.53245634377257245,-0.24590351330524177
fig8_D_0p05,0.050000000000000003,214.94746734379805,1.5428275655224948,-2.2108606214031781,-0.55729226077435301,-0.04918449384104976,0.49073511751404242,0.029134569947330005,1.5548441594009441,-2.2156297111536398,0.53128054883332687,-0.24168557792305093,-0.054634331778302347,-0.013630706015426996,0.054634331778302334,0.013630706015426992,0.53128054883332687,-0.24168557792305093
fig8_D_0p05,0.050000000000000003,218.44360711494284,1.5406795796085091,-2.1729850671139235,-0.53859179059273232,-0.048098427777437815,0.47408212391746091,0.027998069971083752,1.5522833705852428,-2.1775416517427577,0.53015154061061887,-0.23754743022417876,-0.052890120686405272,-0.012954510709036455,0.052890120686405265,0.012954510709036453,0.53015154061061887,-0.23754743022417865
fig8_D_0p05,0.050000000000000003,221.9966119119957,1.5385890664844317,-2.1359305974741667,-0.5205481846096337,-0.047051996967477347,0.45801232838313249,0.026922471747891578,1.5497950761891088,-2.1402851009999879,0.5290672092242964,-0.23348730978116355,-0.051201438529445684,-0.012312784420036754,0.051201438529445684,0.012312784420036752,0.5290672092242964,-0.2334873097811635
fig8_D_0p05,0.050000000000000003,225.60740664968591,1.5365530047750018,-2.0996741558652348,-0.50313682190197406,-0.046043485075106041,0.44250406280939003,0.025904677394033421,1.5473756517172428,-2.1038364440788078,0.52802555372671722,-0.22950349802379902,-0.049566556986970954,-0.011703700912222736,0.049566556986970947,0.011703700912222736,0.52802555372671722,-0.22950349802379907
fig8_D_0p05,0.050000000000000003,229.27693128656489,1.5345684866548996,-2.0641935637980207,-0.48633410912712127,-0.045071254926087087,0.4275365511184358,0.024941747508688304,1.5450216140273871,-2.0681729772953128,0.52702467577854351,-0.22559431782000053,-0.047983795998386598,-0.011125535720375855,0.047983795998386591,0.011125535720375857,0.52702467577854351,-0.22559431782000053
fig8_D_0p05,0.050000000000000003,233.00614106969246,1.5326327128442812,-2.0294674794386478,-0.47011743343111961,-0.044133745337421523,0.41308986950383286,0.024030893372539417,1.5427296148356642,-2.0332728644060327,0.5260627737232012,-0.2217581329606583,-0.046451523101255859,-0.010576660135984763,0.046451523101255859,0.010576660135984763,0.5260627737232012,-0.22175813296065833
fig8_D_0p05,0.050000000000000003,236.79600678330786,1.5307429876590164,-1.9954753579614659,-0.45446511753275459,-0.043229467883312611,0.39914490839403433,0.02316946936881549,1.5404964343681899,-1.9991150948965863,0.52513813703380818,-0.21799334756435007,-0.044968152688180392,-0.010055535569372489,0.044968152688180399,0.010055535569372489,0.52513813703380818,-0.21799334756435004
fig8_D_0p05,0.050000000000000003,240.64751500154267,1.5288967141580345,-1.9621974136910003,-0.43935637692141832,-0.042357003646164834,0.3856833361018599,0.022354965656297375,1.5383189751950836,-1.9656794442245451,0.5242491411080803,-0.21429840541585241,-0.043532145196400522,-0.0095607082636996361,0.043532145196400536,0.0095607082636996361,0.5242491411080803,-0.21429840541585241
fig8_D_0p05,0.050000000000000003,244.56166834524441,1.5270913894192777,-1.9296145839837426,-0.42477127909829848,-0.041514999989613915,0.37268756411908538,0.02158500111364884,1.5361942562725979,-1.9329464359512019,0.52339424238832488,-0.21067178925065369,-0.042142006242514171,-0.0090908043379085458,0.042142006242514178,0.0090908043379085441,0.52339424238832488,-0.21067178925065366
fig8_D_0p05,0.050000000000000003,248.53948574297985,1.5253245999671219,-1.8977084947931477,-0.41069070478492181,-0.040702167381468694,0.360140714007681,0.020857316566545093,1.5341194072108597,-1.9008973056913796,0.52257197378513875,-0.20711201999614073,-0.040796285713180627,-0.0086445251371778872,0.04079628571318062,0.0086445251371778872,0.52257197378513875,-0.20711201999614071
fig8_D_0p05,0.050000000000000003,252.58200269627847,1.5235940173675013,-1.8664614278560934,-0.39709631101979492,-0.039917276287246006,0.34802658583388774,0.02016976830299768,1.5320916627784993,-1.869513966806962,0.52178094038484846,-0.20361765597879014,-0.039493576821317683,-0.008220642870870546,0.03949357682131769,0.0082206428708705443,0.52178094038484846,-0.20361765597879014
fig8_D_0p05,0.050000000000000003,256.69027154919519,1.5218973940016844,-1.8358562894356749,-0.38397049606222045,-0.039159154149271555,0.33632962808782474,0.019520321877646775,1.5301083576504848,-1.838778977767844,0.521019815422054,-0.20018729210547798,-0.038232515136090828,-0.0078179965192812766,0.038232515136090828,0.0078179965192812749,0.521019815422054,-0.200187292105478
fig8_D_0p05,0.050000000000000003,260.86536176225508,1.5202325590256551,-1.8058765805536223,-0.37129636602214089,-0.038426682461828045,0.32503490902933541,0.018907046202268438,1.5281669214018696,-1.8086755111036446,0.52028733649988912,-0.19681955902597864,-0.037011777593933398,-0.0074354879917347778,0.037011777593933391,0.0074354879917347778,0.52028733649988923,-0.19681955902597864
fig8_D_0p05,0.050000000000000003,265.1083601908536,1.5185974145189178,-1.7765063686448266,-0.35905770313551122,-0.037718793949286983,0.31412808939982684,0.018328107917127835,1.5262648737472706,-1.779187323869829,0.51958230204177458,-0.19351312228278095,-0.035830081496890855,-0.0070720785197466718,0.035830081496890855,0.0070720785197466709,0.51958230204177458,-0.19351312228278092
fig8_D_0p05,0.050000000000000003,269.42037136818823,1.5169899318241757,-1.7477302605667722,-0.34723893560616803,-0.037034469851385095,0.30359539643982919,0.017781766035884543,1.5243998200238773,-1.7502987295531176,0.51890356795952974,-0.19026668145351619,-0.03468618350374697,-0.006726785270047133,0.034686183503746963,0.0067267852700471312,0.51890356795952974,-0.19026668145351622
fig8_D_0p05,0.050000000000000003,273.80251779278575,1.5154081480775949,-1.7195333768976622,-0.33582510893716816,-0.036372737317644149,0.29342359915263572,0.017266366855377177,1.5225694469142468,-1.7219945713427973,0.51825004452373358,-0.1870789692905781,-0.033578878618657583,-0.0063986781632848827,0.033578878618657576,0.0063986781632848827,0.51825004452373358,-0.18707896929057813
fig8_D_0p05,0.050000000000000003,278.2559402207126,1.5138501629280054,-1.6919013274582315,-0.32480185867691386,-0.03573266691125096,0.28359998475545584,0.016780339120673119,1.5207715184040895,-1.6942601966966295,0.51762069342316952,-0.18394875086184648,-0.032506999181358756,-0.0060868768851762775,0.032506999181358763,0.0060868768851762775,0.51762069342316952,-0.18394875086184645
fig8_D_0p05,0.050000000000000003,282.78179796253443,1.5123141354425353,-1.6648201879942421,-0.31415538450809238,-0.035113370221432676,0.27411233626104126,0.016322189435171507,1.5190038719695489,-1.6670814331325037,0.51701452500108247,-0.18087482269587918,-0.031469413862447997,-0.0057905480777524125,0.031469413862448004,0.0057905480777524134,0.51701452500108247,-0.18087482269587918
fig8_D_0p05,0.050000000000000003,287.38126918510636,1.5107982811954603,-1.6382764779585066,-0.30387242561025596,-0.034513997582383243,0.26494891113447,0.015890497905187567,1.5172644149880425,-1.6404445651795776,0.51643059565680438,-0.17785601193442388,-0.030465026666725313,-0.0055089026991825864,0.030465026666725317,0.0055089026991825872,0.51643059565680438,-0.17785601193442388
fig8_D_0p05,0.050000000000000003,292.0555512182745,1.5093008695367338,-1.6122571393336318,-0.29394023722980539,-0.033933735896077094,0.25609842097169555,0.01548391400832483,1.5155511213665527,-1.6143363124252428,0.51586800540207534,-0.17489117549465977,-0.029492775947134384,-0.0052411935414235916,0.029492775947134384,0.0052411935414235925,0.51586800540207534,-0.17489117549465974
fig8_D_0p05,0.050000000000000003,296.80586086656024,1.5078202210364033,-1.5867495164389191,-0.28434656839415517,-0.033371806555770857,0.24755001214856417,0.015101152674947733,1.513862028381195,-1.588743808597282,0.5153258955621105,-0.17197919924320051,-0.028551633431451545,-0.0049867128956635996,0.028551633431451538,0.0049867128956635988,0.5153258955621105,-0.17197919924320051
fig8_D_0p05,0.050000000000000003,301.63343472591976,1.5063547051010822,-1.5617413366672406,-0.2750796407097616,-0.032827463466626017,0.23929324739105323,0.014740990572200019,1.5121952337220155,-1.5636545816229788,0.51480344661212907,-0.16911899718353474,-0.027640603263519279,-0.0047447903561980403,0.027640603263519279,0.0047447903561980403,0.51480344661212907,-0.16911899718353474
fig8_D_0p05,0.050000000000000003,306.53952950565298,1.5049027377586817,-1.5372206921001621,-0.26612812818670356,-0.032299991159645845,0.23131808821969874,0.014402262580247295,1.5105488927371764,-1.5390565346100431,0.51429987614069361,-0.16630951065829341,-0.02675872106051954,-0.0045147907540001248,0.026758721060519547,0.0045147907540001257,0.51429987614069361,-0.16630951065829339
fig8_D_0p05,0.050000000000000003,311.52542235554847,1.5034627796077993,-1.5131760219519557,-0.25748113803534461,-0.031788702994964189,0.22361487822329212,0.01408385845070116,1.5089212158709708,-1.5149379276967028,0.51381443693178408,-0.16354970756746509,-0.025905052987511945,-0.004296112211829451,0.025905052987511945,0.004296112211829451,0.51381443693178408,-0.16354970756746509
fig8_D_0p05,0.050000000000000003,316.59241119835207,1.5020333339283019,-1.4895960957954704,-0.24912819238340675,-0.031292939450457663,0.21617432711905527,0.013784719637521602,1.5073104662904444,-1.4912873607210513,0.51334641515807578,-0.16083858160345094,-0.025078694850226659,-0.0040881843132637759,0.025078694850226652,0.0040881843132637759,0.51334641515807578,-0.16083858160345091
fig8_D_0p05,0.050000000000000003,321.74181506763716,1.5006129449500092,-1.466469997525234,-0.24105921086451332,-0.030812066491648769,0.20898749555860072,0.013503836291060585,1.5057149576958444,-1.4680937566622922,0.51289512867839837,-0.15817515150365652,-0.024278771206897923,-0.0038904663785439991,0.024278771206897923,0.0038904663785439991,0.51289512867839837,-0.15817515150365652
fig8_D_0p05,0.050000000000000003,326.97497445117676,1.4992001962766139,-1.4437871100152788,-0.23326449403181851,-0.030345474018896156,0.20204578064098078,0.013240244406292966,1.5041330523104703,-1.4453463458089491,0.51245992543281393,-0.15555846032113238,-0.023504434499739983,-0.0037024458405912558,0.02350443449973998,0.0037024458405912545,0.51245992543281393,-0.15555846032113238
fig8_D_0p05,0.050000000000000003,332.29325163989751,1.4977937094623817,-1.4215371004314876,-0.22573470755287511,-0.029892574387945615,0.19534090209612173,0.012993023116687036,1.5025631590460256,-1.4230346506115439,0.5120401819292022,-0.15298757471363536,-0.022754864206514222,-0.0035236367149936608,0.022754864206514215,0.0035236367149936608,0.5120401819292022,-0.15298757471363536
fig8_D_0p05,0.050000000000000003,337.69803108250881,1.4963921427395102,-1.3997099061602889,-0.21846086714425914,-0.029452801000020085,0.18886488910381458,0.012761292125554905,1.501003731839988,-1.4011484711795292,0.51163530181563877,-0.15046158425134404,-0.02202926601249687,-0.003353578158167175,0.02202926601249687,0.0033535781581671758,0.51163530181563877,-0.15046158425134398
fig8_D_0p05,0.050000000000000003,343.19071974590429,1.4949941898944437,-1.3782957213175386,-0.21143432420673069,-0.029025606957734342,0.1826100677152428,0.012544209267138106,1.4994532681620287,-1.3796778713843911,0.51124471453323284,-0.14797960074334771,-0.021326871003037571,-0.0031918331082746495,0.021326871003037571,0.0031918331082746495,0.51124471453323284,-0.14797960074334773
fig8_D_0p05,0.050000000000000003,348.77274748141775,1.4935985792918347,-1.3572849838034675,-0.2046467521239041,-0.028610463783267339,0.17656904884579791,0.012340968190068306,1.4979103076869777,-1.3586131655330311,0.51086787404445222,-0.14554075758293902,-0.020646934876798497,-0.0030379870038412882,0.020646934876798501,0.0030379870038412891,0.51086787404445222,-0.14554075758293902
fig8_D_0p05,0.050000000000000003,354.44556739704353,1.4922040730452371,-1.3366683628712444,-0.19809013318940213,-0.028206860195353973,0.17073471680954369,0.012150796156232213,1.4963734311323278,-1.3379449055773933,0.51050425763227847,-0.1431442091116408,-0.019988737179670563,-0.0028916465753331877,0.019988737179670556,0.0028916465753331872,0.51050425763227847,-0.14314420911164077
fig8_D_0p05,0.050000000000000003,360.21065623570735,1.4908094663340699,-1.3164367471786906,-0.19175674612946386,-0.027814300941823581,0.16510021836732372,0.011972951948448456,1.494841259258789,-1.3176638688283417,0.5101533647658566,-0.14078913000184282,-0.019351580559290829,-0.002752438705273435,0.019351580559290826,0.0027524387052734341,0.5101533647658566,-0.14078913000184284
fig8_D_0p05,0.050000000000000003,366.06951475968987,1.4894135868667973,-1.2965812332942157,-0.18563915418978161,-0.027432305684540692,0.15965895226197649,0.011806723880721019,1.4933124520328311,-1.2977610461434885,0.50981471602857364,-0.13847471465785233,-0.018734790040017085,-0.0026200093527556437,0.018734790040017085,0.0026200093527556437,0.50981471602857364,-0.13847471465785233
fig8_D_0p05,0.050000000000000003,372.02366814130659,1.4880152944906968,-1.2770931146297397,-0.17973019375709637,-0.027060407933781994,0.15440455921556651,0.011651427905190108,1.4917857079507217,-1.2782276305604598,0.50948785210477843,-0.13620017663511283,-0.018137712318159898,-0.002494022538481334,0.018137712318159898,0.002494022538481334,0.50948785210477843,-0.13620017663511277
fig8_D_0p05,0.050000000000000003,378.07466635993489,1.4866134809490092,-1.2579638707748981,-0.17402296348773341,-0.026698154029213668,0.14933091236490298,0.011506405810231409,1.4902597635240094,-1.2590550063487156,0.50917233282159691,-0.13396474807730924,-0.017559715077226836,-0.0023741593866963197,0.017559715077226836,0.0023741593866963193,0.50917233282159691,-0.13396474807730924
fig8_D_0p05,0.050000000000000003,384.22408460550611,1.4852070697867217,-1.2391851572082595,-0.1685108139167929,-0.026345102164789646,0.14443210811288051,0.011371023504473807,1.4887333929268516,-1.2402347384545485,0.50886773624252535,-0.13176767917103102,-0.01700018632289076,-0.0022601172206321747,0.017000186322890763,0.0022601172206321756,0.50886773624252535,-0.13176767917103102
fig8_D_0p05,0.050000000000000003,390.47352368855638,1.4837950164066314,-1.2207487953627634,-0.16318733752320608,-0.026000821455039926,0.13970245737442802,0.011244669381822074,1.4872054078061749,-1.221758562315441,0.50857365780970365,-0.12960823761764512,-0.016458533737363661,-0.0021516087082753899,0.016458533737363657,0.0021516087082753895,0.50857365780970365,-0.12960823761764512
fig8_D_0p05,0.050000000000000003,396.82461045694777,1.4823763082777945,-1.2026467630238233,-0.1580463592272249,-0.025664891040350215,0.13513647719697403,0.011126752762844083,1.4856746572559987,-1.2036183740213058,0.50828970953196806,-0.12748570812200363,-0.015934184052828523,-0.0020483610554877718,0.015934184052828523,0.0020483610554877718,0.50828970953196806,-0.12748570812200363
fig8_D_0p05,0.050000000000000003,403.27899821937052,1.4809499652988649,-1.1848711850399067,-0.15308192729824099,-0.025336899228974873,0.13072888273645242,0.011016702408173823,1.4841400279578303,-1.1858062208015148,0.50801551921596944,-0.125399391897591,-0.015426582443559766,-0.0019501152436895972,0.015426582443559766,0.0019501152436895972,0.50801551921596944,-0.12539939189759103
fig8_D_0p05,0.050000000000000003,409.83836717572615,1.4795150403193049,-1.1674143243265744,-0.14828830465205367,-0.025016442673653067,0.12647457957089744,0.010913965099832668,1.4826004444894572,-1.1683142918178959,0.5077507297378171,-0.12334860618770789,-0.014935191936345916,-0.0018566253094924299,0.014935191936345918,0.0018566253094924299,0.5077507297378171,-0.12334860618770786
fig8_D_0p05,0.050000000000000003,416.5044248545185,1.4780706198218245,-1.1502685731461244,-0.14365996051786975,-0.024703125580822528,0.12236865633464922,0.010818004286622895,1.4810548698049559,-1.1511349092450716,0.50749499835287148,-0.12133268380226815,-0.014459492838812473,-0.0017676576638316532,0.014459492838812472,0.0017676576638316532,0.50749499835287148,-0.12133268380226817
fig8_D_0p05,0.050000000000000003,423.2789065573553,1.4766158247698793,-1.133426444646104,-0.13919156245641781,-0.024396558950538598,0.11840637765712868,0.010728298789976814,1.4795023058891801,-1.1342605196206981,0.50724799604145665,-0.11935097266978954,-0.013998982185234444,-0.0016829904483018879,0.013998982185234444,0.0016829904483018881,0.50724799604145665,-0.11935097266978954
fig8_D_0p05,0.050000000000000003,430.16357581067905,1.475149811624489,-1.1168805646410336,-0.13487796871160165,-0.024096359845323753,0.11458317739101045,0.010644341566865769,1.4779417945904918,-1.1176836854492815,0.50700940688841067,-0.11740283540414759,-0.013553173199419752,-0.001602412926540755,0.013553173199419752,0.0016024129265407548,0.50700940688841067,-0.1174028354041476
fig8_D_0p05,0.050000000000000003,437.16022482485022,1.4736717735350353,-1.1006236636226567,-0.1307142208790866,-0.02380215068626686,0.11089465211545141,0.010565638526575558,1.4763724186359226,-1.1013970770442769,0.50677892749451492,-0.11548764888566142,-0.013121594774239414,-0.0015257249086395341,0.013121594774239414,0.0015257249086395341,0.50677892749451492,-0.11548764888566142
fig8_D_0p05,0.050000000000000003,444.27067496068827,1.4721809417091904,-1.084648568985068,-0.12669553687615107,-0.023513558574798078,0.10733655490082658,0.010491707398351906,1.4747933028334674,-1.085393464594228,0.50655626641797602,-0.11360480385608519,-0.012703790967379447,-0.0014527362066839081,0.012703790967379445,0.0014527362066839085,0.50655626641797602,-0.11360480385608519
fig8_D_0p05,0.050000000000000003,451.49677720361018,1.4706765869675278,-1.0689481974519404,-0.12281730419799461,-0.023230214638644265,0.10390478932215684,0.010422076647086491,1.4732036154666324,-1.0696657104396399,0.50634114364423899,-0.11175370452707389,-0.012299320512886703,-0.0013832661196437899,0.012299320512886701,0.0013832661196437899,0.50634114364423899,-0.11175370452707389
fig8_D_0p05,0.050000000000000003,458.84041264547614,1.4691580214888409,-1.0535155476940117,-0.1190750734465362,-0.02295175340055991,0.10059540370913281,0.010356284434395579,1.4716025698868851,-1.0542067615482427,0.50613329008252361,-0.1099337682017021,-0.011907756348083887,-0.0013171429459402019,0.011907756348083892,0.0013171429459402019,0.50613329008252361,-0.10993376820170207
fig8_D_0p05,0.050000000000000003,466.30349297427267,1.4676246007526299,-1.038343693125837,-0.11546455211850988,-0.022677812168494314,0.097404585621302289,0.010293877622579658,1.4699894263100652,-1.0390096421771648,0.50593244708757523,-0.1081444249086172,-0.011528685155430516,-0.0012542035221185645,0.011528685155430519,0.0012542035221185647,0.50593244708757523,-0.1081444249086172
fig8_D_0p05,0.050000000000000003,473.8879609717651,1.4660757256856847,-1.0234257748716256,-0.11198159864041142,-0.022408030445926916,0.094328656537628883,0.010234410819101701,1.4683634938233814,-1.0240674467114181,0.50573836600520861,-0.10638511704841362,-0.011161706918910337,-0.001194292786152689,0.011161706918910339,0.001194292786152689,0.50573836600520861,-0.10638511704841362
fig8_D_0p05,0.050000000000000003,481.59579101923509,1.4645108450201747,-1.0087549948908157,-0.10862221663855418,-0.0221420493611552,0.091364066750237269,0.010177445459343923,1.4667241326100187,-1.0093733326689018,0.50555080774032035,-0.10465529905182561,-0.01080643449453153,-0.0011372633639927957,0.010806434494531532,0.0011372633639927957,0.50555080774032035,-0.10465529905182563
fig8_D_0p05,0.050000000000000003,489.42898961145318,1.4629294578710994,-0.99432460925474131,-0.10538254943315432,-0.021879511114369251,0.088507390452735105,0.010122548925518199,1.4650707563989434,-0.99492051386291336,0.50536954234611742,-0.10295443704933821,-0.01046249319453009,-0.0010829751780537312,0.01046249319453009,0.0010829751780537312,0.50536954234611742,-0.10295443704933821
fig8_D_0p05,0.050000000000000003,497.38959587900678,1.4613311165414911,-0.98012792156653716,-0.10225887474600746,-0.021620058441384392,0.085755321014052366,0.010069293699700865,1.4634028351479893,-0.98070225371394337,0.50519434863339019,-0.10128200855183034,-0.010129520384874876,-0.0010312950764176489,0.010129520384874876,0.0010312950764176489,0.50519434863339019,-0.10128200855183032
fig8_D_0p05,0.050000000000000003,505.47968211912354,1.4597154295642223,-0.96615827651708708,-0.099247599611917009,-0.021363334092929825,0.083104666429265783,0.010017256549053352,1.4617198979687971,-0.96671185870321175,0.50502501379873077,-0.099637502141869491,-0.0098071650956788759,-0.00098209648159808672,0.0098071650956788759,0.00098209648159808672,0.50502501379873077,-0.099637502141869477
fig8_D_0p05,0.050000000000000003,513.70135433513383,1.4580820649898363,-0.95240905357052374,-0.096345255484610079,-0.021108980328411985,0.080552344939371842,0.0099660177413593842,1.4600215363027742,-0.95294267196113724,0.50486133307065806,-0.098020417175287491,-0.0094950876441289925,-0.0009352590577806632,0.0094950876441289925,0.00093525905778066309,0.50486133307065806,-0.098020417175287505
fig8_D_0p05,0.050000000000000003,522.05675278469755,1.456430753930323,-0.93887366077343815,-0.093548493528426521,-0.020856638423074246,0.07809538081246184,0.0099151602890658209,1.4583074073577489,-0.9393880669845871,0.5047031093726807,-0.096430263492678955,-0.0091929592695551704,-0.00089066839551958947,0.0091929592695551739,0.00089066839551958947,0.5047031093726807,-0.096430263492678955
fig8_D_0p05,0.050000000000000003,530.54805253695747,1.4547612943693524,-0.92554552868252438,-0.090854080087583458,-0.020605948187469046,0.075730900279194005,0.0098642692200584612,1.456577237815609,-0.92604144147737888,0.50455015300238049,-0.094866561140468597,-0.0089004617802668686,-0.00084821571292894107,0.0089004617802668669,0.00084821571292894096,0.50455015300238049,-0.094866561140468653
fig8_D_0p05,0.050000000000000003,539.17746403875049,1.4530735552500655,-0.91241810440605786,-0.088258892325317778,-0.020356547498139671,0.073456127615912067,0.0098129308734276471,1.4548308278217905,-0.91289621130910936,0.50440228132565801,-0.093328840101209662,-0.0086172872117944478,-0.00080779757246393299,0.0086172872117944478,0.0008077975724639331,0.50440228132565801,-0.093328840101209676
fig8_D_0p05,0.050000000000000003,547.94723369002816,1.4513674808521493,-0.89948484575509335,-0.085759914025690887,-0.020108071838376467,0.071268381369174363,0.0097607322184896043,1.4530680552681567,-0.89994580458801399,0.50425931848533034,-0.091816640032781685,-0.0083431374961812858,-0.00076931561243999945,0.0083431374961812858,0.00076931561243999934,0.50425931848533034,-0.091816640032781685
fig8_D_0p05,0.050000000000000003,556.85964442864088,1.4496430954705708,-0.88673921550083246,-0.083354231551281743,-0.019860153847862286,0.069165070715857799,0.0097072601953189838,1.4512888803814399,-0.88718365584401526,0.50412109512331993,-0.090329510016166875,-0.0080777241419809735,-0.00073267629248684304,0.0080777241419809735,0.00073267629248684304,0.50412109512331993,-0.090329510016166889
fig8_D_0p05,0.050000000000000003,565.91701632462423,1.4479005084090766,-0.87417467573513319,-0.081039029950446678,-0.019612422879957837,0.067143691953397519,0.0096521010750210551,1.4494933506301722,-0.87460320031874517,0.50398744811571816,-0.08886700831149745,-0.0078207679246236634,-0.00069779065218102891,0.0078207679246236617,0.00069779065218102902,0.50398744811571816,-0.088867008311497464
fig8_D_0p05,0.050000000000000003,575.12170718416132,1.4461399193022884,-0.86178468233153938,-0.078811589208222135,-0.019364504565295617,0.065201825115083378,0.0095948398379243436,1.4476816059637621,-0.86219786835968704,0.50385822032004857,-0.087428702122069213,-0.0075719985868232783,-0.00066457408214400712,0.0075719985868232783,0.00066457408214400712,0.50385822032004857,-0.087428702122069213
fig8_D_0p05,0.050000000000000003,584.47611316336372,1.4443616237810519,-0.84956267950470987,-0.076669280635360451,-0.019116020380249205,0.06333713070570085,0.0095350595678042691,1.4458538843982205,-0.84996107991614245,0.50373326033409282,-0.086014167366034774,-0.0073311545487073785,-0.00063294610693341656,0.0073311545487073785,0.00063294610693341666,0.50373326033409282,-0.086014167366034774
fig8_D_0p05,0.050000000000000003,593.9826693920362,1.4425660194965819,-0.83750209446649004,-0.074609563390359498,-0.018866587218721666,0.061547346553139877,0.0094723408601561521,1.4440105279639242,-0.83788623913506399,0.5036124222656837,-0.08462298845549418,-0.0070979826273596209,-0.00060283017909373599,0.0070979826273596218,0.00060283017909373599,0.5036124222656837,-0.084622988455494166
fig8_D_0p05,0.050000000000000003,603.64385060758639,1.4407536125198799,-0.82559633217723927,-0.072629981129715679,-0.01861581696555252,0.059830284771924543,0.0094062612424186814,1.4421519890317318,-0.82596672905519863,0.50349556551289698,-0.083254758082711863,-0.0068722377654736426,-0.00057415348376835468,0.0068722377654736426,0.00057415348376835468,0.50349556551289698,-0.083254758082711863
fig8_D_0p05,0.050000000000000003,613.46217179925065,1.4389250241339535,-0.81383877019135509,-0.070728158781973263,-0.01836331606967298,0.058183828834927474,0.0093363946039036298,1.4402788370348818,-0.81419590639831463,0.50338255455411263,-0.081909077013197926,-0.0066536827688258755,-0.00054684675330895355,0.0066536827688258755,0.00054684675330895366,0.50338255455411263,-0.08190907701319794
fig8_D_0p05,0.050000000000000003,623.44018886278639,1.4370809980375232,-0.80222275359622086,-0.068901799441477576,-0.01810868511494235,0.056605930749835137,0.0092623106330151934,1.4383917656052014,-0.80256709645660251,0.50327325874744289,-0.080585553885403338,-0.0064420880522836517,-0.0005208440913498821,0.0064420880522836517,0.00052084409134988221,0.50327325874744289,-0.080585553885403338
fig8_D_0p05,0.050000000000000003,633.58049926582544,1.435222407980129,-0.79074159004402178,-0.067148681378044819,-0.017851518386372497,0.055094608337202651,0.0091835742591379124,1.4364916001434311,-0.79107358807552353,0.50316755213905306,-0.079283805016782324,-0.0062372313940725899,-0.0004960828058450064,0.0062372313940725881,0.0004960828058450064,0.50316755213905306,-0.079283805016782338
fig8_D_0p05,0.050000000000000003,643.88574272404253,1.433350265849983,-0.77938854487610543,-0.065466655159066259,-0.017591403429191431,0.053647942607214914,0.0090997450963331058,1.4345793058448926,-0.77970862873166147,0.50306531327992965,-0.078003454215990017,-0.0060388976980364079,-0.00047250325059268206,0.0060388976980364087,0.00047250325059268212,0.50306531327992965,-0.078003454215990017
fig8_D_0p05,0.050000000000000003,654.35860188832294,1.4314657302374318,-0.76815683633967857,-0.063853640880833576,-0.017327920597904486,0.052264075232512086,0.0090103768857102678,1.4326559962032757,-0.7684654197052434,0.50296642505067268,-0.076744132600988141,-0.0058468787636298961,-0.00045004867480086583,0.0058468787636298961,0.00045004867480086578,0.50296642505067268,-0.076744132600988155
fig8_D_0p05,0.050000000000000003,665.00180304311186,1.429570115498628,-0.75703963089673554,-0.062307625506135424,-0.017060642592180552,0.050941206114670436,0.0089150169330245929,1.4307229420170184,-0.75733711134709525,0.50287077449391615,-0.075505478422840597,-0.0056609730633936997,-0.00042866508026922416,0.0056609730633936997,0.00042866508026922416,0.50287077449391615,-0.075505478422840583
fig8_D_0p05,0.050000000000000003,675.818116816111,1.4276649013459444,-0.74603003862519213,-0.060826660305412394,-0.016789133976023704,0.049677591042144746,0.0088132055376939893,1.4287815809247384,-0.74631679843989673,0.50277825265399789,-0.074287136894990988,-0.0054809855276678355,-0.00040830108578854708,0.0054809855276678364,0.00040830108578854713,0.50277825265399789,-0.074287136894990974
fig8_D_0p05,0.050000000000000003,686.81035889953068,1.4257517429937878,-0.73512110871214065,-0.059408858398971254,-0.016512950676270403,0.048471539437661776,0.0087044754090267393,1.426833527498288,-0.73539751565355538,0.50268875442352567,-0.073088760027817834,-0.0053067273363076378,-0.00038890779837968687,0.0053067273363076378,0.00038890779837968693,0.50268875442352567,-0.07308876002781782
fig8_D_0p05,0.050000000000000003,697.98139078306667,1.423832481890936,-0.72430582503914209,-0.058052392397954636,-0.016231639455992285,0.047321412193227337,0.0085883510649929946,1.4248805839244565,-0.72457223309450369,0.50260217839650412,-0.071910006468275292,-0.0051380157171740338,-0.00037043869101507362,0.0051380157171740347,0.00037043869101507362,0.50260217839650412,-0.071910006468275292
fig8_D_0p05,0.050000000000000003,709.33412049879894,1.4219091570731723,-0.71357710185933898,-0.056755492141928862,-0.015944737357861581,0.046225619591046672,0.008464348208365528,1.4229247513090477,-0.71383385194862137,0.50251842672770175,-0.070750541344431594,-0.0049746737511767863,-0.00035284948648531245,0.0049746737511767872,0.0003528494864853124,0.50251842672770175,-0.070750541344431594
fig8_D_0p05,0.050000000000000003,720.87150337821356,1.4199840171731126,-0.70292777956601782,-0.055516442531086958,-0.015651771111961685,0.045182619308766866,0.0083319730744814552,1.4209682416401206,-0.70317520021731683,0.50243740499796241,-0.069610036114725327,-0.0048165301836564558,-0.00033609804709177737,0.0048165301836564558,0.00033609804709177737,0.50243740499796241,-0.069610036114725313
fig8_D_0p05,0.050000000000000003,732.59654282152303,1.4180595331275183,-0.69235062055208196,-0.054333581451177698,-0.015352256501882718,0.044190914507534956,0.0081907217442419109,1.4190134904506568,-0.69258902854616577,0.50235902208517302,-0.068488168421768192,-0.0046634192418979733,-0.00032014426986347246,0.0046634192418979741,0.00032014426986347246,0.50235902208517302,-0.068488168421768192
fig8_D_0p05,0.050000000000000003,744.5122910795144,1.4161384116262823,-0.68183830515960897,-0.053205297789331987,-0.015045697682226578,0.043249052001397566,0.0080400794152536374,1.4170631702247534,-0.6820680061451988,0.5022831900406225,-0.067384621950526163,-0.0045151804585748193,-0.0003049499870127029,0.0045151804585748193,0.00030494998701270301,0.5022831900406225,-0.067384621950526177
fig8_D_0p05,0.050000000000000003,756.62185004810635,1.4142236093516625,-0.67138342771845494,-0.052130029538999631,-0.014731586439855832,0.042355620506576479,0.0078795196232298668,1.4151202045958771,-0.67160471679972666,0.50220982397049418,-0.066299086290720691,-0.0043716585009298111,-0.00029047887135956062,0.0043716585009298111,0.00029047887135956067,0.50220982397049418,-0.066299086290720691
fig8_D_0p05,0.050000000000000003,768.92837207583057,1.4123183480612802,-0.66097849267252762,-0.051106261992189699,-0.014409401390341617,0.041509248969103608,0.0077085034048888753,1.4131877833906357,-0.66119165497028454,0.50213884192225344,-0.06523125680329607,-0.0042327030055045135,-0.00027669634646971186,0.0042327030055045144,0.00027669634646971186,0.50213884192225344,-0.06523125680329607
fig8_D_0p05,0.050000000000000003,781.43506078445421,1.4104261305739927,-0.65061591079206793,-0.050132526017146385,-0.01407860710009165,0.040708604969198259,0.0075264783926137727,1.41126937857713,-0.6508212219799665,0.50207016477570043,-0.064180834490805083,-0.0040981684182353388,-0.00026356950126367175,0.0040981684182353388,0.00026356950126367175,0.50207016477570043,-0.064180834490805083
fig8_D_0p05,0.050000000000000003,794.14517190293395,1.4085507577240572,-0.64028799547000359,-0.049207396419473616,-0.013738653123559229,0.03995239320061509,0.0073328778300607239,1.4093687611832684,-0.64048572228716993,0.5020037161384735,-0.063147525871572852,-0.0039679138397407205,-0.00025106700886870774,0.0039679138397407197,0.00025106700886870769,0.5020037161384735,-0.063147525871572865
fig8_D_0p05,0.050000000000000003,807.06201411495067,1.4066963463561806,-0.62998695910012559,-0.048329490384533047,-0.013388972943734912,0.039239354022954691,0.0071271194966976148,1.4074900192575808,-0.63017735984146461,0.50193942224579702,-0.062131042857500304,-0.0038418028756288126,-0.00023915904949663912,0.0038418028756288126,0.00023915904949663912,0.50193942224579702,-0.06213104285750029
fig8_D_0p05,0.050000000000000003,820.18894992022115,1.4048673484420731,-0.61970490953467738,-0.047497465998686539,-0.013028982802793479,0.038568262084631155,0.0069086045279301489,1.4056375769531368,-0.61988823452013098,0.50187721186428003,-0.061131102635378159,-0.0037197034916614052,-0.00022781723714237906,0.0037197034916614069,0.00022781723714237912,0.50187721186428003,-0.061131102635378159
fig8_D_0p05,0.050000000000000003,833.52939650981875,1.4030685714083226,-0.60943384661879163,-0.046710020846607234,-0.012658080408291632,0.037937925013788246,0.0066767161159929592,1.4038162148243358,-0.60961033864278036,0.50181701619958075,-0.060147427551585635,-0.0036014878736147825,-0.00021701454990888849,0.0036014878736147825,0.00021701454990888855,0.50181701619958075,-0.060147427551585635
fig8_D_0p05,0.050000000000000003,847.0868266557402,1.4013051997756978,-0.59916565879923811,-0.045965890681448997,-0.012275643498670762,0.037347182173963323,0.0064308180751410145,1.4020310914366614,-0.59933555356150348,0.50175876880776416,-0.059179745000052131,-0.0034870322916834701,-0.00020672526377447847,0.0034870322916834701,0.00020672526377447852,0.50175876880776416,-0.059179745000052131
fig8_D_0p05,0.050000000000000003,860.8647696149244,1.3995828182217125,-0.58889211980514056,-0.045263848164112538,-0.011881028249992048,0.036794903480680874,0.0061702532528561168,1.4002877664011943,-0.58905564632417184,0.50170240551018386,-0.05822778731336796,-0.0033762169692782224,-0.00019692488962811132,0.0033762169692782224,0.00019692488962811134,0.50170240551018386,-0.058227787313367953
fig8_D_0p05,0.050000000000000003,874.8668120479914,1.3979074361914965,-0.57860488539873711,-0.044602701667169738,-0.01147356750379778,0.036279988274406996,0.0058943417667490497,1.3985922249589242,-0.5787622664089801,0.50164786431173314,-0.057291291656930393,-0.0032689259560739325,-0.00018759011340745979,0.0032689259560739325,0.00018759011340745979,0.50164786431173314,-0.057291291656930393
fig8_D_0p05,0.050000000000000003,889.09659895291679,1.396285514197009,-0.56829549019503889,-0.043981294138186237,-0.011052568793721943,0.0358013642443923,0.0056023790445755535,1.3969509042548718,-0.56844694252907302,0.50159508532231456,-0.056369999926019994,-0.0031650470051684913,-0.00017869873918318488,0.0031650470051684913,0.00017869873918318488,0.50159508532231456,-0.056369999926020001
fig8_D_0p05,0.050000000000000003,903.55783461389206,1.3947239919615861,-0.55795534455041529,-0.043398502016184275,-0.010617312145938217,0.035357986396841637,0.0052936336422592508,1.3953707214589937,-0.55810107950727861,0.50154401068138688,-0.055463658645703844,-0.0030644714542178513,-0.00017022963504103445,0.0030644714542178509,0.00017022963504103445,0.50154401068138688,-0.05546365864570383
fig8_D_0p05,0.050000000000000003,918.25428356562816,1.3932303185859969,-0.54757573152178429,-0.042853234193795629,-0.010167047625693686,0.034948836059551416,0.0049673448119892279,1.3938591039100419,-0.54771595522268135,0.5014945844854527,-0.054572018873466084,-0.0029670941104170223,-0.00016216268162109806,0.0029670941104170214,0.00016216268162109803,0.5014945844854527,-0.054572018873466084
fig8_D_0p05,0.050000000000000003,933.18977157332392,1.3918124849339266,-0.53714780390053529,-0.042344431016225793,-0.0097009925989969548,0.034572919913615212,0.0046227197892983662,1.392424021480295,-0.53728271763313606,0.50144675271836148,-0.053694836104473877,-0.0028728131392013719,-0.00015447872318088775,0.0028728131392013719,0.00015447872318088775,0.50144675271836148,-0.053694836104473877
fig8_D_0p05,0.050000000000000003,948.36818662859275,1.3904790584594446,-0.52666258132836308,-0.04187106330645033,-0.0092183286749512646,0.034229269040963108,0.0042589307644794513,1.3910740213836996,-0.52679238188098454,0.50140046318430287,-0.052831870179384115,-0.0027815299565461834,-0.00014715952105577419,0.0027815299565461834,0.00014715952105577416,0.50140046318430287,-0.052831870179384115
fig8_D_0p05,0.050000000000000003,963.79347996157958,1.3892392207269071,-0.51611094750651687,-0.04143213140404086,-0.0087181982902037151,0.033916937974336349,0.0038751114997084939,1.3898182656778835,-0.51623582749348518,0.50135566544337595,-0.051982885194606372,-0.0026931491247470032,-0.00014018770939689353,0.0026931491247470032,0.00014018770939689353,0.50135566544337595,-0.051982885194606372
fig8_D_0p05,0.050000000000000003,979.46966706953856,1.3881028079054025,-0.50548364751533292,-0.041026664202616109,-0.0081997008924436909,0.033635003733729602,0.0034703535487545507,1.388666571742154,-0.50560379569491765,0.50131231074962501,-0.051147649414936901,-0.002607578251566925,-0.00013354675307279419,0.0026075782515669259,0.00013354675307279421,0.50131231074962501,-0.051147649414936901
fig8_D_0p05,0.050000000000000003,995.40082876215183,1.3870803545557591,-0.49477128526797465,-0.040653718168058822,-0.0076618886747582497,0.033382564830296758,0.0030437020310835985,1.3876294560495002,-0.49488688685432741,0.50127035199143433,-0.050325935188482857,-0.0025247278926406953,-0.00012722090762694655,0.0025247278926406953,0.00012722090762694655,0.50127035199143433,-0.050325935188482857
fig8_D_0p05,0.050000000000000003,1011.5911122238298,1.3861831410688632,-0.48396432113120352,-0.040312376316248941,-0.0071037618068520289,0.033158740215117152,0.0025941509064395167,1.3867181815913661,-0.48407555810184477,0.50122974363418404,-0.049517518863800951,-0.0024445114570294619,-0.00012119518118879465,0.0024445114570294619,0.00012119518118879465,0.50122974363418404,-0.049517518863800951
fig8_D_0p05,0.050000000000000003,1028.0447320933097,1.3854232451603647,-0.4730530697572094,-0.040001747125031017,-0.0065242631025558447,0.032962668145955325,0.0021206376894871513,1.3859448093602822,-0.4731601211576863,0.50119044166507176,-0.048722180709173772,-0.0023668451158230419,-0.00011545529824123524,0.0023668451158230419,0.00011545529824123523,0.50119044166507176,-0.048722180709173772
fig8_D_0p05,0.050000000000000003,1044.7659715608052,1.3848135978794336,-0.4620276981846016,-0.039720963350337424,-0.0059222720555723992,0.032793504940085309,0.0016220375367412931,1.3853222543480381,-0.46213074043209301,0.5011524035400079,-0.047939704833954135,-0.0022916477136904452,-0.00010998766515240459,0.0022916477136904452,0.00010998766515240462,0.5011524035400079,-0.047939704833954128
fig8_D_0p05,0.050000000000000003,1061.7591834829991,1.3843680446491236,-0.45087822428418345,-0.039469180710664582,-0.0052965981668919703,0.032650423575231513,0.0010971566296240744,1.3848643465769734,-0.45097743147194064,0.50111558813250034,-0.047169879111908376,-0.0022188406832824286,-0.00010477933738433355,0.0022188406832824282,0.00010477933738433353,0.50111558813250034,-0.047169879111908383
fig8_D_0p05,0.050000000000000003,1079.0287915161837,1.3841014119240469,-0.43959451564684932,-0.039245576397269763,-0.0046459734776032645,0.032532612093509418,0.00054472476795389981,1.3845858977501195,-0.43969005985156095,0.50107995568444441,-0.046412495106491723,-0.002148347962393023,-9.9817988295477136e-05,0.0021483479623930226,9.9817988295477136e-05,0.50107995568444441,-0.046412495106491716
fig8_D_0p05,0.050000000000000003,1096.5792912678098,1.3840295801287648,-0.42816628903785325,-0.039049347359276898,-0.0039690442097344552,0.032439271754691523,-3.6612922717076053e-05,1.384502774183622,-0.42825834063218604,0.50104546775874026,-0.045667347997994275,-0.0020800959137903191,-9.5091879458360142e-05,0.0020800959137903187,9.5091879458360142e-05,0.50104546775874026,-0.045667347997994288
fig8_D_0p05,0.050000000000000003,1114.415251466788,1.3841695636289078,-0.41658311057479441,-0.038879708303076202,-0.003264361405070389,0.03236961487488537,-0.00064830527893776899,1.384631976773492,-0.41667183854763162,0.50101208719366386,-0.044934236512494674,-0.0020140132476293413,-9.0589832417540262e-05,0.0020140132476293418,9.0589832417540275e-05,0.50101208719366386,-0.044934236512494667
fig8_D_0p05,0.050000000000000003,1132.5413151528126,1.384539598588274,-0.40483439682753314,-0.038735889333613473,-0.0025303704373601534,0.032322862274431353,-0.0012919055056158078,1.384991728849968,-0.40491996911466249,0.50097977805891802,-0.044212962852563945,-0.0019500309463631228,-8.6301201816901311e-05,0.0019500309463631224,8.6301201816901298e-05,0.50097977805891802,-0.044212962852563938
fig8_D_0p05,0.050000000000000003,1150.9622008850311,1.3851592396808396,-0.39290941708836002,-0.038617133150966064,-0.0017653992566566557,0.032298240244066939,-0.001969082840249466,1.385601572888451,-0.39299200091670966,0.50094850561329773,-0.043503332629663501,-0.001888082192070636,-8.2215849828857809e-05,0.0018880821920706362,8.2215849828857823e-05,0.50094850561329773,-0.043503332629663501
fig8_D_0p05,0.050000000000000003,1169.6827039703846,1.3860494667590308,-0.3807972971223953,-0.038522691698447728,-0.00096764520539070352,0.032294976920611972,-0.0026816356333752033,1.3864824771784234,-0.38087705937125432,0.50091823626390286,-0.04280515479818215,-0.0018281022961229591,-7.8324121821450298e-05,0.0018281022961229591,7.8324121821450284e-05,0.50091823626390286,-0.042805154798182143
fig8_D_0p05,0.050000000000000003,1188.7076977119032,1.3872328027313523,-0.36848702478379236,-0.038451822137716897,-0.00013516022378506044,0.032312297941928386,-0.0034315060249186509,1.3876569537034487,-0.36856413236689317,0.5008889375268375,-0.042118241591061673,-0.0017700286311117673,-7.4616823202539736e-05,0.0017700286311117669,7.461682320253975e-05,0.5008889375268375,-0.042118241591061679
fig8_D_0p05,0.050000000000000003,1208.0421346773289,1.3887334440764334,-0.35596745797614443,-0.038403782001150064,0.00073416576307935725,0.032349421224860155,-0.0042207964207649036,1.3891491886593736,-0.35604207824896661,0.50086057798933559,-0.041442408456959332,-0.0017138005649665331,-7.108519738334639e-05,0.0017138005649665331,7.108519738334639e-05,0.50086057798933559,-0.041442408456959332
fig8_D_0p05,0.050000000000000003,1227.6910479883604,1.3905774056203908,-0.34322733554946522,-0.038377823341057771,0.0016426235133284225,0.032405550678214524,-0.0050517880021405826,1.3909851872376502,-0.34329963674671143,0.50083312727325735,-0.040777473998900318,-0.0016593593971894532,-6.7720904806487759e-05,0.0016593593971894532,6.7720904806487759e-05,0.50083312727325735,-0.040777473998900318
fig8_D_0p05,0.050000000000000003,1247.6595526308683,1.3927926814340399,-0.33025529186608304,-0.038373185657879443,0.0025927054617463645,0.032479868624302764,-0.0059269615328780695,1.3931929345303298,-0.33032544357495386,0.50080655599990131,-0.04012325991437362,-0.0016066482971393442,-6.4516002986406021e-05,0.0016066482971393442,6.4516002986406021e-05,0.50080655599990131,-0.04012325991437362
fig8_D_0p05,0.050000000000000003,1267.9528467864338,1.3954094239707189,-0.31703987593988359,-0.038389087343689877,0.0035871293473698058,0.032571526655487758,-0.0068490207669101421,1.3958025746774954,-0.31710804961554812,0.50078083575608157,-0.039479590936826355,-0.0015556122442980144,-6.1462927512679347e-05,0.0015556122442980144,6.1462927512679347e-05,0.50078083575608157,-0.039479590936826355
fig8_D_0p05,0.050000000000000003,1288.5762131855181,1.3984601438697388,-0.3035695762651156,-0.038424715321166571,0.0046288648282256937,0.032679634594545412,-0.0078209188010901435,1.3988466106821345,-0.30363594579573783,0.50075593906141824,-0.038846294778515054,-0.0015061979704549271,-5.8554473969187319e-05,0.0015061979704549271,5.8554473969187319e-05,0.50075593906141824,-0.038846294778515061
fig8_D_0p05,0.050000000000000003,1309.5350204826677,1.40197993320113,-0.28983285271191994,-0.038479212489075085,0.0057211634870117075,0.032803247156876492,-0.0088458877673882209,1.4023601276680568,-0.28989759504166202,0.50073183933679744,-0.038223202074671017,-0.0014583539037478664,-5.5783780724429439e-05,0.0014583539037478664,5.5783780724429439e-05,0.50073183933679744,-0.038223202074671024
fig8_D_0p05,0.050000000000000003,1330.8347246540761,1.4060067153316551,-0.27581817718781482,-0.0385516625001351,0.0068675926897232651,0.032941347825478598,-0.0099274723144446523,1.4063810427607673,-0.27588147300755633,0.50070851087395252,-0.037610146328941343,-0.001412030114499574,-5.3144312550531569e-05,0.001412030114499574,5.3144312550531569e-05,0.50070851087395252,-0.037610146328941343
fig8_D_0p05,0.050000000000000003,1352.480870417874,1.4105815250584985,-0.26151408516248126,-0.038641071291803067,0.00807207382575258,0.033092829342036605,-0.011069567392168174,1.4109503852375034,-0.26157611967948802,0.50068592880612539,-0.037006963860067181,-0.001367178262792202,-5.0629845030576606e-05,0.0013671782627922022,5.0629845030576613e-05,0.50068592880612539,-0.037006963860067181
fig8_D_0p05,0.050000000000000003,1374.4790926775368,1.4157488231951436,-0.24690924064618061,-0.03874634465994551,0.0093389255337360273,0.033256470084373227,-0.012276460925334628,1.4161126111307436,-0.2469702044457692,0.50066406907976446,-0.036413493749762015,-0.0013237515477232979,-4.8234449715895897e-05,0.0013237515477232979,4.8234449715895883e-05,0.50066406907976446,-0.036413493749762015
fig8_D_0p05,0.050000000000000003,1396.8351179887397,1.4215568504146174,-0.23199251782398525,-0.038866261003103302,0.010672912603253152,0.033430905435291133,-0.013552882043624042,1.4219159570899891,-0.23205260783834158,0.50064290842722137,-0.03582957779175578,-0.0012817046582890249,-4.595247999686409e-05,0.0012817046582890249,4.5952479996864097e-05,0.50064290842722137,-0.035829577791755787
fig8_D_0p05,0.050000000000000003,1419.5547660501015,1.428058025870814,-0.21675310330865322,-0.038999438162817382,0.012079301339071848,0.033614593042252096,-0.014904055626716747,1.4284128390220199,-0.21681252391052097,0.50062242434040805,-0.035255060441969285,-0.0012409937258419062,-4.3778557652531967e-05,0.0012409937258419062,4.377855765253196e-05,0.50062242434040805,-0.035255060441969285
fig8_D_0p05,0.050000000000000003,1442.6439512181587,1.4353093969423274,-0.20118062392323269,-0.039144293032794576,0.013563922282320574,0.03380577061082294,-0.016335764023981542,1.4356603018533216,-0.20123958816515525,0.50060259504537685,-0.034689788769787254,-0.0012015762780722846,-4.1707560046153298e-05,0.0012015762780722848,4.1707560046153298e-05,0.50060259504537685,-0.034689788769787261
fig8_D_0p05,0.050000000000000003,1466.1086840469829,1.4433731473899023,-0.1852653061087505,-0.039298992293103525,0.015133241301506496,0.034002404553899253,-0.017854416918325632,1.443720527704778,-0.18532403713215037,0.50058339947779018,-0.034133612410398056,-0.0011634111944642572,-3.9734607935280834e-05,0.0011634111944642572,3.9734607935280834e-05,0.50058339947779018,-0.03413361241039805
fig8_D_0p05,0.050000000000000003,1489.9550728528536,1.4523171723033859,-0.16899817453550695,-0.03946139222790563,0.016794440194398623,0.034202127416173587,-0.019467130421180267,1.4526614108530878,-0.16905690717815652,0.5005648172592454,-0.033586383518169276,-0.0011264586631784645,-3.7855053866649723e-05,0.0011264586631784645,3.7855053866649716e-05,0.5005648172592454,-0.033586383518169276
fig8_D_0p05,0.050000000000000003,1514.189325304352,1.462215729452073,-0.15237129935830493,-0.039628965084366627,0.018555508076578346,0.034402161487071599,-0.02118181660686785,1.4625572090908971,-0.15243028199381234,0.50054682867442335,-0.033047956721030898,-0.0010906801393157398,-3.6064471127534967e-05,0.0010906801393157398,3.6064471127534967e-05,0.50054682867442335,-0.033047956721030898
fig8_D_0p05,0.050000000000000003,1538.8177500383463,1.473150178057381,-0.1353781038989379,-0.039798708798004935,0.020425344968488593,0.034599225377126272,-0.023007284813523186,1.473489282501927,-0.13543760054801401,0.50052941464902967,-0.032518189075836409,-0.0010560383045169965,-3.4358643226654373e-05,0.0010560383045169965,3.4358643226654373e-05,0.50052941464902967,-0.032518189075836409
fig8_D_0p05,0.050000000000000003,1563.8467583022477,1.4852098175885025,-0.11801374749578936,-0.039967036109300497,0.022413879120705766,0.03478941952611412,-0.024953356143909144,1.4855469322481927,-0.11807404025629091,0.50051255672850004,-0.031996940024675555,-0.0010224970278563284,-3.2733553879016355e-05,0.0010224970278563282,3.2733553879016362e-05,0.50051255672850004,-0.031996940024675555
fig8_D_0p05,0.050000000000000003,1589.2828656229763,1.4984928409428167,-0.10027560200010026,-0.040129638080921619,0.024532199721568299,0.034968085589492957,-0.027030992676218918,1.4988283537262752,-0.10033699385163179,0.50049623705743984,-0.0314840713521123,-0.00099002132798562369,-3.1185377470363391e-05,0.00099002132798562369,3.1185377470363398e-05,0.50049623705743984,-0.0314840713521123
fig8_D_0p05,0.050000000000000003,1615.1326935030897,1.513107418302607,-0.082163845141459038,-0.040281315733889052,0.026792706687779649,0.035129633352661269,-0.029252442916117206,1.5134417203776402,-0.082226663190712312,0.50048043835977274,-0.030979447143321969,-0.00095857733649033175,-2.9710469978052916e-05,0.00095857733649033165,2.9710469978052916e-05,0.50048043835977274,-0.030979447143321966
fig8_D_0p05,0.050000000000000003,1641.4029711444664,1.5291729300252164,-0.063682200015174981,-0.040415771876475118,0.029209279209049286,0.035267327173141926,-0.031631404946511926,1.5295064165013859,-0.063746799260689158,0.5004651439195712,-0.030482933743104481,-0.00092813226241746636,-2.8305360326356366e-05,0.00092813226241746636,2.8305360326356366e-05,0.5004651439195712,-0.030482933743104474
fig8_D_0p05,0.050000000000000003,1668.1005372000591,1.5468213690569499,-0.04483885762902054,-0.040525353101553294,0.031797464543709575,0.035373021850097303,-0.034183208499425584,1.5471544395478194,-0.044905625338938347,0.50045033756254431,-0.029994399715748455,-0.00089865435793799438,-2.6966742155223431e-05,0.00089865435793799427,2.6966742155223428e-05,0.50045033756254431,-0.029994399715748458
fig8_D_0p05,0.050000000000000003,1695.2323415541214,1.5661989354360037,-0.025647629262598896,-0.040600729248306995,0.034574688154322013,0.035436835142371816,-0.036925016691870753,1.5665319944421641,-0.025716990076691607,0.50043600363815888,-0.029513715805724594,-0.00087011288510718463,-2.5691465982590586e-05,0.00087011288510718463,2.5691465982590586e-05,0.50043600363815888,-0.029513715805724591
fig8_D_0p05,0.050000000000000003,1722.8054471313922,1.5874678472526795,-0.0061293879549445601,-0.040630494199490323,0.037560485495760756,0.035446740740332799,-0.039876047295169005,1.5878013042850527,-0.0062018098431657993,0.50042212700237143,-0.029040754899185884,-0.00084247808368756992,-2.4476531741278922e-05,0.00084247808368756992,2.4476531741278919e-05,0.50042212700237143,-0.02904075489918588
fig8_D_0p05,0.050000000000000003,1750.8270317357233,1.6108083936143094,0.013686125459288406,-0.040600667509739854,0.040776754420204994,0.035388061141716165,-0.043057811935506528,1.6111426629480807,0.013610124224849928,0.50040869300094748,-0.028575391986253126,-0.00081572114000032258,-2.3319081672450532e-05,0.00081572114000032258,2.3319081672450532e-05,0.50040869300094748,-0.028575391986253126
fig8_D_0p05,0.050000000000000003,1779.3043899185773,1.6364212551554294,0.033758035673044855,-0.040494070776913998,0.044248024939691856,0.03524283433773813,-0.046494369240526544,1.6367567550655509,0.033677878347337549,0.50039568745334895,-0.028117504124066307,-0.00078981415677205325,-2.2216393558473912e-05,0.00078981415677205325,2.2216393558473912e-05,0.50039568745334895,-0.028117504124066307
fig8_D_0p05,0.050000000000000003,1808.2449348779517,1.6645301155571135,0.054031482947382754,-0.040289545563235926,0.048001739532639517,0.034989021179931044,-0.050212584187627279,1.6648672668330442,0.053946524724444257,0.5003830966371684,-0.027666970400580578,-0.00076473012394495719,-2.1165874278876415e-05,0.00076473012394495709,2.1165874278876408e-05,0.5003830966371684,-0.027666970400580578
fig8_D_0p05,0.050000000000000003,1837.6562003881725,1.695384582020484,0.074434033132783864,-0.03996097067449339,0.052068531617716594,0.034599511415372541,-0.054242380083597871,1.6957238054856854,0.074343549886007748,0.50037090727308886,-0.027223671899088777,-0.00074044289041942256,-2.0165053673861163e-05,0.00074044289041942256,2.016505367386117e-05,0.50037090727308886,-0.027223671899088774
fig8_D_0p05,0.050000000000000003,1867.5458427610779,1.7292634215677936,0.094871147210623841,-0.03947602529619474,0.056482481237419557,0.034040875255721213,-0.058616960688169094,1.7296051342317802,0.094774322267378489,0.50035910651035465,-0.026787491663451617,-0.0007169271366991312,-1.9211578700615795e-05,0.00071692713669913131,1.9211578700615795e-05,0.50035910651035465,-0.026787491663451617
fig8_D_0p05,0.050000000000000003,1897.9216428390996,1.7664781001954315,0.11522045398075868,-0.038794630440429308,0.06128131389711855,0.033271793596560489,-0.063372966471335362,1.7668227095338425,0.11511636259835779,0.50034768191272994,-0.026358314664017616,-0.0006941583484096779,-1.8303207868357822e-05,0.0006941583484096779,1.8303207868357822e-05,0.50034768191272994,-0.026358314664017609
fig8_D_0p05,0.050000000000000003,1928.7915080207777,1.807376578381958,0.13532449838142296,-0.037866984033868074,0.066506488679080947,0.032241083342452292,-0.068550508634150339,1.8077244740608529,0.13521208955721523,0.50033662144493185,-0.025936027764215431,-0.00067211279066266944,-1.7437805938742849e-05,0.00067211279066266923,1.7437805938742849e-05,0.50033662144493185,-0.025936027764215438
fig8_D_0p05,0.050000000000000003,1960.1634743191858,1.8523472618704553,0.15498154815373932,-0.036631084703416444,0.072203091938713104,0.030885214732422502,-0.074192994053921393,1.8526988039887908,0.15485962338198786,0.50032591345951949,-0.0255205196878024,-0.0006507674832382024,-1.6613338878910358e-05,0.00065076748323820229,1.6613338878910354e-05,0.50032591345951949,-0.0255205196878024
fig8_D_0p05,0.050000000000000003,1992.0457084538712,1.9018229199114229,0.17393392972066538,-0.035009616453694589,0.078419408339365435,0.029125195789077442,-0.08034660898040423,1.9021784225092118,0.17380111831898715,0.50031554668422218,-0.025111680986752215,-0.00063010017655942786,-1.5827869055055224e-05,0.00063010017655942797,1.5827869055055224e-05,0.50031554668422218,-0.025111680986752215
fig8_D_0p05,0.050000000000000003,2024.4465099768058,1.9562842477571805,0.19185322758462858,-0.032906042858997772,0.085205974835285483,0.026862677097859406,-0.08705926227385874,1.9566439558990871,0.19170795827975451,0.50030551020969383,-0.02470940400976683,-0.00061008932843383294,-1.5079550655001607e-05,0.00061008932843383316,1.5079550655001608e-05,0.50030551020969383,-0.024709404009766827
fig8_D_0p05,0.050000000000000003,2057.3743134329115,2.0162625417896627,0.20832152006031093,-0.030199739546193864,0.092613825747714651,0.023975112766656707,-0.094378690592593503,2.016626599952235,0.20816198869208097,0.50029579347767594,-0.02431358287139717,-0.00059071408153665947,-1.4366625328811311e-05,0.00059071408153665958,1.4366625328811313e-05,0.50029579347767594,-0.024313582871397163
fig8_D_0p05,0.050000000000000003,2090.8376905557502,2.082340638815757,0.22280764326486474,-0.026739986805173817,0.10069149488454628,0.020309810186900666,-0.10234928497811847,2.0827090475436552,0.22263177681085933,0.50028638626955624,-0.023924113421757716,-0.00057195424161265106,-1.3687418036987952e-05,0.00057195424161265117,1.3687418036987952e-05,0.50028638626955624,-0.023924113421757716
fig8_D_0p05,0.050000000000000003,2124.8453524988827,2.1551507952689111,0.23463729226698776,-0.022338667837326666,0.10948013603392479,0.015676730354157582,-0.11100699344029284,2.1555233520861661,0.23444271002492056,0.50027727869530947,-0.023540893216821634,-0.00055379025637315987,-1.3040333096344187e-05,0.00055379025637315976,1.3040333096344185e-05,0.50027727869530947,-0.023540893216821634
fig8_D_0p05,0.050000000000000003,2159.4061521035674,2.2353674774753447,0.24295562303195997,-0.016761605003923461,0.1190058345488979,0.0098399952655674576,-0.12037136659662119,2.2357436968220652,0.24273959690448629,0.50026846118280621,-0.023163821489281446,-0.00053620319506628297,-1.2423850414074904e-05,0.00053620319506628286,1.2423850414074907e-05,0.50026846118280621,-0.023163821489281446
fig8_D_0p05,0.050000000000000003,2194.5290862033157,2.3236920088851254,0.2466809924924516,-0.0097186740764643471,0.12926778787690993,0.0025082777195736356,-0.1304334223035854,2.3240710144250589,0.24644041017803456,0.50025992446747702,-0.022792799119962938,-0.00051917472869852162,-1.1836521901038567e-05,0.00051917472869852162,1.1836521901038569e-05,0.50025992446747702,-0.022792799119962938
fig8_D_0p05,0.050000000000000003,2230.2232979659361,2.4208245635141163,0.24444872025645786,-0.00085326303556346986,0.14022051852863054,-0.0066753094293315459,-0.14113749975379225,2.4212049446590522,0.24418005817027555,0.50025165958232032,-0.022427728609779023,-0.0005026871108870833,-1.1276968055680131e-05,0.0005026871108870833,1.1276968055680131e-05,0.50025165958232032,-0.022427728609779023
fig8_D_0p05,0.050000000000000003,2266.4980792736928,2.5274169962529327,0.23454454853165124,0.010267552814583173,0.15174766848141541,-0.018142382906635845,-0.15235467723567181,2.5277966195346195,0.23424386603543568,0.5002436578482421,-0.022068514052210716,-0.00048672315932263445,-1.0743874710441677e-05,0.00048672315932263445,1.0743874710441681e-05,0.5002436578482421,-0.022068514052210712
fig8_D_0p05,0.050000000000000003,2303.3628731421313,2.6439974044969703,0.21482928152954892,0.024159319176514506,0.16362431221177609,-0.032404625420636275,-0.16384475019609482,2.64437317027053,0.21449225526885554,0.50023591086471453,-0.021715061106303984,-0.00047126623782300361,-1.0235989932900787e-05,0.00047126623782300372,1.0235989932900787e-05,0.50023591086471453,-0.02171506110630398
fig8_D_0p05,0.050000000000000003,2340.8272761782941,2.7708542478288218,0.1826596407279569,0.041417803623936336,0.17546440250307282,-0.050049987257954398,-0.17520350334504953,2.7712217852547991,0.18228166832785933,0.5002284105007444,-0.021367276970169616,-0.00045630023895888217,-9.7521210742469035e-06,0.00045630023895888201,9.7521210742469035e-06,0.5002284105007444,-0.021367276970169619
fig8_D_0p05,0.050000000000000003,2378.9010410788956,2.9078648790193253,0.13481675191178066,0.062698959927042122,0.18665057410673347,-0.071720712515412052,-0.1857927201281617,2.9082181801141886,0.13439316838020557,0.50022114888614022,-0.021025070354975462,-0.00044180956723326132,-9.291131958064089e-06,0.00044180956723326127,9.2911319580640873e-06,0.50022114888614022,-0.021025070354975466
fig8_D_0p05,0.050000000000000003,2417.5940791691282,3.0542519283217842,0.067464222200202081,0.088667016851741845,0.19624634526038623,-0.098058887881457654,-0.19465333622439707,3.0545829396072728,0.066990689230357781,0.50021411840306684,-0.020688351459419746,-0.00042777912279688761,-8.8519402027245391e-06,0.00042777912279688761,8.8519402027245391e-06,0.50021411840306684,-0.020688351459419742
fig8_D_0p05,0.050000000000000003,2456.9164629827901,3.2082542046500029,-0.02382638068701827,0.11989006932595088,0.20289795823914422,-0.12959898376181653,-0.20040954004838907,3.2085524289913767,-0.024353236911284614,0.50020731167787935,-0.020357031944674416,-0.00041419428568258712,-8.4335146710188958e-06,0.00041419428568258712,8.4335146710188958e-06,0.50020731167787935,-0.02035703194467442
fig8_D_0p05,0.050000000000000003,2496.8784288843267,3.366712066441143,-0.1439240037616496,0.15665751028142821,0.20474777621951862,-0.16658216822645805,-0.20118649393022761,3.3669642850415977,-0.14450562742993459,0.50020072157322482,-0.020031024909788878,-0.00040104090054190203,-8.034873040956448e-06,0.00040104090054190203,8.0348730409564497e-06,0.50020072157322482,-0.020031024909788878
fig8_D_0p05,0.050000000000000003,2537.4903797335719,3.5245984246309123,-0.29778062112526088,0.19869625081031453,0.19940614467928552,-0.2086704286875927,-0.19458938861717592,3.524788732358402,-0.298415185945823,0.50019434118040473,-0.01971024486754297,-0.00038830526186795037,-7.655079491957254e-06,0.00038830526186795037,7.655079491957254e-06,0.50019434118040473,-0.019710244867542966
fig8_D_0p05,0.050000000000000003,2578.7628875938035,3.6745834045233678,-0.48977908326318098,0.2447850861562007,0.18406259901434116,-0.25456190710875082,-0.17782510780330169,3.6746938469123647,-0.49045982533274718,0.50018816381198827,-0.019394607720740073,-0.00037597409968899767,-7.2932425009372618e-06,0.00037597409968899773,7.2932425009372618e-06,0.50018816381198827,-0.01939460772074007
fig8_D_0p05,0.050000000000000003,2620.7066964838496,3.806802732520159,-0.72272616157164937,0.29232533468976968,0.15584646283078052,-0.3015686307700215,-0.14807559888302993,3.8068148901463421,-0.72343963640184905,0.50018218299466743,-0.019084030738930658,-0.00036403456571769633,-6.9485127430498019e-06,0.00036403456571769627,6.9485127430498019e-06,0.50018218299466743,-0.019084030738930658
fig8_D_0p05,0.050000000000000003,2663.3327251749806,3.9090833523236936,-0.99652915827190214,0.33702974964868559,0.11253461585220045,-0.34532187194538205,-0.10321711918196666,3.9089811358714255,-0.99725397773875368,0.50017639246234713,-0.018778432535556572,-0.00035247421994142702,-6.6200810920977899e-06,0.00035247421994142702,6.6200810920977899e-06,0.50017639246234713,-0.018778432535556572
fig8_D_0p05,0.050000000000000003,2706.6520700332412,3.9679030891794196,-1.306780393061669,0.37301158381239241,0.053592776218732902,-0.37988803288926271,-0.042864572778017189,3.9676766544826831,-1.3074873061376591,0.50017078614946164,-0.018477733045507851,-0.00034128101763968179,-6.3071767158705727e-06,0.00034128101763968184,6.3071767158705735e-06,0.50017078614946164,-0.018477733045507847
fig8_D_0p05,0.050000000000000003,2750.6760079080677,3.9702357639320596,-1.6437055900131343,0.39358964938801716,-0.018710292485349438,-0.3986059328350729,0.030528801676493498,3.9698857807097543,-1.644359821909082,0.50016535818450902,-0.018181853503082403,-0.00033044329681482113,-6.0090652618849553e-06,0.00033044329681482113,6.0090652618849562e-06,0.50016535818450902,-0.018181853503082403
fig8_D_0p05,0.050000000000000003,2795.415999067859,3.9061075478662661,-1.9920759854757493,0.39291815794623808,-0.098678106181217348,-0.39574084187417935,0.11108431756410088,3.9056482855439549,-1.9926422062260041,0.50016010288379764,-0.01789071642034061,-0.00031994976602303128,-5.725047129227649e-06,0.00031994976602303134,5.725047129227649e-06,0.50016010288379764,-0.01789071642034061
fig8_D_0p05,0.050000000000000003,2840.883690183301,3.7712481744144242,-2.332560026298621,0.36804500819759917,-0.17770686573719346,-0.3685407437308193,0.19007230481896473,3.7707075924392588,-2.3330090967449681,0.50015501474539736,-0.017604245565846388,-0.0003097894925926992,-5.4544558224014183e-06,0.00030978949259269915,5.4544558224014175e-06,0.50015501474539736,-0.017604245565846392
fig8_D_0p05,0.050000000000000003,2887.0909173592345,3.5689078954763809,-2.6445208062919057,0.32045848436960706,-0.24619383832050193,-0.31874408232259988,0.25786912122357331,3.5683237536419838,-2.6448361035542658,0.50015008844328679,-0.01732236594378643,-0.0002999518912178362,-5.1966563832730398e-06,0.0002999518912178362,5.1966563832730398e-06,0.50015008844328679,-0.017322365943786434
fig8_D_0p05,0.050000000000000003,2934.0497092157871,3.3100001884372681,-2.9096095011001339,0.25613706030576106,-0.29622531060747487,-0.25256358553612501,0.30666105737366861,3.3094130239371404,-2.909790227658033,0.50014531882169277,-0.017045003773460379,-0.00029042671291460163,-4.9510438974083986e-06,0.00029042671291460163,4.9510438974083995e-06,0.50014531882169277,-0.017045003773460375
fig8_D_0p05,0.050000000000000003,2981.7722900196732,3.0112978462026039,-3.1150221125433784,0.18385989789899715,-0.32377470754908688,-0.17893348041488452,0.33261326839440097,3.0107433637159851,-3.1150821908028852,0.50014070088961382,-0.016772086469133481,-0.00028120403432931501,-4.717042071256223e-06,0.00028120403432931507,4.717042071256223e-06,0.50014070088961382,-0.016772086469133477
fig8_D_0p05,0.050000000000000003,3030.2710828663994,2.6922182198839604,-3.2553165054539757,0.11259481804417421,-0.3293431597614056,-0.10686708489171701,0.33645027702254082,2.6917218908473255,-3.2552797954157846,0.50013622981552175,-0.0165035426202449,-0.00027227424738676448,-4.4941018768121855e-06,0.00027227424738676448,4.4941018768121855e-06,0.50013622981552175,-0.0165035426202449
fig8_D_0p05,0.050000000000000003,3079.5587129142232,2.3713239786321547,-3.3322882125834106,0.049261136197709589,-0.31694609713213306,-0.043231376244103698,0.32238249565141902,2.3708992727140314,-3.3321823380075837,0.50013190092223558,-0.016239301971964208,-0.00026362804926795025,-4.2817002605552052e-06,0.00026362804926795025,4.2817002605552052e-06,0.50013190092223558,-0.016239301971964205
fig8_D_0p05,0.050000000000000003,3129.6480106707504,2.0636670025845407,-3.3532393186641487,-0.002283303467978638,-0.29225322285468525,0.0082270111621492708,0.29621091819729356,2.0633168212795541,-3.353090410262249,0.50012770968196263,-0.015979295406088865,-0.0002552564327067535,-4.0793389136009318e-06,0.00025525643270675344,4.0793389136009318e-06,0.50012770968196263,-0.015979295406088865
fig8_D_0p05,0.050000000000000003,3180.5520153329198,1.7795528408280941,-3.3285276082484105,-0.041033979366996591,-0.26086700361967174,0.046631092047212032,0.26360041236967435,1.7792726431987405,-3.3283571612742779,0.50012365171150031,-0.015723454922276319,-0.00024715067659537409,-3.8865431001636138e-06,0.00024715067659537409,3.8865431001636129e-06,0.50012365171150031,-0.015723454922276319
fig8_D_0p05,0.050000000000000003,3232.2839781813809,1.5246223035654636,-3.2692876456412945,-0.067960384210171018,-0.22728851146856019,0.073064247683798697,0.22906033872313325,1.5244034268140676,-3.2691114738158884,0.50011972276759387,-0.015471713619603358,-0.00023930233688867553,-3.7028605415554817e-06,0.00023930233688867548,3.7028605415554817e-06,0.50011972276759387,-0.01547171361960336
fig8_D_0p05,0.050000000000000003,3284.8573660300472,1.3007425916172952,-3.1858335947163048,-0.085034130600045318,-0.19459396561948383,0.089584722314504539,0.19564220353764869,1.3005748852068522,-3.1856622047397765,0.50011591874244421,-0.015224005678446666,-0.00023170323779791896,-3.5278603530856446e-06,0.00023170323779791907,3.5278603530856454e-06,0.50011591874244421,-0.015224005678446659
fig8_D_0p05,0.050000000000000003,3338.2858647317576,1.1071659403741541,-3.0868280023613708,-0.094489985945747715,-0.16457043093047896,0.098485294066782844,0.16509365723130562,1.1070394646362618,-3.0866676360376597,0.50011223565936236,-0.014980266342678092,-0.00022434546326466259,-3.361132031345892e-06,0.00022434546326466264,3.3611320313458924e-06,0.50011223565936236,-0.014980266342678092
fig8_D_0p05,0.050000000000000003,3392.583382740992,0.94159234675520731,-2.9790462495626091,-0.098393406017856025,-0.13803917318908418,0.10186569758922194,0.13819404274577377,0.94149826184753926,-2.9789000577603666,0.50010866966856415,-0.014740431902168257,-0.00021722134870588619,-3.2022844894903798e-06,0.00021722134870588608,3.2022844894903793e-06,0.50010866966856415,-0.014740431902168257
fig8_D_0p05,0.050000000000000003,3447.764054734464,0.80097928332985746,-2.8674995153679403,-0.09845366217555343,-0.1151899721995036,0.10145238098524549,0.11509520276292221,0.80091017919561314,-2.8673685858721969,0.50010521704310029,-0.014504439675592892,-0.00021032347302171674,-3.0509451382307846e-06,0.00021032347302171671,3.0509451382307851e-06,0.50010521704310029,-0.014504439675592888
fig8_D_0p05,0.050000000000000003,3503.8422452906757,0.68208197718260044,-2.7557198556420697,-0.095988944878942772,-0.095848544046055195,0.098569604702508015,0.09559143539124558,0.68203187794403031,-2.7556040018106853,0.50010187417492002,-0.014272227993535504,-0.000203644650857368,-2.9067590103761648e-06,0.00020364465085736798,2.9067590103761644e-06,0.50010187417492002,-0.014272227993535504
fig8_D_0p05,0.050000000000000003,3560.8325526292815,0.58177331341293381,-2.6460821096165827,-0.091966595394492701,-0.079661661941454548,0.094184218312615642,0.079304891477719658,0.5817375237512673,-2.6459804257466906,0.5000986375710601,-0.014043736181880871,-0.00019717792511120358,-2.7693879268508333e-06,0.0001971779251112035,2.7693879268508329e-06,0.5000986375710601,-0.014043736181880871
fig8_D_0p05,0.050000000000000003,3618.7498124112767,0.4972079204925573,-2.5400983118748126,-0.087069864198730695,-0.066212466846376564,0.088975512950736482,0.065800110638516596,0.49718281642788609,-2.5400095398356548,0.50009550384995871,-0.013818904545493818,-0.00019091655968108575,-2.6385097022217126e-06,0.00019091655968108575,2.6385097022217126e-06,0.50009550384995871,-0.013818904545493817
fig8_D_0p05,0.050000000000000003,3677.6091016010305,0.42588692471706885,-2.438660119549998,-0.081765791578255975,-0.055085620977279683,0.083405046604242958,0.054648057084250148,0.42586974337786443,-2.438582877492347,0.50009246973788635,-0.013597674352177512,-0.0001848540324414094,-2.5138173878600913e-06,0.00018485403244140932,2.5138173878600917e-06,0.50009246973788635,-0.013597674352177515
fig8_D_0p05,0.050000000000000003,3737.425742391064,0.36566493062182792,-2.3422263159934014,-0.076363528938724626,-0.045899957225436133,0.077776103026067078,0.04545766291242416,0.36565358363169365,-2.3421592327133371,0.50008953206549489,-0.013379987816906407,-0.00017898402844348808,-2.3950185509524662e-06,0.00017898402844348805,2.3950185509524658e-06,0.50008953206549489,-0.013379987816906407
fig8_D_0p05,0.050000000000000003,3798.2153061907361,0.31472676678137307,-2.2509619988223175,-0.071060310833973628,-0.038321670363764021,0.072280277086620853,0.037888069515787555,0.3147196851896974,-2.2509037866758175,0.50008668776447474,-0.013165788086328024,-0.00017330043333216332,-2.2818345876593856e-06,0.00017330043333216335,2.2818345876593856e-06,0.50008668776447474,-0.013165788086328028
fig8_D_0p05,0.050000000000000003,3859.993617679771,0.27155088918818671,-2.1648389595065778,-0.065975874644200933,-0.032066712957427836,0.067032186901207505,0.031650265809981364,0.2715468995809982,-2.1647884489416449,0.50008393386432237,-0.012955019223528961,-0.00016779732697176219,-2.174000068802765e-06,0.00016779732697176219,2.1740000688027654e-06,0.50008393386432237,-0.012955019223528957
fig8_D_0p05,0.050000000000000003,3922.7767589277155,0.234869101014063,-2.0837065087526545,-0.061177381045017527,-0.026897744329377322,0.06209450081720376,0.026503458475779725,0.23486732895241516,-2.0836626598598489,0.50008126748921067,-0.012747626193059875,-0.00016246897727473361,-2.0712621165387525e-06,0.00016246897727473364,2.071262116538753e-06,0.50008126748921067,-0.012747626193059872
fig8_D_0p05,0.050000000000000003,3986.5810735804389,0.20362768051506777,-2.0073405491566461,-0.056697040847682394,-0.022618742993659503,0.057495569527038957,0.022249254293319792,0.20362747646050167,-2.0073024501516952,0.50007868585496096,-0.012543554846214599,-0.00015730983422650624,-1.9733798105466631e-06,0.00015730983422650624,1.9733798105466631e-06,0.50007868585496096,-0.012543554846214595
fig8_D_0p05,0.050000000000000003,4051.4231711146472,0.17695228590863638,-1.9354770031695674,-0.052544368129462136,-0.019068985239029321,0.053241634065240497,0.018725324739570934,0.17695316897858182,-1.9354438619946266,0.50007618626611161,-0.012342751906558903,-0.00015231452410033235,-1.8801236223346034e-06,0.00015231452410033235,1.8801236223346034e-06,0.50007618626611161,-0.012342751906558903
fig8_D_0p05,0.050000000000000003,4117.3199311616791,0.15411746859752604,-1.8678341745360991,-0.048714578499545753,-0.016117252171580491,0.049325157795566926,0.015799386524974993,0.15411908413551004,-1.867805307323593,0.50007376611308185,-0.012145164955703837,-0.00014747784385605464,-1.7912748763284053e-06,0.00014747784385605464,1.7912748763284049e-06,0.50007376611308185,-0.012145164955703837
fig8_D_0p05,0.050000000000000003,4184.288507901585,0.1345208122847632,-1.8041273810638887,-0.045194271915679644,-0.013656648412777004,0.045730437844001014,0.013363858211107561,0.13452289997860453,-1.804102199648701,0.50007142286942696,-0.011950742419319406,-0.00014279475571695249,-1.7066252364743617e-06,0.00014279475571695249,1.7066252364743617e-06,0.50007142286942696,-0.011950742419319406
fig8_D_0p05,0.050000000000000003,4252.3463345286773,0.11766132478333299,-1.7440782479463299,-0.041965227510761996,-0.011600155672334904,0.042437331644408223,0.011331298461013276,0.11766369476242736,-1.7440562476408057,0.50006915408918085,-0.011759433553384102,-0.00013826038191899572,-1.6259762171462656e-06,0.00013826038191899572,1.6259762171462652e-06,0.50006915408918085,-0.011759433553384104
fig8_D_0p05,0.050000000000000003,4321.5111277897622,0.10312155553257127,-1.6874203501899367,-0.039006898860075107,-0.0098769123214069807,0.039423690744696989,0.0096306039045911344,0.10312407046645622,-1.6874010984442323,0.5000669574042842,-0.011571188430665761,-0.00013386999962701531,-1.549138717204729e-06,0.00013386999962701528,1.5491387172047294e-06,0.5000669574042842,-0.011571188430665761
fig8_D_0p05,0.050000000000000003,4391.8008925960858,0.090552883930884079,-1.633902386501042,-0.036298022281541366,-0.0084291499536604253,0.036666915707383875,0.0082038880100456131,0.09055544562659934,-1.6338855127199168,0.50006483052209727,-0.011385957927429918,-0.000129619036012489,-1.4759325761117132e-06,0.000129619036012489,1.4759325761117128e-06,0.50006483052209727,-0.011385957927429921
fig8_D_0p05,0.050000000000000003,4463.2339267103971,0.079663457475012592,-1.5832897065598044,-0.033817624640379088,-0.007209696625808293,0.03414491852557653,0.0070039437285029753,0.079665996841390016,-1.5832748931452543,0.50006277122298926,-0.011203693710370983,-0.0001255030634877854,-1.4061861510548441e-06,0.00012550306348778543,1.4061861510548441e-06,0.50006277122298926,-0.011203693710370983
fig8_D_0p05,0.050000000000000003,4535.8288255101907,0.070208318624205346,-1.5353647594703916,-0.031545628136365751,-0.0061799549786550039,0.03183668936776414,0.0059921931537626994,0.070210788154745601,-1.5353517340496117,0.50006077735800769,-0.011024348223762583,-0.00012151779509189915,-1.3397359140862105e-06,0.00012151779509189915,1.3397359140862103e-06,0.50006077735800769,-0.011024348223762585
fig8_D_0p05,0.050000000000000003,4609.6044868284289,0.061981326221045824,-1.4899268531872192,-0.029463187433578449,-0.0053082711328596467,0.029722602107494986,0.0051370365561459177,0.06198369436132449,-1.4899153819305737,0.50005884684662183,-0.010847874676822957,-0.00011765908002285109,-1.2764260683272392e-06,0.00011765908002285112,1.2764260683272394e-06,0.50005884684662183,-0.010847874676822957
fig8_D_0p05,0.050000000000000003,4684.5801158730455,0.054808541684953943,-1.4467914906700583,-0.027552851449511313,-0.0045686214118362076,0.027784550011050561,0.004412525329375981,0.054810788611228428,-1.4467813725812848,0.50005697767453838,-0.010674227031291374,-0.00011392289931208706,-1.2161081823363821e-06,0.00011392289931208709,1.2161081823363821e-06,0.50005697767453838,-0.010674227031291374
fig8_D_0p05,0.050000000000000003,4760.775230226368,0.048542807845741928,-1.4057894624006615,-0.025798612446579258,-0.0039395556401469484,0.026005973340314237,0.0037972958143068013,0.048544922301458536,-1.4057805244573294,0.50005516789158733,-0.0105033599892122,-0.00011030536163636444,-1.1586408417793205e-06,0.0001103053616363644,1.1586408417793205e-06,0.50005516789158733,-0.010503359989212202
fig8_D_0p05,0.050000000000000003,4838.2096649259574,0.043059297844653836,-1.366765815309724,-0.024185884687976434,-0.0034033466216606815,0.024371820346668484,0.0032737123375188373,0.043061274770976411,-1.3667579083375991,0.50005341560967542,-0.010335228980922324,-0.00010680269926274158,-1.1038893175819309e-06,0.00010680269926274158,1.1038893175819307e-06,0.50005341560967542,-0.010335228980922326
fig8_D_0p05,0.050000000000000003,4916.9035776280316,0.0382518530809818,-1.3295787770870557,-0.022701440963712852,-0.0029453048735085226,0.022868469286785993,0.0028271776424500165,0.038253691844012838,-1.329571772262337,0.50005171900080581,-0.010169790153238758,-0.00010341126412244625,-1.0517252497854672e-06,0.00010341126412244625,1.0517252497854674e-06,0.50005171900080581,-0.010169790153238758
fig8_D_0p05,0.050000000000000003,4996.8774538548787,0.034029963463940591,-1.294098686649924,-0.021333325762988853,-0.0025532256638171355,0.021483629668923011,0.0024455771236585916,0.034031666530855931,-1.2940924725354339,0.50005007629516118,-0.010007000357842613,-0.00010012752400951763,-1.002026346360217e-06,0.00010012752400951763,1.0020263463602172e-06,0.50005007629516118,-0.010007000357842612
fig8_D_0p05,0.050000000000000003,5078.1521123276707,0.030316271220767681,-1.2602069622929495,-0.020070757382056898,-0.0022169419619444508,0.020206234548047305,0.0021188300207381069,0.030317843173999735,-1.260201442326607,0.50004848577924699,-0.0098468171398559592,-9.6948058900253809e-05,-9.5467609626924027e-07,9.6948058900253809e-05,9.5467609626924027e-07,0.50004848577924699,-0.0098468171398559574
fig8_D_0p05,0.050000000000000003,5160.7487103859075,0.027044502214254359,-1.2277951259956914,-0.018904026857717603,-0.0019279622316257655,0.019026331372828543,0.0018385261815639349,0.027045949020407148,-1.2277902163611607,0.50004694579409625,-0.0096891987266083997,-9.3869557389627745e-05,-9.0956349610748073e-07,9.3869557389627745e-05,9.0956349610748073e-07,0.50004694579409625,-0.0096891987266083997
fig8_D_0p05,0.050000000000000003,5244.6887494951188,0.02415774705883789,-1.1967638936114853,-0.01782439864853368,-0.0016791762734347242,0.017934975990094273,0.0015976313739773219,0.024159075529602041,-1.196759521431247,0.50004545473352968,-0.0095341040165896219,-9.0888813240943474e-05,-8.6658278967332886e-07,9.0888813240943487e-05,8.6658278967332907e-07,0.50004545473352968,-0.0095341040165896201
fig8_D_0p05,0.050000000000000003,5329.9940808440933,0.021607029098721545,-1.1670223348745394,-0.016824015997076721,-0.0014646157378601305,0.016924132482251338,0.0013902476063642141,0.021608246496482818,-1.1670184366748617,0.50004401104247354,-0.0093814925685849083,-8.8002722045137143e-05,-8.256332198604042e-07,8.8002722045137143e-05,8.2563321986040431e-07,0.50004401104247354,-0.0093814925685849083
fig8_D_0p05,0.050000000000000003,5416.6869110331463,0.019350108203252808,-1.1384871034166786,-0.015895812586732509,-0.0012792586472349216,0.015986580241586973,0.0012114176818286923,0.019351221955658041,-1.1384836238218288,0.50004261321532983,-0.0092313245909903911,-8.5208277986234917e-05,-7.8661879228625383e-07,8.5208277986234917e-05,7.8661879228625372e-07,0.50004261321532983,-0.0092313245909903911
fig8_D_0p05,0.050000000000000003,5504.7898078549679,0.017350478905303248,-1.111081734637466,-0.015033431242707097,-0.0011188694218305614,0.015115828860812761,0.0010569654014334295,0.017351496401753864,-1.1110786252573126,0.50004125979439951,-0.0090835609313046645,-8.2502570709589264e-05,-7.494480501022859e-07,8.2502570709589251e-05,7.494480501022859e-07,0.50004125979439951,-0.0090835609313046645
fig8_D_0p05,0.050000000000000003,5594.3257061693776,0.015576529115337074,-1.0847360078749211,-0.014231149872592521,-0.00097986761647366025,0.014306040896877955,0.00092336456702824389,0.015577457564943784,-1.0847332263557909,0.50003994936835572,-0.0089381630657940948,-7.9882782289631692e-05,-7.1403385945572645e-07,7.9882782289631706e-05,7.1403385945572667e-07,0.50003994936835572,-0.0089381630657940966
fig8_D_0p05,0.050000000000000003,5685.3179138737532,0.014000831857072042,-1.0593853685680754,-0.01348381449676273,-0.00085921993127317678,0.013551962245868285,0.00080763130851517018,0.014001678192558412,-1.059382877781581,0.50003868057076573,-0.0087950930893283211,-7.7346184293970046e-05,-6.8029320509927225e-07,7.7346184293970046e-05,6.8029320509927194e-07,0.50003868057076573,-0.0087950930893283229
fig8_D_0p05,0.050000000000000003,5777.7901179705068,0.012599547487295078,-1.0349704057727658,-0.012786779014153659,-0.00075435113734564885,0.012848859683020153,0.0007072353498595406,0.012600318303090136,-1.0349681731213725,0.5000374520786609,-0.0086543137053833302,-7.4890134940772812e-05,-6.4814699566820279e-07,7.4890134940772812e-05,6.4814699566820269e-07,0.5000374520786609,-0.0086543137053833302
fig8_D_0p05,0.050000000000000003,5871.7663907332617,0.01135191792028194,-1.011436380339404,-0.012135851237489075,-0.00066307041452467151,0.012192465027308915,0.0006200266928908136,0.011352619435886927,-1.0114343771609173,0.50003626261115142,-0.0085157882162090297,-7.2512076346471801e-05,-6.1751987816735457e-07,7.2512076346471801e-05,6.1751987816735457e-07,0.50003626261115142,-0.0085157882162090314
fig8_D_0p05,0.050000000000000003,5967.2711959733106,0.010239837666358951,-0.98873279918429313,-0.011527244681567966,-0.00058351027941268025,0.011578925353306607,0.00054417488542099599,0.010240475708231741,-0.98873100024029237,0.50003511092808606,-0.0083794805131585885,-7.0209531860913348e-05,-5.8834006123209052e-07,7.0209531860913348e-05,5.8834006123209052e-07,0.50003511092808606,-0.0083794805131585902
fig8_D_0p05,0.050000000000000003,6064.3293954080618,0.00924748916595396,-0.9668130313144947,-0.010957535576915367,-0.00051407582543214691,0.011004758672763066,0.00047811858781382087,0.0092480691627985865,-0.96681141435011364,0.50003399582875441,-0.008245355067176538,-6.7980103487175138e-05,-5.6053914674800811e-07,6.7980103487175138e-05,5.6053914674800811e-07,0.50003399582875441,-0.008245355067176538
fig8_D_0p05,0.050000000000000003,6162.966255132942,0.0083610320759187617,-0.945633961553213,-0.010423624594088883,-0.00045340243062591638,0.010466814530325766,0.00042052358924422976,0.0083615590635177321,-0.94563250691766776,0.5000329161506305,-0.0081133769194432787,-6.582146938336233e-05,-5.3405196943388484e-07,6.5821469383362343e-05,5.3405196943388494e-07,0.5000329161506305,-0.0081133769194432805
fig8_D_0p05,0.050000000000000003,6263.2074521986924,0.0075683379404283034,-0.92515567822645917,-0.0099227027912555908,-0.0004003204365575758,0.0099622389924157312,0.00037024777457846455,0.0075688165731083836,-0.92515436854537869,0.50003187076815669,-0.007983511672172856,-6.3731381443770765e-05,-5.0881644401096594e-07,6.3731381443770765e-05,5.0881644401096594e-07,0.50003187076815669,-0.007983511672172856
fig8_D_0p05,0.050000000000000003,6365.0790812955775,0.006858763131463671,-0.90534119139203972,-0.0094522213326916574,-0.00035382558065217304,0.0094884435492318293,0.00032631182322396981,0.0068591976980124248,-0.90534001128404984,0.50003085859156682,-0.0078557254795616725,-6.1707662956898685e-05,-4.8477341959967098e-07,6.1707662956898672e-05,4.8477341959967098e-07,0.50003085859156682,-0.0078557254795616743
fig8_D_0p05,0.050000000000000003,6468.6076615463207,0.0062229541354070451,-0.88615617850518069,-0.0090098645642623827,-0.00031305418877448102,0.0090430774930804082,0.00028787464671491001,0.0062233485778117117,-0.88615511433635963,0.50002987856574577,-0.0077299850388855094,-5.9748206337862911e-05,-4.6186654100173577e-07,5.9748206337862904e-05,4.6186654100173572e-07,0.50002987856574577,-0.0077299850388855111
fig8_D_0p05,0.050000000000000003,6573.8201434095854,0.0056526802420222792,-0.86756875471359629,-0.008593526070941368,-0.00027726231586870577,0.0086240033791621408,0.00025421275345212905,0.0056530381758239856,-0.86756779438439069,0.50002892966912704,-0.007606257581742157,-5.7850970932853441e-05,-4.4004211654199512e-07,5.7850970932853428e-05,4.4004211654199506e-07,0.50002892966912704,-0.007606257581742157
fig8_D_0p05,0.050000000000000003,6680.7439156956152,0.0051406894997180035,-0.84954926525392604,-0.0082012873793040082,-0.00024580816884582543,0.008229275216041592,0.00022470287576986233,0.005141014235096341,-0.84954839801394055,0.50002801091262394,-0.0074845108654374654,-5.601398089333965e-05,-4.1924899215949423e-07,5.6013980893339657e-05,4.1924899215949434e-07,0.50002801091262394,-0.0074845108654374654
fig8_D_0p05,0.050000000000000003,6789.406812696112,0.0046805844683806908,-0.83207009767893503,-0.0078313990036709708,-0.00021813726453546233,0.0078571190714036808,0.00019880731335905112,0.0046808790313280293,-0.83206931396569783,0.50002712133859617,-0.0073647131645120691,-5.4235323117807506e-05,-3.9943843145223048e-07,5.4235323117807513e-05,3.9943843145223048e-07,0.50002712133859617,-0.0073647131645120691
fig8_D_0p05,0.050000000000000003,6899.837121430025,0.0042667148539368019,-0.81510551188030322,-0.0074822635676551575,-0.00019376987191312893,0.0075059158139466056,0.00017606154358394766,0.0042669820070669329,-0.81510480317868694,0.50002626001984851,-0.0072468332624065742,-5.251314525888385e-05,-3.8056400139389782e-07,5.251314525888385e-05,3.8056400139389782e-07,0.50002626001984851,-0.0072468332624065742
fig8_D_0p05,0.050000000000000003,7012.0635890071771,0.0038940845679182228,-0.7986314860853333,-0.0071524207630509779,-0.00017229036633336937,0.0071741857442316698,0.00015606372778382183,0.0038943268305936828,-0.79863084480480362,0.50002542605866185,-0.0071308404432628382,-5.0845653793769481e-05,-3.6258146345431149e-07,5.0845653793769481e-05,3.6258146345431144e-07,0.50002542605866185,-0.0071308404432628382
fig8_D_0p05,0.050000000000000003,7126.1154301117458,0.0035582711374780042,-0.78262557719859593,-0.0068405339352749827,-0.00015333818761681977,0.0068605748960552902,0.00013846580675281494,0.0035584908050464679,-0.78262499656586693,0.50002461858585512,-0.007016704483858935,-4.9231112155967229e-05,-3.4544866986787504e-07,4.9231112155967236e-05,3.454486698678751e-07,0.50002461858585512,-0.0070167044838589342
fig8_D_0p05,0.050000000000000003,7242.0223346073153,0.0032553557101862663,-0.76706679403277322,-0.0065453781090212453,-0.00013660014632412286,0.0065638428155826798,0.00012296593102642831,0.0032555548721950327,-0.76706626799780608,0.50002383675987716,-0.0069043956456757661,-4.7667838926360695e-05,-3.2912546480661258e-07,4.7667838926360708e-05,3.2912546480661263e-07,0.50002383675987716,-0.0069043956456757661
fig8_D_0p05,0.050000000000000003,7359.8144752657709,0.0029818621646196873,-0.75193548212805172,-0.006265829289595049,-0.00012180386561528559,0.0062828516482957035,0.00010930201459902196,0.0029820427219354115,-0.75193500528161827,0.50002307976592719,-0.0067938846670928203,-4.615420608175302e-05,-3.1357359022572747e-07,4.615420608175302e-05,3.1357359022572742e-07,0.50002307976592719,-0.0067938846670928194
fig8_D_0p05,0.050000000000000003,7479.5225156218285,0.0027347040613029732,-0.73721321899818604,-0.0060008548947473751,-0.00010871218151417383,0.0060165563840079966,9.7246236036751746e-05,0.0027348677421075228,-0.73721278649948152,0.50002234681510394,-0.0066851427557111038,-4.4688637299043206e-05,-2.9875659616071523e-07,4.4688637299043212e-05,2.9875659616071529e-07,0.50002234681510394,-0.0066851427557111029
fig8_D_0p05,0.050000000000000003,7601.1776179553226,0.0025111383563584636,-0.72288271876510535,-0.0057495051889625871,-9.7118353598693336e-05,0.0057639961280325606,8.6600340065301213e-05,0.0025112867310220451,-0.7228823262780989,0.5000216371435815,-0.0065781415808010418,-4.3269606313270554e-05,-2.8463975526547002e-07,4.3269606313270554e-05,2.8463975526547002e-07,0.5000216371435815,-0.0065781415808010418
fig8_D_0p05,0.050000000000000003,7724.8114514034005,0.002308724958333262,-0.70892774525425928,-0.0055109056072772692,-8.6841962265524902e-05,0.0055242862822989245,7.7191616753303146e-05,0.0023088594531888934,-0.7089273888916553,0.50002095001181113,-0.0064728532658731896,-4.1895635327814824e-05,-2.7118998139079153e-07,4.189563532781481e-05,2.7118998139079148e-07,0.50002095001181113,-0.0064728532658731904
fig8_D_0p05,0.050000000000000003,7850.4562002045095,0.0021252913420797747,-0.69533303272119396,-0.0052842498690395178,-7.7725388699709198e-05,0.005296611534039701,6.8869455309139628e-05,0.0021254132521376684,-0.69533270899503397,0.50002028470374982,-0.006369250381369867,-4.0565293475097287e-05,-2.5837575201222963e-07,4.056529347509728e-05,2.5837575201222963e-07,0.50002028470374982,-0.0063692503813698662
fig8_D_0p05,0.050000000000000003,7978.1445720766287,0.0019589015463587546,-0.68208421346725467,-0.0050687937937519949,-6.9630790263031577e-05,0.0050802195618127729,6.1502386011529593e-05,0.0019590120470097784,-0.68208391924531742,0.50001964052611148,-0.0062673059374754678,-3.9277195326174828e-05,-2.461670343251846e-07,3.9277195326174821e-05,2.461670343251846e-07,0.50001964052611148,-0.006267305937475467
fig8_D_0p05,0.050000000000000003,8107.9098067316945,0.001807828977396037,-0.66916775168021736,-0.004863849741464768,-6.2437497808339159e-05,0.0048744153792950416,5.4975537511530438e-05,0.0018079291351592688,-0.66916748414749472,0.50001901680764371,-0.0061669933770436098,-3.8029999447675572e-05,-2.3453521483385355e-07,3.8029999447675572e-05,2.3453521483385355e-07,0.50001901680764371,-0.0061669933770436107
fig8_D_0p05,0.050000000000000003,8239.7856845285114,0.0016705325217468449,-0.65657088290488708,-0.0046687816092571199,-5.6039772923295344e-05,0.0046785562466495883,4.9188448169269983e-05,0.0016706233041197751,-0.65657063952950134,0.50001841289842675,-0.0060682865686391566,-3.6822407004571566e-05,-2.2345303226879229e-07,3.682240700457156e-05,2.2345303226879235e-07,0.50001841289842675,-0.0060682865686391566
fig8_D_0p05,0.050000000000000003,8373.8065352664889,0.001545635540821203,-0.64428155861035685,-0.0044830003233226707,-5.0344872708693409e-05,0.0044920470874904072,4.4053179625334612e-05,0.0015457178252921669,-0.64428133711337776,0.50001782816919516,-0.0059711597996930845,-3.5653160407330958e-05,-2.1289451367567425e-07,3.5653160407330951e-05,2.1289451367567425e-07,0.50001782816919516,-0.0059711597996930854
fig8_D_0p05,0.050000000000000003,8510.0072471222466,0.0014319073782239863,-0.63228839537554993,-0.0043059597731817051,-4.5271377731755746e-05,0.0043143363566882052,3.9492688782529284e-05,0.0014319819605062858,-0.63228819370423184,0.50001726201068042,-0.0058755877697685378,-3.4521042002041992e-05,-2.0283491352530752e-07,3.4521042002041992e-05,2.028349135253075e-07,0.50001726201068042,-0.0058755877697685378
fig8_D_0p05,0.050000000000000003,8648.4232757317259,0.0013282470612625387,-0.62058062826350358,-0.004137153140705209,-4.0747745532371659e-05,0.0041449123105989057,3.5439421057134665e-05,0.0013283146628079682,-0.62058044456753347,0.50001671383297541,-0.0057815455839359611,-3.3424872802140651e-05,-1.9325065570201925e-07,3.3424872802140644e-05,1.9325065570201922e-07,0.50001671383297541,-0.0057815455839359594
fig8_D_0p05,0.050000000000000003,8789.0906534199639,0.0012336689209099577,-0.60914806799847021,-0.0039761095820533554,-3.6711057720467899e-05,0.0039832996368662846,3.1834093369976959e-05,0.0012337301957576806,-0.60914790060886337,0.50001618306491868,-0.0056890087462556603,-3.2363511260422054e-05,-1.8411927823431707e-07,3.2363511260422054e-05,1.8411927823431701e-07,0.50001618306491868,-0.0056890087462556612
fig8_D_0p05,0.050000000000000003,8932.0459985809593,0.0011472898912983937,-0.59798106159873521,-0.0038223912253966697,-3.3105933466678699e-05,0.003829056405844388,2.862464006730375e-05,0.0011473454323121359,-0.59798090900906764,0.50001566915349804,-0.0055979531533660136,-3.1335852080055518e-05,-1.7541938063815941e-07,3.1335852080055511e-05,1.7541938063815938e-07,0.50001566915349804,-0.0055979531533660119
fig8_D_0p05,0.050000000000000003,9077.3265252102228,0.0010683182813875909,-0.58707045615270548,-0.0036755904514825322,-2.9883586205391485e-05,0.0036817713099900943,2.5765298938463066e-05,0.0010683686259313318,-0.58707031700240575,0.50001517156327369,-0.0055083550881754074,-3.0340825063362839e-05,-1.6713057374928927e-07,3.0340825063362839e-05,1.6713057374928927e-07,0.50001517156327369,-0.0055083550881754074
fig8_D_0p05,0.050000000000000003,9224.9700525921744,0.00099604383859557889,-0.5764075654567965,-0.0035353274278042872,-2.7001003762245481e-05,0.0035410611613649529,2.3215817854505894e-05,0.00099608947369477234,-0.57640743851625509,0.50001468977581942,-0.0054201912136564931,-2.9377393997162641e-05,-1.5923343192696388e-07,2.9377393997162644e-05,1.5923343192696391e-07,0.50001468977581942,-0.0054201912136564931
fig8_D_0p05,0.050000000000000003,9375.015015145289,0.00092982894754834442,-0.56598413926124136,-0.0034012478703850527,-2.4420234989049469e-05,0.0034065686207211433,2.0940765390514944e-05,0.00092987031458052944,-0.56598402341853427,0.50001422328918144,-0.005333438566740711,-2.8444555573516057e-05,-1.5170944751693357e-07,2.8444555573516057e-05,1.5170944751693357e-07,0.50001422328918144,-0.0053334385667407119
fig8_D_0p05,0.050000000000000003,9527.5004724273003,0.00086910082726059676,-0.55579233489473168,-0.0032730210100602774,-2.2107768422309155e-05,0.0032779601345877514,1.8908931198804229e-05,0.00086913832621615184,-0.55579222914376314,0.50001377161735516,-0.0052480745523116948,-2.7541338344751297e-05,-1.4454098746686704e-07,2.7541338344751294e-05,1.4454098746686704e-07,0.50001377161735516,-0.0052480745523116948
fig8_D_0p05,0.050000000000000003,9682.4661193031134,0.00081334460746875436,-0.54582469106087395,-0.003150337742676923,-2.0033990547180154e-05,0.003154924059367186,1.7092803939891995e-05,0.00081337860081949107,-0.54582459449078635,0.50001333428977746,-0.0051640769372957975,-2.6666801711677346e-05,-1.3771125199245277e-07,2.6666801711677343e-05,1.3771125199245277e-07,0.50001333428977746,-0.0051640769372957984
fig8_D_0p05,0.050000000000000003,9839.9522962782266,0.00076209717989634868,-0.53607410361928887,-0.0030329089448658817,-1.8172713005003846e-05,0.0030371689537418089,1.5468116311326515e-05,0.00076212799610669965,-0.53607401540499011,0.50001291085083621,-0.0050814238448481297,-2.5820034943931883e-05,-1.3120423519721711e-07,2.582003494393188e-05,1.3120423519721714e-07,0.50001291085083621,-0.0050814238448481305
fig8_D_0p05,0.050000000000000003,10000,0.00071494173327818142,-0.52653380318195275,-0.0029204639390237952,-1.6500759578282509e-05,0.0029244220227149596,1.401344818941137e-05,0.00071496966999098303,-0.52653372257563857,0.50001250085939497,-0.0050000937486326712,-2.5000156231444473e-05,-1.2500468755370846e-07,2.5000156231444476e-05,1.2500468755370846e-07,0.50001250085939497,-0.0050000937486326703
fig8_D_0p5,0.5,0.001,0.49999993548261018,-0.00017098076863662353,-2.0723529581999964e-06,0.0031415944458934937,-1.7466691297832182e-07,-0.0012390896447946789,-0.50000012208779643,-2.2000703640617444e-11,0.90000000028159999,9.5999999985664014e-06,0.80000000005119998,-1.2800000004915199e-05,-0.80000000005119998,1.2800000004915199e-05,0.90000000028159999,9.599999998566398e-06
fig8_D_0p5,0.5,0.0010162650893929951,0.49999993336677606,-0.00017376179228882982,-2.1403152215059058e-06,0.0031926928201266606,-1.8039506731806765e-07,-0.0012592435478479727,-0.50000012609163424,-2.309178960243144e-11,0.90000000029083504,9.7561448566680589e-06,0.80000000005287919,-1.3008193149389298e-05,-0.80000000005287908,1.30081931493893e-05,0.90000000029083493,9.7561448566680538e-06
fig8_D_0p5,0.5,0.0010327947319189515,0.49999993118155345,-0.00017658804984512771,-2.2105062892575468e-06,0.0032446223169469786,-1.863110749289465e-07,-0.0012797252558971021,-0.50000013022677692,-2.4236986061795113e-11,0.90000000030037286,9.9148294248426169e-06,0.80000000005461325,-1.3219772573977389e-05,-0.80000000005461325,1.3219772573977389e-05,0.90000000030037286,9.9148294248426135e-06
fig8_D_0p5,0.5,0.0010495932305582276,0.49999992892466677,-0.00017946027705417571,-2.2829992545152248e-06,0.0032973964547845396,-1.9242109640382754e-07,-0.0013005401007177007,-0.50000013449753056,-2.5438976527505583e-11,0.90000000031022342,1.0076095011701341e-05,0.80000000005640426,-1.343479335682866e-05,-0.80000000005640415,1.343479335682866e-05,0.90000000031022342,1.0076095011701341e-05
fig8_D_0p5,0.5,0.0010666649582795388,0.4999999265937658,-0.00018237922163240192,-2.3578696074076167e-06,0.0033510289719551963,-1.987314943788232e-07,-0.0013216935008071064,-0.5000001389083425,-2.6700577567071587e-11,0.90000000032039718,1.0239983597743723e-05,0.80000000005825411,-1.3653311471943299e-05,-0.80000000005825411,1.3653311471943299e-05,0.90000000032039718,1.0239983597743718e-05
fig8_D_0p5,0.5,0.0010840143591783311,0.49999992418642336,-0.00018534564345869871,-2.4351953137430819e-06,0.0034055338302373876,-2.052488401425856e-07,-0.0013431909627949047,-0.50000014346380595,-2.8024745474556842e-11,0.90000000033090455,1.0406537846285843e-05,0.80000000006016447,-1.3875383803743675e-05,-0.80000000006016447,1.3875383803743675e-05,0.90000000033090455,1.0406537846285841e-05
fig8_D_0p5,0.5,0.0011016459496336569,0.49999992170013235,-0.00018836031477228475,-2.5150568961989632e-06,0.003460925218507143,-2.1197992049540315e-07,-0.0013650380828763966,-0.50000014816866467,-2.9414583155263838e-11,0.90000000034175631,1.0575801114566404e-05,0.80000000006213756,-1.4101068161882349e-05,-0.80000000006213734,1.4101068161882349e-05,0.90000000034175631,1.0575801114566404e-05
fig8_D_0p5,0.5,0.0011195643194838783,0.49999991913230379,-0.00019142402037378858,-2.5975375181735207e-06,0.0035172175564322618,-2.1893174479911681e-07,-0.0013872405482693874,-0.50000015302781819,-3.087334736278334e-11,0.90000000035296424,1.0747817465033476e-05,0.80000000006417538,-1.433042329629109e-05,-0.80000000006417515,1.4330423296291087e-05,0.90000000035296424,1.0747817465033477e-05
fig8_D_0p5,0.5,0.0011377741332214914,0.4999999164802636,-0.00019453755782960342,-2.6827230703877575e-06,0.0035744254982265724,-2.2611155229071422e-07,-0.0014098041386946772,-0.50000015804632625,-3.2404456396829817e-11,0.90000000036453964,1.0922631676814791e-05,0.80000000006627991,-1.45635089124746e-05,-0.80000000006627991,1.45635089124746e-05,0.90000000036453964,1.0922631676814789e-05
fig8_D_0p5,0.5,0.0011562801312073755,0.49999991374125013,-0.00019770173767956939,-2.7707022603273005e-06,0.0036325639364652765,-2.335268196249074e-07,-0.0014327347278806129,-0.50000016322941532,-3.4011498072127402e-11,0.90000000037649452,1.110028925737456e-05,0.80000000006845362,-1.4800385687052951e-05,-0.80000000006845351,1.4800385687052951e-05,0.90000000037649464,1.1100289257374562e-05
fig8_D_0p5,0.5,0.0011750871309048076,0.49999991091241103,-0.00020091738364803527,-2.8615667046175774e-06,0.0036916480059623934,-2.4118526863181611e-07,-0.0014560382850921363,-0.50000016858248253,-3.569823814808179e-11,0.90000000038884154,1.1280836454359997e-05,0.80000000007069849,-1.5041115283556914e-05,-0.80000000007069827,1.5041115283556914e-05,0.90000000038884154,1.1280836454359997e-05
fig8_D_0p5,0.5,0.0011942000281335325,0.49999990799080046,-0.00020418533285835528,-2.9554110244283474e-06,0.0037516930877112601,-2.4909487439037092e-07,-0.0014797208766846783,-0.50000017411110209,-3.7468629137922885e-11,0.90000000040159356,1.1464320267640395e-05,0.80000000007301708,-1.5285760368480117e-05,-0.80000000007301686,1.5285760368480114e-05,0.90000000040159356,1.1464320267640396e-05
fig8_D_0p5,0.5,0.0012136237983442406,0.49999990497337604,-0.00020750643605087698,-3.0523329440070525e-06,0.0038127148128891757,-2.5726387351682201e-07,-0.0015037886676833429,-0.50000017982103151,-3.9326819497318213e-11,0.90000000041476369,1.1650788461542111e-05,0.80000000007541161,-1.5534384627592323e-05,-0.80000000007541161,1.5534384627592323e-05,0.90000000041476369,1.1650788461542113e-05
fig8_D_0p5,0.5,0.0012333634979137761,0.49999990185699544,-0.00021088155780447958,-3.1524333924435548e-06,0.0038747290669272128,-2.6570077274815085e-07,-0.0015282479233877737,-0.50000018571821669,-4.1277163517717749e-11,0.90000000042836581,1.1840289577282563e-05,0.80000000007788474,-1.5787052782518109e-05,-0.80000000007788463,1.5787052782518106e-05,0.90000000042836581,1.1840289577282567e-05
fig8_D_0p5,0.5,0.0012534242654613996,0.49999989863841343,-0.0002143115767617139,-3.2558166087721696e-06,0.0039377519936462041,-2.7441435779262946e-07,-0.0015531050110031105,-0.50000019180879873,-4.3324231436539171e-11,0.90000000044241402,1.2032872945606359e-05,0.80000000008043892,-1.6043830607585023e-05,-0.80000000008043881,1.604383060758502e-05,0.90000000044241402,1.2032872945606362e-05
fig8_D_0p5,0.5,0.0012738113231864786,0.49999989531427835,-0.00021779738585761283,-3.3625902505205972e-06,0.0040017999994600992,-2.8341370248916031e-07,-0.0015783664012975016,-0.50000019809911977,-4.5472820062349151e-11,0.90000000045692286,1.2228588699627113e-05,0.80000000008307692,-1.6304784946946053e-05,-0.80000000008307681,1.6304784946946053e-05,0.90000000045692286,1.2228588699627114e-05
fig8_D_0p5,0.5,0.001294529978227916,0.49999989188112853,-0.00022133989255222048,-3.4728655058185891e-06,0.0040668897576476458,-2.9270817824070261e-07,-0.0016040386702865367,-0.50000020459573069,-4.7727964186091223e-11,0.90000000047190754,1.2427487787877967e-05,0.80000000008580152,-1.6569983731980278e-05,-0.80000000008580141,1.6569983731980278e-05,0.90000000047190742,1.2427487787877966e-05
fig8_D_0p5,0.5,0.0013155856240457038,0.49999988833538889,-0.00022494001906691073,-3.5867572091832736e-06,0.004133038212693633,-3.023074637842349e-07,-0.0016301285009451092,-0.50000021130539618,-5.0094948100733866e-11,0.90000000048738349,1.2629621987574489e-05,0.80000000008861516,-1.683949599897677e-05,-0.80000000008861505,1.683949599897677e-05,0.9000000004873836,1.2629621987574491e-05
fig8_D_0p5,0.5,0.0013369837418249467,0.49999988467336692,-0.00022859870262455248,-3.7043839611016357e-06,0.0042002625847007685,-3.122215552799068e-07,-0.0016566426849471141,-0.50000021823510377,-5.2579318449066242e-11,0.90000000050336715,1.2835043918093341e-05,0.80000000009152139,-1.7113391907106116e-05,-0.80000000009152128,1.7113391907106116e-05,0.90000000050336715,1.2835043918093339e-05
fig8_D_0p5,0.5,0.0013587299019027091,0.49999988089124925,-0.00023231689569358206,-3.8258682515346169e-06,0.004268580373873317,-3.2246077670550211e-07,-0.0016835881244334214,-0.50000022539206934,-5.5186896746233297e-11,0.90000000051987494,1.3043807054669944e-05,0.80000000009452277,-1.7391742756684042e-05,-0.80000000009452277,1.7391742756684039e-05,0.90000000051987494,1.3043807054669944e-05
fig8_D_0p5,0.5,0.0013808297652180923,0.49999987698509724,-0.00023609556623605218,-3.9513365874716174e-06,0.004338009365073745,-3.3303579059437705e-07,-0.0017109718338086425,-0.50000023278374606,-5.7923793257523559e-11,0.90000000053692408,1.3255965742319283e-05,0.80000000009762262,-1.76746210077324e-05,-0.80000000009762251,1.7674621007732397e-05,0.90000000053692408,1.3255965742319283e-05
fig8_D_0p5,0.5,0.001403289084785873,0.49999987295084319,-0.0002399356979597167,-4.0809196246680102e-06,0.0044085676324534797,-3.439576091758545e-07,-0.001738800941567081,-0.50000024041783109,-6.0796421309837825e-11,0.90000000055453233,1.3471575209982793e-05,0.80000000010082417,-1.7962100298841764e-05,-0.80000000010082395,1.7962100298841764e-05,0.90000000055453233,1.347157520998279e-05
fig8_D_0p5,0.5,0.0014261137071941285,0.49999986878428598,-0.00024383829057422155,-4.2147523037030553e-06,0.0044802735441590528,-3.5523760580358221e-07,-0.0017670826921484088,-0.50000024830227419,-6.3811512307889243e-11,0.90000000057271823,1.3690691584905577e-05,0.80000000010413064,-1.8254255466341042e-05,-0.80000000010413053,1.8254255466341039e-05,0.90000000057271823,1.3690691584905577e-05
fig8_D_0p5,0.5,0.0014493095741262166,0.49999986448108669,-0.00024780436005146636,-4.3529739904997761e-06,0.0045531457671148193,-3.668875268418581e-07,-0.001795824447823523,-0.5000002564452859,-6.6976131346714596e-11,0.90000000059150032,1.3913371907247414e-05,0.80000000010754546,-1.8551162563778779e-05,-0.80000000010754557,1.8551162563778776e-05,0.90000000059150032,1.391337190724741e-05
fig8_D_0p5,0.5,0.0014728827239075034,0.49999986003676411,-0.00025183493889020418,-4.4957286214531571e-06,0.0046272032718835156,-3.7891950384338902e-07,-0.0018250336906110566,-0.50000026485534566,-7.0297694152333251e-11,0.90000000061089835,1.413967414493132e-05,0.80000000011107253,-1.885289888172132e-05,-0.80000000011107231,1.885289888172132e-05,0.90000000061089835,1.4139674144931323e-05
fig8_D_0p5,0.5,0.0014968392930772554,0.49999985544669012,-0.00025593107638495081,-4.6431648533177807e-06,0.0047024653376058897,-3.913460662405277e-07,-0.0018547180242250792,-0.50000027354121146,-7.3783983913985884e-11,0.90000000063093266,1.4369657208733775e-05,0.80000000011471517,-1.9159542967873026e-05,-0.80000000011471506,1.9159542967873022e-05,0.90000000063093255,1.4369657208733772e-05
fig8_D_0p5,0.5,0.0015211855179861049,0.49999985070608477,-0.00026009383889927305,-4.7954362180111026e-06,0.0047789515570207984,-4.0418015434182109e-07,-0.0018848851760544785,-0.50000028251192841,-7.7443170095042174e-11,0.900000000651624,1.460338096762029e-05,0.80000000011847705,-1.9471174647523799e-05,-0.80000000011847705,1.9471174647523799e-05,0.90000000065162389,1.460338096762029e-05
fig8_D_0p5,0.5,0.0015459277364194769,0.49999984581001122,-0.00026432431014352515,-4.9527012824933165e-06,0.0048566818415669063,-4.1743513283856726e-07,-0.0019155429991745128,-0.50000029177683802,-8.1283827108383222e-11,0.90000000067299379,1.4840906264330399e-05,0.80000000012236261,-1.9787875044329011e-05,-0.80000000012236239,1.9787875044329007e-05,0.90000000067299368,1.4840906264330402e-05
fig8_D_0p5,0.5,0.0015710723892474504,0.49999984075337101,-0.000268623591457111,-5.1151238138906207e-06,0.0049356764265675061,-4.3112480470688941e-07,-0.0019466994743911137,-0.50000030134558815,-8.5314954807822613e-11,0.90000000069506436,1.5082294931216269e-05,0.8000000001263754,-2.010972660142767e-05,-0.80000000012637529,2.010972660142767e-05,0.90000000069506436,1.5082294931216269e-05
fig8_D_0p5,0.5,0.0015966260221014269,0.49999983553089822,-0.00027299280209533997,-5.2828729500335368e-06,0.0050159558764996523,-4.4526342560594068e-07,-0.00197836271231841,-0.50000031122814337,-8.9545999033737583e-11,0.90000000071785879,1.5327609806338744e-05,0.80000000013051986,-2.043681310290383e-05,-0.80000000013051975,2.043681310290383e-05,0.90000000071785879,1.5327609806338744e-05
fig8_D_0p5,0.5,0.0016225952870780871,0.49999983013715432,-0.00027743307952095644,-5.4561233755881186e-06,0.0050975410903491081,-4.5986571868897319e-07,-0.0020105409554900529,-0.500000321434795,-9.3986874489734862e-11,0.90000000074140085,1.557691474982531e-05,0.8000000001348001,-2.0769219695597222e-05,-0.8000000001348001,2.0769219695597222e-05,0.90000000074140085,1.5576914749825306e-05
fig8_D_0p5,0.5,0.001648986944471065,0.49999982456652253,-0.00028194557970041752,-5.6350555039633294e-06,0.0051804533070524397,-4.7494688995564083e-07,-0.0020432425805048944,-0.50000033197617133,-9.8647987294055856e-11,0.90000000076571485,1.5830274660494166e-05,0.8000000001392209,-2.1107032911268677e-05,-0.8000000001392209,2.1107032911268677e-05,0.90000000076571485,1.5830274660494166e-05
fig8_D_0p5,0.5,0.0016758078645307669,0.49999981881320166,-0.00028653147740499306,-5.8198556651839641e-06,0.0052647141110276491,-4.9052264406920787e-07,-0.0020764761002075374,-0.50000034286325001,-1.035402598078064e-10,0.9000000007908262,1.6087755492748514e-05,0.80000000014378658,-2.1450340689125846e-05,-0.80000000014378647,2.145034068912585e-05,0.9000000007908262,1.6087755492748514e-05
fig8_D_0p5,0.5,0.0017030650292528444,0.49999981287120032,-0.00029119196651677514,-6.0107162999250216e-06,0.0053503454377949074,-5.066092007462164e-07,-0.0021102501659043802,-0.50000035410736809,-1.0867515578844716e-10,0.90000000081676124,1.6349424273745862e-05,0.80000000014850203,-2.1799232398715634e-05,-0.80000000014850192,2.1799232398715631e-05,0.90000000081676124,1.6349424273745868e-05
fig8_D_0p5,0.5,0.0017307655341957258,0.4999998067343307,-0.0002959282603396667,-6.2078361599091887e-06,0.0054373695796886843,-5.2322331161452906e-07,-0.0021445735696156779,-0.50000036572023465,-1.1406470792852882e-10,0.9000000008435467,1.661534912084633e-05,0.80000000015337225,-2.2153798863188599e-05,-0.80000000015337203,2.2153798863188599e-05,0.90000000084354659,1.661534912084633e-05
fig8_D_0p5,0.5,0.0017589165903277326,0.49999980039620212,-0.00030074159191543945,-6.4114205148765137e-06,0.0055258091916629386,-5.4038227764383051e-07,-0.0021794552463642505,-0.5000003777139429,-1.1972154539442725e-10,0.90000000087121057,1.6885599259344989e-05,0.800000000158402,-2.2514132382942087e-05,-0.80000000015840189,2.2514132382942087e-05,0.90000000087121057,1.6885599259344989e-05
fig8_D_0p5,0.5,0.0017875255259042354,0.49999979385021409,-0.00030563321434493962,-6.621681366341583e-06,0.0056156872971907818,-5.5810396722838496e-07,-0.0022149042765014213,-0.50000039010098207,-1.2565892369611337e-10,0.90000000089978172,1.7160245040492527e-05,0.80000000016359674,-2.2880326759647793e-05,-0.80000000016359663,2.2880326759647793e-05,0.90000000089978172,1.7160245040492524e-05
fig8_D_0p5,0.5,0.0018165997883753267,0.49999978708954979,-0.0003106044011145247,-6.8388376683607517e-06,0.0057070272942601448,-5.7640683471041343e-07,-0.0022509298880707563,-0.50000040289425174,-1.3189075580375548e-10,0.90000000092928978,1.7439357959808927e-05,0.80000000016896178,-2.3252477320670026e-05,-0.80000000016896167,2.325247732067003e-05,0.90000000092928978,1.7439357959808927e-05
fig8_D_0p5,0.5,0.0018461469463245475,0.49999978010716883,-0.00031565644642782238,-7.0631155555395676e-06,0.0057998529614671215,-5.9530993965981049e-07,-0.0022875414592102841,-0.50000041610707424,-1.3843164461957436e-10,0.90000000095976551,1.7723010675695235e-05,0.8000000001745029,-2.3630680943881362e-05,-0.80000000017450279,2.3630680943881362e-05,0.90000000095976551,1.7723010675695235e-05
fig8_D_0p5,0.5,0.0018761746914391214,0.49999977289579994,-0.00032079066554288924,-7.29474857851753e-06,0.0058941884642084302,-6.1483296668815579e-07,-0.0023247485205937662,-0.50000042975320835,-1.4529691718442178e-10,0.90000000099124089,1.8011277028347796e-05,0.80000000018022566,-2.4015036082881687e-05,-0.80000000018022566,2.4015036082881691e-05,0.90000000099124089,1.8011277028347792e-05
fig8_D_0p5,0.5,0.001906690840512252,0.49999976544793329,-0.00032600839511486772,-7.533977947175617e-06,0.00599005836097474,-6.3499624597049276e-07,-0.0023625607579116693,-0.50000044384686493,-1.5250266089013309e-10,0.90000000102374833,1.8304232058980308e-05,0.80000000018613615,-2.4405642792627598e-05,-0.80000000018613604,2.4405642792627595e-05,0.90000000102374833,1.8304232058980304e-05
fig8_D_0p5,0.5,0.001937703337477989,0.49999975775581285,-0.00033131099354422511,-7.7810527818198801e-06,0.0060874876097464677,-6.5582077438119946e-07,-0.0024009880143925208,-0.50000045840272012,-1.600657606134516e-10,0.90000000105732192,1.860195202935856e-05,0.80000000019224038,-2.4802602755478715e-05,-0.80000000019224027,2.4802602755478715e-05,0.90000000105732192,1.8601952029358553e-05
fig8_D_0p5,0.5,0.0019692202554791715,0.49999974981142814,-0.00033669984133066392,-8.0362303726023174e-06,0.0061865015744936216,-6.7732823740701553e-07,-0.0024400402933652237,-0.5000004734359319,-1.6800393893992918e-10,0.9000000010919964,1.8904514441652648e-05,0.80000000019854489,-2.5206019307667324e-05,-0.80000000019854478,2.5206019307667324e-05,0.9000000010919964,1.8904514441652648e-05
fig8_D_0p5,0.5,0.0020012497989690368,0.49999974160650601,-0.00034217634143280659,-8.2997764474497884e-06,0.0062871260317816039,-6.995410316845696e-07,-0.0024797277608630992,-0.50000048896215488,-1.7633579720097853e-10,0.9000000011278082,1.921199805861244e-05,0.80000000020505613,-2.5615997466199032e-05,-0.80000000020505591,2.5615997466199032e-05,0.9000000011278082,1.921199805861244e-05
fig8_D_0p5,0.5,0.002033800305846982,0.49999973313250201,-0.00034774191963373509,-8.5719654487793273e-06,0.0063893871774844445,-7.2248228834975725e-07,-0.0025200607482702381,-0.50000050499755733,-1.8508085922143078e-10,0.90000000116479428,1.9524482924070868e-05,0.80000000021178075,-2.6032643956190473e-05,-0.80000000021178064,2.6032643956190473e-05,0.90000000116479428,1.9524482924070872e-05
fig8_D_0p5,0.5,0.0020668802496290823,0.49999972438059143,-0.00035339802491249242,-8.8530808192885002e-06,0.0064933116336074112,-7.4617589711917232e-07,-0.0025610497550109189,-0.5000005215588379,-1.9425961712707732e-10,0.90000000120299339,1.9842050383780929e-05,0.80000000021872619,-2.6456067238651986e-05,-0.80000000021872597,2.6456067238651986e-05,0.90000000120299339,1.9842050383780929e-05
fig8_D_0p5,0.5,0.0021004982416539153,0.49999971534166004,-0.00035914612982163865,-9.1434152971182182e-06,0.0065989264552207202,-7.7064653115216375e-07,-0.0026027054512827719,-0.50000053866324268,-2.0389357937482602e-10,0.90000000124244539,2.0164783106591562e-05,0.80000000022589912,-2.6886377538722181e-05,-0.80000000022589912,2.6886377538722181e-05,0.90000000124244539,2.0164783106591558e-05
fig8_D_0p5,0.5,0.0021346630333242455,0.49999970600629495,-0.00036498773087096048,-9.4432712206953294e-06,0.0067062591375061133,-7.9591967276637643e-07,-0.0026450386808343686,-0.5000005563285832,-2.1400532089705174e-10,0.90000000128319102,2.0492765105967839e-05,0.80000000023330753,-2.7323686874361492e-05,-0.80000000023330731,2.7323686874361489e-05,0.90000000128319102,2.0492765105967839e-05
fig8_D_0p5,0.5,0.0021693835183851842,0.49999969636477432,-0.00037092434891743744,-9.7529608435725943e-06,0.0068153376229182164,-8.2202163996861199e-07,-0.0026880604637880153,-0.50000057457325564,-2.2461853639013304e-10,0.90000000132527291,2.0826081761861279e-05,0.80000000024095874,-2.7768109085512618e-05,-0.80000000024095874,2.7768109085512618e-05,0.90000000132527291,2.0826081761861272e-05
fig8_D_0p5,0.5,0.0022046687352394096,0.49999968640705744,-0.0003769575295615639,-1.0072806659593812e-05,0.0069261903084625173,-8.4897961385652088e-07,-0.002731781999508456,-0.50000059341625869,-2.3575809555455296e-10,0.90000000136873481,2.1164819842935967e-05,0.80000000024886098,-2.8219759863735398e-05,-0.80000000024886075,2.8219759863735398e-05,0.90000000136873481,2.1164819842935964e-05
fig8_D_0p5,0.5,0.0022405278693000182,0.49999967612277463,-0.00038308884355013379,-1.0403141738722659e-05,0.0070388460530918448,-8.768216668980644e-07,-0.0027762146695182077,-0.50000061287721498,-2.4745010142497581e-10,0.90000000141362224,2.1509067529155939e-05,0.80000000025702234,-2.867875678232331e-05,-0.80000000025702223,2.867875678232331e-05,0.90000000141362213,2.1509067529155936e-05
fig8_D_0p5,0.5,0.0022769702553816799,0.49999966550121572,-0.00038931988718559555,-1.0744310073885189e-05,0.0071533341852233808,-9.0557679222058596e-07,-0.0028213700404603396,-0.50000063297638997,-2.5972195168188009e-10,0.9000000014599816,2.1858914434740246e-05,0.80000000026545126,-2.914521932691025e-05,-0.80000000026545126,2.9145219326910244e-05,0.9000000014599816,2.1858914434740236e-05
fig8_D_0p5,0.5,0.002314005380130654,0.4999996545313195,-0.00039565228274207587,-1.109666693918681e-05,0.0072696845103779857,-9.3527493376377446e-07,-0.0028672598671094268,-0.50000065373471414,-2.7260240267369673e-10,0.9000000015078613,2.221445163149108e-05,0.80000000027415663,-2.9619268926574754e-05,-0.80000000027415652,2.9619268926574754e-05,0.90000000150786119,2.2214451631491087e-05
fig8_D_0p5,0.5,0.0023516428844943486,0.49999964320166196,-0.0004020876788881958,-1.146057925987719e-05,0.0073879273189440845,-9.6594701745264522e-07,-0.0029138960954314718,-0.5000006751738042,-2.8612163696260448e-10,0.90000000155731108,2.2575771672501611e-05,0.80000000028314755,-3.0101028985450384e-05,-0.80000000028314744,3.0101028985450384e-05,0.90000000155731108,2.2575771672501614e-05
fig8_D_0p5,0.5,0.0023898925662310501,0.4999996315004443,-0.00040862775111677745,-1.1836425994448114e-05,0.0075080933940679219,-9.9762498343217154e-07,-0.0029612908656936167,-0.50000069731598562,-3.0031133363504076e-10,0.90000000160838267,2.2942968616249327e-05,0.80000000029243323,-3.0590624914850305e-05,-0.80000000029243323,3.0590624914850298e-05,0.90000000160838267,2.294296861624933e-05
fig8_D_0p5,0.5,0.0024287643824604504,0.49999961941548082,-0.00041527420218156135,-1.2224598529262102e-05,0.0076302140196723729,-1.0303418193184644e-06,-0.003009456515624391,-0.50000072018431663,-3.1520474332849199e-10,0.90000000166112926,2.331613805108109e-05,0.80000000030202345,-3.1088184165913982e-05,-0.80000000030202345,3.1088184165913976e-05,0.90000000166112926,2.33161380510811e-05
fig8_D_0p5,0.5,0.0024682684522556926,0.49999960693418638,-0.00042202876254104942,-1.2625501086123194e-05,0.0077543209886064132,-1.0641315945254803e-06,-0.0030584055836254038,-0.50000074380261117,-3.3083676531826811e-10,0.90000000171560557,2.3695377120096818e-05,0.80000000031192831,-3.1593836262785447e-05,-0.80000000031192831,3.1593836262785447e-05,0.90000000171560557,2.3695377120096814e-05
fig8_D_0p5,0.5,0.0025084150592775412,0.4999995940435627,-0.00042889319080958619,-1.3039551143213667e-05,0.0078804466109272872,-1.0990294957921587e-06,-0.0031081508120352373,-0.50000076819546402,-3.4724402986265751e-10,0.90000000177186834,2.4080784546437435e-05,0.8000000003221579,-3.2107712836330676e-05,-0.8000000003221579,3.2107712836330676e-05,0.90000000177186834,2.4080784546437439e-05
fig8_D_0p5,0.5,0.0025492146544514229,0.49999958073018547,-0.0004358692742158007,-1.3467179869835672e-05,0.0080086237223176652,-1.1350718637642698e-06,-0.0031587051504464369,-0.50000079338827708,-3.6446498363805827e-10,0.9000000018299763,2.4472460658984556e-05,0.800000000332723,-3.262994765840371e-05,-0.80000000033272289,3.262994765840371e-05,0.9000000018299763,2.4472460658984556e-05
fig8_D_0p5,0.5,0.0025906778586880087,0.49999956698018988,-0.00044295882906853238,-1.3908832575410209e-05,0.0081388856926399421,-1.1722962308842455e-06,-0.0032100817590764714,-0.50000081940728491,-3.8253998032406963e-10,0.90000000188998985,2.4870507418477984e-05,0.80000000034363461,-3.3160676676670163e-05,-0.8000000003436345,3.3160676676670163e-05,0.90000000188998985,2.4870507418477991e-05
fig8_D_0p5,0.5,0.0026328154656480199,0.49999955277925662,-0.00045016370123035406,-1.4364969173200866e-05,0.0082712664346298488,-1.210741360460621e-06,-0.0032622940121934665,-0.50000084627958274,-4.015113744954002e-10,0.90000000195197161,2.5275028444057891e-05,0.80000000035490393,-3.3700038049996719e-05,-0.80000000035490382,3.3700038049996719e-05,0.90000000195197161,2.5275028444057888e-05
fig8_D_0p5,0.5,0.0026756384445520455,0.49999953811259656,-0.00045748576659882992,-1.4836064659245743e-05,0.0084058004127318241,-1.2504472870107641e-06,-0.0033153555015977168,-0.50000087403315396,-4.2142362142267784e-10,0.90000000201598596,2.5686129040239016e-05,0.80000000036654295,-3.4248172184416859e-05,-0.80000000036654284,3.4248172184416859e-05,0.90000000201598596,2.5686129040239012e-05
fig8_D_0p5,0.5,0.0027191579430360189,0.49999952296493561,-0.00046492693159562345,-1.5322609606995624e-05,0.0085425226520782459,-1.2914553579913834e-06,-0.0033692800401597675,-0.50000090269690001,-4.4232338104743807e-10,0.90000000208209974,2.6103916224323303e-05,0.80000000037856367,-3.4805221769680964e-05,-0.80000000037856356,3.4805221769680957e-05,0.90000000208209963,2.6103916224323303e-05
fig8_D_0p5,0.5,0.00276338529005317,0.49999950732049875,-0.00047248913366359406,-1.582511067817416e-05,0.0086814687476150995,-1.3338082768300785e-06,-0.0034240816654160736,-0.50000093230067022,-4.6425962737812326e-10,0.90000000215038156,2.6528498754258553e-05,0.80000000039097841,-3.5371331816401298e-05,-0.80000000039097841,3.5371331816401291e-05,0.90000000215038156,2.6528498754258553e-05
fig8_D_0p5,0.5,0.0028083319988231725,0.49999949116299341,-0.0004801743417720095,-1.63440911503917e-05,0.0088226748733763426,-1.3775501473932417e-06,-0.003479774643223132,-0.5000009628752925,-4.8728376303604215e-10,0.90000000222090271,2.6959987156950293e-05,0.80000000040380048,-3.5946649693801184e-05,-0.80000000040380048,3.594664969380117e-05,0.90000000222090271,2.6959987156950296e-05
fig8_D_0p5,0.5,0.0028540097698292375,0.49999947447559273,-0.00048798455693000169,-1.6880091462062148e-05,0.0089661777919093754,-1.4227265199284744e-06,-0.0035363734714710291,-0.50000099445260615,-5.1144974003549185e-10,0.90000000229373667,2.7398493757033822e-05,0.80000000041704311,-3.6531325168077753e-05,-0.800000000417043,3.6531325168077746e-05,0.90000000229373667,2.7398493757033822e-05
fig8_D_0p5,0.5,0.0029004304938639917,0.49999945724091815,-0.00049592181270841909,-1.7433669775190683e-05,0.0091120148638542189,-1.4693844384641719e-06,-0.0035938928838574183,-0.50000102706549454,-5.3681418609331094e-10,0.90000000236895916,2.7844132706114672e-05,0.80000000043071984,-3.7125510441389299e-05,-0.80000000043071973,3.7125510441389292e-05,0.90000000236895916,2.7844132706114679e-05
fig8_D_0p5,0.5,0.0029476062551248585,0.49999943944102082,-0.0005039881757701889,-1.8005402556617971e-05,0.009260224057678788,-1.5175724898466858e-06,-0.0036523478537228266,-0.50000106074791928,-5.6343653700996477e-10,0.90000000244664857,2.8297020012484251e-05,0.80000000044484521,-3.772936019147613e-05,-0.80000000044484521,3.7729360191476123e-05,0.90000000244664857,2.8297020012484248e-05
fig8_D_0p5,0.5,0.0029955493343598134,0.49999942105736345,-0.00051218574640935421,-1.8595885178326444e-05,0.0094108439595728954,-1.5673408543005751e-06,-0.0037117535979483817,-0.50000109553495586,-5.9137917653162564e-10,0.90000000252688572,2.8757273571319026e-05,0.80000000045943387,-3.8343031611926241e-05,-0.80000000045943387,3.8343031611926234e-05,0.90000000252688572,2.8757273571319023e-05
fig8_D_0p5,0.5,0.0030442722120643025,0.49999940207080051,-0.00052051665909891396,-1.9205732537434015e-05,0.0095639137835035869,-1.6187413576888854e-06,-0.0037721255809169294,-0.50000113146283021,-6.207075817958943e-10,0.90000000260975432,2.9225013195371034e-05,0.80000000047450082,-3.8966684453095979e-05,-0.80000000047450071,3.8966684453095979e-05,0.90000000260975432,2.9225013195371034e-05
fig8_D_0p5,0.5,0.0030937875717301369,0.49999938246155873,-0.00052898308304760852,-1.9835579696520057e-05,0.0097194733814343365,-1.6718275254908044e-06,-0.003833479518538534,-0.50000116856895616,-6.5149047755955897e-10,0.90000000269534053,2.9700360646157192e-05,0.80000000049006192,-3.9600481063695911e-05,-0.80000000049006181,3.9600481063695905e-05,0.90000000269534053,2.9700360646157185e-05
fig8_D_0p5,0.5,0.0031441083031472647,0.4999993622092162,-0.00053758722276581595,-2.0486082544951655e-05,0.0098775632537110129,-1.7266546385244497e-06,-0.0038958313823415024,-0.50000120689197469,-6.8379999676893705e-10,0.90000000278373338,3.0183439665656284e-05,0.80000000050613329,-4.024458643305344e-05,-0.80000000050613329,4.0244586433053434e-05,0.90000000278373338,3.0183439665656264e-05
fig8_D_0p5,0.5,0.0031952475057592136,0.49999934129268114,-0.00054633131864068724,-2.1157918481897595e-05,0.010038224559617049,-1.783279790539688e-06,-0.0039591974036298945,-0.50000124647179367,-7.1771184947857364e-10,0.90000000287502513,3.0674376008521233e-05,0.80000000052273179,-4.089916823406267e-05,-0.80000000052273168,4.0899168234062663e-05,0.90000000287502524,3.0674376008521233e-05
fig8_D_0p5,0.5,0.0032472184920731288,0.49999931969017014,-0.00055521764752068897,-2.1851787121742423e-05,0.010201499128100863,-1.8417619476358837e-06,-0.004023594077708673,-0.50000128734963045,-7.5330550066039781e-10,0.90000000296931093,3.1173297474815479e-05,0.80000000053987474,-4.1564396866832783e-05,-0.80000000053987463,4.1564396866832797e-05,0.90000000296931093,3.1173297474815479e-05
fig8_D_0p5,0.5,0.0033000347911252854,0.49999929737918519,-0.00056424852330970335,-2.2568411022634732e-05,0.010367429468678264,-1.9021620096884573e-06,-0.0040890381681775931,-0.50000132956805332,-7.9066435625281539e-10,0.90000000306668859,3.1680333943281822e-05,0.8000000005575798,-4.2240445503046775e-05,-0.80000000055757958,4.2240445503046782e-05,0.90000000306668859,3.1680333943281829e-05
fig8_D_0p5,0.5,0.0033537101520029287,0.49999927433649038,-0.00057342629757083986,-2.3308536438927907e-05,0.010536058782512549,-1.9645428737669057e-06,-0.0041555467112948602,-0.50000137317102722,-8.2987595820867982e-10,0.90000000316725992,3.2195617405152109e-05,0.8000000005758654,-4.2927490131040914e-05,-0.8000000005758654,4.2927490131040921e-05,0.90000000316725992,3.2195617405152109e-05
fig8_D_0p5,0.5,0.003408258547423452,0.49999925053808764,-0.00058275336014012983,-2.4072934098298178e-05,0.010707430973675543,-2.0289694996206142e-06,-0.004223137020411839,-0.50000141820395871,-8.7103219049370489e-10,0.90000000327112928,3.2719281998507326e-05,0.80000000059475074,-4.3625709601618367e-05,-0.80000000059475074,4.3625709601618367e-05,0.90000000327112928,3.2719281998507339e-05
fig8_D_0p5,0.5,0.0034636941773717343,0.49999922595919183,-0.00059223213975024874,-2.4862400004347699e-05,0.010881590660592159,-2.0955089773330715e-06,-0.0042918266904798056,-0.50000146471374352,-9.1422949343323429e-10,0.90000000337840513,3.3251464043196037e-05,0.80000000061425547,-4.4335285674607134e-05,-0.80000000061425536,4.4335285674607134e-05,0.90000000337840513,3.3251464043196044e-05
fig8_D_0p5,0.5,0.0035200314727966788,0.49999920057420483,-0.00060186510466445629,-2.5677756265529887e-05,0.011058583187671852,-2.164230597161837e-06,-0.0043616336026300519,-0.50000151274881544,-9.5956909052733602e-10,0.90000000348919906,3.3792302076321101e-05,0.80000000063439991,-4.5056403066175783e-05,-0.8000000006343998,4.5056403066175783e-05,0.90000000348919906,3.3792302076321108e-05
fig8_D_0p5,0.5,0.0035772850993678732,0.49999917435668889,-0.00061165476332090496,-2.6519851951259595e-05,0.011238454637129825,-2.2352059217481401e-06,-0.0044325759288284692,-0.50000156235919646,-1.0071572249152963e-09,0.90000000360362642,3.4341936888303668e-05,0.80000000065520482,-4.578924949691879e-05,-0.80000000065520482,4.5789249496918796e-05,0.90000000360362631,3.4341936888303661e-05
fig8_D_0p5,0.5,0.0036354699612933181,0.4999991472793392,-0.00062160366498749137,-2.7389563976099123e-05,0.011421251841001036,-2.3085088605573345e-06,-0.0045046721366057913,-0.50000161359654893,-1.0571054088505394e-09,0.90000000372180633,3.4900511559533233e-05,0.80000000067669208,-4.6534015740723461e-05,-0.80000000067669197,4.6534015740723461e-05,0.90000000372180633,3.4900511559533227e-05
fig8_D_0p5,0.5,0.0036946012051993025,0.49999911931395513,-0.00063171440042743699,-2.8287798012942601e-05,0.011607022393350539,-2.384215746917967e-06,-0.004577940993864822,-0.50000166651423039,-1.1095306849933512e-09,0.90000000384386203,3.5468171497614571e-05,0.800000000698884,-4.7290895674432438e-05,-0.800000000698884,4.7290895674432452e-05,0.90000000384386203,3.5468171497614565e-05
fig8_D_0p5,0.5,0.003754694224073337,0.49999909043141122,-0.00064198960257576027,-2.9215489436147397e-05,0.011795814662682855,-2.4624054174617049e-06,-0.0046524015737657931,-0.50000172116734731,-1.1645559001719277e-09,0.90000000396992041,3.6045064475219778e-05,0.80000000072180366,-4.8060086328313317e-05,-0.80000000072180355,4.8060086328313317e-05,0.9000000039699203,3.6045064475219778e-05
fig8_D_0p5,0.5,0.0038157646612712484,0.49999906060162663,-0.00065243194722683167,-3.0173604295596859e-05,0.011987677804554103,-2.5431592942451453e-06,-0.0047280732596912123,-0.50000177761281372,-1.2223099938885734e-09,0.90000000410011283,3.6631340668556375e-05,0.80000000074547506,-4.8841787937349484e-05,-0.80000000074547506,4.8841787937349484e-05,0.90000000410011283,3.6631340668556368e-05
fig8_D_0p5,0.5,0.0038778284145894572,0.49999902979353378,-0.00066304415373319393,-3.1163140322707778e-05,0.01218266177439006,-2.6265614695153428e-06,-0.0048049757502914457,-0.50000183590941039,-1.2829283001615857e-09,0.90000000423457494,3.7227152696461189e-05,0.80000000076992273,-4.9636203993365362e-05,-0.80000000076992261,4.9636203993365362e-05,0.90000000423457505,3.7227152696461196e-05
fig8_D_0p5,0.5,0.0039409016404034474,0.4999989979750461,-0.00067382898571582961,-3.2185127969429755e-05,0.012380817340513394,-2.7126987933064062e-06,-0.0048831290646123146,-0.50000189611784596,-1.34655286432913e-09,0.90000000437344674,3.7832655660129623e-05,0.80000000079517208,-5.044354129799886e-05,-0.80000000079517197,5.0443541297998847e-05,0.90000000437344674,3.783265566012963e-05
fig8_D_0p5,0.5,0.004005000757873611,0.49999896511302461,-0.00068478925178607581,-3.3240631481320001e-05,0.012582196097383806,-2.8016609638324697e-06,-0.0049625535473061706,-0.50000195830081939,-1.4133327767666681e-09,0.90000000451687279,3.8448007183491712e-05,0.80000000082124956,-5.1264010016536322e-05,-0.80000000082124956,5.1264010016536322e-05,0.90000000451687268,3.8448007183491718e-05
fig8_D_0p5,0.5,0.0040701424532194391,0.49999893117324312,-0.00069592780627936602,-3.4330750005809423e-05,0.012786850479054271,-2.8935406209511239e-06,-0.0050432698739276121,-0.50000202252308656,-1.4834245210242764e-09,0.9000000046650023,3.9073367454244383e-05,0.80000000084818224,-5.2097823732622178e-05,-0.80000000084818212,5.2097823732622178e-05,0.9000000046650023,3.907336745424437e-05
fig8_D_0p5,0.5,0.0041363436840632737,0.49999889612035286,-0.00070724755000101049,-3.5456618736815324e-05,0.012994833772847212,-2.9884334425862857e-06,-0.0051252990563153931,-0.50000208885152697,-1.5569923421301229e-09,0.90000000481798992,3.9708899265551394e-05,0.8000000008759981,-5.2945199503859121e-05,-0.8000000008759981,5.2945199503859121e-05,0.90000000481798992,3.9708899265551388e-05
fig8_D_0p5,0.5,0.0042036216838447138,0.4999988599178456,-0.0007187514309842123,-3.6619410096892815e-05,0.01320620013325415,-3.0864382443776539e-06,-0.005208662448061863,-0.50000215735521336,-1.6342086295306757e-09,0.90000000497599464,4.0354768058421686e-05,0.80000000090472634,-5.3806357918312514e-05,-0.80000000090472623,5.3806357918312514e-05,0.90000000497599464,4.035476805842168e-05
fig8_D_0p5,0.5,0.0042719939663067768,0.49999882252801547,-0.00073044244526050857,-3.7820334958154286e-05,0.013421004596062236,-3.1876570825845052e-06,-0.0052933817500712844,-0.50000222810548378,-1.7152543226907346e-09,0.90000000513918099,4.1011141964776439e-05,0.80000000093439649,-5.4681523151933436e-05,-0.80000000093439649,5.4681523151933443e-05,0.90000000513918099,4.1011141964776426e-05
fig8_D_0p5,0.5,0.0043414783300550928,0.49999878391191982,-0.00074232363764287115,-3.9060643903231545e-05,0.013639303092712001,-3.2921953603444465e-06,-0.0053794790162086268,-0.50000230117601596,-1.8003193343659601e-09,0.90000000530771906,4.1678191851217296e-05,0.80000000096503987,-5.5570923026916339e-05,-0.80000000096503976,5.5570923026916339e-05,0.90000000530771906,4.1678191851217296e-05
fig8_D_0p5,0.5,0.0044120928631911898,0.49999874402933847,-0.00075439810252164903,-4.0341628527590473e-05,0.013861152464889471,-3.400161937460594e-06,-0.0054669766590401585,-0.50000237664290403,-1.8896029953426041e-09,0.90000000548178427,4.2356091363505966e-05,0.80000000099668811,-5.6474789071005335e-05,-0.800000000996688,5.6474789071005335e-05,0.90000000548178427,4.2356091363505973e-05
fig8_D_0p5,0.5,0.004483855948021186,0.49999870283873193,-0.00076666898467359307,-4.1664622784556991e-05,0.014086610479357019,-3.5116692437102415e-06,-0.0055558974556674219,-0.50000245458473758,-1.9833145223791676e-09,0.90000000566155791,4.3045016971767537e-05,0.80000000102937419,-5.7393356577765461e-05,-0.80000000102937396,5.7393356577765474e-05,0.90000000566155791,4.3045016971767543e-05
fig8_D_0p5,0.5,0.0045567862658410637,0.49999866029719819,-0.00077913948008416544,-4.303100437445415e-05,0.014315735843026678,-3.6268333959837973e-06,-0.0056462645536561025,-0.50000253508268377,-2.0816735075068413e-09,0.90000000584722717,4.3745148016429153e-05,0.80000000106313229,-5.832686466783438e-05,-0.80000000106313218,5.8326864667834366e-05,0.90000000584722728,4.3745148016429153e-05
fig8_D_0p5,0.5,0.004630902801799737,0.49999861636042769,-0.00079181283678335932,-4.4442196179296297e-05,0.014548588218279868,-3.7457743191464388e-06,-0.0057381014770612531,-0.50000261822057168,-2.1849104335676384e-09,0.90000000603898545,4.4456666754905345e-05,0.8000000010979974,-5.927555635116966e-05,-0.8000000010979974,5.9275556351169647e-05,0.90000000603898545,4.4456666754905339e-05
fig8_D_0p5,0.5,0.0047062248498412817,0.49999857098265754,-0.00080469235569526597,-4.5899667744536458e-05,0.014785228238537864,-3.8686158709416718e-06,-0.0058314321325505757,-0.50000270408497982,-2.2932672130628745e-09,0.90000000623703236,4.5179758409043468e-05,0.80000000113400582,-6.0239678590309524e-05,-0.80000000113400593,6.0239678590309524e-05,0.90000000623703236,4.5179758409043482e-05
fig8_D_0p5,0.5,0.0047827720177274855,0.49999852411662349,-0.00081778139150159618,-4.7404936809407577e-05,0.015025717524086758,-3.9954859709784296e-06,-0.0059262808156272185,-0.50000279276532611,-2.4069977567087869e-09,0.90000000644157419,4.5914611213340175e-05,0.80000000117119519,-6.1219482364661585e-05,-0.8000000011711953,6.1219482364661571e-05,0.90000000644157419,4.5914611213340168e-05
fig8_D_0p5,0.5,0.004860564232142134,0.49999847571351086,-0.00083108335351942178,-4.8959570887453694e-05,0.015270118698161575,-4.1265167339127329e-06,-0.0060226722169537898,-0.50000288435396067,-2.5263685662782823e-09,0.90000000665282398,4.6661416463942419e-05,0.80000000120960424,-6.2215222735837844e-05,-0.80000000120960435,6.2215222735837844e-05,0.90000000665282398,4.6661416463942426e-05
fig8_D_0p5,0.5,0.0049396217438783209,0.49999842572290359,-0.00084460170659335539,-5.0565188898896011e-05,0.01551849540329351,-4.2618446070251392e-06,-0.0061206314287792409,-0.50000297894626289,-2.6516593612697925e-09,0.90000000687100146,4.7420368568445664e-05,0.80000000124927295,-6.3227158914052364e-05,-0.80000000124927295,6.3227158914052364e-05,0.90000000687100146,4.7420368568445671e-05
fig8_D_0p5,0.5,0.0050199651331100797,0.49999837409273173,-0.00085833997200240842,-5.2223462856533081e-05,0.015770912317924702,-4.4016105123362292e-06,-0.0062201839514701941,-0.50000307664074006,-2.7831637328980252e-09,0.9000000070963341,4.8191665096501521e-05,0.80000000129024262,-6.425555432559839e-05,-0.80000000129024251,6.4255554325598377e-05,0.9000000070963341,4.8191665096501528e-05
fig8_D_0p5,0.5,0.0051016153147498342,0.49999832076921713,-0.00087230172838179685,-5.393611960693338e-05,0.016027435173295187,-4.5459599933087014e-06,-0.0063213557001485475,-0.50000317753913037,-2.9211898327791835e-09,0.90000000732905638,4.8975506831249161e-05,0.80000000133255578,-6.5300676681423787e-05,-0.80000000133255567,6.5300676681423787e-05,0.90000000732905638,4.8975506831249175e-05
fig8_D_0p5,0.5,0.0051845935438929128,0.49999826569681743,-0.00088649061265991887,-5.5704942628730531e-05,0.016288130770606171,-4.6950433664240399e-06,-0.0064241730114369695,-0.50000328174650854,-3.0660610943590919e-09,0.9000000075694109,4.9772097821582693e-05,0.80000000137625649,-6.6362798046821036e-05,-0.80000000137625649,6.6362798046821036e-05,0.9000000075694109,4.9772097821582706e-05
fig8_D_0p5,0.5,0.0052689214213506768,0.49999820881816798,-0.00090091032101078565,-5.7531773889896727e-05,0.016553066998464622,-4.8490158777135528e-06,-0.0065286626503141126,-0.50000338937139532,-3.218116991637876e-09,0.90000000781764777,5.0581645435269042e-05,0.80000000142139038,-6.744219491225136e-05,-0.80000000142139038,6.744219491225136e-05,0.90000000781764777,5.0581645435269036e-05
fig8_D_0p5,0.5,0.0053546208992736079,0.49999815007402243,-0.00091556460982215328,-5.9418515765927125e-05,0.016822312850613537,-5.008037864417253e-06,-0.0066348518170812653,-0.50000350052587084,-3.3777138337817356e-09,0.90000000807402536,5.1404360412929594e-05,0.80000000146800454,-6.8539148265320555e-05,-0.80000000146800454,6.8539148265320555e-05,0.90000000807402536,5.1404360412929601e-05
fig8_D_0p5,0.5,0.0054417142868658872,0.49999808940319052,-0.00093045729667962139,-6.1367133020933783e-05,0.017095938443952872,-5.1722749219405839e-06,-0.006742768154442357,-0.50000361532569071,-3.5452256009343985e-09,0.90000000833881089,5.2240456922900159e-05,0.80000000151614747,-6.9653943663925707e-05,-0.80000000151614736,6.9653943663925693e-05,0.90000000833881089,5.2240456922900152e-05
fig8_D_0p5,0.5,0.0055302242561929005,0.49999802674247457,-0.00094559226136697449,-6.3379654853711599e-05,0.017374015036855709,-5.3418980762859336e-06,-0.0068524397546990178,-0.50000373389040742,-3.7210448200356364e-09,0.90000000861227991,5.3090152616982855e-05,0.80000000156586903,-7.0786871310591436e-05,-0.80000000156586903,7.0786871310591422e-05,0.90000000861227991,5.3090152616982848e-05
fig8_D_0p5,0.5,0.0056201738480831879,0.49999796202660357,-0.00096097344688303617,-6.5458177010907284e-05,0.017656615047784721,-5.5170839621740408e-06,-0.0069638951670626462,-0.5000038563434942,-3.9055834847668072e-09,0.90000000889471732,5.3953668687104755e-05,0.80000000161722129,-7.1938226128015064e-05,-0.80000000161722107,7.1938226128015037e-05,0.90000000889471732,5.3953668687104776e-05
fig8_D_0p5,0.5,0.0057115864781264354,0.4999978951881649,-0.00097660486047533015,-6.7604863969494077e-05,0.017943812074214159,-5.6980150069177449e-06,-0.0070771634050854296,-0.50000398281247405,-4.0992740203823694e-09,0.9000000091864172,5.4831229922898785e-05,0.80000000167025764,-7.3108307835841215e-05,-0.80000000167025753,7.3108307835841187e-05,0.90000000918641732,5.4831229922898778e-05
fig8_D_0p5,0.5,0.0058044859427689782,0.49999782615753446,-0.00099249057469080987,-6.9821951190821808e-05,0.018235680911861885,-5.8848796204574727e-06,-0.0071922739542121285,-0.50000411342905193,-4.3025702985231146e-09,0.90000000948768333,5.57230647702201e-05,0.80000000172503327,-7.4297421028684366e-05,-0.80000000172503327,7.4297421028684366e-05,0.90000000948768333,5.5723064770220086e-05
fig8_D_0p5,0.5,0.0058988964255084937,0.49999775486280357,-0.0010086347284439749,-7.2111747448593865e-05,0.018532297574237341,-6.0778723914994837e-06,-0.0073092567794547075,-0.50000424832925283,-4.5159486985416747e-09,0.90000000979882933,5.6629405390615367e-05,0.80000000178160524,-7.550587525542123e-05,-0.80000000178160513,7.550587525542123e-05,0.90000000979882933,5.6629405390615387e-05
fig8_D_0p5,0.5,0.0059948425031894088,0.49999768122970445,-0.0010250415281026564,-7.4476637233191815e-05,0.018833739312510003,-6.2771942901627964e-06,-0.0074281423331917463,-0.50000438765356292,-4.7399092261823234e-09,0.90000001012017938,5.7550487721758552e-05,0.8000000018400325,-7.673398509977218e-05,-0.80000000184003262,7.673398509977218e-05,0.90000001012017938,5.7550487721758552e-05
fig8_D_0p5,0.5,0.0060923491524007113,0.49999760518153252,-0.0010417152485917654,-7.6919083234854678e-05,0.019140084635704244,-6.483052877256229e-06,-0.0075489615630946047,-0.50000453154707591,-4.9749766836519604e-09,0.90000001045206801,5.8486551538869706e-05,0.8000000019003759,-7.7982070262193483e-05,-0.8000000019003759,7.798207026219347e-05,0.9000000104520679,5.8486551538869706e-05
fig8_D_0p5,0.5,0.0061914417559778478,0.49999752663906633,-0.0010586602345153341,-7.9441628908298093e-05,0.019451413331225815,-6.695662520407597e-06,-0.0076717459201825749,-0.50000468015964405,-5.2217018994306363e-09,0.90000001079484071,5.9437840517133223e-05,0.80000000196269816,-7.9250455643101959e-05,-0.80000000196269816,7.9250455643101932e-05,0.90000001079484071,5.9437840517133236e-05
fig8_D_0p5,0.5,0.0062921461096103436,0.49999744552048531,-0.0010758809012971463,-8.2046901121443964e-05,0.019767806485725455,-6.9152446172740523e-06,-0.0077965273670089156,-0.50000483364603454,-5.4806630204237011e-09,0.90000001114885453,6.040460229513087e-05,0.80000000202706445,-8.0539471427452627e-05,-0.80000000202706423,8.0539471427452627e-05,0.90000001114885453,6.0404602295130883e-05
fig8_D_0p5,0.5,0.0063944884285569437,0.49999736174128401,-0.0010933817363402889,-8.4737612891021204e-05,0.020089346506305547,-7.1420278261041803e-06,-0.0079233383859800659,-0.50000499216609084,-5.7524668637450732e-09,0.90000001151447828,6.1387088539307098e-05,0.80000000209354138,-8.1849453170693064e-05,-0.80000000209354138,8.1849453170693064e-05,0.90000001151447828,6.1387088539307085e-05
fig8_D_0p5,0.5,0.0064984953544698883,0.49999727521418419,-0.0011111673002059273,-8.7516566207882873e-05,0.020416117142075044,-7.3762483038426752e-06,-0.0080522119878100162,-0.50000515588489858,-6.0377503433104579e-09,0.90000001189209256,6.2385555009481847e-05,0.80000000216219846,-8.3180741886114187e-05,-0.80000000216219846,8.3180741886114201e-05,0.90000001189209256,6.2385555009481847e-05
fig8_D_0p5,0.5,0.0066041939623303052,0.49999718584904396,-0.0011292422278116753,-9.0386654954988706e-05,0.020748203506059257,-7.6181499520065754e-06,-0.0081831817201122765,-0.50000532497295791,-6.3371819571458876e-09,0.90000001228209059,6.3400261625430436e-05,0.80000000223310719,-8.4533684133623814e-05,-0.80000000223310719,8.4533684133623828e-05,0.90000001228209059,6.3400261625430422e-05
fig8_D_0p5,0.5,0.0067116117674962863,0.49999709355276312,-0.0011476112296498499,-9.3350867921084631e-05,0.021085692097469702,-7.8679846707147005e-06,-0.0083162816761314113,-0.5000054996063612,-6.6514633581798294e-09,0.90000001268487839,6.4431472534544798e-05,0.80000000230634138,-8.5908632109962251e-05,-0.80000000230634127,8.5908632109962265e-05,0.90000001268487839,6.4431472534544785e-05
fig8_D_0p5,0.5,0.0068207767328656854,0.49999699822918686,-0.0011662790930260017,-9.6412291913224751e-05,0.02142867082434062,-8.1260126209292682e-06,-0.0084515465036165971,-0.50000567996697642,-6.9813309952915931e-09,0.90000001310087563,6.547945618059635e-05,0.80000000238197722,-8.7305943740386598e-05,-0.80000000238197722,8.7305943740386612e-05,0.90000001310087563,6.5479456180596337e-05
fig8_D_0p5,0.5,0.0069317172761554071,0.49999689977900497,-0.0011852506833180362,-9.9574114971374956e-05,0.021777229026538197,-8.3925024954127625e-06,-0.0085890114138395049,-0.50000586624263621,-7.327557841312754e-09,0.90000001353051529,6.6544485373616982e-05,0.80000000246009362,-8.8725982771845893e-05,-0.8000000024600934,8.8725982771845906e-05,0.90000001353051529,6.6544485373617009e-05
fig8_D_0p5,0.5,0.0070444622772990366,0.49999679809964825,-0.0012045309452563121,-0.00010283962968844439,0.022131457499148494,-8.667731798490258e-06,-0.0087287121907586619,-0.50000605862733405,-7.6909552021268979e-09,0.90000001397424489,6.7626837360916343e-05,0.80000000254077164,-9.0169118867671291e-05,-0.80000000254077164,9.0169118867671291e-05,0.90000001397424489,6.7626837360916343e-05
fig8_D_0p5,0.5,0.0071590410859648885,0.49999669308518158,-0.0012241249042250497,-0.00010621223663920788,0.022491448516250921,-8.9519871350161873e-06,-0.0088706852003329669,-0.50000625732142601,-8.0723746207454761e-09,0.90000001443252653,6.8726793899254637e-05,0.80000000262409554,-9.1635727703807436e-05,-0.80000000262409554,9.1635727703807436e-05,0.90000001443252653,6.8726793899254637e-05
fig8_D_0p5,0.5,0.007275483529196233,0.49999658462619345,-0.001244037667585461,-0.00010969544792168523,0.022857295855083466,-9.2455645088300453e-06,-0.0090149673999864576,-0.50000646253183967,-8.4727098685535157e-09,0.90000001490583736,6.98446413281891e-05,0.80000000271015215,-9.3126191066607864e-05,-0.80000000271015193,9.3126191066607877e-05,0.90000001490583736,6.98446413281891e-05
fig8_D_0p5,0.5,0.0073938199191758659,0.49999647260968166,-0.0012642744260209363,-0.0001132928908146701,0.02322909482060629,-9.5487696309543013e-06,-0.0091615963482270957,-0.50000667447228941,-8.892899044541866e-09,0.90000001539467034,7.0980670644613426e-05,0.80000000279903072,-9.4640896952222038e-05,-0.80000000279903072,9.4640896952222025e-05,0.90000001539467034,7.0980670644613412e-05
fig8_D_0p5,0.5,0.0075140810611169697,0.49999635691893551,-0.0012848404549047276,-0.00011700831155521784,0.023606942270470839,-9.8619182379508508e-06,-0.0093106102144218713,-0.50000689336349946,-9.3339267688650335e-09,0.90000001589953449,7.2135177578509975e-05,0.80000000289082429,-9.6180239667598543e-05,-0.80000000289082418,9.6180239667598556e-05,0.90000001589953449,7.2135177578509961e-05
fig8_D_0p5,0.5,0.0076362982612822421,0.49999623743341393,-0.0013057411156904614,-0.00012084557924002283,0.023990936640400702,-1.018533642067887e-05,-0.0094620477887307694,-0.50000711943343346,-9.7968264941433736e-09,0.9000000164209554,7.3308462669933382e-05,0.80000000298562801,-9.774461993313089e-05,-0.80000000298562801,9.7744619933130863e-05,0.9000000164209554,7.3308462669933354e-05
fig8_D_0p5,0.5,0.0077605033351335713,0.49999611402861976,-0.0013269818573259371,-0.00012480868985475588,0.024381177969991782,-1.0519360963880814e-05,-0.009615948492202344,-0.50000735291753207,-1.0282682924318137e-08,0.90000001695947629,7.4500831347247006e-05,0.80000000308354091,-9.9334444986973479e-05,-0.80000000308354091,9.9334444986973465e-05,0.90000001695947618,7.4500831347246965e-05
fig8_D_0p5,0.5,0.007886728615614156,0.49999598657596961,-0.0013485682176905933,-0.00012890177043555168,0.024777767928938613,-1.0864339696811665e-05,-0.0097723523870332941,-0.50000759405895823,-1.0792634557105565e-08,0.90000001751565772,7.5712594006631354e-05,0.8000000031846648,-0.00010095012869105372,-0.80000000318466469,0.00010095012869105369,0.90000001751565772,7.5712594006631368e-05
fig8_D_0p5,0.5,0.0080150069615654053,0.49999585494265997,-0.0013705058250570623,-0.00013312908336698633,0.025180809843694103,-1.1220631855487356e-05,-0.0099313001869948889,-0.50000784310885049,-1.1327876353302638e-08,0.90000001809007912,7.694406609288621e-05,0.80000000328910503,-0.00010259209163880853,-0.80000000328910503,0.00010259209163880852,0.90000001809007912,7.6944066092886197e-05
fig8_D_0p5,0.5,0.0081453717662807457,0.49999571899152823,-0.0013928003995772533,-0.00013749503082102115,0.025590408724570374,-1.1588608456715443e-05,-0.010092833268028928,-0.50000810032658516,-1.1889662534245518e-08,0.90000001868333834,7.8195568181546645e-05,0.80000000339697031,-0.00010426076126467401,-0.80000000339697019,0.00010426076126467401,0.90000001868333834,7.8195568181546631e-05
fig8_D_0p5,0.5,0.008277856966198472,0.49999557858090976,-0.0014154577547933853,-0.0001420041593415312,0.026006671293287625,-1.1968652684435366e-05,-0.010256993679015775,-0.50000836598004517,-1.2479309523683729e-08,0.90000001929605344,7.9467426062334519e-05,0.80000000350837308,-0.00010595657195535444,-0.80000000350837297,0.00010595657195535447,0.90000001929605344,7.9467426062334519e-05
fig8_D_0p5,0.5,0.0084124970497361177,0.49999543356448983,-0.0014384837991744256,-0.00014666116457920402,0.026429706010979492,-1.2361160288729134e-05,-0.010423824152717674,-0.50000864034590042,-1.3098199029733248e-08,0.90000001992886225,8.0759970823968163e-05,0.80000000362342927,-0.00010767996516290292,-0.80000000362342916,0.00010767996516290291,0.90000001992886236,8.0759970823968149e-05
fig8_D_0p5,0.5,0.0085493270662683838,0.49999528379115082,-0.0014618845376783776,-0.0001514708961817301,0.026859623106661915,-1.2766539997897952e-05,-0.010593368116899725,-0.50000892370989602,-1.3747781285773641e-08,0.90000002058242412,8.2073538940350178e-05,0.80000000374225855,-0.00010943138951963965,-0.80000000374225855,0.00010943138951963965,0.90000002058242412,8.2073538940350137e-05
fig8_D_0p5,0.5,0.0086883826352511847,0.49999512910481464,-0.0014856660733408877,-0.00015643836284438766,0.027296534606174084,-1.3185213944028051e-05,-0.010765669705631744,-0.50000921636714912,-1.4429578445085064e-08,0.90000002125741918,8.340847235815812e-05,0.80000000386498482,-0.00011121130095494036,-0.80000000386498482,0.00011121130095494036,0.90000002125741918,8.3408472358158093e-05
fig8_D_0p5,0.5,0.0088296999554940917,0.49999496934427939,-0.0015098346088906567,-0.00016156873752627818,0.027740554361599383,-1.361761810261819e-05,-0.010940773770773847,-0.50000951862245702,-1.5145188151126018e-08,0.90000002195455042,8.4765118585859806e-05,0.8000000039917361,-0.0001130201628139245,-0.80000000399173588,0.00011302016281392449,0.90000002195455053,8.476511858585982e-05
fig8_D_0p5,0.5,0.0089733158145835195,0.49999480434305132,-0.0015343964483921018,-0.00016686736283764707,0.028191798081174262,-1.406420274647005e-05,-0.011118725893648608,-0.50000983079061445,-1.5896287278898205e-08,0.90000002267454415,8.6143830784175576e-05,0.80000000412264394,-0.00011485844597807283,-0.80000000412264383,0.00011485844597807283,0.90000002267454404,8.614383078417559e-05
fig8_D_0p5,0.5,0.0091192675984592981,0.49999463392917071,-0.0015593579989158115,-0.00017233975660390445,0.028650383359694144,-1.4525432914583997e-05,-0.011299572396903091,-0.50001015319674214,-1.6684635865613084e-08,0.90000002341814977,8.7544967858013096e-05,0.8000000042578449,-0.00011672662898780843,-0.8000000042578449,0.0001167266289878084,0.90000002341814977,8.7544967858013109e-05
fig8_D_0p5,0.5,0.0092675933011468828,0.49999445792503233,-0.001584725772237253,-0.00017799161761213739,0.029116429709424234,-1.5001788896372437e-05,-0.011483360356563513,-0.50001048617662447,-1.7512081234996937e-08,0.90000002418614167,8.8968894549896349e-05,0.80000000439747976,-0.00011862519816706973,-0.80000000439747976,0.00011862519816706971,0.90000002418614167,8.8968894549896349e-05
fig8_D_0p5,0.5,0.0094183315346479512,0.49999427614719977,-0.0016105063865642689,-0.00018382883154610501,0.02959005859152446,-1.54937667317806e-05,-0.011670137614285921,-0.50001083007706071,-1.8380562324558578e-08,0.90000002497931975,9.0415981534915053e-05,0.80000000454169395,-0.00012055464774991145,-0.80000000454169384,0.00012055464774991145,0.90000002497931975,9.041598153491508e-05
fig8_D_0p5,0.5,0.0095715215389918663,0.4999940884062139,-0.0016367065682939038,-0.00018985747711589674,0.030071393447997374,-1.6001878727762292e-05,-0.01185995278980604,-0.50001118525622523,-1.929211423143222e-08,0.90000002579850991,9.1886605517218568e-05,0.80000000469063759,-0.00012251548000916405,-0.80000000469063748,0.00012251548000916408,0.90000002579850991,9.1886605517218581e-05
fig8_D_0p5,0.5,0.0097272031924505366,0.49999389450639492,-0.0016633331537990455,-0.00019608383238863813,0.030560559734167787,-1.6526653991742052e-05,-0.012052855293591246,-0.50001155208404124,-2.0248872978747071e-08,0.90000002664456513,9.3381149328077999e-05,0.80000000484446565,-0.00012450820538718529,-0.80000000484446576,0.00012450820538718527,0.90000002664456513,9.3381149328078012e-05
fig8_D_0p5,0.5,0.0098854170219195743,0.49999369424563761,-0.0016903930912454987,-0.0002025143813268445,0.031057684951703995,-1.7068638982556394e-05,-0.012248895339698425,-0.50001193094256635,-2.1253080523774004e-08,0.90000002751836661,9.4900002025545126e-05,0.80000000500333868,-0.00012653334262873974,-0.80000000500333879,0.00012653334262873974,0.90000002751836661,9.4900002025545113e-05
fig8_D_0p5,0.5,0.010046204213468126,0.49999348741520028,-0.0017178934424399875,-0.00020915582054122523,0.031562898682189262,-1.7628398079429231e-05,-0.012448123958840514,-0.50001232222639025,-2.2307090008499841e-08,0.90000002842082394,9.6443558995730412e-05,0.80000000516742176,-0.00012859141891603828,-0.80000000516742176,0.00012859141891603825,0.90000002842082394,9.6443558995730426e-05
fig8_D_0p5,0.5,0.010209606623060466,0.4999932737994866,-0.0017458413847097087,-0.00021601506626498713,0.032076332621254124,-1.82065141696372e-05,-0.012650593011665616,-0.50001272634304639,-2.3413371275397485e-08,0.90000002935287737,9.8012222055729933e-05,0.80000000533688598,-0.00013068297000597533,-0.80000000533688598,0.0001306829700059753,0.90000002935287737,9.801222205572996e-05
fig8_D_0p5,0.5,0.010375666787451859,0.49999305317582016,-0.0017742442128139899,-0.00022309926155688809,0.032598120613278374,-1.8803589255447783e-05,-0.012856355202251783,-0.50001314371343608,-2.4574516655981316e-08,0.90000003031549713,9.9606399558225368e-05,0.80000000551190764,-0.00013280854036959748,-0.80000000551190764,0.00013280854036959748,0.90000003031549713,9.9606399558225368e-05
fig8_D_0p5,0.5,0.01054442793526169,0.4999928253142113,-0.0018031093408886719,-0.00023041578374055605,0.033128398686673527,-1.9420245080930404e-05,-0.013065464091821058,-0.50001357477226804,-2.5793247042122519e-08,0.90000003130968564,0.00010122650649778545,0.80000000569266938,-0.00013496868333384075,-0.80000000569266916,0.00013496868333384078,0.90000003130968564,0.00010122650649778548
fig8_D_0p5,0.5,0.010715933998226712,0.49999258997711732,-0.0018324443044238118,-0.00023797225208782206,0.0336673050897556,-2.0057123779355229e-05,-0.013277974112676481,-0.50001401996851047,-2.7072418265277828e-08,0.90000003233647841,0.00010287296461889699,0.80000000587935882,-0.00013716396122557357,-0.8000000058793586,0.00013716396122557354,0.90000003233647841,0.00010287296461889699
fig8_D_0p5,0.5,0.010890229622637301,0.49999234691919314,-0.0018622567622753475,-0.00024577653575406775,0.034214980327218474,-2.0714888541772947e-05,-0.013493940582365435,-0.50001447976585933,-2.8415027786450608e-08,0.90000003339694457,0.00010454620252575223,0.80000000607217081,-0.00013939494551798245,-0.80000000607217059,0.00013939494551798239,0.90000003339694468,0.00010454620252575223
fig8_D_0p5,0.5,0.011067360180959735,0.49999209588703547,-0.0018925544987113581,-0.00025383676197386163,0.034771567197219112,-2.1394224307587362e-05,-0.01371341971807322,-0.50001495464322165,-2.9824221722037775e-08,0.90000003449218857,0.0001062466557938225,0.80000000627130585,-0.00014166221697933863,-0.80000000627130585,0.00014166221697933863,0.90000003449218857,0.00010624665579382248
fig8_D_0p5,0.5,0.011247371783647519,0.49999183661891705,-0.0019233454254935617,-0.00026216132452541897,0.035337210829084607,-2.2095838477679403e-05,-0.013936468651250365,-0.50001544509521445,-3.130330221358564e-08,0.90000003562335062,0.00010797476708324615,0.80000000647697167,-0.00014396636582418462,-0.80000000647697156,0.00014396636582418459,0.90000003562335062,0.00010797476708324616
fig8_D_0p5,0.5,0.011430311291144793,0.49999156884451329,-0.0019546375839947627,-0.00027075889247270556,0.035912058721652831,-2.2820461651015811e-05,-0.014163145442477734,-0.50001595163268109,-3.2855735167475544e-08,0.90000003679160889,0.00010973098625406117,0.8000000066893822,-0.00014630799186697983,-0.80000000668938209,0.00014630799186697981,0.90000003679160889,0.00010973098625406122
fig8_D_0p5,0.5,0.011616226326085019,0.49999129228461897,-0.0019864391473528834,-0.00027963841919429724,0.036496260782257803,-2.3568848385328856e-05,-0.01439350909657305,-0.50001647478322175,-3.4485158376465486e-08,0.90000003799817985,0.0001115157704833118,0.80000000690875872,-0.00014868770467824517,-0.80000000690875861,0.00014868770467824517,0.90000003799817985,0.00011151577048331176
fig8_D_0p5,0.5,0.011805165285688049,0.49999100665085622,-0.0020187584226623273,-0.00028880915170839786,0.037089969366370983,-2.4341777982789942e-05,-0.014627619577942834,-0.50001701509174601,-3.6195390043687603e-08,0.90000003924432015,0.00011332958438405971,0.80000000713532948,-0.00015110612374324796,-0.80000000713532948,0.00015110612374324793,0.90000003924432015,0.00011332958438405971
fig8_D_0p5,0.5,0.011997177354358849,0.49999071164537262,-0.0020516038532033547,-0.00029828064030373771,0.037693339317910704,-2.5140055301398762e-05,-0.014865537826183831,-0.50001757312103856,-3.7990437729701343e-08,0.90000004053132709,0.00011517290012633146,0.80000000736933063,-0.0001535638786232669,-0.80000000736933063,0.00015356387862326687,0.90000004053132709,0.00011517290012633146
fig8_D_0p5,0.5,0.012192312516491107,0.49999040696052915,-0.002084984020710251,-0.00030806274848638258,0.038306528010231489,-2.5964511593021267e-05,-0.015107325771937697,-0.50001814945234668,-3.9874507742985316e-08,0.90000004186054117,0.00011704619756003242,0.80000000761100587,-0.0001560616091194811,-0.80000000761100587,0.00015606160911948107,0.90000004186054117,0.00011704619756003242
fig8_D_0p5,0.5,0.012390621569479163,0.49999009227857816,-0.0021189076476790039,-0.00031816566325282454,0.038929695387805593,-2.6816005368895252e-05,-0.015353046353003476,-0.50001874468598684,-4.185201499858765e-08,0.90000004323334637,0.00011894996433986053,0.80000000786060665,-0.0001585999654395243,-0.80000000786060665,0.00015859996543952427,0.90000004323334637,0.00011894996433986056
fig8_D_0p5,0.5,0.012592156136941509,0.49998976727133049,-0.0021533835997152775,-0.000328599905700055,0.039563004008609334,-2.7695423293463972e-05,-0.01560276353071155,-0.50001935944196896,-4.3927593360981038e-08,0.90000004465117245,0.00012088469605225139,0.80000000811839311,-0.00016117960836674848,-0.80000000811839311,0.00016117960836674845,0.90000004465117245,0.00012088469605225139
fig8_D_0p5,0.5,0.012796968682159409,0.49998943159981174,-0.0021884208879234929,-0.00033937634198367847,0.040206619087226989,-2.8603681107613327e-05,-0.015856542306563724,-0.50001999436064415,-4.6106106505600097e-08,0.90000004611549578,0.00012285089634438823,0.8000000083846337,-0.0001638012094322405,-0.8000000083846337,0.00016380120943224047,0.90000004611549578,0.0001228508963443882
fig8_D_0p5,0.5,0.013005112521734093,0.49998908491390692,-0.0022240286713378007,-0.0003505061946354847,0.04086070853868512,-2.9541724582086287e-05,-0.016114448739143496,-0.5000206501033716,-4.8392659311637803e-08,0.90000004762784114,0.00012484907705531009,0.8000000086596053,-0.00016646545108963643,-0.80000000865960519,0.0001664654510896364,0.90000004762784114,0.00012484907705531011
fig8_D_0p5,0.5,0.013216641839466052,0.49998872685199353,-0.0022602162593957737,-0.00036200105425227908,0.041525443023031128,-3.0510530502222966e-05,-0.016376549961300921,-0.50002132735320803,-5.0792609828168023e-08,0.90000004918978338,0.00012687975834915267,0.80000000894359469,-0.00016917302689277975,-0.80000000894359458,0.00016917302689277975,0.90000004918978349,0.0001268797583491527
fig8_D_0p5,0.5,0.01343161170046016,0.4999883570405626,-0.0022969931144557307,-0.00037387289156814573,0.042200995990669253,-3.1511107684938783e-05,-0.016642914197616709,-0.50002202681562014,-5.3311581828772991e-08,0.90000005080294931,0.00012894346885055638,0.8000000092368974,-0.0001719246416762692,-0.8000000092368974,0.0001719246416762692,0.90000005080294931,0.00012894346885055638
fig8_D_0p5,0.5,0.013650078065460137,0.49998797509382703,-0.0023343688543584792,-0.0003861340699227315,0.042887543728468057,-3.2544498029082186e-05,-0.016913610782149788,-0.5000227492192203,-5.5955477988502839e-08,0.90000005246901837,0.00013104074578227607,0.80000000953981898,-0.00017472101173894307,-0.80000000953981887,0.00017472101173894309,0.90000005246901837,0.00013104074578227607
fig8_D_0p5,0.5,0.013872097805416202,0.49998758061331672,-0.0023723532550344551,-0.00039879735813854009,0.043585265406653965,-3.361177760021275e-05,-0.017188710176473127,-0.50002349531652523,-5.8730493716994264e-08,0.90000005418972595,0.00013317213510503044,0.80000000985267472,-0.00017756286503034835,-0.80000000985267461,0.00017756286503034835,0.90000005418972595,0.00013317213510503039
fig8_D_0p5,0.5,0.01409772871628967,0.49998717318746094,-0.0024109562531571208,-0.00041187594382066113,0.044294343126504716,-3.4714057750965394e-05,-0.017468283988002417,-0.50002426588474203,-6.1643131675070267e-08,0.9000000559668635,0.00013533819165962408,0.80000001017579048,-0.00018045094134024259,-0.80000001017579037,0.00018045094134024259,0.90000005596686361,0.00013533819165962408
fig8_D_0p5,0.5,0.014327029534098309,0.49998675239115636,-0.0024501879488436069,-0.00042538344709279463,0.045014961968858375,-3.585248627810747e-05,-0.017752404988622295,-0.5000250617265779,-6.470021701298484e-08,0.90000005780228198,0.00013753947931138301,0.80000001050950276,-0.00018338599249117797,-0.80000001050950265,0.00018338599249117802,0.90000005780228198,0.00013753947931138304
fig8_D_0p5,0.5,0.014560059950206494,0.49998631778532088,-0.0024900586084035501,-0.00043933393478389214,0.045747310043452817,-3.7028248617575893e-05,-0.018041147133615112,-0.50002588367107692,-6.7908913364139734e-08,0.90000005969789232,0.0001397765710969385,0.80000001085415895,-0.00018636878253421903,-0.80000001085415884,0.00018636878253421903,0.90000005969789232,0.0001397765710969385
fig8_D_0p5,0.5,0.014796880626863964,0.49998586891643243,-0.0025305786671371289,-0.00045374193508019119,0.046491578539110907,-3.8242569078670435e-05,-0.018334585580896862,-0.50002673257448527,-7.1276739632437219e-08,0.9000000616556687,0.00014205004937339793,0.8000000112101181,-0.00018940008794784204,-0.80000001121011788,0.00018940008794784209,0.9000000616556687,0.0001420500493733979
fig8_D_0p5,0.5,0.015037553212997377,0.4999854053160534,-0.0025717587321833079,-0.00046862245265793086,0.047247961774787926,-3.9496712118718136e-05,-0.018632796710565495,-0.50002760932114387,-7.4811587608396984e-08,0.90000006367765018,0.00014436050596994311,0.8000000115777508,-0.00019248069784007156,-0.8000000115777508,0.00019248069784007162,0.90000006367765018,0.00014436050596994309
fig8_D_0p5,0.5,0.015282140360258701,0.49998492650033804,-0.0026136095854193521,-0.00048399098431251057,0.048016657251497154,-4.079198365950637e-05,-0.018935858144766483,-0.50002851482441057,-7.8521740465645196e-08,0.90000006576594171,0.00014670854234189313,0.80000001195743986,-0.0001956114141539032,-0.80000001195743986,0.0001956114141539032,0.90000006576594171,0.00014670854234189311
fig8_D_0p5,0.5,0.015530705739334601,0.49998443196952413,-0.0026561421864127006,-0.00049986353510038839,0.048797865705130075,-4.2129732446941764e-05,-0.019243848767880847,-0.50002945002761345,-8.2415892168567068e-08,0.90000006792271825,0.00014909476972727352,0.80000001234958085,-0.00019879305187606855,-0.80000001234958085,0.00019879305187606847,0.90000006792271825,0.00014909476972727346
fig8_D_0p5,0.5,0.015783314056521173,0.49998392120740826,-0.0026993676754262807,-0.0005162566350105514,0.049591791160189011,-4.3511351455170072e-05,-0.019556848747040962,-0.50003041590503339,-8.6503167846200407e-08,0.90000007015022565,0.00015151980930593205,0.80000001275458188,-0.00020202643924919627,-0.80000001275458177,0.00020202643924919624,0.90000007015022576,0.00015151980930593205
fig8_D_0p5,0.5,0.0160400310705682,0.49998339368080252,-0.0027432973764784296,-0.00053318735618293109,0.05039864098444867,-4.493827933685704e-05,-0.019874939552979143,-0.50003141346292213,-9.0793145174003498e-08,0.90000007245078373,0.00015398429236124277,0.80000001317286495,-0.0002053124179874234,-0.80000001317286484,0.0002053124179874234,0.90000007245078373,0.00015398429236124271
fig8_D_0p5,0.5,0.016300923609797412,0.49998284883897448,-0.0027879428004585652,-0.00055067333069171848,0.051218625944565326,-4.6412001920934781e-05,-0.02019820398121475,-0.50003244374055067,-9.5295876819008474e-08,0.90000007482678779,0.00015648886044443904,0.80000001360486528,-0.00020865184349551388,-0.80000001360486517,0.00020865184349551388,0.90000007482678779,0.00015648886044443904
fig8_D_0p5,0.5,0.016566059589499145,0.49998228611306728,-0.002833315648299856,-0.00056873276891211591,0.052051960262651208,-4.7934053759451228e-05,-0.020526726173584975,-0.50003350781129385,-1.000219139956314e-07,0.90000007728071241,0.00015903416554162076,0.80000001405103305,-0.00021204558509154125,-0.80000001405103305,0.00021204558509154125,0.90000007728071241,0.00015903416554162065
fig8_D_0p5,0.5,0.016835508029612024,0.49998170491550126,-0.002879427814210063,-0.0005873844784896865,0.05289886167383355,-4.9506019725177597e-05,-0.020860591640125038,-0.50003460678375011,-1.049823311902523e-07,0.90000007981511287,0.00016162087024347685,0.80000001451183278,-0.00021549452623319409,-0.80000001451183267,0.00021549452623319406,0.90000007981511287,0.00016162087024347685
fig8_D_0p5,0.5,0.017109339072690143,0.49998110463935569,-0.0029262913889619253,-0.00060664788393206489,0.053759551484816995,-5.1129536661548985e-05,-0.021199887281303433,-0.50003574180289856,-1.101887521113773e-07,0.90000008243262819,0.00016424964791776937,0.8000000149877442,-0.0002189995647477616,-0.80000001498774409,0.0002189995647477616,0.90000008243262819,0.0001642496479177694
fig8_D_0p5,0.5,0.017387624002162504,0.49998048465772937,-0.0029739186632442602,-0.00062654304684346587,0.054634254633468986,-5.2806295086711003e-05,-0.021544701410617772,-0.50003691405129314,-1.1565337693043506e-07,0.9000000851359844,0.00016692118288462186,0.80000001547926314,-0.00022256161306586066,-0.80000001547926314,0.00022256161306586066,0.9000000851359844,0.0001669211828846218
fig8_D_0p5,0.5,0.017670435260889468,0.49997984432308035,-0.0030223221310752982,-0.0006470906868230932,0.055523199749448797,-5.4538040953424488e-05,-0.021895123777557399,-0.50003812475029685,-1.213890108674176e-07,0.90000008792799635,0.00016963617059465914,0.80000001598690129,-0.00022618159845896467,-0.80000001598690107,0.00022618159845896467,0.90000008792799646,0.00016963617059465914
fig8_D_0p5,0.5,0.017957846470020959,0.49997918296654387,-0.0030715144932794776,-0.00066831220304923293,0.056426619215900177,-5.632657746665673e-05,-0.022251245590938169,-0.50003937516135655,-1.2740909420029534e-07,0.90000009081157173,0.00017239531781004485,0.80000001651118713,-0.00022986046328079532,-0.80000001651118702,0.00022986046328079534,0.90000009081157173,0.00017239531781004485
fig8_D_0p5,0.5,0.018249932448161525,0.49997849989722676,-0.0031215086610292667,-0.00069022969657155174,0.057344749232229486,-5.8173766960774309e-05,-0.022613159542616036,-0.50004066658731872,-1.3372773375848815e-07,0.90000009378971313,0.00017519934278846351,0.80000001705266688,-0.0002335991652126425,-0.80000001705266688,0.00023359916521264255,0.90000009378971302,0.00017519934278846343
fig8_D_0p5,0.5,0.018546769230846985,0.49997779440147927,-0.0031723177594533982,-0.00071286599333483791,0.058277829877990503,-6.0081532838270058e-05,-0.022980959831584949,-0.5000420003737901,-1.4035973597932225e-07,0.90000009686552185,0.00017804897547009398,0.80000001761190431,-0.0002373986775126725,-0.8000000176119042,0.0002373986775126725,0.90000009686552185,0.00017804897547009401
fig8_D_0p5,0.5,0.018848434090337953,0.49997706574214201,-0.0032239551313130548,-0.00073624466795820475,0.059226105177898204,-6.2051861571987832e-05,-0.023354742188465692,-0.50004337791054188,-1.4732064160510178e-07,0.90000010004220099,0.00018094495766762561,0.80000001818948174,-0.00024125998926929307,-0.80000001818948163,0.00024125998926929307,0.90000010004220099,0.00018094495766762567
fig8_D_0p5,0.5,0.01915500555573528,0.49997631315776769,-0.0032764343407476245,-0.00076039006829455534,0.060189823167994899,-6.4086804773089839e-05,-0.02373460390039173,-0.50004480063295997,-1.5462676210102611e-07,0.90000010332305846,0.00018388804325936375,0.80000001878600058,-0.00024518410565863924,-0.80000001878600058,0.00024518410565863924,0.90000010332305835,0.00018388804325936378
fig8_D_0p5,0.5,0.019466563433422623,0.4999755358618177,-0.0033297691770915409,-0.00078532734079592376,0.061169235962991196,-6.6188481326681647e-05,-0.024120643836298493,-0.5000462700235444,-1.6229521787721954e-07,0.90000010671151087,0.00018687899838547585,0.80000001940208221,-0.00024917204820624675,-0.80000001940208232,0.00024917204820624675,0.90000010671151076,0.0001868789983854759
fig8_D_0p5,0.5,0.019783188827841643,0.49997473304183043,-0.0033839736587639837,-0.00081108245671116181,0.062164599824807015,-6.8359079597561656e-05,-0.024512962472622742,-0.50004778761345625,-1.7034397840681378e-07,0.90000011021108639,0.00018991860164743098,0.8000000200383679,-0.00025322485505298336,-0.80000002003836801,0.00025322485505298331,0.90000011021108639,0.00018991860164743101
fig8_D_0p5,0.5,0.020104964162604981,0.49997390385856311,-0.0034390620372330536,-0.00083768223914328305,0.063176175232336207,-7.0600859708190578e-05,-0.024911661919418425,-0.50004935498411685,-1.7879190433419193e-07,0.90000011382542977,0.00019300764431068142,0.80000002069552056,-0.00025734358122530431,-0.80000002069552034,0.00025734358122530431,0.90000011382542977,0.00019300764431068147
fig8_D_0p5,0.5,0.020431973201952704,0.4999730474451044,-0.0034950488010562861,-0.00086515439099470583,0.064204226952460988,-7.2916155891326884e-05,-0.025316845946895771,-0.5000509737688591,-1.8765879167617627e-07,0.90000011755830456,0.00019614693051064219,0.80000002137422421,-0.00026152929890990527,-0.80000002137422421,0.00026152929890990522,0.90000011755830467,0.00019614693051064216
fig8_D_0p5,0.5,0.020764301072557747,0.49997216290595681,-0.0035519486799992311,-0.00089352752382954883,0.065249024112341694,-7.5307378919853979e-05,-0.025728620012390593,-0.50005264565463281,-1.9696541820246258e-07,0.9000001214135982,0.00019933727746201919,0.80000002207518583,-0.00026578309773284169,-0.80000002207518583,0.00026578309773284169,0.9000001214135982,0.00019933727746201919
fig8_D_0p5,0.5,0.021102034285685953,0.49997124931608944,-0.0036097766492340895,-0.00092283118768307323,0.066310840273008667,-7.7777018616165261e-05,-0.026147091287770461,-0.50005437238376693,-2.0673359213277745e-07,0.90000012539532492,0.00020257951567154375,0.80000002279913518,-0.00027010608504318841,-0.80000002279913518,0.00027010608504318836,0.90000012539532492,0.0002025795156715437
fig8_D_0p5,0.5,0.021445260759716676,0.49997030571995804,-0.0036685479336202708,-0.00095309590184941312,0.067389953504284103,-8.0327646443823647e-05,-0.026572368687285058,-0.50005615575578932,-2.1698620323749515e-07,0.90000012950763142,0.00020587448915416597,0.80000002354682631,-0.00027449938620131495,-0.80000002354682631,0.00027449938620131495,0.90000012950763142,0.00020587448915416597
fig8_D_0p5,0.5,0.021794069843029548,0.49996933113049241,-0.0037282780120689186,-0.00098435318667968352,0.068486646461061645,-8.2961918184201733e-05,-0.027004562895867501,-0.50005799762930647,-2.2774727647572116e-07,0.90000013375480004,0.00020922305565276495,0.80000002431903783,-0.0002789641448718479,-0.80000002431903761,0.00027896414487184784,0.90000013375479992,0.00020922305565276495
fig8_D_0p5,0.5,0.022148552337263604,0.49996832452805012,-0.0037889826219935055,-0.0010166355964236684,0.069601206460972995,-8.5682576700787938e-05,-0.027443786397894316,-0.50005989992394528,-2.3904202829444152e-07,0.90000013814125324,0.00021262608686143221,0.80000002511657364,-0.00028350152332140056,-0.80000002511657353,0.0002835015233214005,0.90000013814125324,0.00021262608686143229
fig8_D_0p5,0.5,0.022508800520954615,0.49996728485933489,-0.0038506777638485715,-0.0010499767531493543,0.070733925563471009,-8.8492454794118075e-05,-0.027890153506410883,-0.50006186462235902,-2.5089692572101072e-07,0.90000014267155926,0.00021608446865238674,0.80000002594026443,-0.00028811270272114368,-0.80000002594026443,0.00028811270272114363,0.90000014267155926,0.0002160844686523868
fig8_D_0p5,0.5,0.022874908173557029,0.49996621103627831,-0.0039133797057588991,-0.0010844113817757288,0.071885100650360745,-9.1394478150305658e-05,-0.028343780392830514,-0.50006389377229843,-2.6333974837908225e-07,0.90000014735043532,0.00021959910130658092,0.80000002679096782,-0.00029279888345430026,-0.80000002679096782,0.00029279888345430026,0.90000014735043543,0.00021959910130658086
fig8_D_0p5,0.5,0.023246970599856479,0.49996510193488453,-0.0039771049882413962,-0.0011199753462553866,0.073055033507809092,-9.4391668386144267e-05,-0.028804785117114033,-0.50006598948875203,-2.7639965359538277e-07,0.90000015218275409,0.00022317089974805703,0.8000000276695699,-0.00029756128542864053,-0.8000000276695699,0.00029756128542864042,0.90000015218275409,0.00022317089974805698
fig8_D_0p5,0.5,0.023625084654779464,0.49996395639403535,-0.0040418704290220214,-0.0011567056869447208,0.074244030909865963,-9.7487146194050189e-05,-0.02927328765843807,-0.50006815395615734,-2.9010724471485727e-07,0.90000015717354731,0.00022680079378211511,0.80000002857698549,-0.00030240114839406049,-0.80000002857698538,0.00030240114839406043,0.90000015717354731,0.00022680079378211511
fig8_D_0p5,0.5,0.024009348768606532,0.49996277321425581,-0.004107693127950264,-0.0011946406592007305,0.075452404703530734,-0.00010068413459006151,-0.02974940994635979,-0.50007038943068316,-3.0449464282367861e-07,0.90000016232801239,0.00023048972833735571,0.80000002951415938,-0.00030731973226532744,-0.80000002951415927,0.00030731973226532744,0.90000016232801239,0.00023048972833735571
fig8_D_0p5,0.5,0.024399862972595502,0.49996155115643726,-0.0041745904720136709,-0.0012338197732447013,0.076680471895397215,-0.00010398596226823473,-0.030233275892485794,-0.50007269824258882,-3.1959556201412859e-07,0.9000001676515168,0.00023423866371165687,0.80000003048206758,-0.00031231831745007319,-0.80000003048206747,0.00031231831745007319,0.9000001676515168,0.00023423866371165687
fig8_D_0p5,0.5,0.024796728925021588,0.49996028894051819,-0.0042425801404550783,-0.0012742838353344257,0.077928554739914294,-0.00010739606706505062,-0.03072501142265362,-0.50007508279866075,-3.3544538839171134e-07,0.90000017314960412,0.00023804857582215491,0.80000003148171794,-0.0003173982051821261,-0.80000003148171794,0.00031739820518212605,0.90000017314960412,0.00023804857582215491
fig8_D_0p5,0.5,0.025200049937640922,0.49995898524411969,-0.0043116801099952404,-0.0013160749902879213,0.079196980829297131,-0.00011091799953726056,-0.031224744509633789,-0.50007754558472939,-3.5208126299840492e-07,0.90000017882799976,0.00024192045645928862,0.80000003251415186,-0.00032256071786026223,-0.80000003251415164,0.00032256071786026223,0.90000017882799976,0.00024192045645928862
fig8_D_0p5,0.5,0.025609931002584581,0.4999576387011353,-0.0043819086601637044,-0.0013592367654030643,0.080486083185127427,-0.0001145554266570141,-0.031732605206360731,-0.50008008916826818,-3.6954216884460545e-07,0.90000018469261711,0.00024585531354497613,0.8000000335804438,-0.00032780719939246836,-0.8000000335804438,0.00032780719939246836,0.90000018469261711,0.00024585531354497618
fig8_D_0p5,0.5,0.026026478819690058,0.49995624790027299,-0.004453284378740807,-0.0014038141158190119,0.081796200351681073,-0.00011831213562806669,-0.032248725679701232,-0.50008271620107991,-3.8786902226140008e-07,0.90000019074956294,0.00024985417139499128,0.80000003468170466,-0.00033313901554580519,-0.80000003468170444,0.00033313901554580519,0.90000019074956294,0.00024985417139499123
fig8_D_0p5,0.5,0.026449801824277197,0.49995481138354753,-0.0045258261673138478,-0.0014498534713667866,0.083127676491023469,-0.00012219203782701943,-0.03277324024476877,-0.50008542942207113,-4.0710476878480506e-07,0.90000019700514478,0.00025391807098560618,0.80000003581908075,-0.00033855755430196134,-0.80000003581908075,0.00033855755430196134,0.90000019700514478,0.00025391807098560612
fig8_D_0p5,0.5,0.02688001021537606,0.49995332764472172,-0.0045995532469505626,-0.0014974027849579718,0.084480861479913558,-0.00012619917287370191,-0.033306285399792697,-0.50008823166011696,-4.2729448378794194e-07,0.90000020346587672,0.00025804807022457239,0.80000003699375699,-0.00034406422621859154,-0.80000003699375688,0.00034406422621859154,0.90000020346587672,0.00025804807022457239
fig8_D_0p5,0.5,0.027317215984413765,0.49995179512769511,-0.0046744851639931176,-0.0015465115825620446,0.085856111008558583,-0.00013033771283493811,-0.033847999861550807,-0.5000911258370222,-4.4848547811528888e-07,0.90000021013848674,0.00026224524422650743,0.80000003820695609,-0.00034966046479653238,-0.80000003820695609,0.00034966046479653244,0.90000021013848674,0.00026224524422650749
fig8_D_0p5,0.5,0.027761532944368009,0.49995021222483721,-0.0047506417959760419,-0.0015972310148245959,0.087253786681264309,-0.00013461196656598673,-0.03439852460137463,-0.50009411497057921,-4.7072740894191917e-07,0.90000021702992339,0.00026651068559276151,0.80000003945994191,-0.00035534772685299213,-0.80000003945994169,0.00035534772685299223,0.90000021702992328,0.00026651068559276151
fig8_D_0p5,0.5,0.028213076759394721,0.49994857727526476,-0.0048280433576714963,-0.0016496139103803378,0.088674256119024852,-0.00013902638419429486,-0.034958002881736255,-0.50009720217772669,-4.9407239615002763e-07,0.90000022414736303,0.0002708455046958355,0.80000004075401876,-0.00036112749290081059,-0.80000004075401887,0.0003611274929008107,0.90000022414736303,0.00027084550469583544
fig8_D_0p5,0.5,0.028671964974937698,0.49994688856305947,-0.004906710407265617,-0.0017037148309166498,0.090117893064099688,-0.00014358556175009599,-0.035526580293426265,-0.50010039067781353,-5.1857514444999392e-07,0.90000023149821706,0.00027525082996842504,0.80000004209053466,-0.00036700126753388956,-0.80000004209053455,0.00036700126753388962,0.90000023149821706,0.00027525082996842504
fig8_D_0p5,0.5,0.02913831704832787,0.49994514431542553,-0.0049866638526695969,-0.001759590128045169,0.091585077486625519,-0.00014829424594870605,-0.036104404793331893,-0.50010368379597014,-5.4429307159205992e-07,0.9000002390901406,0.00027972780819716605,0.80000004347088105,-0.00037297057981889231,-0.80000004347088094,0.00037297057981889231,0.9000002390901406,0.000279727808197166
fig8_D_0p5,0.5,0.029612254379880344,0.49994334270078411,-0.0050679249579694101,-0.0018172980020409054,0.093076195693312547,-0.00015315733912952753,-0.036691626742825077,-0.50010708496659062,-5.7128644290367625e-07,0.9000002469310393,0.00028427760482115642,0.80000004489649534,-0.0003790369836933159,-0.80000004489649523,0.00037903698369331595,0.9000002469310393,0.00028427760482115631
fig8_D_0p5,0.5,0.030093900344497212,0.4999414818268022,-0.0051505153500182648,-0.0018768985625102733,0.094591640438277447,-0.00015817990435681648,-0.037288398946770281,-0.50011059773693056,-5.9961851251941201e-07,0.90000025502907821,0.0002889014042353346,0.80000004636886235,-0.00038520205837003831,-0.80000004636886213,0.00038520205837003831,0.90000025502907821,0.0002889014042353346
fig8_D_0p5,0.5,0.030583380323784333,0.4999395597383548,-0.0052344570251759651,-0.0019384538910514441,0.096131811036064552,-0.00016336717068752768,-0.037894876693161474,-0.50011422577082454,-6.2935567160960632e-07,0.90000026339269046,0.00029360041009879106,0.80000004788951495,-0.00039146740874844665,-0.80000004788951484,0.00039146740874844655,0.90000026339269046,0.00029360041009879095
fig8_D_0p5,0.5,0.031080821738690638,0.49993757441541609,-0.0053197723561995243,-0.0020020281059725991,0.097697113476912414,-0.00016872453861173017,-0.038511217793398791,-0.50011797285252468,-6.6056760396424746e-07,0.90000027203058508,0.0002983758456480946,0.80000004946003689,-0.00039783466583225485,-0.80000004946003689,0.0003978346658322548,0.90000027203058508,0.00029837584564809455
fig8_D_0p5,0.5,0.031586354082678174,0.49993552377087924,-0.0054064840992895805,-0.0020676874291356874,0.099287960544319834,-0.00017425758567121349,-0.039137582623214671,-0.5001218428906683,-6.9332744928509576e-07,0.90000028095175721,0.00030322895401571534,0.80000005108206351,-0.00040430548715411673,-0.80000005108206351,0.00040430548715411673,0.90000028095175721,0.00030322895401571528
fig8_D_0p5,0.5,0.032100108955431715,0.49993340564830063,-0.0054946154012973222,-0.0021355002549956668,0.10090477193497249,-0.00017997207226212383,-0.039774134164259796,-0.50012583992237514,-7.2771197457896508e-07,0.9000002901654971,0.00030816099855362485,0.80000005275728414,-0.00041088155720714754,-0.80000005275728392,0.00041088155720714754,0.9000002901654971,0.0003081609985536248
fig8_D_0p5,0.5,0.032622220097116697,0.49993121781956651,-0.0055841898070967859,-0.0022055372219074013,0.10254797438108891,-0.00018587394762768078,-0.040421038046359437,-0.50012996811748134,-7.638017540615577e-07,0.90000029968139916,0.00031317326316216137,0.80000005448744282,-0.00041756458788346548,-0.80000005448744271,0.00041756458788346548,0.90000029968139916,0.00031317326316216137
fig8_D_0p5,0.5,0.033152823423194248,0.49992895798247905,-0.0056752312671276362,-0.0022778712857748377,0.1042180017752497,-0.00019196935604705312,-0.041078462590450539,-0.50013423178291327,-8.0168135796563483e-07,0.90000030950937293,0.00031826705262424096,0.80000005627434156,-0.00042435631891986624,-0.80000005627434145,0.00042435631891986624,0.90000030950937293,0.00031826705262424096
fig8_D_0p5,0.5,0.033692057059802674,0.4999266237582593,-0.0057677641451137343,-0.0023525777961195238,0.10591529529777495,-0.00019826464322706891,-0.041746578852210704,-0.5001386353672056,-8.41439550731439e-07,0.90000031965965266,0.00032344369294500761,0.80000005811984087,-0.0004312585183507503,-0.80000005811984087,0.00043125851835075035,0.90000031965965266,0.00032344369294500761
fig8_D_0p5,0.5,0.034240061379714241,0.49992421268896337,-0.0058618132259629363,-0.0024297345746480676,0.10764030354671673,-0.0002047663629031124,-0.042425560666389528,-0.50014318346517017,-8.8316949901391661e-07,0.90000033014280811,0.00032870453169700416,0.80000006002586277,-0.00043827298296841632,-0.80000006002586277,0.00043827298296841632,0.90000033014280811,0.00032870453169700422
fig8_D_0p5,0.5,0.034796979038876914,0.49992172223480935,-0.0059574037238538701,-0.0025094219964007743,0.10939348267053615,-0.00021148128365621605,-0.043115584691853753,-0.50014788082271888,-9.2696899000634103e-07,0.90000034096975612,0.00033405093837095962,0.800000061994392,-0.00044540153879084424,-0.800000061994392,0.00044540153879084435,0.90000034096975612,0.00033405093837095967
fig8_D_0p5,0.5,0.035362955013550426,0.49991914977141122,-0.0060545612905156705,-0.0025917230735664079,0.11117529650353826,-0.00021841639595337678,-0.04381683045735723,-0.50015273234184698,-9.7294066060682471e-07,0.90000035215177121,0.00033948430473227948,0.80000006402747836,-0.00045264604153708808,-0.80000006402747836,0.00045264604153708808,0.90000035215177121,0.00033948430473227953
fig8_D_0p5,0.5,0.035938136638046278,0.49991649258691662,-0.0061533120237067668,-0.0026767235420508354,0.11298621670413794,-0.00022557891941842739,-0.044529480408047231,-0.50015774308578043,-1.0211922379299229e-06,0.90000036370049763,0.00034500604518333474,0.80000006612723895,-0.00046000837711040115,-0.80000006612723895,0.00046000837711040115,0.90000036370049774,0.00034500604518333469
fig8_D_0p5,0.5,0.036522673643081753,0.49991374787904502,-0.0062536824758992957,-0.0027645119508902154,0.11482672289603593,-0.00023297631034089467,-0.045253719952718555,-0.5001629182842956,-1.0718367917600738e-06,0.90000037562796176,0.00035061759713164405,0.80000006829586057,-0.00046749046208922521,-0.80000006829586057,0.00046749046208922521,0.90000037562796176,0.00035061759713164394
fig8_D_0p5,0.5,0.037116718194757647,0.4999109127520221,-0.0063556996631757246,-0.0028551797546023583,0.11669730281238393,-0.0002406162694307025,-0.045989737511827479,-0.50016826333921471,-1.1249929995184663e-06,0.9000003879465841,0.00035632042136404156,0.80000007053560129,-0.00047509424422616285,-0.80000007053560107,0.00047509424422616275,0.9000003879465841,0.00035632042136404167
fig8_D_0p5,0.5,0.037720424934169994,0.49990798421340765,-0.0064593910743447874,-0.0029488214085730273,0.11859845244302325,-0.00024850674982681772,-0.046737724566276916,-0.50017378383008404,-1.1807854243843161e-06,0.90000040066919262,0.00036211600242693322,0.80000007284879338,-0.00048282170295507059,-0.80000007284879326,0.0004828217029550707,0.90000040066919262,0.00036211600242693333
fig8_D_0p5,0.5,0.038333951017666013,0.49990495917081157,-0.0065647846802838385,-0.0030455344675770846,0.12053067618488215,-0.00025665596536798493,-0.047497875706985514,-0.50017948552003999,-1.2393448071889787e-06,0.90000041380903606,0.00036800584901273341,0.80000007523784578,-0.0004906748499064013,-0.80000007523784566,0.0004906748499064012,0.90000041380903606,0.00036800584901273346
fig8_D_0p5,0.5,0.038957456157755033,0.4999018344284949,-0.0066719089435154123,-0.0031454196875377875,0.12249448699562293,-0.00026507239913423075,-0.048270388685252359,-0.5001853743618716,-1.3008083728036773e-06,0.90000042737979746,0.00037399149435259006,0.80000007770524628,-0.00049865572943092959,-0.80000007770524617,0.00049865572943092959,0.90000042737979746,0.00037399149435259006
fig8_D_0p5,0.5,0.039591102664684588,0.49989860668385139,-0.0067807928280257173,-0.0032485811306308156,0.12449040655063037,-0.00027376481226790844,-0.049055464463930144,-0.50019145650428254,-1.3653201517121322e-06,0.90000044139560853,0.0003800744966154946,0.80000008025356406,-0.00050676641913200121,-0.80000008025356395,0.00050676641913200121,0.90000044139560864,0.00038007449661549481
fig8_D_0p5,0.5,0.040235055488692911,0.49989527252376514,-0.0068914658093333272,-0.0033551262738432991,0.12651896540343943,-0.00028274225308350456,-0.049853307269419292,-0.50019773829836367,-1.433031317546983e-06,0.90000045587106481,0.00038625643931388407,0.80000008288545299,-0.00051500903040643711,-0.80000008288545299,0.00051500903040643711,0.90000045587106481,0.00038625643931388412
fig8_D_0p5,0.5,0.040889482262948626,0.49989182842083896,-0.007003957884816705,-0.003465166121101604,0.12858070314970116,-0.00029201406647555439,-0.050664124644495517,-0.50020422630427885,-1.5041005413472114e-06,0.90000047082124013,0.000392538931715838,0.80000008560365377,-0.00052338570899424289,-0.80000008560365365,0.00052338570899424289,0.90000047082124013,0.000392538931715838
fig8_D_0p5,0.5,0.041554553347188751,0.49988827072948971,-0.0071182995843094175,-0.003578815319085521,0.13067616859479145,-0.00030158990363442564,-0.051488127501984414,-0.50021092729817485,-1.5786943633943826e-06,0.90000048626170281,0.00039892360926398071,0.80000008841099668,-0.00053189863553725774,-0.80000008841099668,0.00053189863553725774,0.90000048626170281,0.0003989236092639806
fig8_D_0p5,0.5,0.042230441872066746,0.49988459568190535,-0.0072345219809724238,-0.003696192276850366,0.13280591992517193,-0.00031147973208004234,-0.052325530179295678,-0.50021784827932059,-1.6569875834976724e-06,0.90000050220853178,0.00040541213400119525,0.80000009131040539,-0.00054055002614689573,-0.80000009131040517,0.00054055002614689573,0.90000050220853178,0.0004054121340011953
fig8_D_0p5,0.5,0.042917323784221577,0.49988079938385721,-0.0073526567024530653,-0.0038174192893824354,0.13497052488361283,-0.00032169384602391202,-0.053176550493830327,-0.50022499647748497,-1.7391636706227953e-06,0.90000051867833331,0.0004120061950032615,0.80000009430489882,-0.00054934213298112261,-0.80000009430489893,0.00054934213298112261,0.90000051867833331,0.0004120061950032615
fig8_D_0p5,0.5,0.043615377892080032,0.49987687781036433,-0.0074727359423409963,-0.0039426226652175753,0.13717056094839733,-0.00033224287707020808,-0.054041409799274936,-0.50023237936055909,-1.825415192849289e-06,0.90000053568825789,0.00041870750881852886,0.80000009739759559,-0.0005582772448308208,-0.80000009739759548,0.00055827724483082069,0.90000053568825777,0.00041870750881852896
fig8_D_0p5,0.5,0.044324785912403984,0.49987282680120149,-0.0075947924719315862,-0.0040719328582567689,0.13940661551662664,-0.00034313780526691942,-0.054920333042796088,-0.50024000464243557,-1.9159442686319389e-06,0.90000055325601891,0.00042551781991474199,0.80000010059171589,-0.00056735768771569483,-0.800000100591716,0.00056735768771569461,0.90000055325601891,0.00042551781991474199
fig8_D_0p5,0.5,0.045045732517594583,0.49986864205624715,-0.0077188596523077224,-0.0042054846039171617,0.14167928609175312,-0.00035438997051845736,-0.055813548823148845,-0.50024788029114764,-2.0109630404722273e-06,0.90000057139991052,0.00043243890113312862,0.80000010389058618,-0.00057658582548987156,-0.80000010389058618,0.00057658582548987146,0.90000057139991052,0.00043243890113312867
fig8_D_0p5,0.5,0.045778405383766187,0.49986431913066454,-0.007844971446751791,-0.0043434170597615946,0.14398918047547399,-0.00036601108437170349,-0.056721289449714121,-0.50025601453728241,-2.1106941720571218e-06,0.90000059013882672,0.00043947255414987865,0.80000010729764137,-0.00058596406045735778,-0.80000010729764137,0.00058596406045735767,0.90000059013882672,0.00043947255414987865
fig8_D_0p5,0.5,0.046522995239601891,0.49985985342990802,-0.0079731624334994766,-0.0044858739507542432,0.14633691696411835,-0.00037801324218742285,-0.057643791002478018,-0.50026441588267401,-2.2153713700578254e-06,0.90000060949228133,0.00044662060994512176,0.80000011081642963,-0.00059549483399750605,-0.80000011081642952,0.00059549483399750605,0.90000060949228122,0.00044662060994512165
fig8_D_0p5,0.5,0.04727969591600388,0.49985524020455058,-0.0081034678188482579,-0.0046330037192951192,0.1487231245496746,-0.00039040893570984475,-0.058581293392968824,-0.50027309310938817,-2.3252399318253458e-06,0.90000062948042792,0.00045388492927953569,0.80000011445061492,-0.00060518062720066334,-0.8000001144506147,0.00060518062720066334,0.90000062948042792,0.00045388492927953569
fig8_D_0p5,0.5,0.048048704396551317,0.49985047454492304,-0.0082359234506335487,-0.0047849596801911119,0.15114844312560258,-0.00040321106604717522,-0.059534040426165398,-0.50028205528900671,-2.4405573202310182e-06,0.90000065012408115,0.00046126740317870479,0.80000011820398143,-0.0006150239615141589,-0.80000011820398143,0.0006150239615141589,0.90000065012408115,0.00046126740317870479
fig8_D_0p5,0.5,0.048830220868778799,0.49984555137555925,-0.0083705658320860736,-0.004941900180726432,0.15361352369758566,-0.00041643295707665187,-0.060502279863392149,-0.50029131179222319,-2.5615937670146055e-06,0.90000067144473828,0.0004687699534253536,0.80000012208043814,-0.00062502739939880472,-0.80000012208043803,0.00062502739939880451,0.90000067144473839,0.0004687699534253536
fig8_D_0p5,0.5,0.04962444877628916,0.49984046544943833,-0.0085074321360849633,-0.0051039887660009444,0.15611902859938456,-0.00043008836928785932,-0.061486263486215775,-0.50030087229876008,-2.6886329060685221e-06,0.90000069346460143,0.00047639453305958822,0.80000012608402138,-0.00063519354499607934,-0.80000012608402138,0.00063519354499607923,0.90000069346460143,0.00047639453305958822
fig8_D_0p5,0.5,0.050431594871713586,0.49983521134201747,-0.0086465602198212786,-0.005271394349710171,0.15866563171395701,-0.00044419151407855753,-0.062486247161358907,-0.50031074680761789,-2.8219724381318284e-06,0.90000071620660083,0.00048414312688727036,0.80000013021890026,-0.00064552504480616668,-0.80000013021890015,0.00064552504480616668,0.90000071620660083,0.00048414312688727047
fig8_D_0p5,0.5,0.051251869270533323,0.49982978344504564,-0.0087879886398877227,-0.0054442913905468036,0.16125401870002062,-0.00045875706851788642,-0.063502490906645739,-0.50032094564766927,-2.9619248284352973e-06,0.90000073969441907,0.00049201775199666088,0.80000013448938057,-0.00065602458837703043,-0.80000013448938045,0.00065602458837703032,0.90000073969441907,0.00049201775199666099
fig8_D_0p5,0.5,0.05208548550577663,0.49982417596015,-0.0089317566678106166,-0.0056228600744093298,0.16388488722423752,-0.00047380019059208717,-0.064535258957995834,-0.50033147948860746,-3.1088180389472753e-06,0.90000076395251494,0.00050002045828346185,0.80000013889990917,-0.00066669490900469683,-0.80000013889990906,0.00066669490900469694,0.90000076395251494,0.00050002045828346185
fig8_D_0p5,0.5,0.052932660583605615,0.49981838289218616,-0.0090779043060414503,-0.0058072865026096961,0.16655894719921269,-0.00048933653494849863,-0.065584819837481642,-0.5003423593522629,-3.2629962969602661e-06,0.90000078900614966,0.00050815332898440017,0.80000014345507897,-0.00067753878444493944,-0.80000014345507897,0.00067753878444493944,0.90000078900614966,0.00050815332898440017
fig8_D_0p5,0.5,0.053793615039807008,0.49981239804234245,-0.009226472304425401,-0.005997762886278229,0.16927692102750044,-0.00050538226915398596,-0.066651446422465815,-0.50035359662430057,-3.4248209017564285e-06,0.9000008148814127,0.00051641848121948759,0.80000014815963316,-0.0006885590376365402,-0.80000014815963316,0.0006885590376365402,0.9000008148814127,0.00051641848121948759
fig8_D_0p5,0.5,0.054668572997201806,0.49980621500098826,-0.0093775021771657554,-0.0061944877471706095,0.17203954385182604,-0.00052195409048463176,-0.067735416015834493,-0.50036520306631183,-3.5946710713139624e-06,0.90000084160524918,0.00052481806654309658,0.80000015301847105,-0.00069975853743632274,-0.80000015301847094,0.00069975853743632274,0.90000084160524918,0.00052481806654309658
fig8_D_0p5,0.5,0.055557762223988776,0.49979982714025634,-0.0095310362203035077,-0.0063976661250886545,0.17484756381173741,-0.00053906924326397113,-0.068837010417342789,-0.50037719082831122,-3.7729448309903324e-06,0.90000086920548805,0.00053335427150400135,0.80000015803665192,-0.00071114019936614748,-0.80000015803665192,0.00071114019936614737,0.90000086920548816,0.00053335427150400145
fig8_D_0p5,0.5,0.056461414193036699,0.49979322760634781,-0.0096871175297323694,-0.0066075097921334926,0.17770174230690916,-0.00055674553676754793,-0.069956515996089583,-0.50038957246165605,-3.960059946267469e-06,0.90000089771087066,0.00054202931821452176,0.80000016321940148,-0.00072270698637206024,-0.80000016321940148,0.00072270698637206035,0.90000089771087066,0.00054202931821452154
fig8_D_0p5,0.5,0.05737976414214134,0.49978640931154911,-0.0098457900197706297,-0.0068242374740171939,0.18060285426733302,-0.00057500136371229499,-0.071094223764138251,-0.50040236093240265,-4.1564549017811259e-06,0.90000092715108115,0.00055084546492892663,0.80000016857211664,-0.00073446190959580108,-0.80000016857211642,0.00073446190959580108,0.90000092715108104,0.00055084546492892652
fig8_D_0p5,0.5,0.058313051135262216,0.4997793649259481,-0.010007098442311945,-0.0070480750786663946,0.18355168843063943,-0.00059385571934972986,-0.072250429451299891,-0.50041556963511113,-4.3625899288878001e-06,0.90000095755677689,0.00055980500663124029,0.80000017410037105,-0.00074640802915886385,-0.80000017410037094,0.00074640802915886385,0.90000095755677689,0.00055980500663124039
fig8_D_0p5,0.5,0.059261518124755524,0.49977208686883801,-0.010171088406578273,-0.0072792559323591492,0.18654904762680233,-0.00061332822118260674,-0.073425433581096919,-0.50042921240711813,-4.5789480841943592e-06,0.90000098895962111,0.00056891027563260805,0.80000017980992177,-0.00075854845495931832,-0.80000017980992177,0.00075854845495931843,0.90000098895962111,0.00056891027563260783
fig8_D_0p5,0.5,0.060225412014619277,0.49976456729979518,-0.010337806399499383,-0.0075180210236443267,0.1895957490704947,-0.0006334391293252549,-0.074619541547924093,-0.50044330354329336,-4.8060363815587842e-06,0.90000102139231486,0.00057816364217837496,0.80000018570671383,-0.00077088634748160136,-0.80000018570671383,0.00077088634748160147,0.90000102139231475,0.00057816364217837485
fig8_D_0p5,0.5,0.061204983724766994,0.49975679810941714,-0.010507299806744254,-0.0077646192553013907,0.19269262466137116,-0.00065420936752852085,-0.075833063695424391,-0.50045785781129448,-5.0443869802751368e-06,0.9000010548886318,0.00058756751506503738,0.80000019179688808,-0.0007834249186194854,-0.80000019179688797,0.0007834249186194854,0.9000010548886318,0.00058756751506503727
fig8_D_0p5,0.5,0.062200488256347115,0.49974877090970804,-0.010679616934431027,-0.008019307704606609,0.19584052129256752,-0.00067566054489102967,-0.077066315396098248,-0.50047289046733823,-5.2945584321367756e-06,0.90000108948345359,0.00059712434226722702,0.80000019808678602,-0.00079616743251244575,-0.8000001980867858,0.00079616743251244564,0.9000010894834537,0.00059712434226722702
fig8_D_0p5,0.5,0.063212184758124512,0.49974047702409419,-0.010854807031543344,-0.0082823518921810151,0.19904030116772065,-0.00069781497827886216,-0.078319617132163274,-0.50048841727250948,-5.5571369903563428e-06,0.90000112521280551,0.00060683661157488863,0.8000002045829574,-0.00080911720639563543,-0.8000002045829574,0.00080911720639563532,0.90000112521280551,0.00060683661157488842
fig8_D_0p5,0.5,0.064240336593941905,0.49973190747705565,-0.011032920313082201,-0.0085540260597043328,0.20229284212682297,-0.00072069571547677194,-0.079593294577683132,-0.50050445450962155,-5.8327379834112458e-06,0.90000116211389414,0.00061670685124081922,0.80000021129216703,-0.00082227761146369928,-0.80000021129216692,0.00082227761146369928,0.90000116211389414,0.00061670685124081933
fig8_D_0p5,0.5,0.065285211411278479,0.49972305298335723,-0.011214007983983788,-0.0088346134567888115,0.20559903798124496,-0.00074432655909463519,-0.080887678681983932,-0.50052101900065171,-6.1220072569978523e-06,0.90000120022514662,0.00062673763063873886,0.80000021822140099,-0.00083565207374864596,-0.8000002182214011,0.00083565207374864585,0.90000120022514662,0.00062673763063873886
fig8_D_0p5,0.5,0.066347081210923475,0.49971390393686194,-0.011398122263835365,-0.0091244066373165778,0.20895979885826865,-0.00076873209125367936,-0.082203105754376546,-0.50053812812476983,-6.4256226875083339e-06,0.90000123958624978,0.00063693156093205556,0.80000022537787518,-0.00084924407501200721,-0.80000022537787507,0.00084924407501200732,0.90000123958624978,0.00063693156093205556
fig8_D_0p5,0.5,0.067426222417783427,0.49970445039890593,-0.011585316412422463,-0.0094237077655543334,0.21237605155549583,-0.00079393769907771736,-0.083539917550203638,-0.50055579983698051,-6.744295770542974e-06,0.9000012802381927,0.00064729129575351438,0.8000002327690412,-0.00086305715365152691,-0.80000023276904131,0.00086305715365152691,0.9000012802381927,0.00064729129575351405
fig8_D_0p5,0.5,0.068522915952840602,0.49969468208622225,-0.011775644756142352,-0.0097328289323697272,0.21584873990550596,-0.00081996960101552233,-0.084898461358230717,-0.50057405268740307,-7.0787732882170856e-06,0.90000132222330798,0.00065781953189588717,0.80000024040259599,-0.00087709490562260049,-0.80000024040259599,0.00087709490562260027,0.90000132222330809,0.00065781953189588695
fig8_D_0p5,0.5,0.069637447306282255,0.49968458835838531,-0.011969162715320723,-0.010052092481884571,0.21937882515116308,-0.00084685487402127307,-0.086279090089399407,-0.50059290584120963,-7.4298390591136243e-06,0.90000136558531718,0.00066851901001390096,0.80000024828648819,-0.00089136098537471965,-0.80000024828648819,0.00089136098537471943,0.90000136558531707,0.00066851901001390086
fig8_D_0p5,0.5,0.0707701066118189,0.49967415820476246,-0.012165926832469576,-0.010381831348911182,0.22296728633198074,-0.00087462148162089151,-0.087682162366962926,-0.50061237909924516,-7.7983157750361604e-06,0.90000141036937498,0.00067939251533757352,0.80000025642892736,-0.00090585910680315862,-0.80000025642892736,0.00090585910680315862,0.90000141036937498,0.00067939251533757352
fig8_D_0p5,0.5,0.071921188722211898,0.49966338023094603,-0.012365994801526789,-0.010722389407530125,0.22661512068198195,-0.00090329830289286039,-0.089108042618023797,-0.50063249291935463,-8.1850669288365679e-06,0.90000145662211761,0.00069044287839715242,0.80000026483839237,-0.00092059304421615584,-0.80000026483839237,0.00092059304421615584,0.90000145662211772,0.00069044287839715264
fig8_D_0p5,0.5,0.07309099328602911,0.49965224264464525,-0.0125694254981193,-0.011074121831178939,0.23032334403950425,-0.000932915162393258,-0.090557101166491752,-0.50065326843844138,-8.5909988377982222e-06,0.90000150439171023,0.00070167297575983683,0.80000027352364012,-0.00093556663331783923,-0.80000027352364,0.00093556663331783923,0.90000150439171034,0.00070167297575983683
fig8_D_0p5,0.5,0.074279824825649141,0.49964073324101205,-0.012776279010894129,-0.011437395464634639,0.23409299126942607,-0.00096350286105544025,-0.092029714327483164,-0.50067472749528341,-9.0170627674041742e-06,0.90000155372789803,0.00071308573077848061,0.80000028249371435,-0.0009507837722071555,-0.80000028249371424,0.0009507837722071555,0.90000155372789803,0.00071308573077848072
fig8_D_0p5,0.5,0.075487992816534358,0.49962883938737701,-0.012986616673963301,-0.011812589208284876,0.23792511669830901,-0.00099509320809593876,-0.093526264503181522,-0.50069689265413575,-9.4642571603440612e-06,0.90000160468205714,0.00072468411435246821,0.80000029175795584,-0.00096624842239306113,-0.80000029175795562,0.00096624842239306113,0.90000160468205714,0.00072468411435246843
fig8_D_0p5,0.5,0.076715811767793018,0.4996165480073666,-0.013200501100511183,-0.012200094415096273,0.24182079456297698,-0.0010277190539591009,-0.09504714028017805,-0.5007197872291439,-9.933629976090555e-06,0.90000165730724901,0.00073647114570095829,0.80000030132601119,-0.00098196460982624234,-0.80000030132601119,0.00098196460982624234,0.90000165730724901,0.00073647114570095818
fig8_D_0p5,0.5,0.077963601304052332,0.49960384556437637,-0.013417996217614919,-0.012600315300702524,0.24578111947307882,-0.001061414324334032,-0.09659273652831521,-0.5007434353096033,-1.0426281146410851e-05,0.90000171165827481,0.00074844989314870429,0.80000031120784398,-0.0009979364259476368,-0.80000031120784398,0.00099793642594763659,0.90000171165827469,0.00074844989314870429
fig8_D_0p5,0.5,0.079231686248662531,0.49959071804436705,-0.013639167302331182,-0.013013669367047745,0.24980720688820057,-0.001096214055278398,-0.09816345450105024,-0.50076786178608823,-1.094336515269391e-05,0.90000176779173313,0.00076062347492464723,0.80000032141374378,-0.0010141680287540228,-0.80000032141374378,0.0010141680287540228,0.90000176779173313,0.00076062347492464745
fig8_D_0p5,0.5,0.080520396708254741,0.49957715093795546,-0.013864081019104699,-0.013440587840036954,0.25390019361012878,-0.0011321544294849162,-0.099759701937362139,-0.50079309237748881,-1.1486093730951608e-05,0.90000182576607868,0.0007729950599734939,0.80000033195433828,-0.0010306636438809638,-0.80000033195433817,0.001030663643880964,0.90000182576607868,0.0007729950599734939
fig8_D_0p5,0.5,0.081830068158673941,0.49956312922176443,-0.014092805458557284,-0.013881516121659198,0.25806123829089067,-0.0011692728137273033,-0.10138189316522096,-0.50081915365898333,-1.2055738711014632e-05,0.90000188564168337,0.00078556786878048888,0.80000034284060328,-0.0010474275657033857,-0.80000034284060306,0.0010474275657033857,0.90000188564168337,0.00078556786878048888
fig8_D_0p5,0.5,0.083161041532309618,0.49954863733900073,-0.014325410177718371,-0.014336914257065363,0.26229152195722721,-0.0012076077975237513,-0.10303044920664099,-0.5008460730909845,-1.2653634996407509e-05,0.9000019474808989,0.00079834517420959347,0.80000035408387427,-0.0010644641584540723,-0.80000035408387427,0.0010644641584540723,0.9000019474808989,0.00079834517420959358
fig8_D_0p5,0.5,0.084513663306847175,0.4995336591792211,-0.0145619662417612,-0.014807257417098603,0.26659224855218766,-0.0012471992330571266,-0.1047057978843388,-0.5008738790490912,-1.3281183691950943e-05,0.90000201134812174,0.0008113303023552967,0.80000036569585919,-0.0010817778573603849,-0.80000036569585919,0.0010817778573603849,0.90000201134812174,0.0008113303023552967
fig8_D_0p5,0.5,0.085888285595462494,0.49951817805724991,-0.014802546267311921,-0.015293036396792133,0.2709646454945695,-0.0012880882763923879,-0.10640837393001659,-0.50090260085508698,-1.393985538640681e-05,0.90000207730986026,0.00082452663340826856,0.80000037768864929,-0.0010993731697994853,-0.80000037768864918,0.0010993731697994853,0.90000207730986026,0.00082452663340826867
fig8_D_0p5,0.5,0.087285266238483789,0.49950217669120733,-0.015047224467402302,-0.015794758130366252,0.27540996425695746,-0.0013303174300329408,-0.10813861909429272,-0.50093226880901986,-1.4631193597807249e-05,0.90000214543480417,0.00083793760253508993,0.80000039007473245,-0.0011172546764723768,-0.80000039007473256,0.0011172546764723766,0.90000214543480417,0.00083793760253508993
fig8_D_0p5,0.5,0.08870496889654407,0.49948563717960637,-0.015296076698139625,-0.01631294622327455,0.27992948096315873,-0.0013739305868589978,-0.10989698225829955,-0.50096291422240646,-1.535681838953605e-05,0.90000221579389539,0.00085156670077227885,0.80000040286700635,-0.0011354270325970638,-0.80000040286700635,0.0011354270325970636,0.90000221579389539,0.00085156670077227885
fig8_D_0p5,0.5,0.090147763145249166,0.49946854097747229,-0.015549180507171755,-0.016848141501867996,0.28452449700586918,-0.0014189730754923212,-0.11168391954697156,-0.50099456945260012,-1.6118430165645153e-05,0.90000228846040309,0.0008654174759348582,0.80000041607879135,-0.0011538949691211502,-0.80000041607879135,0.0011538949691211502,0.90000228846040309,0.0008654174759348582
fig8_D_0p5,0.5,0.091614024571385164,0.49945086887143791,-0.01580661518402833,-0.017400902581263693,0.28919633968543856,-0.0014654917071332957,-0.11349989444404314,-0.50102726793836716,-1.6917813654225566e-05,0.90000236350999874,0.00087949353353968603,0.80000042972384444,-0.0011726632939541865,-0.80000042972384444,0.0011726632939541863,0.90000236350999874,0.00087949353353968635
fig8_D_0p5,0.5,0.093104134870690747,0.49943260095376479,-0.016068461812423517,-0.017971806452026211,0.29394636287066078,-0.0015135348239173237,-0.1153453779087788,-0.50106104423671716,-1.7756842088170743e-05,0.90000244102083582,0.00089379853774379915,0.80000044381637425,-0.0011917368932200878,-0.80000044381637414,0.0011917368932200876,0.90000244102083582,0.00089379853774379915
fig8_D_0p5,0.5,0.094618481947220029,0.49941371659523714,-0.016334803324609865,-0.018561449086288921,0.29877594768254739,-0.0015631523488395457,-0.11722084849445709,-0.50109593406103337,-1.8637481593090227e-05,0.90000252107363066,0.00090833621229800766,0.80000045837105482,-0.0012111207325299603,-0.80000045837105482,0.0012111207325299603,0.90000252107363066,0.00090833621229800766
fig8_D_0p5,0.5,0.096157460014321003,0.49939419441687261,-0.016605724557876841,-0.019170446063963838,0.30368650320209611,-0.0016143958372979335,-0.11912679246862849,-0.50113197432055101,-1.9561795792627512e-05,0.90000260375174701,0.00092311034151599072,0.8000004734030417,-0.0012308198582756532,-0.8000004734030417,0.0012308198582756532,0.90000260375174701,0.00092311034151599039
fig8_D_0p5,0.5,0.097721469697257243,0.49937401226039135,-0.016881312313292783,-0.019799433219711084,0.30867946720312084,-0.0016673185303066815,-0.12106370393517095,-0.50116920316123814,-2.0531950641909658e-05,0.90000268914128201,0.00093812477125914653,0.80000048892798714,-0.0012508393989443972,-0.80000048892798703,0.0012508393989443974,0.9000026891412819,0.00093812477125914675
fig8_D_0p5,0.5,0.099310918137497955,0.49935314715738094,-0.017161655416793504,-0.020449067311360519,0.31375630691125433,-0.0017219754094332795,-0.12303208495816224,-0.50120766000812766,-2.1550219500437312e-05,0.90000277733115697,0.0009533834099374512,0.8000005049620571,-0.0012711845664548525,-0.8000005049620571,0.0012711845664548525,0.90000277733115686,0.00095338340993745142
fig8_D_0p5,0.5,0.10092621909870474,0.4993315752970911,-0.017446844782725533,-0.021120026710502195,0.31891851979029673,-0.0017784232535144467,-0.1250324456875922,-0.50124738560916016,-2.2618988456225148e-05,0.90000286841320887,0.00096889022952657855,0.80000052152194734,-0.0012918606575149268,-0.80000052152194723,0.0012918606575149268,0.90000286841320887,0.00096889022952657833
fig8_D_0p5,0.5,0.10256779307444219,0.4993092719927899,-0.01773697347995834,-0.021813012115986075,0.32416763435714491,-0.0018367206972075764,-0.12706530448693545,-0.50128842208059121,-2.3740761913661895e-05,0.90000296248228717,0.00098464926660156134,0.80000053862490095,-0.0013128730550017226,-0.80000053862490095,0.0013128730550017226,0.90000296248228717,0.00098464926660156134
fig8_D_0p5,0.5,0.10423606739764012,0.49928621164660558,-0.018032136800684221,-0.022528747291096173,0.32950521102659064,-0.0018969282914364574,-0.12913118806260568,-0.50133081295402715,-2.4918168457999795e-05,0.90000305963635152,0.0010006646233872451,0.80000055628872679,-0.0013342272293639622,-0.80000055628872679,0.0013342272293639622,0.90000305963635141,0.0010006646233872451
fig8_D_0p5,0.5,0.105931476351837,0.49926236771277926,-0.018332432332031696,-0.023267979825190455,0.33493284298735765,-0.0019591085657915119,-0.13123063159531498,-0.50137460322514948,-2.6153967010288798e-05,0.90000315997657387,0.0010169404688258237,0.8000005745318175,-0.0013559287400472821,-0.80000057453181739,0.0013559287400472823,0.90000315997657387,0.0010169404688258237
fig8_D_0p5,0.5,0.10765446128423159,0.49923771265924305,-0.0186379600306232,-0.024031481920623075,0.34045215711079491,-0.002023326092946847,-0.13336417887335536,-0.50141983940419455,-2.7451053286994126e-05,0.90000326360744509,0.0010334810396617137,0.80000059337316887,-0.0013779832369427362,-0.80000059337316887,0.0013779832369427362,0.90000326360744509,0.0010334810396617137
fig8_D_0p5,0.5,0.10940547072057424,0.49921221792743931,-0.018948822300215582,-0.024820051205795071,0.34606481489374397,-0.0020896475551582701,-0.13553238242782717,-0.50146656956825553,-2.8812466579347662e-05,0.90000337063688196,0.0010502906415440702,0.80000061283239965,-0.0014003964618589228,-0.80000061283239965,0.0014003964618589226,0.90000337063688196,0.0010502906415440698
fig8_D_0p5,0.5,0.11118496048192711,0.49918585389028702,-0.01926512407256787,-0.025634511575205556,0.35177251343715116,-0.0021581418129084685,-0.13773580366983479,-0.50151484341548158,-3.0241396868239956e-05,0.90000348117634088,0.0010673736501472157,0.80000063292977186,-0.0014231742500181023,-0.80000063292977175,0.0014231742500181025,0.90000348117634077,0.0010673736501472157
fig8_D_0p5,0.5,0.11299339380332217,0.49915858980819827,-0.019586972891688398,-0.026475714057406143,0.35757698646209457,-0.0022288799757673658,-0.13997501302966733,-0.50156471232124311,-3.1741192291163955e-05,0.90000359534093333,0.0010847345123092779,0.80000065368621176,-0.0014463225315766953,-0.80000065368621165,0.0014463225315766953,0.90000359534093333,0.0010847345123092781
fig8_D_0p5,0.5,0.11483124145435111,0.49913039378304097,-0.019914479001621101,-0.02734453771179126,0.36348000536497649,-0.0023019354755381242,-0.14225059009798963,-0.50161622939634698,-3.3315366978599326e-05,0.9000037132495462,0.0011023777471893344,0.80000067512333206,-0.0014698473331705808,-0.80000067512333195,0.0014698473331705808,0.90000371324954631,0.0011023777471893346
fig8_D_0p5,0.5,0.11669898186171475,0.49910123270994028,-0.020247755437938046,-0.028241890555187117,0.36948338031371758,-0.002377384141760943,-0.14456312376905958,-0.50166944954737791,-3.4967609278045014e-05,0.90000383502496528,0.0011203079474433539,0.80000069726345413,-0.0014937547794855717,-0.80000069726345413,0.0014937547794855717,0.90000383502496528,0.0011203079474433532
fig8_D_0p5,0.5,0.11859710123376695,0.49907107222679842,-0.020586918123114726,-0.029168710519235641,0.37558896138690134,-0.0024553042796494444,-0.14691321238599425,-0.50172442953925334,-3.6701790384698757e-05,0.90000396079400302,0.0011385297804192525,0.80000072012963108,-0.0015180510948535084,-0.80000072012963108,0.0015180510948535088,0.90000396079400302,0.0011385297804192521
fig8_D_0p5,0.5,0.12052609368708427,0.49903987666141425,-0.020932085965972506,-0.030125966439601859,0.38179863975790379,-0.0025357767505363935,-0.14930146388810522,-0.5017812280600823,-3.8521973398954884e-05,0.90000409068763054,0.0011570479893713728,0.80000074374567209,-0.001542742604874373,-0.80000074374567198,0.0015427426048743725,0.90000409068763054,0.0011570479893713726
fig8_D_0p5,0.5,0.12248646137509307,0.49900760897606844,-0.021283380965382171,-0.03111465907806665,0.38811434892615643,-0.0026188850549079858,-0.15172849596031956,-0.5018399057884162,-4.0432422831589154e-05,0.90000422484111486,0.001175867394694684,0.80000076813616705,-0.0015678357380648471,-0.80000076813616683,0.0015678357380648471,0.90000422484111486,0.001175867394694684
fig8_D_0p5,0.5,0.12447871461879062,0.49897423070943908,-0.021640928318432767,-0.032135822178604154,0.39453806599781538,-0.0027047154181082632,-0.15419493618470934,-0.50190052546299402,-4.2437614578692828e-05,0.90000436339415879,0.0011949928951790517,0.80000079332651197,-0.001593337027533776,-0.80000079332651186,0.001593337027533776,0.90000436339415879,0.0011949928951790515
fig8_D_0p5,0.5,0.12650337203959039,0.49893970191569603,-0.022004856533279209,-0.033190523558576046,0.40107181301821032,-0.0027933568787976114,-0.15670142219414529,-0.50196315195507968,-4.4542246389417395e-05,0.9000045064910468,0.0012144294692838678,0.80000081934293599,-0.0016192531126849269,-0.80000081934293599,0.0016192531126849269,0.90000450649104691,0.0012144294692838676
fig8_D_0p5,0.5,0.12856096069432951,0.49890398110062356,-0.022375297546893949,-0.03427986623621597,0.40771765835859569,-0.0028849013802520924,-0.15924860182809553,-0.50202785234350034,-4.6751248850784854e-05,0.90000465428079535,0.001234182176433409,0.80000084621252787,-0.0016455907409475485,-0.80000084621252787,0.0016455907409475485,0.90000465428079535,0.0012341821764334088
fig8_D_0p5,0.5,0.13065201621247213,0.49886702515460063,-0.022752386847958446,-0.035404989595612738,0.41447771815984735,-0.0029794438645924792,-0.16183713329058619,-0.50209469599249501,-4.9069796914800318e-05,0.90000480691730766,0.0012542561583332305,0.8000008739632648,-0.0016723567695351525,-0.80000087396326469,0.0016723567695351525,0.90000480691730766,0.0012542561583332305
fig8_D_0p5,0.5,0.13277708293554291,0.49882878928226476,-0.023136263605142839,-0.036567070590440766,0.42135415783589431,-0.0030770823700349212,-0.16446768531033987,-0.50216375463249208,-5.1503321994616352e-05,0.90000496455953516,0.001274656640307942,0.80000090262404133,-0.0016995581672329769,-0.80000090262404133,0.0016995581672329769,0.90000496455953516,0.0012746566403079417
fig8_D_0p5,0.5,0.13493671405883065,0.49878922692867422,-0.023527070801034226,-0.03776732498773016,0.42834919363983731,-0.0031779181312577773,-0.16714093730311316,-0.50223510244393654,-5.4057524657466494e-05,0.9000051273716414,0.0012953889326607294,0.80000093222469937,-0.0017272020162146305,-0.80000093222469937,0.0017272020162146301,0.9000051273716414,0.0012953889326607288
fig8_D_0p5,0.5,0.13713147177539456,0.49874828970176621,-0.02392495537198755,-0.039007008653004958,0.43546509429584673,-0.0032820556829817743,-0.16985757953624356,-0.50230881614429457,-5.6738387943677804e-05,0.9000052955231741,0.0013164584320549445,0.80000096279605948,-0.0017552955138883622,-0.80000096279605937,0.0017552955138883622,0.9000052955231741,0.0013164584320549443
fig8_D_0p5,0.5,0.13936192742241421,0.4987059272909018,-0.024330068354186656,-0.040287418878166524,0.44270418270012313,-0.0033896029668638236,-0.1726183132954269,-0.5023849750783721,-5.9552191342314431e-05,0.90000546918924151,0.0013378706229181532,0.80000099436995231,-0.0017838459747734729,-0.80000099436995231,0.0017838459747734729,0.90000546918924151,0.0013378706229181534
fig8_D_0p5,0.5,0.14162866162991988,0.49866208738127377,-0.024742565036218377,-0.041609895753539503,0.45006883769437089,-0.0035006714418075076,-0.17542385105373853,-0.50246366131208586,-6.2505525455513328e-05,0.90000564855069476,0.0013596310788689843,0.80000102697925279,-0.0018128608324073522,-0.8000010269792529,0.0018128608324073522,0.90000564855069476,0.0013596310788689845
fig8_D_0p5,0.5,0.1439322644719408,0.49861671556393616,-0.025162605118476584,-0.042975823585544054,0.45756149591542639,-0.0036153761977961787,-0.17827491664290984,-0.50254495972983437,-6.5605307385103312e-05,0.90000583379431598,0.0013817454641671463,0.80000106065791377,-0.0018423476412836267,-0.80000106065791365,0.0018423476412836267,0.90000583379431598,0.0013817454641671463
fig8_D_0p5,0.5,0.14627333562011299,0.49856975524120223,-0.025590352879730931,-0.044386632361504641,0.46518465372489448,-0.0037338360733582369,-0.18117224542687863,-0.50262895813562702,-6.8858796876708483e-05,0.90000602511301309,0.0014042195351870073,0.80000109544100062,-0.0018723140788219658,-0.80000109544100062,0.0018723140788219658,0.90000602511301309,0.0014042195351870071
fig8_D_0p5,0.5,0.14865248449978571,0.49852114752714105,-0.026025977351211257,-0.045843799263153864,0.472940869222858,-0.0038561737767766127,-0.18411658447762302,-0.50271574735812985,-7.227361325816764e-05,0.9000062227060206,0.0014270591419151065,0.80000113136472917,-0.0019027679473700445,-0.80000113136472917,0.0019027679473700445,0.9000062227060206,0.0014270591419151062
fig8_D_0p5,0.5,0.15107033044866541,0.49847083114288371,-0.026469652498575934,-0.047348850230434503,0.48083276434993333,-0.0039825160111580313,-0.18710869275328959,-0.50280542135980344,-7.5857753210849949e-05,0.90000642677910725,0.0014502702294719697,0.80000116846650249,-0.0019337171762381779,-0.80000116846650227,0.0019337171762381779,0.90000642677910725,0.0014502702294719705
fig8_D_0p5,0.5,0.15352750287804226,0.49841874230643085,-0.026921557412153092,-0.048903361577258969,0.48886302708222967,-0.0041129936034812117,-0.1901493412786314,-0.50289807735030723,-7.9619609414230408e-05,0.90000663754479038,0.0014738588396586677,0.80000120678494979,-0.0019651698237672104,-0.80000120678494968,0.0019651698237672099,0.90000663754479038,0.0014738588396586679
fig8_D_0p5,0.5,0.15602464143663697,0.49836481461663845,-0.02738187650586155,-0.050508961660928935,0.49703441372397505,-0.0042477416377459387,-0.19323931332776059,-0.50299381590436532,-8.3567990106080126e-05,0.90000685522255641,0.0014978311125284556,0.80000124635996706,-0.0019971340794301506,-0.80000124635996717,0.0019971340794301502,0.90000685522255641,0.0014978311125284558
fig8_D_0p5,0.5,0.15856239617711371,0.4983089789310296,-0.027850799725240613,-0.052167332606974856,0.50534975130288773,-0.0043868995923488953,-0.1963794046092272,-0.50309274108428781,-8.7712139602427047e-05,0.90000708003909069,0.0015221932879839551,0.80000128723275843,-0.0020296182659681524,-0.80000128723275843,0.002029618265968152,0.90000708003909069,0.0015221932879839553
fig8_D_0p5,0.5,0.16114142772530199,0.49825116323706292,-0.028328522765039811,-0.053880212091225066,0.51381194007363273,-0.0045306114818156017,-0.19957042345343365,-0.5031949605673578,-9.2061759823652833e-05,0.90000731222851282,0.0015469517074002711,0.80000132944587865,-0.0020626308415614002,-0.80000132944587854,0.0020626308415613998,0.90000731222851282,0.0015469517074002714
fig8_D_0p5,0.5,0.16376240745216875,0.49819129251646166,-0.028815247296841637,-0.055649395180966114,0.52242395613502202,-0.0046790260030210341,-0.20281319100238585,-0.50330058577830439,-9.6627032875069158e-05,0.90000755203262073,0.0015721128152744387,0.8000013730432779,-0.0020961804020354327,-0.8000013730432779,0.0020961804020354323,0.90000755203262084,0.0015721128152744392
fig8_D_0p5,0.5,0.16642601764859036,0.49812928860218147,-0.029311181207216756,-0.057476736237114259,0.53118885416694317,-0.0048322966860358738,-0.20610854140179374,-0.50340973202709416,-0.00010141864473274878,0.90000779970114242,0.0015976831609016786,0.80000141807034741,-0.0021302756831035616,-0.80000141807034741,0.0021302756831035612,0.90000779970114242,0.0015976831609016782
fig8_D_0p5,0.5,0.16913295170296488,0.49806507002756489,-0.029816538846935053,-0.059364150879367174,0.54010977029334484,-0.0049905820497383215,-0.20945732199551803,-0.50352251865228326,-0.00010644781008735393,0.90000805549199581,0.0016236694000788402,0.80000146457396659,-0.0021649255626459128,-0.80000146457396637,0.0021649255626459132,0.90000805549199581,0.0016236694000788408
fig8_D_0p5,0.5,0.17188391428171457,0.49799855186720415,-0.030331541291784038,-0.061313618016364271,0.54918992507797537,-0.0051540457623358918,-0.21286039352237171,-0.50363906917018675,-0.00011172629840144541,0.90000831967155814,0.0016500782968355131,0.80000151260255159,-0.002200139063025732,-0.80000151260255148,0.0022001390630257316,0.90000831967155814,0.0016500782968355131
fig8_D_0p5,0.5,0.17467962151272456,0.49792964556899738,-0.030856416615574995,-0.063327181942937669,0.55843262665997495,-0.0053228568069453273,-0.21631863031527421,-0.5037595114301392,-0.00011726646123808721,0.90000859251494247,0.0016769167251932335,0.80000156220610608,-0.0022359253534435732,-0.80000156220610608,0.0022359253534435727,0.90000859251494247,0.0016769167251932332
fig8_D_0p5,0.5,0.17752080117176341,0.49785825877685108,-0.03139140017594523,-0.065406954506589871,0.5678412740368125,-0.0054971896523823317,-0.21983292050275732,-0.50388397777612925,-0.00012308126092094862,0.90000887430628485,0.001704191670953234,0.80000161343627318,-0.0022722937523299547,-0.80000161343627307,0.0022722937523299547,0.90000887430628473,0.0017041916709532342
fig8_D_0p5,0.5,0.18040819287193827,0.49778429514344297,-0.031936734913600114,-0.067555117345393309,0.5774193605025435,-0.005677224429317753,-0.2234041662128248,-0.50401260521511015,-0.00012918430058910663,0.90000916533903985,0.0017319102335132328,0.80000166634638903,-0.0023092537297771877,-0.80000166634638881,0.0023092537297771873,0.90000916533903985,0.0017319102335132332
fig8_D_0p5,0.5,0.18334254825622909,0.49770765413242091,-0.032492671665667328,-0.069773924199557219,0.58717047724978977,-0.0058631471119600306,-0.22703328377915641,-0.50414553559230735,-0.00013558985571229115,0.90000946591628672,0.0017600796277136763,0.80000172099153821,-0.0023468149100109429,-0.8000017209915381,0.0023468149100109425,0.90000946591628672,0.0017600796277136761
fig8_D_0p5,0.5,0.18632463119315598,0.49762823080936758,-0.033059469493875483,-0.072065703298965819,0.59709831714439421,-0.0060551497054287112,-0.23072120394965581,-0.50428291577385398,-0.00014231290713511563,0.90000977635104462,0.0017887071857139627,0.80000177742861156,-0.0023849870739022861,-0.80000177742861134,0.0023849870739022856,0.90000977635104462,0.0017887071857139634
fig8_D_0p5,0.5,0.18935521797562951,0.49754591562081907,-0.0336373960283027,-0.074432859829043255,0.60720667868220346,-0.0062534304389876838,-0.23446887209733291,-0.50442489783711619,-0.00014936917572181546,0.90001009696659851,0.0018178003588991121,0.80000183571636474,-0.0024237801615208153,-0.80000183571636452,0.0024237801615208153,0.90001009696659851,0.0018178003588991121
fig8_D_0p5,0.5,0.19243509752303303,0.4974605941605692,-0.034226727827481374,-0.076877878477351183,0.61749947013802209,-0.0064581939653109398,-0.23827724843350986,-0.50457163926907633,-0.00015677515867612568,0.9000104280968364,0.001847366719817347,0.80000189591547965,-0.0024632042747295716,-0.80000189591547954,0.0024632042747295712,0.9000104280968364,0.001847366719817347
fig8_D_0p5,0.5,0.19556507158659492,0.49737214692244497,-0.034827750755686407,-0.079403326063380034,0.62798071391739341,-0.006669651565958952,-0.24214730822334266,-0.50472330317317871,-0.00016454816761383995,0.90001077008659647,0.0018774139641491436,0.80000195808862773,-0.0025032696798224559,-0.80000195808862762,0.0025032696798224559,0.90001077008659647,0.0018774139641491432
fig8_D_0p5,0.5,0.19874595495809838,0.49728044903867707,-0.035440760378276183,-0.082011854254035996,0.63865455112250002,-0.0068880213632468677,-0.24608004200364236,-0.50488005848505113,-0.0001727063684687849,0.90001112329202726,0.0019079499127081906,0.80000202230053474,-0.0025439868102048071,-0.80000202230053474,0.0025439868102048067,0.90001112329202726,0.0019079499127081906
fig8_D_0p5,0.5,0.20197857568198785,0.49718537000292706,-0.036066062376003072,-0.084706202367377859,0.64952524634418973,-0.0071135285386915992,-0.25007645580298049,-0.50504208019755192,-0.00018126882331621907,0.90001148808095721,0.0019389825134748277,0.80000208861804833,-0.0025853662691178981,-0.80000208861804833,0.0025853662691178972,0.90001148808095721,0.0019389825134748277
fig8_D_0p5,0.5,0.20526377527092521,0.49708677337697049,-0.036703972979255789,-0.087489200267195297,0.66059719269286321,-0.0073464055582285054,-0.25413757136406384,-0.50520954959561082,-0.00019025553420110031,0.90001186483327889,0.0019705198436624658,0.80000215711020772,-0.0026274188324080703,-0.80000215711020761,0.0026274188324080694,0.90001186483327889,0.0019705198436624658
fig8_D_0p5,0.5,0.20860240892485027,0.49698451647995734,-0.03735481942324833,-0.090363771351055236,0.67187491708174685,-0.0075868924043932251,-0.25826442636835201,-0.50538265450136399,-0.00019968748906150358,0.90001225394134454,0.0020025701118175001,0.8000022278483151,-0.0026701554513412183,-0.80000222784831498,0.0026701554513412183,0.90001225394134454,0.0020025701118175001
fig8_D_0p5,0.5,0.2119953457536071,0.49687845005910208,-0.038018940425222449,-0.093332935634483749,0.6833630857769446,-0.007835236815669288,-0.26245807466290233,-0.50556158953011143,-0.00020958670984151662,0.90001265581037404,0.0020351416599533015,0.8000023009060101,-0.0027135872554634277,-0.80000230090600999,0.0027135872554634281,0.90001265581037404,0.0020351416599533015
fig8_D_0p5,0.5,0.21544346900318845,0.49676841794056498,-0.038696686684786027,-0.096399812933965684,0.69506651022953636,-0.0080916945332061146,-0.26671958648941102,-0.50574655635765864,-0.00021997630289082026,0.90001307085887805,0.0020682429657187928,0.80000237635934646,-0.0027577255555084946,-0.80000237635934657,0.0027577255555084946,0.90001307085887805,0.0020682429657187919
fig8_D_0p5,0.5,0.21894767628566209,0.49665425665920188,-0.039388421408570441,-0.099567626151471661,0.7069901532059808,-0.0083565295551172696,-0.27105004871542654,-0.50593776399963841,-0.00023088051175181729,0.9000134995190926,0.0021018826446021822,0.80000245428687089,-0.0028025818463531141,-0.80000245428687089,0.0028025818463531145,0.90001349951909271,0.0021018826446021822
fig8_D_0p5,0.5,0.22250887981283693,0.49653579506576251,-0.040094520860449977,-0.10283970466322999,0.71913913523411721,-0.008630014398573492,-0.27545056506770321,-0.50613542910344256,-0.00024232477243846945,0.90001394223743092,0.0021360694521704534,0.80000253476970473,-0.0028481678100205784,-0.80000253476970473,0.0028481678100205784,0.90001394223743092,0.002136069452170453
fig8_D_0p5,0.5,0.22612800663372773,0.49641285391001055,-0.040815374938632083,-0.10621948781545765,0.73151874138313644,-0.0089124303699093348,-0.27992225636766027,-0.5063397762534394,-0.00025433577131449281,0.90001439947494688,0.0021708122863451041,0.8000026178916283,-0.0028944953187336996,-0.8000026178916283,0.0028944953187336996,0.90001439947494677,0.0021708122863451037
fig8_D_0p5,0.5,0.2298059988758851,0.49628524539813151,-0.041551387780997581,-0.10971052852976142,0.7441344283971294,-0.0092040678429678308,-0.28446626076891396,-0.50655103829018655,-0.00026694150568163516,0.90001487170781647,0.0022061201897148244,0.80000270373916849,-0.0029415764380178867,-0.80000270373916849,0.0029415764380178872,0.90001487170781647,0.0022061201897148239
fig8_D_0p5,0.5,0.23354381399064794,0.49615277272266944,-0.042302978400139316,-0.11331649702088818,0.75699183220304245,-0.0095052265459114847,-0.28908373399684073,-0.50676945664440098,-0.00028017134719212494,0.90001535942783295,0.0022420023518856134,0.80000279240168815,-0.0029894234298551261,-0.80000279240168815,0.0029894234298551265,0.90001535942783295,0.0022420023518856134
fig8_D_0p5,0.5,0.23734242500238661,0.49601522956310384,-0.043070581349625936,-0.11704118462946947,0.77009677581525793,-0.0098162158567331979,-0.29377584959013037,-0.50699528168649199,-0.00029405610820250339,0.90001586314291959,0.002278468111868995,0.80000288397147934,-0.0030380487558897646,-0.80000288397147934,0.0030380487558897646,0.90001586314291959,0.002278468111868995
fig8_D_0p5,0.5,0.24120282076180069,0.4958723995550397,-0.043854647423097456,-0.12088850777234758,0.78345527766048173,-0.010137355107705449,-0.29854379914428764,-0.50722877309251824,-0.00030862811118850114,0.90001638337765888,0.0023155269605089372,0.80000297854385904,-0.003087465080686972,-0.80000297854385916,0.003087465080686972,0.90001638337765888,0.0023155269605089363
fig8_D_0p5,0.5,0.24512600620333397,0.49572405572582584,-0.0446556443878805,-0.12486251201298768,0.79707356034814536,-0.010468973899010088,-0.30338879255702794,-0.50747020022748357,-0.00032392126134403454,0.90001692067383809,0.0023531885429480563,0.80000307621726841,-0.0031376852750447043,-0.80000307621726841,0.0031376852750447043,0.90001692067383821,0.0023531885429480559
fig8_D_0p5,0.5,0.24911300260677885,0.49556995989425945,-0.045474057754903492,-0.12896737625439061,0.81095805991327274,-0.010811412421796777,-0.30831205827552399,-0.50771984254694547,-0.00033997112248865952,0.90001747559101486,0.0023914626611338009,0.80000317709337532,-0.0031887224193601323,-0.80000317709337521,0.0031887224193601323,0.90001747559101486,0.0023914626611338005
fig8_D_0p5,0.5,0.25316484786313553,0.49540986203184784,-0.046310391586781359,-0.13320741705678632,0.8251154355605016,-0.011165021790921759,-0.31331484354544759,-0.50797799001798105,-0.0003568149964109299,0.90001804870709945,0.002430359276365212,0.80000328127717935,-0.0032405898070514295,-0.80000328127717935,0.0032405898070514286,0.90001804870709945,0.0024303592763652115
fig8_D_0p5,0.5,0.2572825967447932,0.49524349958291419,-0.047165169346038302,-0.13758709308222694,0.83955257993992205,-0.011530164387623422,-0.31839841466174545,-0.50824494356061334,-0.00037449200577567565,0.90001864061895631,0.0024698885118809104,0.80000338887712197,-0.0032933009480358012,-0.80000338887712186,0.0032933009480358012,0.90001864061895631,0.0024698885118809104
fig8_D_0p5,0.5,0.26146732118010918,0.49507059674061782,-0.048038934785539715,-0.14211100966802429,0.85427662998746889,-0.011907214212395927,-0.3235640572210991,-0.50852101551088857,-0.00039304318072470867,0.90001925194302712,0.0025100606554890152,0.80000350000519826,-0.0033468695722647965,-0.80000350000519826,0.0033468695722647965,0.90001925194302701,0.0025100606554890139
fig8_D_0p5,0.5,0.26572011053245065,0.49489086367574026,-0.048932252883309962,-0.14678392353072145,0.86929497836482428,-0.012296557248325447,-0.32881307637599833,-0.50880653010686516,-0.00041251154930067174,0.90001988331597138,0.0025508861622396037,0.80000361477707393,-0.0034013096333177606,-0.80000361477707405,0.0034013096333177593,0.90001988331597138,0.0025508861622396029
fig8_D_0p5,0.5,0.27004207188377727,0.49470399571483781,-0.049845710824027056,-0.15161074760203441,0.88461528553621016,-0.012698591835158986,-0.33414679709037032,-0.50910182399886639,-0.00043294223182308023,0.900020535395331,0.0025923756571404528,0.80000373331220564,-0.0034566353120544882,-0.80000373331220564,0.0034566353120544869,0.90002053539533111,0.0025923756571404528
fig8_D_0p5,0.5,0.27443433032283654,0.49450967246410044,-0.050779919029601779,-0.15659655599785827,0.90024549252202801,-0.013113729054378711,-0.33956656439669419,-0.50940724678544258,-0.00045438253934434319,0.90002120886021464,0.0026345399379167256,0.80000385573396404,-0.003512861020328053,-0.80000385573396415,0.0035128610203280525,0.90002120886021464,0.0026345399379167243
fig8_D_0p5,0.5,0.27889802923804397,0.49430755687496625,-0.051735512241371996,-0.16174658912105092,0.91619383437206769,-0.013542393125558567,-0.34507374365453186,-0.50972316157658748,-0.00047688207631112894,0.90002190441200514,0.0026773899778152897,0.80000398216976376,-0.0035700014047587931,-0.80000398216976365,0.0035700014047587931,0.90002190441200502,0.0026773899778152897
fig8_D_0p5,0.5,0.2834343306151309,0.4940972942472292,-0.052713150656572984,-0.16706625889826637,0.93246885440404936,-0.013985021814284768,-0.35066972081040776,-0.5100499455858627,-0.00050049284755242229,0.90002262277509038,0.0027209369284544472,0.8000041127511941,-0.0036280713505705592,-0.80000411275119387,0.0036280713505705592,0.90002262277509049,0.0027209369284544476
fig8_D_0p5,0.5,0.28804441533962977,0.49387851116504039,-0.053713521121877959,-0.17256115415056555,0.94907941925643757,-0.014442066851923053,-0.3563559026589585,-0.51038799075320185,-0.00052526936971034749,0.90002336469761823,0.002765192122719706,0.80000424761415667,-0.0036870859854901922,-0.80000424761415656,0.003687085985490193,0.90002336469761834,0.0027651921227197069
fig8_D_0p5,0.5,0.29272948350428163,0.49365081436083297,-0.054737338386943987,-0.17823704609694155,0.96603473480798552,-0.014913994367520823,-0.36213371710528464,-0.51073770440029298,-0.00055126878722303735,0.9000241309522754,0.0028101670777064213,0.80000438689900666,-0.0037470606837113839,-0.80000438689900655,0.0037470606837113848,0.9000241309522754,0.0028101670777064213
fig8_D_0p5,0.5,0.29749075472144404,0.49341378950180287,-0.055785346421046329,-0.18409989398917995,0.98334436302020956,-0.015401285332134061,-0.36800461342842794,-0.51109950992057329,-0.00057855099295919116,0.90002492233709264,0.0028558734977100078,0.80000453075069822,-0.003808011069923979,-0.80000453075069811,0.0038080110699239781,0.90002492233709264,0.0028558734977100087
fig8_D_0p5,0.5,0.30232946844057762,0.49316699989313884,-0.056858319796033167,-0.19015585087565476,1.001018239763017,-0.015904436015870823,-0.3739700625458931,-0.51147384750601943,-0.00060717875359288936,0.90002573967627653,0.0029023232772644727,0.80000467931893493,-0.0038699530234097878,-0.80000467931893493,0.0038699530234097882,0.90002573967627653,0.0029023232772644727
fig8_D_0p5,0.5,0.30724688427090036,0.49290998509173117,-0.057957065138995754,-0.196411269490739,1.0190666936881341,-0.016423958457947471,-0.38003155727915028,-0.5118611749130777,-0.00063721783979290431,0.90002658382106793,0.002949528504230092,0.80000483275832601,-0.003932902682206153,-0.80000483275832601,0.0039329026822061521,0.90002658382106793,0.0029495285042300929
fig8_D_0p5,0.5,0.3122442823092858,0.49264225942356216,-0.059082422658208435,-0.20287270826540516,1.0375004662196268,-0.016960380950052652,-0.38619061262002896,-0.51226196827025006,-0.00066873716128260791,0.90002745565062858,0.0029975014629309393,0.80000499122854596,-0.0039968764473382731,-0.80000499122854596,0.0039968764473382722,0.90002745565062858,0.0029975014629309402
fig8_D_0p5,0.5,0.31732296347349764,0.49236331039743164,-0.060235267746067585,-0.2095469374533773,1.0563307327359821,-0.017514248533318833,-0.39244876599794587,-0.51267672293003952,-0.00070180890680667657,0.90002835607295761,0.0030462546373431448,0.80000515489450152,-0.0040618909871216217,-0.80000515489450152,0.0040618909871216208,0.90002835607295761,0.0030462546373431452
fig8_D_0p5,0.5,0.32248424984084423,0.49207259700705103,-0.061416512662929371,-0.21644094536576017,1.0755691250236559,-0.018086123509199067,-0.39880757754788748,-0.51310595436816397,-0.00073650868901369709,0.90002928602583721,0.0030958007143346263,0.80000532392650181,-0.0041279632415355243,-0.8000053239265017,0.0041279632415355252,0.90002928602583721,0.0030958007143346263
fig8_D_0p5,0.5,0.32772948499233823,0.49176954791288768,-0.06262710830592931,-0.22356194470545335,1.095227755087991,-0.018676585964549033,-0.4052686303790779,-0.51355019913316813,-0.00077291569423455775,0.90003024647781016,0.0031461525869571384,0.80000549850043556,-0.0041951104266691854,-0.80000549850043556,0.0041951104266691854,0.90003024647781016,0.003146152586957138
fig8_D_0p5,0.5,0.33306003436245885,0.49145355949439745,-0.063868046067052001,-0.23091737899081216,1.1153192404138568,-0.019286234311214921,-0.41183353084428403,-0.51401001584979888,-0.00081111283710003784,0.90003123842918842,0.0031973233577914811,0.80000567879795415,-0.0042633500392413896,-0.80000567879795415,0.0042633500392413905,0.90003123842918842,0.0031973233577914811
fig8_D_0p5,0.5,0.33847728559459833,0.49112399376250987,-0.065140359784904192,-0.23851492905588603,1.1358567307752867,-0.019915685840424614,-0.41850390880968458,-0.51448598627977349,-0.00085118691989773121,0.9000322629130959,0.0032493263423466873,0.80000586500665949,-0.0043326998611951323,-0.80000586500665927,0.0043326998611951323,0.9000322629130959,0.0032493263423466882
fig8_D_0p5,0.5,0.34398264890229246,0.49078017612135261,-0.066445127794843156,-0.24636251961216696,1.156853936701022,-0.020565577292282151,-0.42528141792527063,-0.51497871644385096,-0.00089322879651923537,0.90003332099654498,0.0033021750725140712,0.80000605732029928,-0.0044031779643684873,-0.80000605732029917,0.0044031779643684864,0.90003332099654498,0.0033021750725140716
fig8_D_0p5,0.5,0.34957755743632751,0.49042139296726606,-0.067783475082298261,-0.25446832585401952,1.1783251597109683,-0.021236565440660993,-0.43216773589573326,-0.51548883780942301,-0.00093733354078850972,0.90003441378154792,0.0033558833000769984,0.80000625593896768,-0.004474802715243034,-0.80000625593896757,0.0044748027152430331,0.90003441378154792,0.0033558833000769993
fig8_D_0p5,0.5,0.35526346765781391,0.49004688911212513,-0.069156575544324764,-0.26284078008683093,1.2002853244474907,-0.021929327693790295,-0.43916456475180765,-0.51601700854817301,-0.00098360061889397887,0.9000355424062656,0.0034104650002772493,0.80000646106931372,-0.0045475927797711127,-0.80000646106931361,0.004547592779771111,0.9000355424062656,0.0034104650002772493
fig8_D_0p5,0.5,0.36104185971733371,0.48965586501684988,-0.070565654364619562,-0.27148857835336099,1.2227500128350701,-0.022644562710826439,-0.4462736311220723,-0.51656391486871767,-0.0010321340655664313,0.90003670804619329,0.0034659343754388995,0.80000667292475469,-0.0046215671282834056,-0.80000667292475458,0.0046215671282834048,0.9000367080461934,0.0034659343754389
fig8_D_0p5,0.5,0.3669142378402494,0.48924747381976758,-0.072011990507418744,-0.28042068702970058,1.245735500412257,-0.023382991034696831,-0.45349668650519814,-0.51713027242953702,-0.0010830426635506235,0.90003791191538629,0.0035223058586505936,0.80000689172569828,-0.0046967450404780718,-0.80000689172569817,0.0046967450404780718,0.90003791191538629,0.0035223058586505932
fig8_D_0p5,0.5,0.37288213071828336,0.48882081814311629,-0.07349691933588387,-0.28964634935763728,1.2692587949911973,-0.02414535574150008,-0.46083550754267616,-0.51771682783792916,-0.0011364401258104756,0.90003915526772371,0.0035795941175071613,0.80000711769977106,-0.0047731461104930017,-0.80000711769977095,0.0047731461104930008,0.90003915526772371,0.0035795941175071622
fig8_D_0p5,0.5,0.37894709190746678,0.48837494665951869,-0.075021835360761083,-0.29917509187497349,1.2933376778122674,-0.024932423106741673,-0.46829189629207374,-0.51832436024119566,-0.001192445279780241,0.90004043939821665,0.0036378140579115307,0.80000735108205456,-0.0048507902520625538,-0.80000735108205445,0.0048507902520625538,0.90004043939821665,0.0036378140579115298
fig8_D_0p5,0.5,0.38511070023255689,0.48790885039861454,-0.076588195125258524,-0.30901673069935526,1.3179907473746875,-0.025744983288677359,-0.47586768050088657,-0.51895368301677136,-0.0012511822528288585,0.90004176564435723,0.0036969808279378046,0.80000759211532935,-0.0049296977037602396,-0.80000759211532924,0.0049296977037602396,0.90004176564435723,0.0036969808279378046
fig8_D_0p5,0.5,0.3913745601980384,0.48742145877227233,-0.07819752023224151,-0.3191813776144003,1.3432374661385065,-0.026583851029032921,-0.48356471388110417,-0.51960564556857036,-0.0013127806579342899,0.90004313538751202,0.0037571098217566022,0.80000784105032607,-0.005009889034328939,-0.80000784105032607,0.0050098890343289373,0.90004313538751202,0.0037571098217566022
fig8_D_0p5,0.5,0.39774030240580366,0.48691163529483888,-0.079851400519967183,-0.32967944589915982,1.3690982103090459,-0.027449866371358805,-0.49138487638461742,-0.52028113523742514,-0.0013773757783695079,0.90004455005436268,0.0038182166836234987,0.80000809814598661,-0.0050913851481000673,-0.80000809814598661,0.0050913851481000664,0.90004455005436257,0.0038182166836234987
fig8_D_0p5,0.5,0.40420958397963058,0.486378172972739,-0.081551497392683622,-0.34052165583318983,1.3955943229320595,-0.028343895397274443,-0.49933007447966593,-0.52098107933415971,-0.0014451087499746385,0.900046011118392,0.0038803173119316657,0.80000836366973138,-0.0051742072905033515,-0.80000836366973116,0.0051742072905033515,0.900046011118392,0.0038803173119316666
fig8_D_0p5,0.5,0.41078408899656471,0.4858197893353865,-0.083299547312480862,-0.35171903979950386,1.4227481705464671,-0.029266830980846686,-0.50740224142855428,-0.52170644730456328,-0.0015161267393293404,0.90004752010142031,0.003943427863329697,0.80000863789773713,-0.0052583770536687863,-0.80000863789773691,0.0052583770536687854,0.90004752010142031,0.003943427863329697
fig8_D_0p5,0.5,0.41746552892531347,0.48523512107676647,-0.085097365458801894,-0.36328294689630286,1.4505832036617232,-0.030219593561338971,-0.5156033375669189,-0.52245825303631177,-0.0015905831158373462,0.90004907857519145,0.0040075647569055633,0.80000892111522315,-0.0053439163821223127,-0.80000892111522304,0.0053439163821223127,0.90004907857519145,0.0040075647569055625
fig8_D_0p5,0.5,0.42425564307177771,0.48462271827420261,-0.086946849561990919,-0.37522504695548869,1.4791240213490264,-0.031203131934562148,-0.52393535058491281,-0.5232375573187632,-0.0016686376153873528,0.90005068816301093,0.0040727446784378785,0.80000921361674693,-0.0054308475785770473,-0.80000921361674682,0.0054308475785770473,0.90005068816301093,0.0040727446784378802
fig8_D_0p5,0.5,0.43115619903182284,0.48398103814768356,-0.088849983917151265,-0.38755733385120561,1.5083964402594279,-0.032218424063045564,-0.53240029581071691,-0.5240454704674834,-0.0017504564928540328,0.90005235054143817,0.0041389845847153821,0.8000095157065088,-0.0055191933098215481,-0.80000951570650891,0.0055191933098215473,0.90005235054143817,0.0041389845847153812
fig8_D_0p5,0.5,0.438168993151419,0.48330843831966336,-0.090808843584409604,-0.40029212796495389,1.5384275684081019,-0.033266477905243438,-0.54100021649689956,-0.52488315512639894,-0.0018362126602399637,0.90005406744203409,0.0042063017079258021,0.80000982769866813,-0.0056089766127070178,-0.80000982769866813,0.0056089766127070187,0.90005406744203398,0.0042063017079258021
fig8_D_0p5,0.5,0.44529585099426555,0.48260316953144256,-0.092825598781399482,-0.41344207765473623,1.5692458840924428,-0.034348332263981485,-0.54973718411022454,-0.52575182926160469,-0.001926085806727762,0.90005584065316602,0.0042747135601151759,0.80001014991766717,-0.0057002209002351457,-0.80001014991766695,0.0057002209002351457,0.90005584065316602,0.0042747135601151768
fig8_D_0p5,0.5,0.45253862781701715,0.48186336776803984,-0.094902519473376565,-0.42702015955397005,1.6008813203425298,-0.03546505765434349,-0.55861329862560505,-0.52665276936208405,-0.0020202624962966514,0.9000576720218727,0.0043442379377186483,0.80001048269856856,-0.0057929499677482942,-0.80001048269856856,0.0057929499677482933,0.9000576720218727,0.0043442379377186474
fig8_D_0p5,0.5,0.45989920905224385,0.48108704573882349,-0.09704198016584166,-0.44103967750119433,1.633365355336333,-0.036617757191194138,-0.56763068882505729,-0.5275873138639634,-0.0021189362378513932,0.90005956345578852,0.0044148929261639417,0.80001082638740173,-0.0058871879992240328,-0.80001082638740162,0.0058871879992240337,0.90005956345578852,0.0044148929261639417
fig8_D_0p5,0.5,0.46737951079924633,0.48027208365606577,-0.099246464903822926,-0.45551425987336502,1.6667311092486052,-0.037807567496531108,-0.57679151260260875,-0.52855686681639802,-0.0022223075219972577,0.90006151692513359,0.0044866969045486427,0.80001118134152027,-0.0059829595736757869,-0.80001118134152016,0.0059829595736757869,0.90006151692513359,0.0044866969045486409
fig8_D_0p5,0.5,0.47498148032284998,0.47941621924793026,-0.10151857248105466,-0.47045785506337928,1.7010134480424333,-0.03903565962686046,-0.58609795727629166,-0.52956290180881349,-0.0023305838176534976,0.90006353446476739,0.0045596685503923205,0.80001154792997331,-0.0060802896716614929,-0.8000115479299732,0.0060802896716614947,0.90006353446476739,0.0045596685503923188
fig8_D_0p5,0.5,0.48270709656031829,0.47851703693616426,-0.10386102186111802,-0.48588472480579908,1.7362490947559261,-0.040303240020795938,-0.59555223990853479,-0.53060696618101033,-0.0024439795206175202,0.90006561817631003,0.0046338268444648173,0.8000119265338862,-0.0061792036819023179,-0.8000119265338862,0.0061792036819023179,0.90006561817631003,0.0046338268444648164
fig8_D_0p5,0.5,0.49055837063650504,0.47757195610186998,-0.10627665781114416,-0.50180943501281472,1.7724767488838027,-0.041611551467091001,-0.60515660763644985,-0.53169068553957954,-0.0025627158449434001,0.90006777023033391,0.0047091910756917356,0.80001231754685509,-0.0062797274080133129,-0.8000123175468552,0.0062797274080133112,0.90006777023033391,0.0047091910756917347
fig8_D_0p5,0.5,0.49853734638738939,0.47657821835510045,-0.10876845674687119,-0.51824684373469965,1.8097372145052617,-0.042961874093331687,-0.61491333801375903,-0.53281576860622515,-0.0026870206465589158,0.9000699928686271,0.0047857808461383954,0.80001272137535495,-0.0063818870753481411,-0.80001272137535484,0.0063818870753481419,0.9000699928686271,0.0047857808461383962
fig8_D_0p5,0.5,0.5066461008921268,0.47553287371558345,-0.11133953278561319,-0.53521208580431068,1.848073537865476,-0.044355526375544144,-0.62482473936634575,-0.53398401242592197,-0.0028171281668864789,0.90007228840653097,0.0048636160760734889,0.80001313843915811,-0.0064857093379599318,-0.80001313843915811,0.006485709337959931,0.90007228840653097,0.0048636160760734889
fig8_D_0p5,0.5,0.5148867450137492,0.47443276560253889,-0.11399314400097131,-0.55272055366267103,1.8875311551789651,-0.045793866169004264,-0.63489315116371692,-0.53519730796539855,-0.0029532786823181223,0.9000746592353539,0.0049427170091135425,0.80001356917177002,-0.0065912212856802967,-0.80001356917177002,0.0065912212856802949,0.9000746592353539,0.0049427170091135416
fig8_D_0p5,0.5,0.52326142394866615,0.47327451452120461,-0.1167326988698086,-0.57078787379122742,1.9281580514893377,-0.047278291760592346,-0.64512094440899004,-0.53645764613525626,-0.0030957180431837455,0.90007710782486616,0.0050231042174496022,0.80001401402087624,-0.0066984504513188711,-0.80001401402087624,0.0066984504513188711,0.90007710782486616,0.0050231042174496005
fig8_D_0p5,0.5,0.53177231778509715,0.47205450032223767,-0.11956176289798977,-0.58942987809440883,1.9700049314915624,-0.048810242943095848,-0.65551052205037519,-0.53776712427209095,-0.0032446970833008709,0.90007963672587499,0.0051047986071572219,0.80001447344880561,-0.006807424817985375,-0.80001447344880572,0.006807424817985375,0.90007963672587499,0.0051047986071572219
fig8_D_0p5,0.5,0.54042164207059151,0.47076884289745552,-0.12248406540655461,-0.60866256948245101,2.0131254033008852,-0.050391202111956038,-0.66606431941756861,-0.5391279531203641,-0.0034004708782438275,0.90008224857288477,0.0051878214235911739,0.80001494793300776,-0.0069181728265366449,-0.80001494793300776,0.006918172826536644,0.90008224857288477,0.0051878214235911721
fig8_D_0p5,0.5,0.54921164838877889,0.4694133811613263,-0.125503506454164,-0.62850208079688985,2.0575761762366609,-0.052022695385061969,-0.6767848046869136,-0.54054246435744047,-0.0035632978270636884,0.90008494608684553,0.0052721942568661039,0.80001543796654606,-0.0070307233831508956,-0.80001543796654606,0.0070307233831508956,0.90008494608684553,0.0052721942568661039
fig8_D_0p5,0.5,0.5581446249454961,0.46798365015202459,-0.12862416386467709,-0.64896462609787775,2.1034172737804395,-0.053706293746338299,-0.68767447937973303,-0.54201311870923241,-0.0037334385282497135,0.90008773207799053,0.0053579390474244168,0.80001594405860676,-0.0071451058670314906,-0.80001594405860688,0.0071451058670314906,0.90008773207799053,0.0053579390474244159
fig8_D_0p5,0.5,0.5672228971644544,0.46647485606859806,-0.13185030032035153,-0.67006644319101172,2.1507122629658664,-0.055443614214054457,-0.69873587889883848,-0.54354251470828385,-0.003911154416163104,0.90009060944876751,0.0054450780916928052,0.80001646673502536,-0.0072613501382428457,-0.80001646673502524,0.007261350138242844,0.90009060944876751,0.005445078091692806
fig8_D_0p5,0.5,0.57644882829258792,0.46488184904164476,-0.13518637047115872,-0.69182372610883147,2.1995285015635564,-0.057236321035004138,-0.70997157310887271,-0.54513339815090855,-0.0040967061188976195,0.90009358119686711,0.0055336340478286603,0.8000170065388279,-0.0073794865456807196,-0.80001700653882779,0.0073794865456807196,0.90009358119686711,0.0055336340478286603
fig8_D_0p5,0.5,0.5858248200152536,0.46319909341368903,-0.13863702799877717,-0.71425254607543831,2.2499374045375,-0.059086126905984818,-0.7213841669669312,-0.54678867231521466,-0.0042903514924095831,0.90009665041834952,0.0056236299415578029,0.80001756403079216,-0.0074995459351796115,-0.80001756403079216,0.0074995459351796115,0.90009665041834952,0.0056236299415578029
fig8_D_0p5,0.5,0.59535331308143702,0.46142063528194438,-0.14220713255959067,-0.73736875926794365,2.3020147313706505,-0.060994794224351098,-0.7329763012107281,-0.54851140900751161,-0.0044923432786762307,0.90009982031087477,0.0057150891721049063,0.80001813979002601,-0.0076215596577597928,-0.8000181397900259,0.0076215596577597928,0.90009982031087477,0.0057150891721049072
fig8_D_0p5,0.5,0.60503678793912186,0.45954006703013578,-0.14590175651407294,-0.7611878994412794,2.3558408959862573,-0.062964136369838483,-0.74475065311254274,-0.55030486051073413,-0.0047029263274303568,0.90010309417703938,0.0058080355182179048,0.80001873441456384,-0.0077455595780165504,-0.80001873441456373,0.0077455595780165504,0.90010309417703938,0.0058080355182179065
fig8_D_0p5,0.5,0.61487776538100225,0.45755048854725344,-0.14972619132977655,-0.78572505319845842,2.411501301128161,-0.06499601902037902,-0.75670993730826974,-0.55217247251517099,-0.0049223343114912776,0.90010647542782163,0.00590249314428798,0.80001934852198398,-0.0078715780826545487,-0.80001934852198386,0.007871578082654547,0.90010647542782163,0.0059024931442879817
fig8_D_0p5,0.5,0.62487880720068945,0.45544446479928069,-0.15368595352113004,-0.81099471536037604,2.4690866992065286,-0.067092361505262571,-0.76885690671206863,-0.55411789811893986,-0.0051507858546513963,0.90010996758614148,0.005998486606566337,0.80001998275004371,-0.0079996480891698623,-0.8000199827500436,0.0079996480891698606,0.90010996758614148,0.0059984866065663387
fig8_D_0p5,0.5,0.63504251685959623,0.45321397938476304,-0.15778678996074194,-0.83701062151134609,2.5286935817654799,-0.069255138199777272,-0.7811943535284922,-0.55614501299334473,-0.0053884799782336623,0.90011357429053684,0.0060960408594794031,0.80002063775733723,-0.0081298030546827337,-0.80002063775733701,0.0081298030546827337,0.90011357429053684,0.0060960408594794048
fig8_D_0p5,0.5,0.64537154016467024,0.45085038366629254,-0.16203468236298998,-0.86378555436044835,2.5904245998833741,-0.071486379966409344,-0.79372511037547366,-0.5582579318164641,-0.0056355907575058317,0.90011729929896089,0.0061951812620438355,0.80002131422397327,-0.0082620769849238926,-0.80002131422397305,0.0082620769849238926,0.90011729929896089,0.0061951812620438355
fig8_D_0p5,0.5,0.65586856595714282,0.44834434102726134,-0.16643585070038919,-0.89133112005541359,2.6543890179736862,-0.073788175648826088,-0.80645205153322796,-0.5604610260870414,-0.0058922610617790083,0.90012114649270414,0.006295933584382715,0.80002201285227492,-0.0083965044433773131,-0.80002201285227503,0.0083965044433773131,0.90012114649270414,0.0062959335843827159
fig8_D_0p5,0.5,0.66653632681249131,0.44568576575627,-0.17099675526537639,-0.91965749000459784,2.7207032036116772,-0.076162673626266802,-0.81937809433605324,-0.56275894343993826,-0.0061585952318247983,0.90012511988044541,0.0063983240143446552,0.80002273436750282,-0.0085331205605827225,-0.80002273436750282,0.0085331205605827225,0.90012511988044541,0.0063983240143446526
fig8_D_0p5,0.5,0.67737759975177525,0.44286375601011602,-0.1757240970332857,-0.94877310309093776,2.7894911561647255,-0.078612083437643962,-0.83250620072607084,-0.56515662859399673,-0.0064346505247399599,0.90012922360243719,0.0065023791642270859,0.8000234795186002,-0.0086719610436007486,-0.8000234795186002,0.0086719610436007486,0.90012922360243719,0.0065023791642270868
fig8_D_0p5,0.5,0.68839520696454959,0.43986652025002709,-0.18062481591475951,-0.97868432238564806,2.8608850771478176,-0.081138677486704211,-0.84583937899033312,-0.56765934607303348,-0.0067204271290185191,0.90013346193482724,0.0066081260776054045,0.8000242490789633,-0.0088130621856440435,-0.8000242490789633,0.0088130621856440435,0.90013346193482713,0.0066081260776054045
fig8_D_0p5,0.5,0.69959201654353742,0.43668129648458442,-0.18570608640562403,-1.009395039571964,2.9350259853522385,-0.083744792842060559,-0.85938068570530002,-0.57027270485069192,-0.0070158565207057155,0.90013783929412283,0.0067155922362695181,0.80002504384723572,-0.0089564608758777465,-0.80002504384723561,0.008956460875877743,0.90013783929412283,0.006715592236269519
fig8_D_0p5,0.5,0.7109709432312431,0.43329426358647377,-0.19097531004695945,-1.0409062192512979,3.0120643798957243,-0.086432833148878827,-0.87313322791555026,-0.5730026850797697,-0.0073207878943573057,0.90014236024180283,0.0068248055672692149,0.80002586464812919,-0.0091021946093924177,-0.80002586464812919,0.0091021946093924177,0.90014236024180283,0.0068248055672692166
fig8_D_0p5,0.5,0.72253494917872141,0.42969044387880073,-0.19644010399492481,-1.0732153741038861,3.0921609544039259,-0.089205270672596024,-0.88710016557679106,-0.57585566707611435,-0.007634972359216341,0.90014702948908032,0.0069357944500701447,0.80002671233326972,-0.0092503014973532548,-0.80002671233326972,0.009250301497353253,0.90014702948908032,0.0069357944500701455
fig8_D_0p5,0.5,0.7342870447166765,0.42585359611046952,-0.20210828486543331,-1.1063159604874679,3.1754873655388614,-0.092064648499364549,-0.9012847142966548,-0.57883846273577366,-0.0079580445405379729,0.90015185190182279,0.0070485877238217823,0.80002758778207161,-0.0094008202773287856,-0.80002758778207161,0.0094008202773287856,0.90015185190182279,0.0070485877238217831
fig8_D_0p5,0.5,0.74623028913911083,0.42176609785946256,-0.20798784685907939,-1.1401966824520258,3.2622270590197679,-0.095013582923131543,-0.91569014841059049,-0.58195834957122528,-0.0082895011671312857,0.90015683250563383,0.0071632146947391753,0.80002849190263947,-0.0095537903238029874,-0.80002849190263936,0.0095537903238029874,0.90015683250563383,0.0071632146947391753
fig8_D_0p5,0.5,0.75836779149971911,0.41740881631867804,-0.21408693298202253,-1.174840690292424,3.3525761561071161,-0.098054766055526973,-0.93031980443422457,-0.5852231075573775,-0.0086286761575768423,0.90016197649110263,0.0072797051435999818,0.80002942563269908,-0.0097092516588743929,-0.80002942563269908,0.0097092516588743911,0.90016197649110263,0.00727970514359998
fig8_D_0p5,0.5,0.77070271142123037,0.41276096633260784,-0.22041379795325297,-1.2102246576161657,3.446744403206718,-0.10119096870227696,-0.94517708493795283,-0.58864105897959362,-0.0089747116376149849,0.90016728921922606,0.0073980893333584269,0.80003038994055808,-0.0098672449631460393,-0.80003038994055797,0.0098672449631460376,0.90016728921922606,0.0073980893333584277
fig8_D_0p5,0.5,0.78323825991791962,0.4077999544666463,-0.22697676112118956,-1.246317718427701,3.5449561867526911,-0.10442504355893048,-0.96026546289418624,-0.5922211114728505,-0.009326524228053773,0.90017277622700942,0.0075183980168779408,0.80003138582609745,-0.010027811586810289,-0.80003138582609734,0.010027811586810289,0.90017277622700942,0.0075183980168779408
fig8_D_0p5,0.5,0.79597770023149861,0.40250120780720566,-0.23378414739507164,-1.2830802428756201,3.6474516147872174,-0.10775992878957852,-0.97558848655250419,-0.59597280443148348,-0.0096827658341174239,0.90017844323325158,0.0076406624447840537,0.80003241432179517,-0.010190993560932525,-0.80003241432179506,0.010190993560932522,0.90017844323325158,0.0076406624447840537
fig8_D_0p5,0.5,0.80892434868059382,0.39683798611434523,-0.24084421381996027,-1.3204624270217535,3.7544876655985351,-0.1111986520653276,-0.99114978490290617,-0.59990635895044608,-0.010041778041059518,0.90018429614452078,0.0077649143734391879,0.80003347649378154,-0.010356833608937761,-0.80003347649378143,0.010356833608937759,0.90018429614452078,0.0077649143734391862
fig8_D_0p5,0.5,0.82208157552405403,0.39078117588518468,-0.24816505897764754,-1.3584026682136827,3.8663394023127418,-0.11474433515499116,-1.0069530737922923,-0.60403273142857872,-0.010401539074423621,0.90019034106132734,0.0078911860730412186,0.80003457344293005,-0.010525375158304699,-0.80003457344292983,0.010525375158304699,0.90019034106132734,0.0078911860730412169
fig8_D_0p5,0.5,0.83545280583828718,0.38429906484416398,-0.25575451186687226,-1.3968256933121754,3.9833012503407468,-0.11840019917925983,-1.0230021627638555,-0.60836367091806254,-0.010759602113556643,0.90019658428449989,0.0080195103358472863,0.80003570630598075,-0.010696662352471322,-0.80003570630598075,0.010696662352471324,0.90019658428449989,0.0080195103358472863
fig8_D_0p5,0.5,0.84904152040887471,0.37735709536619411,-0.26361999629057442,-1.4356404020782809,4.1056883319099713,-0.12216957066214865,-1.0393009626932035,-0.61291178023702242,-0.011113023550604756,0.90020303232177146,0.0081499204845247638,0.80003687625670206,-0.010870740062956758,-0.80003687625670206,0.010870740062956756,0.90020303232177157,0.0081499204845247621
fig8_D_0p5,0.5,0.8628512566366896,0.36991759537581737,-0.27176836603888871,-1.4747373823964409,4.2338378483713708,-0.1260558885404251,-1.055853494297974,-0.61769058076758465,-0.011458279560737167,0.90020969189458322,0.0082824503806310217,0.80003808450708758,-0.011047653901703978,-0.80003808450708758,0.011047653901703978,0.90020969189458322,0.00828245038063102
fig8_D_0p5,0.5,0.87688560945874272,0.36193948536943421,-0.28020570528541178,-1.51398604763997,4.368110496328546,-0.13006271232385633,-1.0726638975991458,-0.62271458073135322,-0.011791169089106296,0.90021656994511168,0.0084171344332237032,0.80003933230859159,-0.011227450233647986,-0.80003933230859148,0.011227450233647986,0.90021656994511168,0.0084171344332237032
fig8_D_0p5,0.5,0.89114823228402018,0.35337796040468999,-0.28893708759002462,-1.5532313393244399,4.5088918975897068,-0.13419373163737516,-1.0897364424111953,-0.62799934655765322,-0.012106701062462311,0.90022367364352895,0.0085540076076034022,0.80004062095340467,-0.01141017618951465,-0.80004062095340456,0.01141017618951465,0.90022367364352895,0.0085540076076034022
fig8_D_0p5,0.5,0.90564283794452938,0.34418414622586641,-0.29796628570110018,-1.5922899302141247,4.6565940151215992,-0.13845277742168979,-1.1070755399335819,-0.6335615767236451,-0.012398963295061627,0.90023101039550091,0.0086931054341902979,0.80004195177576898,-0.011595879678854904,-0.80004195177576898,0.011595879678854906,0.90023101039550091,0.0086931054341902979
fig8_D_0p5,0.5,0.92037319966182207,0.33430472919181176,-0.30729542294887435,-1.6309458542540141,4.8116565171263987,-0.14284383512265877,-1.1246857555063998,-0.63941917713263774,-0.012660970176997244,0.90023858784993371,0.0088344640175367327,0.80004332615333551,-0.011784609403319822,-0.8000433261533354,0.011784609403319822,0.90023858784993371,0.008834464017536731
fig8_D_0p5,0.5,0.93534315202923868,0.32368156040258461,-0.3169245553949307,-1.6689454801570811,4.9745480384937828,-0.14737106026315205,-1.1425718225762296,-0.64559133668639135,-0.012884485807087176,0.90024641390697613,0.0089781200454773762,0.80004474550856464,-0.011976414870181692,-0.80004474550856464,0.011976414870181692,0.90024641390697613,0.0089781200454773728
fig8_D_0p5,0.5,0.95055659201011911,0.31225123545892308,-0.32685117202633079,-1.7059917353322103,5.1457672724989694,-0.152038796865477,-1.160738657891762,-0.65209860117238727,-0.013059818763115516,0.90025449672628477,0.0091241107984187612,0.80004621131017095,-0.012171346406106632,-0.80004621131017095,0.012171346406106632,0.90025449672628477,0.0091241107984187612
fig8_D_0p5,0.5,0.96601747995226461,0.29994465273309262,-0.33706959813690635,-1.7417374763674782,5.3258438048648875,-0.15685159927910897,-1.1791913779092031,-0.65896294289501656,-0.013175584194293988,0.90026284473556384,0.0092724741587701387,0.80004772507461375,-0.012369455171184547,-0.80004772507461364,0.012369455171184545,0.90026284473556384,0.009272474158770137
fig8_D_0p5,0.5,0.98172984061888413,0.28668655500628992,-0.34757028461074491,-1.7757778919452318,5.5153385761462435,-0.16181425806857111,-1.1979353163301174,-0.6662078225898459,-0.013218428384699887,0.90027146663938507,0.0094232486205171832,0.80004928836763411,-0.012570793173222001,-0.80004928836763411,0.012570793173222001,0.90027146663938507,0.0094232486205171814
fig8_D_0p5,0.5,0.99769776423632017,0.27239506199564373,-0.35833896311694291,-1.8076418145823585,5.7148438255913057,-0.16693183073080667,-1.2169760426137146,-0.67385823902319086,-0.013172710390906173,0.90028037142830009,0.0095764732989406243,0.80005090280584235,-0.012775413282304289,-0.80005090280584223,0.012775413282304287,0.90028037142830009,0.0095764732989406243
fig8_D_0p5,0.5,1.0139254075588153,0.25698120485314857,-0.36935564426712475,-1.8367818100513302,5.9249823287426322,-0.17220967814043403,-1.2363193811938609,-0.68194076023568029,-0.0130201348329258,0.90028956838825369,0.009732187940481472,0.80005257005835295,-0.012983369245632786,-0.80005257005835295,0.012983369245632786,0.90028956838825369,0.009732187940481472
fig8_D_0p5,0.5,1.0304169949505875,0.2403484784179418,-0.38059343264324536,-1.8625629093476077,6.1464056903909592,-0.17765350776406871,-1.2559714309791006,-0.69048352856804085,-0.012739329463140436,0.90029906711030727,0.0098904329327545691,0.80005429184847299,-0.01319471570264381,-0.80005429184847288,0.013194715702643809,0.90029906711030727,0.0098904329327545674
fig8_D_0p5,0.5,1.0471768194855202,0.22239243314643903,-0.392017129395478,-1.8842498499252052,6.3797913922514518,-0.18326942483882819,-1.2759385845097875,-0.69951622932876689,-0.012305360825533407,0.90030887750068467,0.010051249314712513,0.80005606995544243,-0.013409508200415969,-0.80005606995544232,0.013409508200415969,0.90030887750068467,0.010051249314712511
fig8_D_0p5,0.5,1.0642092440647246,0.20300033659801023,-0.40358159004628569,-1.9009927038615011,6.6258382189321861,-0.18906399286981762,-1.2962275458753481,-0.70907001013556548,-0.011689181253242864,0.90031900979114932,0.010214678786961468,0.80005790621623007,-0.013627803209372295,-0.80005790621623019,0.013627803209372296,0.90031900979114932,0.010214678786961468
fig8_D_0p5,0.5,1.0815187025522881,0.18205094454631193,-0.41522980254768221,-1.9118107951120722,6.8852595945004396,-0.1950443049574917,-1.3168453461393261,-0.71917733448860277,-0.010857000787578786,0.90032947454972434,0.010380763722230861,0.80005980252738518,-0.013849658139284574,-0.80005980252738518,0.013849658139284574,0.90032947454972434,0.010380763722230861
fig8_D_0p5,0.5,1.0991097009294972,0.15941443470535369,-0.42689064902761703,-1.9155748521630709,7.1587742536156007,-0.20121806760286362,-1.3377993545590818,-0.72987174891783346,-0.0097695785481052289,0.90034028269176891,0.010549547175998786,0.80006176084694658,-0.014075131355587002,-0.80006176084694647,0.014075131355587,0.90034028269176891,0.010549547175998786
fig8_D_0p5,0.5,1.1169868184678227,0.13495257222995627,-0.43847631477086424,-1.910987414309909,7.4470935449359077,-0.20759369873279646,-1.3590972832974115,-0.74118753800840953,-0.0083814299319830421,0.90035144549141799,0.010721072897274629,0.8000637831964128,-0.014304282196006371,-0.80006378319641269,0.014304282196006371,0.90035144549141799,0.010721072897274628
fig8_D_0p5,0.5,1.135154708920999,0.10851919609317201,-0.44987931087455779,-1.8965616201203477,7.7509045209179037,-0.2141804417034569,-1.3807471825792978,-0.75315923570411503,-0.0066399491624500317,0.90036297459340342,0.010895385339541108,0.80006587166277221,-0.014537170987516954,-0.80006587166277199,0.014537170987516954,0.90036297459340331,0.010895385339541106
fig8_D_0p5,0.5,1.1536181017364786,0.079961139596440689,-0.46096908418634841,-1.8705986689630676,8.070847810316705,-0.22098849692589553,-1.4027574223235453,-0.76582095454906807,-0.0044844516549185642,0.90037488202526461,0.01107252967185708,0.8000680284005971,-0.014773859063627586,-0.80006802840059699,0.01477385906362759,0.90037488202526461,0.011072529671857081
fig8_D_0p5,0.5,1.1723818032865985,0.049119726852718988,-0.4715882015995746,-1.8311644776464231,8.4074891048323934,-0.22802917244126258,-1.4251366551557165,-0.77920548711076054,-0.0018451480820608213,0.90038718020996433,0.011252551790123199,0.80007025563420342,-0.015014408782009483,-0.80007025563420331,0.015014408782009483,0.90038718020996433,0.011252551790123203
fig8_D_0p5,0.5,1.1914506981197759,0.015833019890083309,-0.48154811822312393,-1.7760663742913934,8.7612829328349946,-0.23531505415550349,-1.4478937543768498,-0.79334312609839353,0.0013579272904087336,0.90039988197892207,0.011435498328512017,0.80007255565987612,-0.015258883542473265,-0.80007255565987589,0.015258883542473262,0.90039988197892207,0.011435498328512024
fig8_D_0p5,0.5,1.2108297502320395,-0.020060972908549541,-0.49062457378666824,-1.7028311031598959,9.1325272635194441,-0.2428601953939751,-1.471037718935954,-0.80826014233379107,0.0052159964966121963,0.90041300058547913,0.01162141667106416,0.80007493084816383,-0.015507347805303624,-0.80007493084816383,0.01550734780530362,0.90041300058547902,0.011621416671064162
fig8_D_0p5,0.5,1.2305240043592616,-0.058719879168154757,-0.49855271307143439,-1.6086859804943634,9.5213074197028291,-0.25068032378947824,-1.4945775357873246,-0.82397685389947761,0.0098325682611584142,0.90042654971880942,0.011810354963452535,0.80007738364624603,-0.015759867109961315,-0.80007738364624603,0.015759867109961315,0.90042654971880931,0.011810354963452539
fig8_D_0p5,0.5,1.2505385872903914,-0.10029105364600677,-0.50502209899043138,-1.4905457624875831,9.9274278296465841,-0.25879306107244293,-1.5185219883239702,-0.84050521728322369,0.015324334573931675,0.90044054351829306,0.012002362124915985,0.80007991658037025,-0.016016508094161247,-0.80007991658037025,0.016016508094161247,0.90044054351829317,0.012002362124915986
fig8_D_0p5,0.5,1.2708787092020581,-0.14490387159131121,-0.50967188621944848,-1.3450086722283701,10.350330392639975,-0.26721814786489184,-1.5428793980803135,-0.85784587482695296,0.021821815380869802,0.90045499658836503,0.012197487860364153,0.80008253225836723,-0.016277338513336799,-0.80008253225836723,0.016277338513336799,0.90045499658836514,0.012197487860364155
fig8_D_0p5,0.5,1.2915496650148839,-0.19265991338699956,-0.51208655339475451,-1.16836607174525,10.788998770166234,-0.27597766086688486,-1.567657285941441,-0.8759846060005253,0.029469592186682658,0.90046992401385706,0.012395782672655299,0.8000852333722408,-0.016542427260500311,-0.8000852333722408,0.016542427260500307,0.90046992401385706,0.012395782672655301
fig8_D_0p5,0.5,1.3125568357718427,-0.24362076010512201,-0.51179275503696764,-0.95663140956951809,11.241848871113486,-0.28509620369427591,-1.5928619392136745,-0.89488815787341125,0.038425923840811449,0.90048534137584824,0.012597297875048295,0.80008802270083879,-0.016811844386509938,-0.80008802270083879,0.016811844386509938,0.90048534137584824,0.012597297875048293
fig8_D_0p5,0.5,1.3339056900390587,-0.29779320536068438,-0.50825804802221664,-0.70559521529978275,11.706607322649518,-0.29460104504811002,-1.6184978728518606,-0.91449947866388093,0.048861486909850815,0.90050126476804337,0.012802085603830818,0.80009090311260478,-0.017085661120754062,-0.80009090311260467,0.017085661120754058,0.90050126476804326,0.012802085603830822
fig8_D_0p5,0.5,1.3556017853293689,-0.35511185485201729,-0.50089246074971305,-0.41091385520138218,12.180181956945589,-0.3045221691107704,-1.6445671778821251,-0.93473245402227589,0.060956935030710202,0.90051771081369281,0.013010198831124815,0.80009387756841288,-0.017363949892263884,-0.80009387756841277,0.017363949892263881,0.90051771081369281,0.013010198831124814
fig8_D_0p5,0.5,1.3776507695490536,-0.41541935914613204,-0.48905408222538926,-0.06824019672451484,12.658531411591039,-0.31489219377299471,-1.6710687587681456,-0.95546635478813502,0.074898937092597095,0.90053469668307706,0.01322169137787097,0.80009694912449081,-0.017646784351266247,-0.80009694912449059,0.01764678435126624,0.90053469668307695,0.013221691377870973
fig8_D_0p5,0.5,1.4000583824680977,-0.47844493324330994,-0.47206001084985566,0.32659618879785351,13.136544853596543,-0.32574610388100739,-1.6979974753360343,-0.97654035061941924,0.09087434908241987,0.90055224011157087,0.013436617926993542,0.80010012093542882,-0.017934239391188354,-0.80010012093542882,0.01793423939118835,0.90055224011157087,0.013436617926993542
fig8_D_0p5,0.5,1.4228304572143533,-0.54378237214094116,-0.44920405395361168,0.77735369619620831,13.60794741751079,-0.33712074143004767,-1.7253432248001956,-0.99774862319873026,0.10906222074974681,0.90057035941830832,0.013655034036746717,0.80010339625728144,-0.01822639117112675,-0.80010339625728144,0.01822639117112675,0.90057035941830832,0.013655034036746718
fig8_D_0p5,0.5,1.4459729217920196,-0.61086946256017216,-0.41978242131283722,1.2870868349817202,14.065251714162201,-0.34905399579172963,-1.7530900255027775,-1.0188368119442295,0.12962346191426888,0.90058907352547024,0.013876996154244113,0.80010677845076184,-0.018523317138793703,-0.80010677845076184,0.018523317138793703,0.90058907352547024,0.013876996154244113
fig8_D_0p5,0.5,1.4694918006248172,-0.67897145940583881,-0.38312820618126237,1.8578033634285069,14.499779813048674,-0.36158364874616777,-1.7812151947154691,-1.0395007147073247,0.1526882198828714,0.90060840197821124,0.014102561629172387,0.80011027098453191,-0.018825096053954035,-0.80011027098453191,0.018825096053954032,0.90060840197821113,0.014102561629172387
fig8_D_0p5,0.5,1.4933932161242518,-0.74717201895433361,-0.3386545991208772,2.4900857428274543,14.901782043923907,-0.37474585556478096,-1.8096887443855005,-1.0593882967387696,0.17834136552211366,0.90062836496525267,0.014331788727690128,0.80011387743859097,-0.019131808012366247,-0.80011387743859086,0.019131808012366244,0.90062836496525267,0.014331788727690128
fig8_D_0p5,0.5,1.5176833902834055,-0.81437546128745841,-0.28590548087257178,3.1827045398436042,15.260677020877587,-0.38857328776789668,-1.8384731441480198,-1.078106065574969,0.20660694515900402,0.9006489833401603,0.014564736646513352,0.80011760150776523,-0.019443534470242559,-0.80011760150776512,0.019443534470242559,0.9006489833401603,0.014564736646513355
fig8_D_0p5,0.5,1.5423686462966288,-0.87932421010691331,-0.22461033625617302,3.9322646554422467,15.565429611903745,-0.40309302540342934,-1.8675236104528499,-1.0952306707176147,0.23743298503384358,0.90067027864333205,0.01480146552718819,0.80012144700530152,-0.01976035826924228,-0.80012144700530141,0.01976035826924228,0.90067027864333205,0.01480146552718819
fig8_D_0p5,0.5,1.5674554102055951,-0.94063445141199575,-0.15473852071274824,4.7329366873445142,15.805068859537084,-0.4183243612024593,-1.8967890629465596,-1.1103261207553641,0.27067854121224622,0.900692273124718,0.015042036470552056,0.80012541786656655,-0.020082363662014373,-0.80012541786656644,0.020082363662014373,0.900692273124718,0.015042036470552056
fig8_D_0p5,0.5,1.5929502125721229,-0.99685126475780406,-0.076546178319907857,5.5763314580859555,15.969326231318378,-0.43427675300313856,-1.9262138347233855,-1.1229662578427002,0.30610522852834554,0.90071498976730013,0.01528651155138388,0.80012951815285527,-0.020409636338305077,-0.80012951815285527,0.020409636338305073,0.90071498976730013,0.01528651155138388
fig8_D_0p5,0.5,1.6188596901781975,-1.0465217180193034,0.0093919069010800996,6.4515715710818755,16.049348455303587,-0.45094821475678198,-1.9557401286445089,-1.1327611524761547,0.3433754698726843,0.90073845231135419,0.015534953833244082,0.80013375205531134,-0.020742263451647026,-0.80013375205531134,0.020742263451647026,0.90073845231135419,0.015534953833244082
fig8_D_0p5,0.5,1.6451905877536626,-1.0882810051754304,0.10217297458719225,7.3455967498622092,16.038413644080798,-0.46832444743939788,-1.985311086023146,-1.1393850463115149,0.38205924016006992,0.90076268527952419,0.015787427383505078,0.80013812389896155,-0.021080333646647669,-0.80013812389896155,0.021080333646647666,0.90076268527952419,0.015787427383505071
fig8_D_0p5,0.5,1.6719497597319901,-1.120943327509363,0.20058496190301087,8.2437095602700587,15.932561507319878,-0.48637896070890652,-2.0148741989647792,-1.1426026344204796,0.42165009035067236,0.90078771400273328,0.016043997288572417,0.80014263814686881,-0.02142393708689427,-0.8001426381468687,0.021423937086894274,0.90078771400273328,0.016043997288572413
fig8_D_0p5,0.5,1.6991441720346261,-1.1435867932060764,0.30315506030296108,9.1303290626500839,15.731045362631418,-0.50507431901583488,-2.0443846871778639,-1.1422901272192059,0.46158983335682546,0.90081356464696183,0.016304729669297299,0.80014729940440277,-0.021773165483494832,-0.80014729940440266,0.021773165483494835,0.90081356464696194,0.016304729669297302
fig8_D_0p5,0.5,1.726780903884356,-1.1556210247561185,0.40822530131138535,9.9898803221507819,15.436529835113408,-0.52436447729876412,-2.0738084098649825,-1.138447879579775,0.50129973176256815,0.90084026424092256,0.016569691696580353,0.80015211242363682,-0.022128112124273857,-0.80015211242363682,0.022128112124273864,0.90084026424092256,0.01656969169658035
fig8_D_0p5,0.5,1.7548671496481503,-1.1568279116155775,0.51404754600838176,10.807717989031026,15.054992804570084,-0.54419798692440091,-2.1031239178221961,-1.1312024558093199,0.54021473310196555,0.90086784070466097,0.016838951607166665,0.80015708210786829,-0.022488871903643272,-0.80015708210786796,0.022488871903643275,0.90086784070466097,0.016838951607166665
fig8_D_0p5,0.5,1.783410220710008,-1.1473698529292027,0.61888668641898259,11.570971377772331,14.595336457374069,-0.56452169875530367,-2.1323233714031935,-1.1207976196141167,0.57781662280951052,0.90089632287911603,0.017112578719632301,0.80016221351626793,-0.022855541353169646,-0.80016221351626793,0.022855541353169646,0.90089632287911603,0.017112578719632295
fig8_D_0p5,0.5,1.8124175473742377,-1.1277650291731307,0.72111950101419997,12.269210592198807,14.068759012918171,-0.58528450873886451,-2.1614122308441983,-1.1075755136413949,0.61366212093029138,0.90092574055667041,0.017390643450561419,0.80016751186866342,-0.023228218672859111,-0.80016751186866331,0.023228218672859114,0.90092574055667041,0.017390643450561419
fig8_D_0p5,0.5,1.8418966807997108,-1.0988344221596702,0.81931779622871426,12.894865334150063,13.487974071304638,-0.60644070309010056,-2.1904078214099014,-1.0919507777932447,0.64740290135608836,0.90095612451272744,0.017673217330914103,0.80017298255045355,-0.023607003763183216,-0.80017298255045355,0.023607003763183212,0.90095612451272744,0.0176732173309141
fig8_D_0p5,0.5,1.8718552949655793,-1.0616292053937462,0.91230779497127124,13.443371275481695,12.866380487217507,-0.62795255755118351,-2.2193370383064308,-1.074381200968574,0.67879598986408141,0.9009875065383478,0.017960373022583725,0.80017863111766363,-0.023991998257868883,-0.80017863111766374,0.02399199825786888,0.9009875065383478,0.017960373022583718
fig8_D_0p5,0.5,1.9023011886689438,-1.0173489580049304,0.99920220188300668,13.913061946053398,12.217280390208398,-0.64979199678853916,-2.2482335503133575,-1.0553385715802259,0.70770459837184352,0.90101991947398308,0.018252184335143039,0.80018446330213944,-0.024383305557477156,-0.80018446330213955,0.024383305557477156,0.90101991947398297,0.018252184335143033
fig8_D_0p5,0.5,1.9332422875550452,-0.96726080331741182,1.0794058010540644,14.304857232845768,11.553220761942788,-0.67194128334714553,-2.2771348753051912,-1.0352827857517199,0.73409079567478752,0.90105339724434419,0.018548726242778146,0.80019048501688439,-0.024781030863796634,-0.80019048501688439,0.024781030863796634,0.90105339724434419,0.018548726242778136
fig8_D_0p5,0.5,1.9646866461804466,-0.91262752742661524,1.1525988685312225,14.621817453108598,10.885502889089734,-0.69439284288920688,-2.3060796472617295,-1.0146412488110519,0.75800225570263213,0.90108797489444337,0.018850074901408324,0.80019670236154428,-0.025185281215077588,-0.80019670236154428,0.025185281215077585,0.90108797489444337,0.018850074901408317
fig8_D_0p5,0.5,1.9966424501097935,-0.85464980525690692,1.2187046221010001,14.868634304696352,10.223872536283409,-0.71714842100064213,-2.3351052995810915,-0.9937944736114277,0.77955560187892459,0.90112368862685077,0.019156307665990698,0.8002031216280403,-0.025596165522135211,-0.80020312162804019,0.025596165522135218,0.90112368862685077,0.019156307665990698
fig8_D_0p5,0.5,2.0291180180466779,-0.79442466399915179,1.2778473866941056,15.051120397131744,9.5763781857701105,-0.74021780176849405,-2.3642462831166537,-0.97306779184933001,0.79891867231278479,0.90116057584020637,0.019467503108007447,0.80020974930635347,-0.026013794605350599,-0.80020974930635358,0.026013794605350596,0.90116057584020648,0.019467503108007447
fig8_D_0p5,0.5,2.0621218039991422,-0.73291983431251251,1.3303074703120692,15.175742814176445,8.9493682596219735,-0.76361730858998322,-2.3935328428749347,-0.95272839679123855,0.81629353896978007,0.90119867516903285,0.019783741033133129,0.80021659209046547,-0.026438281232599198,-0.80021659209046547,0.026438281232599194,0.90119867516903285,0.019783741033133125
fig8_D_0p5,0.5,2.0956623994804331,-0.67096196057404944,1.3764774057724387,15.249228280395428,8.3475909666363641,-0.78736826914189273,-2.4229903079717974,-0.93298656165430993,0.83190150723111533,0.90123802652489171,0.020105102499080145,0.80022365688445463,-0.026869740158139036,-0.80022365688445463,0.026869740158139029,0.90123802652489171,0.020105102499080138
fig8_D_0p5,0.5,2.129748535745521,-0.60923577897563552,1.4168226683555853,15.278251602931796,7.7743604463352689,-0.81149557542876993,-2.4526388085921096,-0.91399978183602348,0.84597074289461249,0.90127867113893223,0.020431669833618622,0.80023095080875362,-0.027308288162490306,-0.80023095080875339,0.027308288162490306,0.90127867113893223,0.020431669833618625
fig8_D_0p5,0.5,2.1643890860640203,-0.54829117495899493,1.4518485521075777,15.269207005464512,7.2317576082931092,-0.83602641904803743,-2.4824933177938333,-0.89587868766788403,0.85872670574644649,0.90132065160587982,0.020763526652768191,0.80023848120656915,-0.027754044093341444,-0.80023848120656904,0.027754044093341441,0.90132065160587982,0.020763526652768191
fig8_D_0p5,0.5,2.1995930680300746,-0.48855528228340545,1.4820737532494501,15.228054182957875,6.7208410154029057,-0.86098923896492152,-2.5125639182054642,-0.87869377993831721,0.87038524269292838,0.90136401192951343,0.021100757879157449,0.80024625565046681,-0.028207128907516681,-0.80024625565046681,0.028207128907516681,0.90136401192951343,0.021100757879157449
fig8_D_0p5,0.5,2.235369645909794,-0.43034727623263269,1.5080104200202964,15.160226874990769,6.2418504696514994,-0.88641288735495449,-2.5428562067025808,-0.86248228205520694,0.88114800196644505,0.90140879756968673,0.021443449760547111,0.80025428194912296,-0.028667665714042095,-0.80025428194912307,0.028667665714042088,0.90140879756968673,0.021443449760547111
fig8_D_0p5,0.5,2.271728133026905,-0.37389408120008882,1.5301499567031818,15.07059055416282,5.7943924811024781,-0.91232599842936535,-2.5733717679500581,-0.847254632936845,0.8911997463186716,0.90145505549094374,0.021791689888512572,0.80026256815424679,-0.029135779818349371,-0.80026256815424657,0.029135779818349375,0.90145505549094374,0.021791689888512572
fig8_D_0p5,0.5,2.3086779941871698,-0.31934575300928525,1.5489536491637597,14.963436471985824,5.3776020027776514,-0.93875653383319235,-2.6041086660257506,-0.83300033814106111,0.90070713486027221,0.90150283421278798,0.022145567217280431,0.80027112256767252,-0.02961159876765708,-0.80027112256767241,0.029611598767657087,0.90150283421278798,0.022145567217280428
fig8_D_0p5,0.5,2.3462288481422626,-0.26678975350962669,1.5648471345620369,14.842500963632618,4.9902785937657734,-0.9657314737889876,-2.6350619197240222,-0.81969304454633862,0.9098185805417609,0.90155218386165981,0.022505172082713746,0.80027995374862737,-0.030095252397571919,-0.80027995374862737,0.030095252397571919,0.90155218386165981,0.022505172082713753
fig8_D_0p5,0.5,2.3843904700937206,-0.2162636900819225,1.5782178016478896,14.711000973037464,4.6309976759258564,-0.99327662331507116,-2.6662239404637944,-0.80729480765587247,0.91866485001742182,0.90160315622468501,0.022870596221439946,0.80028907052117282,-0.030586872879953948,-0.80028907052117282,0.030586872879953948,0.90160315622468501,0.022870596221439953
fig8_D_0p5,0.5,2.4231727942376007,-0.16776634884126443,1.5894143281043984,14.571678826474441,4.2981990296835697,-1.0214165056590023,-2.6975849217923806,-0.79575958713469408,0.9273601388687267,0.90165580480525553,0.023241932790114411,0.80029848198182241,-0.031086594772091275,-0.8002984819818223,0.031086594772091268,0.90165580480525553,0.023241932790114418
fig8_D_0p5,0.5,2.4625859163505468,-0.12126702196060418,1.5987477016791822,14.426851136469578,3.9902554032438395,-1.0501743191520994,-2.7291331765879931,-0.78503604406310101,0.93600341823453326,0.90171018488050791,0.023619276384812916,0.80030819750733873,-0.031594555067232723,-0.80030819750733873,0.031594555067232723,0.90171018488050791,0.023619276384812919
fig8_D_0p5,0.5,2.5026400964179194,-0.076713234898566005,1.6064932099464044,14.278458263355366,3.7055243284586776,-1.0795719380820474,-2.7608554227478832,-0.77506973080633679,0.94467990385351408,0.90176635356076518,0.02400272306054476,0.80031822676270814,-0.032110893246528167,-0.80031822676270814,0.03211089324652816,0.90176635356076518,0.024002723060544764
fig8_D_0p5,0.5,2.5433457613046482,-0.03403703611919949,1.6128930073488759,14.128111981804537,3.4423861377503253,-1.1096299423482956,-2.7927370209771625,-0.76580476825477284,0.95346254357128468,0.90182436985101377,0.024392370350877764,0.80032857970929461,-0.032635751332428631,-0.80032857970929461,0.032635751332428631,0.90182436985101377,0.024392370350877768
fig8_D_0p5,0.5,2.584713507469564,0.0068399647420748456,1.6181589725396031,13.977139920428588,3.1992709009811819,-1.140367664329337,-2.8247621697844418,-0.75718510077926426,0.96241345459071104,0.90188429471448672,0.024788317287666384,0.80033926661317423,-0.033169273943601453,-0.80033926661317412,0.033169273943601453,0.90188429471448672,0.024788317287666391
fig8_D_0p5,0.5,2.6267541037238384,0.046002622519060336,1.6224756531454576,13.826626009623984,2.9746766456212237,-1.1718032444493764,-2.8569140633715766,-0.7491554103713538,0.97158526822030511,0.90194619113842789,0.025190664420871988,0.80035029805364721,-0.033711608351416636,-0.80035029805364721,0.033711608351416629,0.90194619113842789,0.025190664420871992
fig8_D_0p5,0.5,2.6694784940343208,0.083539169255656617,1.6260031604540293,13.677446636786309,2.7671808497132941,-1.2039536893871077,-2.8891750181038232,-0.74166176065434941,0.98102235906439517,0.90201012420211635,0.025599513838464927,0.80036168493193216,-0.034262904538064777,-0.80036168493193205,0.034262904538064784,0.90201012420211635,0.025599513838464927
fig8_D_0p5,0.5,2.7128978003724673,0.11953885511714746,1.6288799258028761,13.530302516159271,2.5754468412451326,-1.2368349287796083,-2.92152657290156,-0.7346520303691545,0.99076194900354886,0.9020761611472311,0.026014969186396338,0.80037343848003517,-0.034823315256368753,-0.80037343848003495,0.034823315256368746,0.9020761611472311,0.026014969186396342
fig8_D_0p5,0.5,2.7570233256095826,0.15409017901902961,1.6312252665469904,13.385746473550888,2.3982264183986106,-1.2704618677214048,-2.9539495683702475,-0.72807618549097697,1.0008350852987393,0.90214437145063986,0.026437135688626386,0.80038557026979706,-0.035392996091353567,-0.80038557026979706,0.03539299609135356,0.90214437145063986,0.026437135688626382
fig8_D_0p5,0.5,2.8018665564591956,0.18727959118232068,1.6331417351739108,13.24420745676129,2.2343597302744143,-1.3048484334284138,-2.9864242088900785,-0.72188642979363382,1.0112674978678216,0.90221482689970012,0.026866120167195855,0.80039809222211555,-0.03597210552364382,-0.80039809222211544,0.035972105523643813,0.90221482689970012,0.026866120167195855
fig8_D_0p5,0.5,2.8474391664672476,0.21919056922119473,1.6347172428570131,13.106011136253279,2.0827732277613986,-1.3400076152081757,-3.0189301112882903,-0.71603726562731862,1.0220803441497961,0.90228760167016209,0.027302031062325306,0.8004110166163384,-0.036560804994758549,-0.80041101661633829,0.036560804994758535,0.90228760167016209,0.027302031062325306
fig8_D_0p5,0.5,2.8937530190509504,0.24990298676686504,1.6360269605012789,12.971397476369093,1.9424763061353334,-1.3759514974207379,-3.0514463431544918,-0.71048548991649241,1.0332908517026265,0.90236277240676888,0.027744978452526148,0.80042435609982565,-0.037159258974379036,-0.80042435609982565,0.037159258974379036,0.90236277240676888,0.027744978452526142
fig8_D_0p5,0.5,2.940820170587064,0.27949270875373472,1.6371350077503468,12.840535649082547,1.8125571098342506,-1.4126912854853395,-3.0839514533524683,-0.70519014482320952,1.04491286930733,0.90244041830665056,0.028195074074706301,0.80043812369767664,-0.037767635029667027,-0.80043812369767653,0.037767635029667013,0.90244041830665056,0.028195074074706301
fig8_D_0p5,0.5,2.9886528735503823,0.30803136034014267,1.6380959447346908,12.713536639635453,1.6921778501926314,-1.450237325231984,-3.1164234968381721,-0.70011243801788803,1.0569573372636698,0.90252062120561471,0.028652431344251158,0.80045233282261674,-0.038386103896714485,-0.80045233282261652,0.038386103896714485,0.90252062120561471,0.028652431344251158
fig8_D_0p5,0.5,3.0372635797033114,0.33558622716066516,1.6389560834912762,12.59046386315357,1.5805698933733241,-1.4885991160496916,-3.1488400555133529,-0.69521564390036938,1.0694326870381787,0.90260346566743854,0.029117165375060709,0.80046699728503823,-0.039014839554211228,-0.80046699728503812,0.039014839554211228,0.90260346566743843,0.029117165375060702
fig8_D_0p5,0.5,3.0866649433372744,0.36222025343856462,1.6397546366736568,12.471342077941689,1.4770288034497587,-1.5277853183708037,-3.1811782565231206,-0.69046499426927332,1.082345179655791,0.90268903907627296,0.02958939299952007,0.80048213130318857,-0.039654019299418142,-0.80048213130318846,0.039654019299418135,0.90268903907627296,0.029589392999520063
fig8_D_0p5,0.5,3.1368698245668765,0.38799211168049441,1.6405247209066101,12.356164847485948,1.3809094703327798,-1.567803756073985,-3.2134147891378388,-0.68582756471062267,1.0956991913423939,0.90277743173227221,0.030069232788381344,0.80049774951349895,-0.040303823826540866,-0.80049774951349895,0.040303823826540859,0.90277743173227221,0.030069232788381344
fig8_D_0p5,0.5,3.1878912926776461,0.41295632348095335,1.6412942312837833,12.244900770982035,1.2916214104514447,-1.6086614144014992,-3.2455259211376739,-0.68127216124861667,1.1094974540118898,0.90286873695056857,0.030556805070531212,0.80051386698104365,-0.040964437307600778,-0.80051386698104354,0.040964437307600771,0.90286873695056857,0.030556805070531212
fig8_D_0p5,0.5,3.2397426295281955,0.43716341561332073,1.6420866023145575,12.137498672443,1.208624296849462,-1.6503644339799277,-3.2774875154355629,-0.67676921047148175,1.1237412573015912,0.90296305116371522,0.031052231952617509,0.80053049921012032,-0.041636047475905533,-0.80053049921012021,0.041636047475905533,0.90296305116371511,0.031052231952617502
fig8_D_0p5,0.5,3.292437333007769,0.4606600992820517,1.6429214692713623,12.033891911570677,1.1314237522847743,-1.6929181015152424,-3.3092750475243458,-0.67229065533006427,1.1384306180247723,0.90306047402772494,0.031555637338506748,0.80054766215494055,-0.042318845712227167,-0.80054766215494055,0.042318845712227167,0.90306047402772494,0.031555637338506755
fig8_D_0p5,0.5,3.3459891205499748,0.4834894633334898,1.6438152424867352,11.934001955743877,1.0595674221217872,-1.7363268377079673,-3.3408636242109933,-0.66780985803828496,1.1535644221455996,0.90316110853184095,0.032067146948541021,0.80056537223041746,-0.043013027133798655,-0.80056537223041746,0.043013027133798662,0.90316110853184095,0.032067146948541021
fig8_D_0p5,0.5,3.4004119327037063,0.50569117451961487,1.6447816057750857,11.837741331604445,0.99264133179381853,-1.7805941829059966,-3.3722280040000427,-0.66330151092784018,1.1691405436956623,0.9032650611121753,0.032586888338562034,0.80058364632303491,-0.043718790686247622,-0.80058364632303503,0.043718790686247622,0.9032650611121753,0.032586888338562027
fig8_D_0p5,0.5,3.4557199367621392,0.52730167970353259,1.6458319488526556,11.745016056626829,0.93026652521677011,-1.8257227809834522,-3.4033426194054441,-0.65874155568116333,1.1851559444432882,0.90337244176936293,0.033114990918666709,0.80060250180178516,-0.044436339238589605,-0.80060250180178505,0.044436339238589605,0.90337244176936293,0.033114990918666709
fig8_D_0p5,0.5,3.5119275304507278,0.54835440628917809,1.6469757424256704,11.655727635483533,0.87209597485014478,-1.8717143619053944,-3.4341816014013493,-0.65410711105205377,1.2016067575930256,0.90348336419038011,0.033651585971656385,0.8006219565291538,-0.045165879681409657,-0.80062195652915369,0.045165879681409664,0.90348336419038011,0.033651585971656385
fig8_D_0p5,0.5,3.5690493456752295,0.56887995823345217,1.6482208635230549,11.569774692700953,0.81781175042600818,-1.9185697234110852,-3.4647188061652714,-0.64937640895562909,1.2184883583275259,0.903597945874685,0.034196806671139543,0.80064202887213376,-0.045907623028367983,-0.80064202887213376,0.04590762302836799,0.903597945874685,0.034196806671139543
fig8_D_0p5,0.5,3.6271002523306484,0.58890630582317305,1.6495738776687945,11.487054301761695,0.76712243116892465,-1.9662887122230428,-3.4949278442186755,-0.64452873864730165,1.2357954236007553,0.90371630826484262,0.034750788099244229,0.80066273771324792,-0.046661784521170285,-0.80066273771324781,0.046661784521170278,0.90371630826484262,0.034750788099244243
fig8_D_0p5,0.5,3.6860953621721579,0.6084589680258381,1.6510402836173403,11.407463061193083,0.7197607452021817,-2.0148702051658223,-3.5247821120291736,-0.63954439859805678,1.2535219832431197,0.90383857688180735,0.035313667263894122,0.80068410246155108,-0.047428583738151744,-0.80068410246155086,0.047428583738151744,0.90383857688180735,0.035313667263894115
fig8_D_0p5,0.5,3.7460500327489932,0.62756118669483507,1.6526247256071256,11.330897960052818,0.67548141946895357,-2.0643120905568231,-3.5542548261027642,-0.63440465559790415,1.2716614641389019,0.90396488146503584,0.035885583115598585,0.80070614306359011,-0.048208244706630099,-0.80070614306359,0.048208244706630106,0.90396488146503584,0.035885583115598571
fig8_D_0p5,0.5,3.8069798714022842,0.64623409226033235,1.6543311774138445,11.257257068362343,0.63405922366456535,-2.1146112502115173,-3.5833190595634541,-0.62909171057143576,1.2902067289779087,0.90409535611761915,0.036466676563703018,0.80072888001428943,-0.049000996019189787,-0.80072888001428955,0.04900099601918978,0.90409535611761926,0.036466676563703011
fig8_D_0p5,0.5,3.8689007393279757,0.66449686079419434,1.6561631018983707,11.186440082265699,0.59528719219979742,-2.1657635423872139,-3.6119477811897052,-0.62358867056159484,1.309150110860861,0.90423013945662345,0.037057090492043462,0.80075233436772852,-0.049807070954069353,-0.80075233436772841,0.049807070954069346,0.90423013945662345,0.037057090492043462
fig8_D_0p5,0.5,3.9318287557057703,0.68236686252135648,1.6581235892343682,11.118348748836098,0.55897500897518904,-2.2177637859719881,-3.6401138968519193,-0.61787952632475807,1.328483444846249,0.90436937476884305,0.037656969773943685,0.80077652774777719,-0.050626707599829852,-0.80077652774777719,0.050626707599829852,0.90436937476884305,0.037656969773943678
fig8_D_0p5,0.5,3.9957803018952696,0.6998598019788751,1.6602154765595183,11.052887191375948,0.52494754064268045,-2.2706057462091853,-3.667790293272061,-0.61194913497765957,1.3481980973610512,0.90451321017217157,0.038266461286490146,0.80080148235855009,-0.051460148984492755,-0.80080148235855009,0.051460148984492748,0.90451321017217168,0.038266461286490139
fig8_D_0p5,0.5,4.0607720257003654,0.71698985010985816,1.66244145141371,10.989962152636727,0.49304350500218996,-2.3242821222319487,-3.6949498840049499,-0.60578320714181733,1.3682849942544502,0.90466179878281339,0.038885713924015283,0.80082722099463388,-0.052307643209344411,-0.80082722099463399,0.052307643209344404,0.90466179878281339,0.038885713924015262
fig8_D_0p5,0.5,4.1268208457029516,0.73376976863338705,1.6648041409995911,10.929483170516958,0.46311426217505836,-2.3787845366667044,-3.7215656575205753,-0.59936829804147707,1.3887346481493366,0.90481529888855738,0.039514878610713552,0.80085376705104361,-0.053169443587612171,-0.8008537670510435,0.053169443587612171,0.9048152988885575,0.039514878610713546
fig8_D_0p5,0.5,4.1939439556671863,0.75021102706134146,1.6673061890194449,10.871362698394851,0.4350227171835922,-2.4341035275491807,-3.747610727247852,-0.59269180202521743,1.4095371856380585,0.90497387412835772,0.04015410831231208,0.80088114453285364,-0.054045808788231044,-0.80088114453285364,0.054045808788231044,0.90497387412835772,0.04015410831231208
fig8_D_0p5,0.5,4.2621588290153252,0.76632391274501277,1.6699503216007701,10.815516180239666,0.40864232352056623,-2.4902285427806827,-3.7730583834220801,-0.58574194999805917,1.4306823747738315,0.90513769367846164,0.040803558046708592,0.80090937806444951,-0.054937002984925522,-0.80090937806444962,0.054937002984925522,0.90513769367846164,0.040803558046708578
fig8_D_0p5,0.5,4.3314832233763987,0.78211763433351622,1.6727394036163756,10.76186208896125,0.38385617820382095,-2.547147937336665,-3.7978821465614181,-0.5785078092693795,1.4521596532257737,0.90530693244534866,0.041463384893486901,0.8009384928983363,-0.055843296010847032,-0.8009384928983363,0.055843296010847025,0.90530693244534866,0.041463384893486888
fig8_D_0p5,0.5,4.4019351852088748,0.79760041901598189,1.6756764865281601,10.710321935047741,0.36055619966560432,-2.6048489734229174,-3.8220558223815262,-0.57097928534172093,1.4739581573915734,0.90548177126574858,0.042133748002211646,0.8009685149234389,-0.056764963519016137,-0.8009685149234389,0.056764963519016137,0.90548177126574858,0.042133748002211632
fig8_D_0p5,0.5,4.4735330544984677,0.81277960390320181,1.6787648487331026,10.660820251360315,0.33864238062459973,-2.6633178237577106,-3.8455535579423166,-0.56314712518621279,1.4960667526961704,0.90566239711401875,0.042814808599396938,0.80099947067281918,-0.057702287148831403,-0.80099947067281918,0.057702287148831403,0.90566239711401875,0.042814808599396938
fig8_D_0p5,0.5,4.5462954695323994,0.82766172188435128,1.6820080292617743,10.613284558968434,0.31802210882444631,-2.7225395781404216,-3.868349898806736,-0.55500292157172149,1.5184740652461612,0.90584900331717844,0.043506729994038346,0.80103138733073209,-0.058655554698921739,-0.80103138733073209,0.058655554698921725,0.90584900331717844,0.043506729994038332
fig8_D_0p5,0.5,4.6202413717513133,0.84225258227185906,1.6854098555705979,10.567645318080766,0.29860954920011118,-2.7824982534485776,-3.8904198469783848,-0.54653911803683408,1.5411685149571732,0.90604178977790362,0.044209677581587406,0.80106429273893298,-0.05962506030663009,-0.80106429273893287,0.059625060306630097,0.90604178977790362,0.044209677581587392
fig8_D_0p5,0.5,4.6953900106800583,0.8565573465240458,1.6889744660764772,10.523835867439223,0.28032508165184611,-2.8431768071857428,-3.9117389193729748,-0.53774901411631926,1.5641383502240933,0.9062409632058066,0.044923818846240665,0.80109821540214143,-0.060611104634432124,-0.80109821540214143,0.060611104634432117,0.90624096320580672,0.044923818846240672
fig8_D_0p5,0.5,4.7717609489387458,0.87058059931177734,1.6927063280041723,10.481792354965144,0.26309478916934964,-2.9045571546827018,-3.9322832065681523,-0.5286267704567601,1.5873716841616046,0.90644673735733361,0.045649323361406431,0.80113318449256188,-0.06161399506360897,-0.80113318449256177,0.06161399506360897,0.90644673735733361,0.045649323361406452
fig8_D_0p5,0.5,4.8493740673352379,0.88432641517248844,1.6966102510502319,10.441453661961585,0.24684999156286808,-2.9666201900331299,-3.9520294315671043,-0.5191674134797083,1.610856532404036,0.90665933328463222,0.046386362788201498,0.80116922985334615,-0.062634045895507418,-0.80116922985334604,0.062634045895507418,0.90665933328463222,0.046386362788201518
fig8_D_0p5,0.5,4.9282495700405136,0.89779842097336338,1.700691397311594,10.402761322778099,0.23152682051747689,-3.0293458108234539,-3.9709550083038141,-0.50936683927485826,1.6345808524190246,0.90687897959375507,0.047135110871821234,0.80120638200087979,-0.063671578560739545,-0.80120638200087968,0.063671578560739531,0.90687897959375507,0.047135110871821248
fig8_D_0p5,0.5,5.0084079898482123,0.91099985438531561,1.704955287879437,10.365659441501544,0.21706583210895078,-3.0927129466941574,-3.9890380996119768,-0.49922181643046898,1.6585325842584762,0.90710591271258378,0.047895743435614341,0.80124467212576123,-0.064726921836690238,-0.80124467212576111,0.064726921836690238,0.90710591271258378,0.047895743435614348
fig8_D_0p5,0.5,5.0898701935196797,0.92393361855103284,1.7094078064592837,10.330094606959522,0.20341165329502775,-3.1566995917468335,-4.0062576743754112,-0.48872998753356051,1.6826996926425781,0.90734037716887139,0.048668438372681318,0.80128413209232952,-0.065800412073718714,-0.80128413209232952,0.065800412073718714,0.90734037716887139,0.048668438372681325
fig8_D_0p5,0.5,5.1726573872160193,0.93660233311384744,1.7140552003447829,10.296015807086489,0.19051265923694738,-3.2212828407881489,-4.0225935635755947,-0.47788986909819153,1.7070702102481197,0.90758262587882743,0.049453375634804342,0.80132479443658911,-0.066892393430462563,-0.80132479443658922,0.066892393430462563,0.90758262587882732,0.049453375634804349
fig8_D_0p5,0.5,5.2567911220184245,0.94900838175952917,1.7189040790443804,10.263374343507538,0.17832067861210935,-3.2864389293780736,-4.0380265149515049,-0.46670084970643783,1.7316322820507761,0.90783292044667918,0.050250737218500187,0.80136669236236235,-0.068003218118669079,-0.80136669236236224,0.068003218118669065,0.90783292044667918,0.05025073721850018
fig8_D_0p5,0.5,5.3422932995383521,0.96115395641047785,1.723961410836311,10.232123747031624,0.16679072435401024,-3.3521432776262681,-4.0525382459887496,-0.45516318617337509,1.7563742105525355,0.90809153147567279,0.051060707147975407,0.80140985973549006,-0.069133246658004327,-0.80140985973548995,0.069133246658004327,0.90809153147567279,0.051060707147975407
fig8_D_0p5,0.5,5.4291861776189432,0.97304109820085827,1.7292345175072423,10.202219694610378,0.15588074750294387,-3.4183705376567244,-4.0661114949585739,-0.44327799757440678,1.7812845017097114,0.90835873889099172,0.051883471454745388,0.80145433107588393,-0.070282848141310209,-0.80145433107588382,0.070282848141310209,0.90835873889099172,0.051883471454745381
fig8_D_0p5,0.5,5.5174923761291232,0.98467173535222419,1.7347310675127423,10.173619928205458,0.14555141207329469,-3.4850946446374031,-4.0787300697331856,-0.43104725700053448,1.806351911364144,0.90863483227509823,0.052719218153661665,0.80150014154721716,-0.071452400510803996,-0.80150014154721705,0.071452400510803996,0.90863483227509823,0.052719218153661679
fig8_D_0p5,0.5,5.6072348828520324,0.9960477180617856,1.7404590677831986,10.146284175913658,0.13576588904274919,-3.5522888712488379,-4.0903788941117547,-0.41847378093447996,1.8315654919702493,0.90892011121602256,0.053568137215075654,0.8015473269440242,-0.072642290845742141,-0.8015473269440242,0.072642290845742113,0.90892011121602256,0.053568137215075647
fig8_D_0p5,0.5,5.6984370594691418,1.0071708505095973,1.746426854386119,10.120174075621041,0.12648966774814935,-3.6199258854431182,-4.1010440514013542,-0.40556121616789576,1.856914639403225,0.9092148856691542,0.054430420532843506,0.80159592367595978,-0.073852915662092483,-0.80159592367595978,0.073852915662092469,0.9092148856691542,0.054430420532843499
fig8_D_0p5,0.5,5.7911226476417585,1.0180429200866021,1.7526430822447128,10.095253101392322,0.11769038313360364,-3.6879778113235249,-4.1107128250091867,-0.39231402420691652,1.8823891396292396,0.90951947633311114,0.055306261887859441,0.80164596874894822,-0.0750846812247912,-0.80164596874894811,0.075084681224791172,0.90951947633311114,0.055306261887859448
fig8_D_0p5,0.5,5.8853157751914509,1.0286657239422499,1.7591167141028288,10.071486492748871,0.10933765744130362,-3.7564162929545502,-4.1193737358163913,-0.37873746314003215,1.907979215016598,0.90983421504029482,0.056195856906778946,0.80169749974292992,-0.076338003873186525,-0.80169749974293003,0.076338003873186525,0.90983421504029482,0.056195856906778932
fig8_D_0p5,0.5,5.9810409623809377,1.0390410929484171,1.7658570089174459,10.048841186943649,0.10140295506547957,-3.8252125608929024,-4.127016576119634,-0.36483756696836062,1.933675570067525,0.91015944516276426,0.057099403015569379,0.8017505547858903,-0.07761331036030332,-0.80175055478589019,0.077613310360303306,0.91015944516276426,0.057099403015569379
fig8_D_0p5,0.5,6.0783231282972299,1.0491709131752962,1.7728735098517518,10.027285754305616,0.09385944940695834,-3.8943375012126125,-4.1336324399443525,-0.35062112242375099,1.9594694363536291,0.91049552203409578,0.05801709938750059,0.80180517252382744,-0.078911038206596076,-0.80180517252382744,0.078911038206596062,0.91049552203409578,0.058017099387500576
fig8_D_0p5,0.5,6.1771875973384951,1.0590571449746748,1.7801760320341138,10.006790336695531,0.086681900671072107,-3.9637617267810605,-4.1392137495528649,-0.33609564332462311,1.9853526164436648,0.91084281338792406,0.058949146885155998,0.80186139208629137,-0.080231636068888751,-0.80186139208629137,0.080231636068888751,0.91084281338792406,0.058949146885155984
fig8_D_0p5,0.5,6.2776601058065005,1.0687018397664414,1.7877746502409917,9.9873265890909533,0.079846543646601223,-4.0334556505287749,-4.1437542779913858,-0.32126934254271589,2.0113175266203722,0.91120169981389909,0.059895747996017684,0.80191925304709122,-0.081575564125239544,-0.80191925304709111,0.081575564125239544,0.91120169981389909,0.059895747996017684
fig8_D_0p5,0.5,6.3797668086062824,1.0781071546251395,1.7956796866546054,9.9688676242977259,0.07333098458889549,-4.1033895604434143,-4.1472491675421859,-0.30615110167597248,2.0373572381932901,0.91157257523182278,0.060857106761142608,0.8019787953797396,-0.082943294476503213,-0.80197879537973948,0.082943294476503213,0.91157257523182278,0.060857106761142608
fig8_D_0p5,0.5,6.48353428605472,1.0872753647646938,1.8039016988392218,9.9513879607692601,0.067114106407720683,-4.1735336960081391,-4.1496949439704149,-0.29075043854336563,2.0634655172267382,0.91195584738477053,0.06183342869641241,0.80204005940716505,-0.0843353115654039,-0.80204005940716494,0.0843353115654039,0.91195584738477053,0.06183342869641241
fig8_D_0p5,0.5,6.5889895507999494,1.096208874021066,1.8124514680729302,9.9348634735016503,0.061175981430094728,-4.2438583257968441,-4.1510895264794296,-0.27507747263635224,2.0896368625163166,0.91235193835204287,0.062824920705801063,0.80210308574518574,-0.085752112613974835,-0.80210308574518585,0.085752112613974835,0.91235193835204287,0.062824920705801063
fig8_D_0p5,0.5,6.6961600548532223,1.1049102234343402,1.8213399881647505,9.9192713479622334,0.055497791071617467,-4.3143338259327004,-4.1514322333134457,-0.25914288867894958,2.1158665416630287,0.9127612850828305,0.06383179098606126,0.80216791523919684,-0.087194208080261251,-0.80216791523919684,0.087194208080261265,0.9127612850828305,0.063831790986061232
fig8_D_0p5,0.5,6.8050736967352066,1.1133820980334721,1.8305784548799817,9.9045900370011157,0.05006175180720103,-4.3849307591135158,-4.1507237829717605,-0.24295789846364402,2.1421506251115328,0.91318433995152237,0.064854248922186872,0.80223458889347665,-0.088662122135233473,-0.80223458889347665,0.088662122135233487,0.91318433995152248,0.064854248922186858
fig8_D_0p5,0.5,6.9157588287385252,1.1216273319287104,1.8401782560895719,9.8907992206886313,0.044851046884020071,-4.4556199539063943,-4.1489662910247009,-0.22653420114374229,2.168486018037652,0.91362157133563104,0.065892504972959343,0.80230314779247325,-0.090156393160901516,-0.80230314779247314,0.090156393160901516,0.91362157133563104,0.065892504972959356
fig8_D_0p5,0.5,7.0282442643083458,1.129648911818175,1.8501509627522728,9.8778797690175928,0.039849763266917422,-4.526372584015637,-4.1461632625471037,-0.20988394217410422,2.1948704899899143,0.91407346421735891,0.066946770545832507,0.80237363301337483,-0.091677574270675036,-0.80237363301337472,0.09167757427067505,0.91407346421735891,0.066946770545832507
fig8_D_0p5,0.5,7.1425592855431264,1.1374499790164527,1.8605083208312563,9.8658137074053744,0.03504283334948978,-4.5971602472322139,-4.1423195802107777,-0.19301967110127394,2.221302702210636,0.91454052080987625,0.068017257860355118,0.80244608552921515,-0.093226233853066831,-0.80244608552921493,0.093226233853066845,0.91454052080987625,0.068017257860355104
fig8_D_0p5,0.5,7.2587336508172537,1.1450338301140346,1.8712622442397842,9.8545841849292533,0.030415981003519429,-4.6679550437791413,-4.1374414881025956,-0.17595429841118609,2.2477822325831256,0.91502326120944177,0.069104179799267279,0.80252054610170043,-0.094802956139891509,-0.80252054610170032,0.094802956139891509,0.91502326120944177,0.069104179799267265
fig8_D_0p5,0.5,7.3767976025277306,1.1524039163771336,1.8824248089036106,9.8441754452273997,0.025955671575113703,-4.7387296537762538,-4.1315365713592298,-0.1587010516473995,2.2743095981734518,0.91552222407454431,0.07020774974634103,0.80259705516288127,-0.096408341800172298,-0.80259705516288127,0.096408341800172298,0.91552222407454431,0.070207749746341044
fig8_D_0p5,0.5,7.4967818749668771,1.159563841997679,1.8940082480209099,9.8345727999978578,0.021649065468992073,-4.809457413558702,-4.1246137317331861,-0.14127343101560993,2.300886275356965,0.91603796733330944,0.071328181409964567,0.80267565268471663,-0.098043008561030598,-0.80267565268471675,0.09804300856103057,0.91603796733330944,0.071328181409964553
fig8_D_0p5,0.5,7.6187177023229991,1.1665173613031068,1.9060249485938032,9.8257626050286344,0.017483974992118415,-4.8801123905968256,-4.1166831592272279,-0.12368516469081332,2.327514717541753,0.9165710689204738,0.072465688631388234,0.80275637803550282,-0.099707591856894692,-0.80275637803550282,0.099707591856894692,0.9165710689204738,0.072465688631388234
fig8_D_0p5,0.5,7.7426368268112693,1.1732683750350419,1.9184874492992212,9.8177322386939014,0.013448824155779329,-4.9506694567803793,-4.1077562999555335,-0.10595016404205822,2.3541983705228939,0.91712212754529499,0.073620485176471545,0.80283926982205378,-0.10140274550843711,-0.802839269822054,0.10140274550843711,0.91712212754529499,0.073620485176471517
fig8_D_0p5,0.5,7.8685715069368518,1.1798209258048817,1.9314084397605886,9.8104700828532607,0.0095326111601787729,-5.021104359847282,-4.0978458204094643,-0.088082478986376139,2.3809416855227403,0.9176917634918329,0.074792784509673901,0.80292436571642933,-0.10312914243271783,-0.80292436571642922,0.10312914243271783,0.9176917634918329,0.074792784509673901
fig8_D_0p5,0.5,7.9965545258923463,1.1861791928328167,1.9448007612760618,9.8039655060941424,0.0057248733090027532,-5.0913937927559658,-4.0869655683240111,-0.070096253678236048,2.4077501299931652,0.91828061945311235,0.075982799548936192,0.80301170226590413,-0.10488747538608489,-0.80301170226590401,0.10488747538608489,0.91828061945311235,0.075982799548936178
fig8_D_0p5,0.5,8.1266192000919446,1.1923474860749346,1.9586774090536985,9.7982088492609485,0.0020156541226680341,-5.1615154608210645,-4.0751305303572227,-0.052005682733826608,2.4346301962758861,0.91888936140074517,0.077190742399992962,0.8031013146847702,-0.10667845774146749,-0.80310131468477008,0.10667845774146749,0.91888936140074517,0.077190742399992976
fig8_D_0p5,0.5,8.258799387844272,1.1983302398406726,1.9730515359989975,9.7931914132186311,-0.0016045275614558509,-5.2314481464539559,-4.0623567868092074,-0.033824968180956275,2.4615894082360708,0.91951867949167676,0.078416824068536853,0.80319323662644015,-0.10850282430177038,-0.80319323662644004,0.10850282430177038,0.91951867949167676,0.078416824068536881
fig8_D_0p5,0.5,8.3931294981663651,1.2041320060001945,1.9879364580958829,9.7889054488029039,-0.0051447066957071236,-5.3011717713730508,-4.0486614636198581,-0.01556827731517945,2.488636326002768,0.92016928901379913,0.079661254148534325,0.80328749993420023,-0.11036133215117327,-0.80328749993420023,0.11036133215117327,0.92016928901379913,0.079661254148534311
fig8_D_0p5,0.5,8.5296444997410248,1.2097574468781576,2.0033456614184946,9.7853441489146658,-0.0086134995128826965,-5.3706674561726695,-4.0340626818945093,0.0027502983685821977,2.5157805489668288,0.92084193137225823,0.080924240484852861,0.80338413436881784,-0.11225476154622187,-0.80338413436881773,0.11225476154622187,0.92084193137225823,0.080924240484852847
fig8_D_0p5,0.5,8.6683799300197748,1.2152113279269137,2.0192928108078658,9.7825016427216376,-0.012019129563437191,-5.4399175771644197,-4.0185795052152784,0.021116783012192497,2.5430327172029874,0.92153737511837641,0.082205988808212171,0.80348316731106251,-0.1141839168486931,-0.8034831673110624,0.11418391684869308,0.92153737511837641,0.082205988808212158
fig8_D_0p5,0.5,8.8093719044739913,1.2204985102685477,2.0357917602453082,9.7803729919364599,-0.01536945244752665,-5.5089058204306358,-4.0022318850015735,0.039517354855098066,2.5704045114976393,0.9222564170232006,0.083506702340312849,0.80358462343704018,-0.11614962750231718,-0.80358462343704007,0.11614962750231718,0.9222564170232006,0.083506702340312877
fig8_D_0p5,0.5,8.9526571259964012,1.2256239431911831,2.0528565649524042,9.7789541891470222,-0.01867197937788188,-5.577617233055344,-3.9850406041874793,0.057938383190920997,2.5979086521773738,0.92299988319779036,0.084826581366819642,0.80368852436405624,-0.1181527490555367,-0.80368852436405624,0.1181527490555367,0.92299988319779036,0.084826581366819656
fig8_D_0p5,0.5,9.0982728944555582,1.2305926566809027,2.0705014952467482,9.7782421581819694,-0.021933899697928978,-5.6460382715245654,-3.9670272194853449,0.076366463706077484,2.6255588969456745,0.92376863026245426,0.086165822775688017,0.80379488826454304,-0.12019416423259294,-0.80379488826454293,0.12019416423259294,0.92376863026245426,0.086165822775688017
fig8_D_0p5,0.5,9.2462571164057437,1.2354097540664069,2.0887410521823111,9.7782347565016696,-0.025162102469401752,-5.7141568473141016,-3.948214002504884,0.094788452101986151,2.6533700379463774,0.92456354656725792,0.087524619558118147,0.80390372944537014,-0.12227478405533847,-0.80390372944537003,0.12227478405533847,0.92456354656725792,0.087524619558118147
fig8_D_0p5,0.5,9.3966483149546907,1.240080404849216,2.107589985004092,9.7789307796132228,-0.028363197234204947,-5.7819623697089852,-3.928623879994674,0.1131914959184379,2.6813578982821649,0.92538555346623008,0.088903160269193704,0.80401505788963823,-0.12439554901828728,-0.80401505788963823,0.12439554901828728,0.92538555346623008,0.088903160269193732
fig8_D_0p5,0.5,9.5494856397919659,1.2446098377878538,2.1270633104483179,9.7803299675161739,-0.031543534047085653,-5.8494457859251741,-3.9082803734688492,0.13156306449139596,2.7095393282254663,0.92623560664781113,0.090301628445024651,0.80412887875780625,-0.12655743031953812,-0.80412887875780625,0.12655743031953809,0.92623560664781124,0.090301628445024665
fig8_D_0p5,0.5,9.704808877380307,1.2490033343001914,2.147176333921907,9.7824330131949893,-0.034709222868169742,-5.9165996186290721,-3.8872075384759741,0.1498909769946152,2.7379322013664704,0.92711469752420661,0.091720201972943907,0.80424519184473953,-0.12876143115032246,-0.80424519184473953,0.12876143115032246,0.92711469752420661,0.091720201972943907
fig8_D_0p5,0.5,9.8626584613128205,1.2532662222438256,2.1679446725984737,9.7852415731835762,-0.037866152397836077,-5.9834180009761937,-3.8654299037591136,0.16816342853023886,2.7665554109500206,0.92802385468242976,0.09315905241102497,0.80436399098897471,-0.13100858804606039,-0.8043639909889746,0.13100858804606039,0.92802385468242976,0.093159052411024998
fig8_D_0p5,0.5,10.023075482838644,1.2574038701303549,2.1893842804724861,9.7887582802370652,-0.041020008430864306,-6.0498967093143285,-3.8429724105470222,0.18636901424912411,2.7954288666587277,0.92896414539994387,0.094618344252872855,0.80448526343018323,-0.1332999723019366,-0.80448526343018334,0.1332999723019366,0.92896414539994399,0.094618344252872869
fig8_D_0p5,0.5,10.186101701559753,1.2614216818253916,2.2115114754186389,9.792986758156939,-0.0441762918017094,-6.1160331937207069,-3.8198603522057732,0.20449675149671045,2.8245734921050376,0.92993667722794171,0.096098234133299154,0.80460898911047085,-0.13563669145613921,-0.80460898911047085,0.13563669145613921,0.92993667722794171,0.09609823413329914
fig8_D_0p5,0.5,10.351779556301762,1.2653250917825247,2.2343429683100298,9.797931638826487,-0.047340335988848091,-6.1818266065658269,-3.7961193144678522,0.22253609999517615,2.8540112232993997,0.93094259964543769,0.097598869970125776,0.80473513991477919,-0.13801989084404642,-0.80473513991477919,0.13801989084404645,0.93094259964543757,0.097598869970125804
fig8_D_0p5,0.5,10.520152176161591,1.2691195608560264,2.2578958942562077,9.8035985815254651,-0.050517324442657829,-6.2472778293189171,-3.7717751164427424,0.24047698008668109,2.8837650083658017,0.93198310578747501,0.09912039003695497,0.80486367884524768,-0.14045075522678044,-0.80486367884524779,0.14045075522678044,0.93198310578747501,0.09912039003695497
fig8_D_0p5,0.5,10.691263391734772,1.2728105727339418,2.282187846030864,9.8099942946054135,-0.053712307698739234,-6.312389497831977,-3.7468537525987728,0.25830978907604646,2.9138588087799344,0.93305943425089466,0.10066292196130557,0.8049945591239519,-0.14293051049769204,-0.80499455912395179,0.14293051049769198,0.93305943425089466,0.10066292196130561
fig8_D_0p5,0.5,10.865157746525373,1.2764036310305129,2.3072369097686729,9.8171265596201547,-0.056930220336774383,-6.3771660263602445,-3.7213813358909125,0.27602541572411865,2.9443176024089954,0.93417287098124568,0.10222658164203773,0.80512772321795312,-0.14546042547047974,-0.80512772321795301,0.14546042547047972,0.93417287098124557,0.10222658164203773
fig8_D_0p5,0.5,11.041880508541603,1.2799042570745447,2.3330617030219205,9.8250042580202113,-0.06017589784367245,-6.4416136305974394,-3.6953840421934077,0.29361525295526736,2.9751673886360352,0.93532475124455572,0.10381147207946539,0.80526310178006744,-0.14804181375279235,-0.80526310178006721,0.14804181375279235,0.93532475124455572,0.10381147207946541
fig8_D_0p5,0.5,11.221477682079803,1.2833179884284103,2.3596814152797316,9.8336374005350429,-0.063454093439460971,-6.5057403500239044,-3.6688880561797208,0.3110712088538285,3.0064351958560955,0.93651646168781888,0.10541768211098726,0.80540061249819117,-0.15067603570929974,-0.80540061249819117,0.15067603570929972,0.93651646168781888,0.10541768211098729
fig8_D_0p5,0.5,11.40399601970033,1.2866503781709797,2.3871158510664316,9.8430371593825683,-0.066769494924392658,-6.5695560698854836,-3.6419195187755031,0.32838571603507294,3.0381490916362681,0.93774944249219316,0.10704528504445053,0.80554015884539554,-0.15336450051836545,-0.80554015884539554,0.15336450051836545,0.93774944249219305,0.10704528504445052
fig8_D_0p5,0.5,11.589483034398118,1.2899069949769069,2.4153854757505711,9.8532159034631608,-0.070126741606816478,-6.6330725431396376,-3.6145044762929466,0.34555173948616213,3.0703381958372402,0.93902518962302883,0.10869433718078142,0.80568162872232185,-0.15610866832658088,-0.80568162872232185,0.15610866832658085,0.93902518962302883,0.10869433718078139
fig8_D_0p5,0.5,11.777987011971181,1.2930934240243097,2.4445114642127184,9.8641872367131853,-0.073530441372781599,-6.6963034127246983,-3.5866688313378283,0.36256278298185352,3.1030326970007081,0.94034525718097628,0.11036487621668202,0.80582489298266957,-0.15891005250555398,-0.80582489298266979,0.15891005250555398,0.94034525718097639,0.11036487621668201
fig8_D_0p5,0.5,11.969557023590429,1.2962152687632018,2.4745157525383719,9.8759660398133562,-0.076985187960805654,-6.7592642345269436,-3.5584382955627047,0.37941289418828716,3.1362638723148724,0.94171125985853887,0.11205691951738907,0.80596980383175598,-0.16177022201546956,-0.80596980383175587,0.16177022201546956,0.94171125985853887,0.11205691951738907
fig8_D_0p5,0.5,12.164242938573679,1.2992781535779139,2.5054210929222269,9.8885685154684069,-0.080495578508128662,-6.821972501439288,-3.5298383443225543,0.39609666857616455,3.1700641114795491,0.94312487550654001,0.11377046224860914,0.80611619308724813,-0.16469080388003998,-0.80611619308724802,0.16469080388003998,0.94312487550654001,0.11377046224860914
fig8_D_0p5,0.5,12.362095437367691,1.3022877273783202,2.537251111992008,9.9020122374977504,-0.084066231438679306,-6.8844476689254765,-3.5008941732714449,0.41260925227199485,3.2044669448039795,0.94458784781506999,0.11550547535579225,0.80626387029020152,-0.16767348577757207,-0.80626387029020141,0.16767348577757207,0.94458784781506999,0.11550547535579227
fig8_D_0p5,0.5,12.563166024741214,1.305249668157024,2.5700303727839726,9.9163162040018893,-0.08770180476754412,-6.9467111825237637,-3.4716306569217954,0.428946343983099,3.2395070758834148,0.94610198911354815,0.11726190337785666,0.80641262065348951,-0.17072001875294437,-0.8064126206534894,0.17072001875294437,0.94610198911354815,0.11726190337785666
fig8_D_0p5,0.5,12.767507043192644,1.3081696885527268,2.6037844406284432,9.9315008948968604,-0.091407014902103748,-7.0087865077458984,-3.4420723091704821,0.4451041961385635,3.275220419216633,0.94766918329458905,0.11903966208133546,0.80656220283355995,-0.17383222005534699,-0.80656220283355973,0.17383222005534701,0.94766918329458905,0.11903966208133547
fig8_D_0p5,0.5,12.97517168657587,1.3110535424639926,2.638539953232617,9.9475883341387252,-0.09518665602647837,-7.0706991628500155,-3.4122432457791416,0.46107961539471776,3.3116441431449566,0.94929138886638442,0.12083863589967489,0.80671234651020607,-0.17701197610666666,-0.80671234651020629,0.17701197610666666,0.94929138886638453,0.12083863589967486
fig8_D_0p5,0.5,13.186214013947485,1.313907032762379,2.6743246952793003,9.9646021569927949,-0.099045620163091569,-7.1324767549908126,-3.3821671487794012,0.47686996265975823,3.3488167185149575,0.95097064213829918,0.12265867516104438,0.80686274975766625,-0.18026124560538087,-0.80686274975766625,0.18026124560538087,0.95097064213829918,0.12265867516104437
fig8_D_0p5,0.5,13.400688963639507,1.3167360201598466,2.7111676778950549,9.9825676827382157,-0.10298891801374647,-7.194149020277429,-3.3518672327572494,0.49247315279838005,3.3867779734924119,0.9527090605443358,0.12449959308654505,0.80701307618888163,-0.18358206277079434,-0.80701307618888152,0.18358206277079436,0.9527090605443358,0.12449959308654505
fig8_D_0p5,0.5,13.618652367560827,1.3195464332921436,2.7490992233793246,10.001511993237868,-0.10702170069194863,-7.255747868298756,-3.321366212954322,0.5078876541834495,3.4255691549840388,0.9545088461090061,0.12636116253906887,0.80716295185310549,-0.18697654073232955,-0.80716295185310538,0.18697654073232955,0.9545088461090061,0.12636116253906884
fig8_D_0p5,0.5,13.840160965731302,1.3223442800880165,2.788151055628016,10.021464017846988,-0.11114928246933717,-7.3173074317088371,-3.2906862751078525,0.52311248826845347,3.4652329971571536,0.95637228905999883,0.12824311250129744,0.80731196186528753,-0.19044687506844143,-0.80731196186528742,0.19044687506844146,0.95637228905999883,0.12824311250129747
fig8_D_0p5,0.5,14.065272421052363,1.3251356605033981,2.8283563967314489,10.042454625181822,-0.11537716467116116,-7.3788641215013246,-3.259849046934721,0.53814722936137838,3.5058137975860282,0.95830177159179286,0.13014512425939495,0.80745964674370552,-0.19399534749948713,-0.80745964674370552,0.19399534749948713,0.95830177159179297,0.13014512425939492
fig8_D_0p5,0.5,14.294045334317611,1.3279267807105219,2.8697500702776173,10.06451672232275,-0.11971106086982462,-7.4404566886425849,-3.2288755711490391,0.55299200478846944,3.5473575015976015,0.96029977178404646,0.13206682726683147,0.80760549843020846,-0.1976243297385599,-0.80760549843020857,0.19762432973855992,0.96029977178404646,0.13206682726683144
fig8_D_0p5,0.5,14.526539259467812,1.3307239688442949,2.9123686119484087,10.087685362085061,-0.12415692354127315,-7.5021262927790442,-3.1977862798861389,0.56764749564501538,3.5899117954396838,0.96236886767817442,0.13400779466048096,0.80774895596511642,-0.20133628750389404,-0.80774895596511631,0.20133628750389401,0.96236886767817442,0.13400779466048096
fig8_D_0p5,0.5,14.76281471909391,1.3335336924223546,2.9562503880591304,10.111997859056038,-0.12872097236668353,-7.5639165787855136,-3.166600970389303,0.58211493833999239,3.633526208951793,0.96451174151499208,0.13596753839861234,0.807889400786304,-0.20513378469589555,-0.80788940078630389,0.20513378469589555,0.96451174151499208,0.13596753839861231
fig8_D_0p5,0.5,15.002933220192167,1.3363625775714041,3.0014357227613684,10.137493915169497,-0.13340972438225279,-7.6258737619796531,-3.1353387817983962,0.5963961271526802,3.6782522284839687,0.96673118413561654,0.13794550398765484,0.80802615161924252,-0.20901948774118478,-0.80802615161924229,0.20901948774118478,0.96673118413561654,0.13794550398765487
fig8_D_0p5,0.5,15.246957270175731,1.3392174302107573,3.0479670347067724,10.164215755670162,-0.13823002620258298,-7.6880467228933549,-3.1040181728615157,0.6104934180323095,3.7241434208824171,0.96903009954698804,0.13994106476162829,0.80815845892177485,-0.21299617010519811,-0.80815845892177463,0.21299617010519814,0.96903009954698804,0.13994106476162829
fig8_D_0p5,0.5,15.494950393146317,1.3421052593649672,3.0958889840557609,10.192208276410904,-0.14318908856897797,-7.7504871125661623,-3.0726569003721509,0.6244097338868253,3.771255569444484,0.97141150965232459,0.14195351567486161,0.80828549884413159,-0.21706671697385055,-0.80828549884413159,0.21706671697385052,0.97141150965232459,0.14195351567486161
fig8_D_0p5,0.5,15.746977146430867,1.3450333028012009,3.1452486308116656,10.221519203526674,-0.14829452350341832,-7.8132494694104233,-3.0412719981139347,0.63814857162434668,3.8196468228400953,0.9738785591455803,0.14398206656508114,0.80840636666113419,-0.22123413010352139,-0.8084063666611343,0.22123413010352141,0.9738785591455803,0.14398206656508111
fig8_D_0p5,0.5,16.003103137387019,1.3480090552141761,3.1960956055687975,10.252199266643148,-0.15355438438218336,-7.8763913487933435,-3.0098797560734565,0.65171401123134032,3.8693778581037011,0.97643452056744073,0.14602583484007262,0.80852006962965417,-0.22550153283708213,-0.80852006962965395,0.22550153283708216,0.97643452056744073,0.14602583484007262
fig8_D_0p5,0.5,16.263395040481907,1.3510402992123611,3.2484822938839391,10.284302386904782,-0.15897720928099898,-7.9399734665898496,-2.9784956996577385,0.66511072719539943,3.9205120589220264,0.97908279951857047,0.1480838375369182,0.80862551922018366,-0.22987217528186923,-0.80862551922018355,0.22987217528186923,0.97908279951857047,0.14808383753691814
fig8_D_0p5,0.5,16.527920614648938,1.3541351393944396,3.3024640356166963,10.317885881250795,-0.16457206798686227,-8.0040598580836395,-2.9471345686266885,0.67834400260835881,3.9731157105801276,0.98182694002363857,0.15015498269823599,0.80872152266678932,-0.23434943964331625,-0.80872152266678943,0.23434943964331625,0.98182694002363857,0.15015498269823599
fig8_D_0p5,0.5,16.79674872092653,1.3573020398453544,3.3580993407368749,10.353010684528366,-0.17034861312088823,-8.0687180537337433,-2.915810295421394,0.69141974631809111,4.0272582130833037,0.98467063003704247,0.1522380600048798,0.80880677377474486,-0.23893684570534685,-0.80880677377474486,0.23893684570534685,0.98467063003704247,0.15223806000487972
fig8_D_0p5,0.5,17.069949340384078,1.3605498654273767,3.4154501232696459,10.389741591214856,-0.17631713587298847,-8.1340192734840784,-2.8845359825360166,0.70434451353542016,4.0830123141487897,0.9876177070781802,0.15433173059917568,0.80887984291974446,-0.24363805644556341,-0.80887984291974446,0.24363805644556341,0.9876177070781802,0.15433173059917563
fig8_D_0p5,0.5,17.347593592339326,1.3638879272945632,3.4745819552435355,10.428147518726012,-0.18248862691376114,-8.2000386414745137,-2.8533238785434305,0.71712553034706883,4.1404543639603117,0.99067216398046276,0.15643451602693481,0.80893916616675976,-0.24845688376960232,-0.80893916616675965,0.24845688376960232,0.99067216398046276,0.15643451602693476
fig8_D_0p5,0.5,17.629753752872038,1.3673260331196782,3.535564342726579,10.468301794520267,-0.18887484312314196,-8.2668554232194733,-2.8221853523418625,0.72977072263755172,4.1996645938054122,0.99383815473397663,0.15854478622017476,0.80898303343028011,-0.2533972943447419,-0.80898303343028,0.25339729434474184,0.99383815473397674,0.1585447862201747
fig8_D_0p5,0.5,17.916503273638995,1.3708745425926641,3.5984710262854493,10.510282469472987,-0.1954883808606355,-8.3345532875560515,-2.7911308651401274,0.74228874998378069,4.2607274209728461,0.99712000039666526,0.16066074643567971,0.80900957559087017,-0.25846341550780527,-0.80900957559087017,0.25846341550780533,0.99712000039666526,0.16066074643567971
fig8_D_0p5,0.5,18.207916800994624,1.3745444288302704,3.6633803084855954,10.554172660294563,-0.20234275660030446,-8.4032205959331723,-2.7601699396422736,0.75468904515714275,4.3237317825802171,1.0005221950429748,0.16278042305719242,0.80901675047563393,-0.26365954121647001,-0.80901675047563393,0.26365954121646995,1.0005221950429748,0.1627804230571924
fig8_D_0p5,0.5,18.504070195423022,1.3783473464298073,3.7303754113730916,10.600060924107655,-0.20945249586717452,-8.4729507219218743,-2.7293111258258138,0.7669818599510394,4.3887715013363646,1.0040494117120142,0.1649016481611702,0.80900232760229773,-0.26899013800620092,-0.80900232760229773,0.26899013800620092,1.0040494117120142,0.1649016481611702
fig8_D_0p5,0.5,18.805040551285835,1.3822957070078552,3.7995448672461603,10.648041668687981,-0.216833231543195,-8.5438424041792747,-2.6985619626307784,0.77917831814923333,4.4559456866237737,1.0077065083091854,0.1670220427376013,0.80896387157819116,-0.27445985090692004,-0.80896387157819094,0.27445985090692004,1.0077065083091854,0.1670220427376013
fig8_D_0p5,0.5,19.110906216891397,1.3864027631902007,3.870982946444439,10.6982156023178,-0.22450181276329789,-8.6160001365036862,-2.667928934786405,0.7912904765644434,4.5253591747225226,1.0114985334058475,0.16913899844839056,0.80889872403639873,-0.28007350926412822,-0.80889872403639873,0.28007350926412816,1.0114985334058477,0.16913899844839053
fig8_D_0p5,0.5,19.421746814890245,1.3906827021651575,3.9447901263646958,10.75069022771048,-0.23247642579933026,-8.689534599082581,-2.6374174238966916,0.80333139521050978,4.5971230124965201,1.0154307318706193,0.17124965779626847,0.80880398398180486,-0.2858361323982293,-0.80880398398180464,0.28583613239822919,1.0154307318706195,0.1712496577962685
fig8_D_0p5,0.5,19.737643263002553,1.3951507500827425,4.021073606463176,10.805580385048396,-0.24077672853618742,-8.764563135569416,-2.607031652781413,0.81531521782882022,4.6713549894359838,1.0195085502532151,0.17335089256708727,0.80867648640963752,-0.29175293502309557,-0.80867648640963719,0.29175293502309552,1.0195085502532151,0.17335089256708736
fig8_D_0p5,0.5,20.058677795082339,1.399823288781268,4.0999478746384534,10.863008849847736,-0.24942400038575982,-8.8412102812404445,-2.5767746219229104,0.82725726417482559,4.7481802236089958,1.023737641826951,0.17543928039774781,0.80851277904851504,-0.29782933233013492,-0.80851277904851515,0.29782933233013492,1.023737641826951,0.17543928039774781
fig8_D_0p5,0.5,20.384933982524643,1.4047179865564932,4.1815353311194547,10.923106992137305,-0.25844130976676938,-8.9196083481935826,-2.5466480366955708,0.83917413568875054,4.8277318078350779,1.0281238711789862,0.17751107931095125,0.80830909706891563,-0.30407094462705542,-0.80830909706891552,0.30407094462705531,1.0281238711789862,0.17751107931095125
fig8_D_0p5,0.5,20.71649675602071,1.4098539449630521,4.2659669768263067,10.986015504331112,-0.26785370161033051,-8.9998980743723944,-2.5166522238498867,0.85108383643248764,4.9101515232705095,1.0326733182175978,0.17956220004652546,0.80806133558655691,-0.31048360140073578,-0.80806133558655679,0.31048360140073572,1.0326733182175978,0.17956220004652546
fig8_D_0p5,0.5,21.05345242766704,1.4152518639616869,4.3533831741481768,11.051885206208125,-0.27768840774147613,-9.0822293441509263,-2.486786035479247,0.86300591148001515,4.9955906286111436,1.0373922814429788,0.18158817600739457,0.80776501977848081,-0.31707334465080161,-0.8077650197784807,0.3170733446508015,1.0373922814429788,0.18158817600739463
fig8_D_0p5,0.5,21.395888713434214,1.42093422810855,4.4439344892148336,11.120877936611082,-0.28797508344774297,-9.166761989321353,-2.4570467384076458,0.87496160531079126,5.0842107342969074,1.0422872803017582,0.18358413062649767,0.80741527241786315,-0.32384643131419544,-0.80741527241786315,0.32384643131419538,1.0422872803017582,0.1835841306264977
fig8_D_0p5,0.5,21.743894756000799,1.4269255169367703,4.5377826260558782,11.193167542869816,-0.29874607409135279,-9.2536666806140815,-2.4274298865901311,0.88697404318666273,5.1761847724727685,1.047365056415142,0.18554474194932877,0.80700677862193959,-0.3308093345707302,-0.80700677862193959,0.33080933457073008,1.047365056415142,0.18554474194932874
fig8_D_0p5,0.5,22.097561147959031,1.4332524432202856,4.6351014645782156,11.268940980580014,-0.31003671626910995,-9.3431259213837361,-2.3979291737033406,0.89906843900663092,5.2716980750600682,1.0526325734358086,0.18746420421559631,0.80653374759624807,-0.3379687437848331,-0.80653374759624785,0.33796874378483294,1.0526325734358086,0.18746420421559642
fig8_D_0p5,0.5,22.456979955397763,1.4399442234538196,4.736078216087809,11.348399538266706,-0.32188567879500246,-9.4353351568530819,-2.3685362626060198,0.91127233374856254,5.3709495741608517,1.0580970152487543,0.18933618621312462,0.80598987114801479,-0.34533156279873428,-0.80598987114801457,0.34533156279873428,1.0580970152487543,0.18933618621312467
fig8_D_0p5,0.5,22.822244741868964,1.4470328856535071,4.8409147121877183,11.431760203687984,-0.33433534970138318,-9.5305040143711235,-2.3392405877504148,0.92361586934423079,5.4741531412096975,1.063765782185579,0.19115378616807718,0.8053682787324653,-0.35290490624664816,-0.8053682787324653,0.35290490624664828,1.063765782185579,0.19115378616807727
fig8_D_0p5,0.5,23.193450592744277,1.45455362050781,4.9498288453595789,11.519257191150107,-0.34743227655792697,-9.628857692569456,-2.3100291259021781,0.9361321037212057,5.581539083864036,1.0696464848694913,0.19290948292847715,0.80466148878872401,-0.36069609350725851,-0.8046614887887239,0.36069609350725845,1.0696464848694913,0.19290948292847721
fig8_D_0p5,0.5,23.57069413996728,1.4625451830227736,5.0630561824540896,11.611143652287984,-0.36122766873393553,-9.7306385201659431,-2.2808861296504856,0.94885737381596791,5.6933558226624497,1.0757469352487412,0.19459508319362193,0.80386135611759646,-0.3687126398522434,-0.80386135611759646,0.3687126398522434,1.0757469352487412,0.19459508319362195
fig8_D_0p5,0.5,23.954073587208793,1.471050353153055,5.1808517757678354,11.707693596409918,-0.37577797182994549,-9.8361077085549269,-2.2517928171249442,0.96183171465976458,5.8098717730740566,1.0820751343085067,0.19620166454134313,0.80295901505287048,-0.37696224428087982,-0.80295901505287037,0.37696224428087982,1.0820751343085067,0.19620166454134311
fig8_D_0p5,0.5,24.34368873543113,1.4801164655446681,5.3034922004779137,11.809204050827327,-0.39114552644198813,-9.9455473263478407,-2.2227270100374299,0.97509934421517674,5.9313774628260525,1.0886392558744575,0.19771951400934532,0.80194481818205565,-0.38545277345394446,-0.80194481818205576,0.38545277345394446,1.0886392558744573,0.19771951400934532
fig8_D_0p5,0.5,24.739641008868116,1.4897960205060874,5.4312778520790701,11.91599749673213,-0.40739932577658172,-10.059262528820955,-2.1936627105771951,0.98870922556479812,6.0581879194717061,1.0954476258344328,0.19913806199760745,0.80080827038323432,-0.39419224105333744,-0.80080827038323432,0.3941922410533375,1.0954476258344328,0.19913806199760742
fig8_D_0p5,0.5,25.142033481427966,1.5001473907582366,5.5645355432869659,12.0284246223215,-0.42461588950726903,-10.177584080954649,-2.1645696057341737,1.0027157204089845,6.1906453692232786,1.1025086960069457,0.20044581127788458,0.7995379579637385,-0.40318878179610507,-0.79953795796373839,0.40318878179610496,1.1025086960069457,0.20044581127788463
fig8_D_0p5,0.5,25.550970903525069,1.5112356415015991,5.7036214468438571,12.146867442221206,-0.44288027478259145,-10.300871219615901,-2.1354124852159955,1.0171793507260094,6.3291222953394097,1.1098310117755821,0.20163026092595857,0.79812147271599576,-0.41245061922188236,-0.79812147271599576,0.41245061922188231,1.1098310117755821,0.20163026092595854
fig8_D_0p5,0.5,25.966559729348724,1.5231334850220486,5.8489244390494095,12.271742841095044,-0.46228724962448209,-10.429514908702036,-2.1061505561391489,1.032167689024541,6.4740249130966934,1.117423172486065,0.20267782503521081,0.79654533074879341,-0.42198602625047327,-0.7965453307487933,0.4219860262504731,1.117423172486065,0.20267782503521081
fig8_D_0p5,0.5,26.388908144575129,1.5359223956177621,6.0008699089619322,12.403506609990462,-0.48294265930477775,-10.563941551048456,-2.0767366339614215,1.0477564020539765,6.6257971289278155,1.1252937834669829,0.20357374612959148,0.79479488601172554,-0.43180327737047697,-0.79479488601172554,0.43180327737047697,1.1252937834669829,0.20357374612959123
fig8_D_0p5,0.5,26.818126094530129,1.5496939163030115,6.1599241104837619,12.542658056884799,-0.50496502292683509,-10.704617233013904,-2.0471161844817396,1.0640304783645009,6.7849250641011025,1.1334513983855476,0.2043020032740859,0.79285423851061732,-0.44191059117024406,-0.79285423851061709,0.44191059117024395,1.1334513983855476,0.20430200327408587
fig8_D_0p5,0.5,27.254325312810277,1.5645511958358018,6.3265991494726794,12.689745288603245,-0.5284874057195077,-10.852052592405334,-2.017226185905912,1.0810856770271207,6.9519422388871286,1.1419044504861602,0.20484521498602609,0.79070613731695416,-0.45231606175882372,-0.79070613731695416,0.45231606175882366,1.1419044504861602,0.20484521498602615
fig8_D_0p5,0.5,27.69761935036891,1.5806108035242996,6.5014587162629676,12.845371280461617,-0.5536596229296582,-11.006808418442434,-1.9869937726228042,1.0990302435280066,7.1274355321909537,1.1506611710823487,0.20518453718651608,0.78833187861030052,-0.46302757744734113,-0.78833187861030041,0.46302757744734113,1.1506611710823484,0.20518453718651608
fig8_D_0p5,0.5,28.148123605075813,1.5980048805157319,6.6851246963704929,13.010200873517483,-0.58065084427683888,-11.169502114622203,-1.9563346130065866,1.1179869498599904,7.3120520549980634,1.1597294934831246,0.20529955660434962,0.78571119916576759,-0.4740527248717159,-0.78571119916576759,0.47405272487171579,1.1597294934831248,0.20529955660434937
fig8_D_0p5,0.5,28.605955351757448,1.6168837005542727,6.8782848197633237,13.18496886830693,-0.60965268450178312,-11.340815182693925,-1.9251509616622982,1.1380955298332873,7.5065071048067509,1.169116940334983,0.20516818026246575,0.78282216591629694,-0.48539867653777452,-0.78282216591629683,0.48539867653777446,1.169116940334983,0.2051681802624658
fig8_D_0p5,0.5,29.071233772725755,1.6374187314338395,7.0817015432858028,13.370489419844729,-0.64088288665109194,-11.521501919877648,-1.8933293112694922,1.1595155985322572,7.7115934039482461,1.1788304921542618,0.20476652194778536,0.77964106249030996,-0.49707205956331307,-0.77964106249031007,0.49707205956331307,1.1788304921542618,0.20476652194778533
fig8_D_0p5,0.5,29.544079988803798,1.6598063118051238,7.2962224034160981,13.567666983333989,-0.67458973180221959,-11.712399563743059,-1.8607375494818805,1.182430167883862,7.9281918692016866,1.1888764346166587,0.20406878689874455,0.77614227395876412,-0.5090788031837028,-0.77614227395876412,0.50907880318370291,1.1888764346166585,0.20406878689874455
fig8_D_0p5,0.5,30.024617090855493,1.6842720882925872,7.522792129851795,13.777509115902449,-0.71105734384185515,-11.914440172158335,-1.8272215007629296,1.2070499001354509,8.1572842158462695,1.1992601819688458,0.20304715635169104,0.77229817143250901,-0.52142396238577626,-0.7722981714325089,0.52142396238577615,1.199260181968846,0.20304715635169104
fig8_D_0p5,0.5,30.512970171828709,1.7110763973092127,7.7624668775187837,14.001141509941235,-0.75061210324373417,-12.128664592495218,-1.7926006995979034,1.2336182799269304,8.3999677694732959,1.2099860737419406,0.20167167407898753,0.76807899864252782,-0.53411151484952568,-0.76807899864252793,0.5341115148495259,1.2099860737419403,0.2016716740789874
fig8_D_0p5,0.5,31.009266359319298,1.7405208276386976,8.0164310195345614,14.239825722477377,-0.79363044307298636,-12.356238958917201,-1.756663197502065,1.2624179366887847,8.6574729477611001,1.2210571417920002,0.19991013764038981,0.76345276322438049,-0.54714412822254677,-0.76345276322438049,0.54714412822254677,1.2210571417920004,0.19991013764038951
fig8_D_0p5,0.5,31.513634848664761,1.7729562680944388,8.2860170518135288,14.49498017804823,-0.84054837853896636,-12.598474264513921,-1.7191591478629271,1.2937784166023263,8.9311839876580841,1.2324748445874516,0.19772799776727706,0.75838513612618552,-0.56052289464686689,-0.75838513612618552,0.56052289464686689,1.2324748445874518,0.19772799776727701
fig8_D_0p5,0.5,32.0262069365765,1.8087928353715057,8.5727292985924848,14.768205167240986,-0.8918732251003888,-12.856849693568346,-1.6797928346226974,1.3280857933263384,9.2226636386137972,1.2442387656313318,0.19508827011830956,0.75283936337848834,-0.57424702942578054,-0.75283936337848834,0.57424702942578065,1.2442387656313318,0.1950882701183094
fig8_D_0p5,0.5,32.547116055318483,1.8485121990431577,8.8782722869072277,15.061312749474482,-0.9481980989144787,-13.133040578213164,-1.6382127056490392,1.3657946275917885,9.5336827298913285,1.2563462729778314,0.19195146459507403,0.74677619541436868,-0.58831353078987836,-0.7467761954143689,0.58831353078987847,1.2563462729778316,0.19195146459507381
fig8_D_0p5,0.5,33.076497807442422,1.8926829855525173,9.2045848901940985,15.376362710393693,-1.010219980826367,-13.428952076585652,-1.593998828685536,1.407442949651035,9.8662557635326085,1.2687921370159123,0.18827553849406828,0.74015384021592556,-0.60271679793475008,-0.74015384021592567,0.60271679793475008,1.2687921370159123,0.18827553849406803
fig8_D_0p5,0.5,33.614490001087688,1.941980168304233,9.5538816448351707,15.715706040086687,-1.0787623804887037,-13.746759974778042,-1.5466469916270014,1.4536711627877654,10.222684003346847,1.2815681040937685,0.18401588099845403,0.73292794779039316,-0.61744820490380781,-0.73292794779039327,0.61744820490380781,1.2815681040937683,0.18401588099845395
fig8_D_0p5,0.5,34.161232685855254,1.9972096616984727,9.928703043629838,16.082037813946176,-1.1548039886779489,-14.088960417970005,-1.4955483970784746,1.5052460758922563,10.605607950789526,1.2946624242022715,0.17912533787290022,0.72505163483903579,-0.63249562853404251,-0.7250516348390359,0.63249562853404229,1.2946624242022717,0.1791253378729
fig8_D_0p5,0.5,34.716868189265597,2.0593397701091143,10.331977141684066,16.478461909109331,-1.2395151946432927,-14.458430912835817,-1.4399635206030743,1.5630917056430407,11.018071657646828,1.3080593318879041,0.1735542866994022,0.71647555995655121,-0.64784292963486911,-0.7164755599565511,0.647842929634869,1.3080593318879041,0.17355428669940245
fig8_D_0p5,0.5,35.281541153808831,2.1295417533788319,10.767095521962146,16.908570726046815,-1.3343050326034291,-14.858505663994643,-1.3789881632383589,1.6283290995048654,11.463602074867927,1.3217384808997656,0.16725077454725135,0.70714806125402219,-0.66346938790429422,-0.70714806125402219,0.66346938790429433,1.3217384808997654,0.16725077454725118
fig8_D_0p5,0.5,35.855398574598169,2.2092426413377289,11.238007629003512,17.376544077660057,-1.4408820994394858,-15.293069283554559,-1.3115089567949516,1.7023283032349323,11.946307650233209,1.3356743348721616,0.16016073155093796,0.69701536987908108,-0.67934909288354084,-0.69701536987908108,0.67934909288354084,1.3356743348721618,0.16016073155093799
fig8_D_0p5,0.5,36.438589837635483,2.3001946880684012,11.749338788988229,17.887272757676989,-1.561334394886174,-15.7666742475555,-1.2361444599890652,1.7867768591026827,12.471001770062562,1.3498355186888658,0.15222827539337283,0.6860219144305616,-0.69545029559584193,-0.68602191443056171,0.69545029559584215,1.3498355186888658,0.15222827539337297
fig8_D_0p5,0.5,37.031266758699232,2.4045676992990264,12.306539034950273,18.44651415034912,-1.6982350941156599,-16.284689315450535,-1.1511663349970891,1.883771073041802,13.043358543862821,1.3641841381511104,0.14339612304173957,0.67411073261488319,-0.711734728491077,-0.67411073261488308,0.71173472849107711,1.3641841381511104,0.14339612304173963
fig8_D_0p5,0.5,37.633583622865331,2.5250732046820126,12.916072354398564,19.061089802594712,-1.8547843139329145,-16.853488696781763,-1.054392632835526,1.9959390458581909,13.670111077035971,1.3786750792521816,0.13360612710282432,0.66122400751093569,-0.728156904998708,-0.66122400751093557,0.728156904998708,1.3786750792521816,0.13360612710282449
fig8_D_0p5,0.5,38.245697224669989,2.6651335808764873,13.5856594754674,19.739138450161509,-2.0350015281865756,-17.480695364710026,-0.94304148273809751,2.1266086328731491,14.359306090365903,1.3932553027984285,0.12279995465048749,0.64730374629610077,-0.74466341442843575,-0.64730374629610088,0.74466341442843575,1.3932553027984285,0.12279995465048746
fig8_D_0p5,0.5,38.867766908926676,2.8291155798133771,14.324592251749118,20.490443011833356,-2.2439903239690469,-18.175497057469592,-0.81352772035272169,2.2800399099173001,15.120634005672247,1.4078631553225254,0.11091992607682508,0.6322926189849255,-0.76119223316398499,-0.63229261898492561,0.76119223316398488,1.4078631553225254,0.11091992607682505
fig8_D_0p5,0.5,39.499954612206466,3.0226576462399843,15.144144750444973,21.326857182308494,-2.4883081643871767,-18.949060891355689,-0.66117593548954301,2.4617517730500289,15.965861135724875,1.4224277231626155,0.097910030127888278,0.61613497334131928,-0.77767207902322955,-0.61613497334131928,0.77767207902322955,1.4224277231626159,0.097910030127888265
fig8_D_0p5,0.5,40.142424904993177,3.2531362524926952,16.058116255820103,22.262867393651135,-2.7764912833624362,-19.815083203850062,-0.47980890065106346,2.6789883638312046,16.909401445908678,1.436868263098539,0.083717128458680748,0.59877803929901574,-0.79402184217543015,-0.59877803929901574,0.79402184217543015,1.436868263098539,0.083717128458680831
fig8_D_0p5,0.5,40.795345034524487,3.5303423118248296,17.083555964761644,23.316340391510646,-3.1198132200810829,-20.790526850034968,-0.26114654447641328,2.9413972549827032,17.969081038711462,1.4510937497971665,0.068292358408140699,0.58017333159104689,-0.81015013286717275,-0.580173331591047,0.81015013286717252,1.4510937497971668,0.068292358408140533
fig8_D_0p5,0.5,41.458884968329116,3.8674818555513828,18.241740126355971,24.509527254636701,-3.5334027297842305,-21.896621028378302,0.0060893050304218193,3.2620352260652372,19.167171252787863,1.4650025871329659,0.051592735881952401,0.56027825247614216,-0.82595499302268882,-0.56027825247614205,0.82595499302268882,1.4650025871329659,0.05159273588195238
fig8_D_0p5,0.5,42.13321743847289,4.2826890130184623,19.559502277778105,25.870423471949874,-4.0379274219422365,-23.160232084752913,0.33753796926563967,3.6588927897258294,20.531799008409404,1.4784825366574814,0.033582950914102884,0.53905788713304859,-0.84132382499181491,-0.53905788713304859,0.84132382499181502,1.4784825366574812,0.033582950914102752
fig8_D_0p5,0.5,42.818517986524157,4.801369385268532,21.07105858649853,27.434623257271213,-4.6621909276158453,-24.615761697042011,0.75532617641072608,4.1572615767118348,22.098889044154472,1.4914109213462545,0.014237336439273765,0.51648697225497742,-0.85613359557365887,-0.51648697225497753,0.85613359557365865,1.4914109213462547,0.014237336439273709
fig8_D_0p5,0.5,43.514965009250453,5.4599279349029795,22.82052320862563,29.247852488097625,-5.4472471243464398,-26.307794657073938,1.2914755229677621,4.7935105529305995,23.914853361274918,1.5036551653239236,-0.0064580239844055313,0.49255200358383217,-0.87025137601627722,-0.49255200358383217,0.87025137601627744,1.5036551653239234,-0.0064580239844054749
fig8_D_0p5,0.5,44.222739805058971,6.3118780356330957,24.865361942210278,31.369402112151192,-6.4531123399860926,-28.294797999547345,1.9935293780757064,5.6212916942129265,26.040309732084403,1.515073729474725,-0.028503101062154028,0.46725343082445869,-0.88353527789915443,-0.46725343082445869,0.88353527789915454,1.5150737294747247,-0.028503101062154063
fig8_D_0p5,0.5,44.942026621191417,7.4381870152200644,27.281035300545415,33.876648443528651,-7.7700783017613428,-30.654231133292736,2.9341594023145521,6.7220806014041887,28.555136454657504,1.5255174975209209,-0.051881708002224199,0.44060786919576284,-0.89583583948054424,-0.44060786919576284,0.89583583948054424,1.5255174975209209,-0.051881708002224219
fig8_D_0p5,0.5,45.673012701687469,8.9654393074571868,30.166849430373855,36.870519659662776,-9.5384706227057325,-33.48931474281521,4.2281790820028453,8.2237421273715636,31.564975729467641,1.5348316561673847,-0.076559362834654449,0.41265023689270214,-0.90699790610749786,-0.41265023689270214,0.90699790610749764,1.5348316561673849,-0.076559362834654379
fig8_D_0p5,0.5,46.415888336127821,11.098982050293957,33.651931982208438,40.480425073961968,-11.984495032265668,-36.93688211409038,6.0638935321411473,10.334533044961416,35.2082565159807,1.5428580953465361,-0.10248133471663481,0.38343570855183878,-0.9168630307223179,-0.38343570855183878,0.91686303072231767,1.5428580953465358,-0.1024813347166348
fig8_D_0p5,0.5,47.170846909170123,14.185826462879577,37.896113897893784,44.86238309877038,-15.487795174475723,-41.172265500624057,8.7632650424623666,13.407902652500042,39.658743600403973,1.5494383299605881,-0.12957100040347003,0.35304135854170393,-0.92527239586198617,-0.35304135854170399,0.92527239586198617,1.5494383299605881,-0.12957100040346997
fig8_D_0p5,0.5,47.938084950891067,18.838038769207184,43.065727350331407,50.167513753395042,-20.712815853313103,-46.394054187198762,12.901603661482554,18.070285576447635,45.103813705467125,1.5544169129848995,-0.15772864790518878,0.32156735705818768,-0.93207022701393449,-0.32156735705818768,0.93207022701393405,1.5544169129848999,-0.15772864790518881
fig8_D_0p5,0.5,48.717802187946312,26.17656675829382,49.211546643734941,56.400094912546528,-28.865056916159734,-52.722902916232279,19.548852135296226,25.475562537497421,51.625024814945327,1.5576452724495609,-0.18683086703882909,0.289137579315216,-0.93710762984487139,-0.28913757931521594,0.93710762984487139,1.5576452724495611,-0.18683086703882917
fig8_D_0p5,0.5,49.510201595563515,38.271048571209519,55.788480836975637,62.882293396386068,-42.141641559774413,-59.769945031041964,30.72152715958854,37.770834754752279,58.714600189158865,1.5589858638149425,-0.21673065853717977,0.25589949617022867,-0.94024674281800547,-0.25589949617022861,0.94024674281800535,1.5589858638149423,-0.2167306585371796
fig8_D_0p5,0.5,50.315489450380568,58.529283879683923,59.968467767745182,66.4257750399793,-64.073776893967974,-65.046573477454132,49.864017724868823,58.5417931219718,63.54692215756122,1.5583164878799107,-0.24725837256949554,0.22202323532927012,-0.94136505533696135,-0.22202323532927012,0.94136505533696135,1.5583164878799107,-0.24725837256949562
fig8_D_0p5,0.5,51.133875384143209,89.167938053972549,52.276131809475864,56.760358544322045,-96.616248275567045,-59.623452881451001,79.707478802641319,90.31994132963564,56.414860110993125,1.5555345868652366,-0.27822355301972007,0.18769973678650317,-0.94035970405854152,-0.1876997367865032,0.94035970405854175,1.5555345868652364,-0.27822355301972013
fig8_D_0p5,0.5,51.965572438276574,116.5561949335827,17.317944081758839,17.973431180972536,-124.44798149088574,-27.886783974440053,108.19088564999973,119.45934591682636,21.099007930839733,1.5505613025605109,-0.3094177162377717,0.15313797378294397,-0.93715153126228234,-0.15313797378294403,0.93715153126228234,1.5505613025605107,-0.30941771623777165
fig8_D_0p5,0.5,52.810797119343306,109.20159295097611,-30.875328418571016,-33.463243567084831,-114.39369952462269,18.754022960428582,104.26150104938743,113.13926732341848,-28.762351087600948,1.543345065276206,-0.34061803467463392,0.11856126887406648,-0.93168867401807709,-0.1185612688740664,0.93168867401807709,1.543345065276206,-0.34061803467463381
fig8_D_0p5,0.5,53.669769455404762,77.85329240637077,-54.675885069086057,-57.641669587313807,-79.67760529460854,43.583084310180574,75.792629937289533,81.456103617597947,-54.111222085631901,1.5338644849024381,-0.37159183120760197,0.08420279930030726,-0.92394945545309248,-0.084202799300307218,0.92394945545309204,1.5338644849024385,-0.37159183120760209
fig8_D_0p5,0.5,54.542713053298364,51.37460382063567,-56.781655885942158,-58.751132265591856,-51.160661061373531,47.328609372263088,50.591581969264418,54.225565634401853,-56.975289889134373,1.5221303381547857,-0.40210172508589703,0.050300450730680346,-0.91394437219799696,-0.050300450730680429,0.91394437219799718,1.5221303381547855,-0.40210172508589703
fig8_D_0p5,0.5,55.429855156846628,34.745653968615912,-51.682983689099679,-52.568702153650712,-33.539234073396116,43.54371443916471,34.357538515579854,36.957847174603636,-52.157841169845476,1.508186489308142,-0.43191121231123492,0.017091236565333321,-0.90171701531318271,-0.0170912365653333,0.90171701531318271,1.508186489308142,-0.4319112123112348
fig8_D_0p5,0.5,56.331426706013517,24.686310876532762,-45.561857113131872,-45.583135761454976,-23.015425635018811,38.357856325690193,24.347344577027798,26.433791821149963,-46.115320285598315,1.4921096429128233,-0.46079041898513845,-0.015194455734303362,-0.88734382318888971,0.015194455734303438,0.88734382318888994,1.4921096429128233,-0.46079041898513845
fig8_D_0p5,0.5,57.247662397021784,18.404650845668215,-40.072266869210267,-39.444716526149811,-16.518274376288659,33.533982266632869,17.994283258674731,19.81929046712791,-40.625069756343144,1.4740079010318428,-0.48852174169633122,-0.046338505360654487,-0.87093263895788919,0.046338505360654515,0.87093263895788908,1.4740079010318428,-0.48852174169633122
fig8_D_0p5,0.5,58.178800743449351,14.300182921275008,-35.476396548559215,-34.363150128583335,-12.318067349807409,29.425950554851216,13.782884037238542,15.471780825812228,-35.999022325163295,1.4540181772043372,-0.5149050882371099,-0.076140299208869222,-0.85262012462544301,0.076140299208869208,0.85262012462544301,1.4540181772043375,-0.51490508823710979
fig8_D_0p5,0.5,59.125084138318812,11.499050584904632,-31.685189350317987,-30.203680804636353,-9.4807992138653514,26.004644991697059,10.870789983377334,12.488380914622601,-32.168187596499905,1.4323025962751152,-0.53976245577302417,-0.10442131038327049,-0.83256816105627329,0.10442131038327046,0.83256816105627318,1.4323025962751155,-0.53976245577302406
fig8_D_0p5,0.5,60.086758917196931,9.5130640675691449,-28.549417371936048,-26.784246461193835,-7.4891353063105246,23.158557738207467,8.781017462542291,10.362092088432957,-28.991507881688655,1.4090440752139355,-0.56294162981556495,-0.13102879751060323,-0.81095942894193673,0.13102879751060326,0.81095942894193684,1.4090440752139355,-0.56294162981556506
fig8_D_0p5,0.5,61.064075422320364,8.0583610496144704,-25.933310718225723,-23.946386466684423,-6.0444629663783243,20.775935466883709,7.2330721333555523,8.7968382305776824,-26.336466281592756,1.3844413282626826,-0.58431885085284752,-0.15583847171457807,-0.78799241408656939,0.15583847171457813,0.78799241408656928,1.3844413282626826,-0.5843188508528474
fig8_D_0p5,0.5,62.057288067765008,6.9628557764178192,-23.728001405975622,-21.565525209553201,-4.9669451075397442,18.763598104236589,6.0552040006557304,7.6124371757746747,-24.095354937230503,1.3587035657971878,-0.60380036910457524,-0.17875605171750342,-0.76387610639757408,0.17875605171750328,0.76387610639757419,1.3587035657971878,-0.60380036910457524
fig8_D_0p5,0.5,63.066655405674055,6.1180902335372709,-21.849421242081917,-19.546558173623755,-4.1439315295119545,17.048020356532501,5.1381742963623838,6.6949256847161829,-22.18436426714376,1.3320451587584463,-0.62132288350343634,-0.19971770317064269,-0.73882466443584782,0.19971770317064275,0.73882466443584782,1.3320451587584463,-0.62132288350343634
fig8_D_0p5,0.5,64.09244019356457,5.453282056879952,-20.233205749273878,-17.817218918145674,-3.5023303487156427,15.572120408647557,4.4100812705183152,5.9696813977961689,-20.539007913876297,1.3046805209732879,-0.63685293092533268,-0.21868942823520771,-0.7130522978454702,0.21868942823520765,0.71305229784547031,1.3046805209732877,-0.63685293092533268
fig8_D_0p5,0.5,65.134909462728089,4.9207871876076883,-18.829928364662262,-16.322312052896113,-2.9932172144230331,14.291631298776212,3.8221357590286096,5.3863169769154329,-19.109590380740144,1.2768194242183883,-0.65038534958087357,-0.23566552932589324,-0.68676858251662898,0.23566552932589327,0.68676858251662898,1.2768194242183883,-0.65038534958087357
fig8_D_0p5,0.5,66.194334587743882,4.4876482338583603,-17.601334726774599,-15.019292398818372,-2.5829321141464896,13.17203870662809,3.3403275126432344,4.9098720142220156,-17.857546612316821,1.2486629111865115,-0.66194098217941144,-0.25066631262773109,-0.66017437364058096,0.25066631262773109,0.66017437364058096,1.2486629111865115,-0.66194098217941133
fig8_D_0p5,0.5,67.270991357123364,4.1305090136301663,-16.517526557703821,-13.87501427506281,-2.2477468970741876,12.186211572563474,2.9403753485490793,4.5154987601299865,-16.752672400338263,1.2203999159153376,-0.67156380825465256,-0.26373522077478023,-0.63345842621693482,0.26373522077478029,0.63345842621693482,1.2203999159153374,-0.67156380825465256
fig8_D_0p5,0.5,68.365160045102385,3.8324573280771284,-15.554893767806057,-12.863370325707496,-1.9705690474654813,11.312625156181655,2.6045714786058904,4.1851545278787565,-15.771075585636412,1.1922046457349569,-0.67931770144676451,-0.27493559048506105,-0.60679477706929208,0.274935590485061,0.60679477706929219,1.1922046457349569,-0.67931770144676462
fig8_D_0p5,0.5,69.477125484602396,3.5810085654599866,-14.694600555142358,-11.963576119129305,-1.738845221981582,10.534041177588156,2.3197536689887626,3.9054842504159413,-14.893668424563771,1.1642347283228438,-0.68528299892062139,-0.28434722233087517,-0.58034089195802907,0.28434722233087512,0.58034089195802918,1.1642347283228438,-0.6852829989206215
fig8_D_0p5,0.5,70.607177141377804,3.3667844742142647,-13.921472659398637,-11.158916491352786,-1.5431930337724264,9.8365273481524937,2.0759687275532133,3.6664299273606891,-14.105055228245167,1.1366300854903593,-0.68955304996138433,-0.29206292968519548,-0.55423653941427353,0.29206292968519543,0.55423653941427353,1.136630085490359,-0.68955304996138411
fig8_D_0p5,0.5,71.75560918936921,3.1826270048755947,-13.223173509151845,-10.435821477336306,-1.3764869318078092,9.2087255230784368,1.8655710797230078,3.4602959916365403,-13.392706362447099,1.1095124637356428,-0.69223088309467551,-0.29818520619089078,-0.52860332132994958,0.29818520619089078,0.52860332132994958,1.1095124637356428,-0.69223088309467562
fig8_D_0p5,0.5,72.922720587283123,3.0229910559947846,-12.589588947274041,-9.7831786226118584,-1.23323416047405,8.6413016131109508,1.6826017538832643,3.2811075725633709,-12.746339906646941,1.0829855308052068,-0.69342609968099156,-0.30282311970193315,-0.50354476954624483,0.30282311970193326,0.50354476954624483,1.0829855308052068,-0.69342609968099178
fig8_D_0p5,0.5,74.108815156415702,2.8835198622512568,-12.012363558228181,-9.1918162049226257,-1.1091400441800061,8.1265288862688188,1.5223519470366442,3.1241609783021222,-12.157454759698142,1.0571354367837678,-0.69325207014768875,-0.30608950885943537,-0.47914690696009882,0.30608950885943548,0.47914690696009882,1.0571354367837675,-0.69325207014768864
fig8_D_0p5,0.5,75.314201659743759,2.7607421895088908,-11.484548179304284,-8.6541112585696478,-1.0007991348774612,7.657969864034861,1.3810503208481817,2.9857026672909974,-11.618975118420282,1.032031736080258,-0.69182347938781641,-0.30809852883132094,-0.45547916951673423,0.30809852883132088,0.45547916951673423,1.032031736080258,-0.69182347938781663
fig8_D_0p5,0.5,76.539193882301561,2.6518519241319778,-11.00032980762014,-8.1636897412900868,-0.90547124674086932,7.2302317695465961,1.2556344324303479,2.8626953678039491,-11.124977680178011,1.0077285711995907,-0.68925424206936714,-0.30896356695871763,-0.43259558997790476,0.30896356695871763,0.43259558997790476,1.0077285711995907,-0.68925424206936736
fig8_D_0p5,0.5,77.784110712864816,2.5545438165136818,-10.554823275728593,-7.7151955409970103,-0.82091519509365074,6.8387774446406135,1.1435798356776845,2.7526438069313111,-10.670480985580092,0.98426602839853061,-0.68565578756854584,-0.3087955280222312,-0.4105361535643402,0.3087955280222312,0.4105361535643402,0.98426602839853072,-0.68565578756854573
fig8_D_0p5,0.5,79.049276226964196,2.4668872836251725,-10.143909811589181,-7.3041115628914612,-0.74526157144723681,6.4797786148509058,1.0427685496131465,2.6534610765694082,-10.251282022224276,0.96167158737615488,-0.6811356982195379,-0.30770147282012467,-0.38932824762300539,0.30770147282012467,0.38932824762300539,0.96167158737615488,-0.68113569821953768
fig8_D_0p5,0.5,80.335019771247346,2.3872251013182222,-9.7641116398396282,-6.9266207224905258,-0.67691103904723804,6.1500019124431864,0.95138355741189529,2.5633618831580023,-9.8638292477579892,0.9399616004832041,-0.67579667332903848,-0.30578358250623189,-0.36898814080363729,0.30578358250623194,0.36898814080363729,0.93996160048320399,-0.67579667332903837
fig8_D_0p5,0.5,81.641676049214723,2.3140864916830655,-9.4124945693325479,-6.5794978343818187,-0.61444745239706378,5.8467205275311835,0.86781872857101883,2.4807718192794388,-9.5051240018128453,0.91914275033445292,-0.66973578438955805,-0.30313841412120657,-0.3495224406288665,0.30313841412120651,0.3495224406288665,0.91914275033445281,-0.66973578438955794
fig8_D_0p5,0.5,82.969585208349145,2.2461049311663221,-9.086592244597373,-6.2600253861144166,-0.55655602397202564,5.5676458967579379,0.7905944414081385,2.4042427922083691,-9.1726440656590693,0.8992134473098583,-0.66304398342801829,-0.29985640925321333,-0.3309294909438727,0.29985640925321333,0.33092949094387275,0.89921344730985842,-0.66304398342801829
fig8_D_0p5,0.5,84.319092928662513,2.1819298752127465,-8.7843462819074176,-5.9659269284676766,-0.50193571021805361,5.3108743096195754,0.71826812917243499,2.3323637786897842,-8.8642837855449113,0.88016513968604571,-0.65580582568233614,-0.29602161702036595,-0.31320068198734524,0.29602161702036583,0.31320068198734513,0.88016513968604571,-0.65580582568233614
fig8_D_0p5,0.5,85.690550512683473,2.1201178425832423,-8.5040550971912978,-5.6953105658004723,-0.44919131437255866,5.0748419723979801,0.64932530854965254,2.263652495501713,-8.5783039916674451,0.86198351876483359,-0.64809936907771815,-0.29171159384626705,-0.29632165545067846,0.29171159384626705,0.29632165545067846,0.8619835187648337,-0.64809936907771837
fig8_D_0p5,0.5,87.084314976907237,2.0589804547896273,-8.24431861263235,-5.4466095857597665,-0.39668305275135635,4.8582767579035639,0.58202888481789439,2.1964059129265681,-8.3132797994132357,0.84464960927572652,-0.63999621562828068,-0.28699744515389963,-0.28027339480256691,0.28699744515389974,0.28027339480256702,0.84464960927572641,-0.63999621562828057
fig8_D_0p5,0.5,88.500749144734385,1.9963526435062444,-8.0039501456519844,-5.2184916481331838,-0.34229708317171054,4.6601197487096986,0.51419013398117919,2.1284732845922107,-8.068019510518269,0.8281407415813653,-0.63156166337788744,-0.28194397759143486,-0.26503319740824699,0.28194397759143491,0.26503319740824699,0.8281407415813653,-0.63156166337788744
fig8_D_0p5,0.5,89.940221740920535,1.929221111289233,-7.7817844707230952,-5.009666166517821,-0.28307753522819601,4.4793490689788484,0.44280117229458232,2.0568919567250434,-7.841387726811365,0.81243140695603033,-0.62285494139063602,-0.27660993430005254,-0.25057552971374475,0.2766099343000526,0.2505755297137448,0.81243140695603033,-0.62285494139063613
fig8_D_0p5,0.5,91.403107487562238,1.8531286288064048,-7.576199379144632,-4.8184090683633896,-0.21463613158089206,4.3145304247621858,0.36344200689068301,1.9772995860804734,-7.6318588966009635,0.79749400063272313,-0.61392950428762783,-0.27104828972011846,-0.23687277019094008,0.27104828972011846,0.23687277019094002,0.79749400063272313,-0.61392950428762794
fig8_D_0p5,0.5,92.889787201644978,1.7613101410244405,-7.3838794055267227,-4.6413383420051657,-0.13029494696216748,4.1626367554937262,0.26940714603675764,1.8830674489778718,-7.4363483227184872,0.7832994596381273,-0.60483336667900878,-0.26530658428441645,-0.22389584706302867,0.26530658428441639,0.22389584706302862,0.7832994596381273,-0.60483336667900889
fig8_D_0p5,0.5,94.400647894176032,1.6439696532195403,-7.1966795140007811,-4.4703088890829319,-0.020365041052509376,4.0160147232841172,0.15092040048332067,1.7645176775830584,-7.2472089603251488,0.76981780386744392,-0.59560946141344628,-0.25942728292033346,-0.21161477926268521,0.2594272829203334,0.21161477926268521,0.76981780386744392,-0.59560946141344639
fig8_D_0p5,0.5,95.936082870931472,1.4903911810791348,-6.9945354170901091,-4.2853891416345951,0.1257767705756106,3.8554300807521482,-0.0029935125804175333,1.6107632457061405,-7.0453422109142929,0.7570185895871997,-0.58629600877763932,-0.25344814449335917,-0.19999912981133028,0.25344814449335917,0.19999912981133028,0.7570185895871997,-0.58629600877763943
fig8_D_0p5,0.5,97.496491834840967,1.3039250139146703,-6.7356485599949529,-4.0451166212174465,0.3048711459825339,3.6401286124546606,-0.190175264903098,1.4238784663360742,-6.7903319350779592,0.74487128476469977,-0.57692688658896085,-0.24740259213476673,-0.18901838101849089,0.24740259213476679,0.18901838101849094,0.74487128476469977,-0.57692688658896096
fig8_D_0p5,0.5,99.082280990037873,1.1421086066754773,-6.371897037228365,-3.701678325090767,0.46003307595766707,3.3218033548712746,-0.35588253527645469,1.2579737091831871,-6.4341970239919721,0.73334557545230483,-0.56753199353037986,-0.24132007680242168,-0.17864224072975715,0.24132007680242168,0.17864224072975715,0.73334557545230483,-0.56753199353037997
fig8_D_0p5,0.5,100.69386314760271,1.1155172796718988,-5.9403114512111017,-3.2914618386321468,0.48172206376340543,2.9336628158539422,-0.39155283679664094,1.2205830669066664,-6.0095549081500543,0.72241161202158133,-0.55813760009612001,-0.23522642844299291,-0.16884088841871644,0.23522642844299288,0.16884088841871647,0.72241161202158133,-0.55813760009612001
fig8_D_0p5,0.5,102.33165783302449,1.2352936414447062,-5.5812080184702646,-2.95328302786077,0.35863617856885177,2.612008348511544,-0.28274444661180692,1.326260345796995,-5.6512503966175123,0.71204020344061858,-0.54876668318023214,-0.22914419078757459,-0.15958516931648961,0.22914419078757459,0.15958516931648958,0.71204020344061858,-0.54876668318023214
fig8_D_0p5,0.5,103.99609139541204,1.3897014272413477,-5.350980020680816,-2.7431145025383592,0.20126331102319719,2.4146182368158708,-0.13677998593710905,1.4688830580387884,-5.4166278715117002,0.70220296708972374,-0.53943924168661073,-0.22309293715911238,-0.15084674407442275,0.22309293715911238,0.15084674407442278,0.70220296708972374,-0.53943924168661073
fig8_D_0p5,0.5,105.68759711848051,1.508543948210235,-5.202601980799864,-2.6144856870419,0.079162458559426968,2.2975366117444689,-0.023211556567227454,1.579530139379226,-5.2622626574863371,0.69287244087069366,-0.53017259160904662,-0.21708956574009922,-0.14259820071547333,0.21708956574009922,0.14259820071547333,0.69287244087069366,-0.53017259160904651
fig8_D_0p5,0.5,107.40661533334324,1.585250697212615,-5.0886710824104062,-2.5204403620887126,-0.0010879398798364561,2.2148004154198895,0.050331203050910156,1.6505719466217488,-5.1426338936917615,0.68402216362186141,-0.52098163986404522,-0.21114857358316771,-0.13481313488683372,0.21114857358316771,0.13481313488683372,0.68402216362186141,-0.52098163986404511
fig8_D_0p5,0.5,109.15359353313912,1.6316549560402174,-4.9866004233559149,-2.4385571983135192,-0.051171502457917052,2.1441262699854131,0.094772510968051546,1.6927876494714098,-5.0356303092826566,0.67562672913233623,-0.51187913679551633,-0.20528230928360622,-0.12746620370755685,0.20528230928360622,0.12746620370755682,0.67562672913233623,-0.51187913679551644
fig8_D_0p5,0.5,110.92898648952227,1.6587405235300816,-4.8881258193145269,-2.3605975880950161,-0.081956379246766742,2.0771929184503177,0.12057979965340228,1.7165292698805283,-4.9329654104511809,0.66766181837199423,-0.50287590774365953,-0.19950120470605037,-0.12053315782808384,0.19950120470605037,0.12053315782808384,0.66766181837199412,-0.50287590774365953
fig8_D_0p5,0.5,112.73325637104871,1.6738066135058094,-4.790764687768811,-2.2840558127559776,-0.10067328502792965,2.0114008286369107,0.13478404781111922,1.7287571371149382,-4.8320255991670251,0.66010421392930252,-0.49398106441087841,-0.1938139864981529,-0.11399085569410669,0.19381398649815293,0.1139908556941067,0.66010421392930252,-0.4939810644108783
fig8_D_0p5,0.5,114.56687286348726,1.6813508085553786,-4.6940730810218332,-2.2084520356162618,-0.11178272806853001,1.946206310972499,0.1417426941124271,1.7337884105182622,-4.73223969984371,0.6529318000824057,-0.48520219699194306,-0.18822786835841562,-0.1078172634405332,0.18822786835841565,0.1078172634405332,0.6529318000824057,-0.485202196991943
fig8_D_0p5,0.5,116.43031329208756,1.6841227803047818,-4.598239825235523,-2.1339384711476135,-0.118015547369122,1.881726056012466,0.14412897622753912,1.7342738868129215,-4.6336955477971289,0.64612355142137834,-0.47654554818613615,-0.18274872517591792,-0.10199144333380292,0.18274872517591795,0.10199144333380292,0.64612355142137834,-0.47654554818613609
fig8_D_0p5,0.5,118.32406274583781,1.6838278848325914,-4.5035911294619417,-2.0608074816983328,-0.12106852963236633,1.8182368892848355,0.14360393627055731,1.7318623208533817,-4.5366433460227906,0.63965951249011477,-0.46801617029461234,-0.17738125024518597,-0.096493533231363074,0.17738125024518597,0.096493533231363074,0.63965951249011477,-0.4680161702946124
fig8_D_0p5,0.5,120.24861420374123,1.6815462941856234,-4.4104290722195998,-1.9893307207880786,-0.12201904789026179,1.7560078255030902,0.14122015124327558,1.7275997921517885,-4.4413284759106251,0.63352077052207745,-0.45961806664210719,-0.17212909679536206,-0.091304719132857412,0.17212909679536206,0.091304719132857412,0.63352077052207734,-0.45961806664210714
fig8_D_0p5,0.5,122.20446866314887,1.6779772457251072,-4.3189892615860463,-1.9197165878514051,-0.12156680200786758,1.6952526179474177,0.13765831888542601,1.7221638366597252,-4.3479439128454693,0.62768942300107033,-0.45135431856093622,-0.16699500507167239,-0.086407202554529244,0.16699500507167242,0.086407202554529272,0.62768942300107045,-0.45135431856093622
fig8_D_0p5,0.5,124.19213527017847,1.6735825455364464,-4.2294390801928268,-1.8521080624383435,-0.12017590353806913,1.636124399980486,0.13336683445896599,1.7160016261876774,-4.2566245058308745,0.62214854148196874,-0.44322719914716746,-0.16198091617913143,-0.081784164162089681,0.16198091617913143,0.081784164162089681,0.62214854148196874,-0.44322719914716746
fig8_D_0p5,0.5,126.21213145225461,1.66867251180178,-4.1418879715947403,-1.7865925815265706,-0.11816000185450419,1.5787235242500128,0.12864565754469751,1.7094130238351652,-4.1674544409654102,0.61688213285208604,-0.43523827495178535,-0.15708807385138826,-0.07741972484305476,0.15708807385138826,0.077419724843054774,0.61688213285208604,-0.4352382749517853
fig8_D_0p5,0.5,128.264983052806,1.6634586321944622,-4.056399687339697,-1.7232139345735131,-0.11573446180989114,1.5231081629991852,0.12369783569752801,1.7026016268351438,-4.0804775128324584,0.61187509899703707,-0.42738849670999757,-0.15231711524795985,-0.073298905182720281,0.15231711524795985,0.073298905182720267,0.61187509899703707,-0.42738849670999751
fig8_D_0p5,0.5,130.35122446815089,1.6580865869656003,-3.9730032432982605,-1.661982930810231,-0.1130491007549254,1.4693041536597777,0.11866188847168931,1.6957068604018073,-3.9957066974811042,0.60711319565104727,-0.41967828014436676,-0.14766815181564102,-0.069407584124029129,0.14766815181564105,0.069407584124029129,0.60711319565104727,-0.4196782801443667
fig8_D_0p5,0.5,132.47139878661176,1.6526574278483779,-3.8917018199535782,-1.6028860652586105,-0.11020919505568211,1.4173131446866638,0.11363261409518138,1.6888246067300046,-3.9131320760272907,0.60258299105647972,-0.41210757780584933,-0.14314084117830583,-0.065732457436402256,0.14314084117830583,0.065732457436402256,0.60258299105647961,-0.41210757780584928
fig8_D_0p5,0.5,134.62605792989109,1.6472414481093594,-3.8124796924953697,-1.5458922586708599,-0.10728924592514709,1.3671190088161866,0.10867473500140473,1.6820207407249681,-3.8327270668777356,0.59827182492714792,-0.40467594284395569,-0.13873445094644743,-0.062260996488388856,0.13873445094644743,0.062260996488388863,0.59827182492714792,-0.40467594284395564
fig8_D_0p5,0.5,136.81576279674704,1.6418874425134826,-3.7353075170869636,-1.4909579882406747,-0.10434217682722326,1.318692772289872,0.10383201705930373,1.6753401812094344,-3.7544532065410938,0.5941677681012314,-0.39738258552501943,-0.13444791526559757,-0.058981407710233302,0.13444791526559755,0.058981407710233323,0.5941677681012314,-0.39738258552501937
fig8_D_0p5,0.5,139.04108340900697,1.6366289987512037,-3.6601463216019794,-1.4380311497445015,-0.10140558821267941,1.2719963571071622,0.099133468914384529,1.6688130484146839,-3.6782637690675366,0.5902595831792895,-0.39022642324749401,-0.13027988485271005,-0.055882593042128816,0.13027988485271005,0.055882593042128816,0.5902595831792895,-0.39022642324749401
fig8_D_0p5,0.5,141.30259905995337,1.6314888402322798,-3.5869505020846706,-1.3870539464876661,-0.098506079889347384,1.2269854035492196,0.094597621607848514,1.6624589183895548,-3.6041064858869292,0.58653668636826506,-0.38320612473626214,-0.12622877120266277,-0.052954111589306616,0.12622877120266277,0.052954111589306609,0.58653668636826506,-0.38320612473626214
fig8_D_0p5,0.5,143.60089846512608,1.626481866801585,-3.5156700656389224,-1.3379650413003867,-0.095662281630738713,1.1836113908591466,0.090235523720303593,1.6562898036354552,-3.5319255797459621,0.58298911069105852,-0.37632014903471289,-0.1222927855838275,-0.050186142643799697,0.1222927855838275,0.050186142643799697,0.58298911069105852,-0.37632014903471284
fig8_D_0p5,0.5,145.93657991557578,1.6216173110645369,-3.4462523052366167,-1.2907011536984028,-0.092887005959417818,1.1418232260835803,0.08605286312909334,1.65031226729127,-3.4616632795613116,0.57960747067125651,-0.36956677985430036,-0.11846997338261026,-0.047569450182703289,0.11846997338261026,0.047569450182703289,0.57960747067125651,-0.36956677985430031
fig8_D_0p5,0.5,148.31025143361029,1.6169002849479843,-3.3786430469359257,-1.2451982401319328,-0.090188795331860097,1.1015684309372213,0.082051486089061473,1.6445289391530913,-3.393260943614806,0.57638292856203999,-0.36294415578648054,-0.11475824430206687,-0.045095348912192607,0.11475824430206685,0.045095348912192607,0.57638292856203999,-0.36294415578648054
fig8_D_0p5,0.5,150.72253093107554,1.612332900037337,-3.3127875750957965,-1.2013923609407535,-0.087573045712025482,1.0627940248998777,0.078230494815057672,1.6389396131236675,-3.3266598874243805,0.57330716215571531,-0.35645029683144486,-0.11115539886922773,-0.042755671893961018,0.11115539886922773,0.042755671893961032,0.57330716215571531,-0.35645029683144486
fig8_D_0p5,0.5,153.17404637020798,1.6079150862290843,-3.2486313147380983,-1.1592203116424138,-0.085042830057186602,1.0254471785248189,0.074587046656449829,1.6335420481359328,-3.2618019888116065,0.57037233418435629,-0.35008312765181593,-0.10765915165951176,-0.040542739764779512,0.10765915165951175,0.040542739764779512,0.57037233418435629,-0.35008312765181593
fig8_D_0p5,0.5,155.66543592710622,1.6036451943973651,-3.1861203304161556,-1.1186200767182493,-0.082599506746015336,0.98947569265467339,0.071116939657810935,1.6283325566474147,-3.198630124716233,0.56757106330160245,-0.3438404979172362,-0.10426715160439776,-0.038449331539422711,0.10426715160439771,0.038449331539422711,0.56757106330160245,-0.34384049791723625
fig8_D_0p5,0.5,158.19734815786015,1.5995204428164955,-3.1252016861969198,-1.0795311495587234,-0.080243172249172018,0.95482834553635676,0.067815043671882583,1.6233064394034371,-3.1370884808389135,0.56489639661980384,-0.33772020006746256,-0.10097699971019314,-0.036468656971342349,0.10097699971019315,0.036468656971342349,0.56489639661980384,-0.33772020006746251
fig8_D_0p5,0.5,160.77044216738221,1.5955372494893956,-3.0658237003785014,-1.0418947514318095,-0.077972999900661671,0.92145513957347758,0.064675618799453286,1.6184583079281689,-3.077122765118562,0.56234178376460209,-0.33171998478682452,-0.097786264481002319,-0.034594330433355955,0.097786264481002333,0.034594330433355955,0.56234178376460209,-0.33171998478682446
fig8_D_0p5,0.5,163.38538778098604,1.5916914804517113,-3.0079361203709669,-1.0056539742888115,-0.07578749464827636,0.88930747177920777,0.061692550974471919,1.6137823243489211,-3.0186803485134148,0.5599010524000344,-0.32583757445154016,-0.094692495307633268,-0.032820346271605808,0.094692495307633254,0.032820346271605808,0.5599010524000344,-0.32583757445154021
fig8_D_0p5,0.5,166.04286571875295,1.5879786357242125,-2.9514902370395899,-0.97075386620419024,-0.073684685331682737,0.85833824623343236,0.058859526192741665,1.6092723799089954,-2.9617103509012837,0.55756838517077534,-0.32007067478313916,-0.091693234055935893,-0.031141055579560369,0.091693234055935893,0.031141055579560369,0.55756838517077534,-0.32007067478313911
fig8_D_0p5,0.5,168.74356777273758,1.5843939886820999,-2.8964389532079009,-0.93714147373193935,-0.071662270178333917,0.82850194251236042,0.056170159027363886,1.604922227716912,-2.9061636856631723,0.55533829800369383,-0.31441698491580528,-0.088786025062646684,-0.029551144334382735,0.08878602506264667,0.029551144334382735,0.55533829800369383,-0.31441698491580522
fig8_D_0p5,0.5,171.4881969870541,1.5809326904144874,-2.8427368175497523,-0.90476585206128557,-0.069717727043057606,0.79975465078342067,0.053618086910028395,1.600725581148833,-2.8519930733044832,0.55320561970814086,-0.30887420606268856,-0.085968423724036264,-0.028045612835214694,0.085968423724036264,0.028045612835214694,0.55320561970814086,-0.30887420606268867
fig8_D_0p5,0.5,174.27746784089175,1.5775898476364183,-2.7903400324734231,-0.87357805128385357,-0.067848396927315105,0.77205408177319723,0.051197038666675,1.5966761863531578,-2.7991530320364388,0.55116547281291883,-0.30344004894578797,-0.083238003842222782,-0.02661975638145566,0.08323800384222281,0.026619756381455664,0.55116547281291883,-0.30344004894578791
fig8_D_0p5,0.5,177.11210643450869,1.5743605805349576,-2.7392064426047016,-0.84353108513248665,-0.066051547147531364,0.74535955792354036,0.048900883628779118,1.5927678751548868,-2.7475998513900373,0.54921325557748635,-0.29811224013573423,-0.080592363875742548,-0.025269147128701742,0.080592363875742576,0.025269147128701746,0.54921325557748635,-0.29811224013573417
fig8_D_0p5,0.5,179.99285067824763,1.5712400653374636,-2.6892955089519859,-0.81457988706433571,-0.064324418938135661,0.71963199060364236,0.046723666057412218,1.5889946030841919,-2.6972915535226702,0.5473446251153693,-0.2928885274314903,-0.078029132224646275,-0.023989617060420569,0.078029132224646275,0.023989617060420569,0.5473446251153693,-0.2928885274314903
fig8_D_0p5,0.5,182.92045048462938,1.5682235652167373,-2.6405682726684265,-0.78668125742261441,-0.062664263107861801,0.69483384713487195,0.0446596284503454,1.5853504760944004,-2.6481878457951264,0.54555548156879363,-0.28776668439537456,-0.075545971665798586,-0.022777242014472007,0.075545971665798586,0.02277724201447201,0.54555548156879363,-0.28776668439537456
fig8_D_0p5,0.5,185.89566796356883,1.5653064522769984,-2.5929873114278763,-0.75979380453767142,-0.061068366501243074,0.6709291105291425,0.042703226436600163,1.581829768673914,-2.6002500673643474,0.54384195327509721,-0.28274451414584167,-0.073140583041068047,-0.021628326705114546,0.073140583041068061,0.021628326705114546,0.5438419532750971,-0.28274451414584162
fig8_D_0p5,0.5,188.91927762076682,1.5624842227140467,-2.5465166907381165,-0.73387788195542225,-0.059534071369230494,0.64788323418020155,0.040849137315955915,1.5784269354132756,-2.5534411318960553,0.54220038286736272,-0.27781985249885111,-0.07081070828950016,-0.020539390683013626,0.070810708289500146,0.020539390683013629,0.54220038286736272,-0.27781985249885111
fig8_D_0p5,0.5,191.99206655932829,1.5597525067537126,-2.5011219119779295,-0.70889552346161144,-0.05805878926508691,0.62566309323400515,0.039092263814715762,1.5751366176047097,-2.5077254680047996,0.54062731425385901,-0.27299057053833975,-0.068554132904247916,-0.019507155177903274,0.068554132904247903,0.01950715517790327,0.54062731425385901,-0.27299057053833969
fig8_D_0p5,0.5,195.11483468466164,1.5571070746025806,-2.4567698585281392,-0.68481037716846738,-0.05664001071230626,0.60423693396598344,0.037427734261368778,1.5719536460853714,-2.4630689586445134,0.53911948042319258,-0.2682545766871261,-0.066368687885846434,-0.018528530770858875,0.066368687885846434,0.018528530770858871,0.53911948042319269,-0.26825457668712616
fig8_D_0p5,0.5,198.28839491270713,1.5545438393633846,-2.4134287410426558,-0.66158763961892242,-0.055275311609960687,0.5835743221821762,0.035850900106410594,1.5688730412569878,-2.4194388803747158,0.53767379202449972,-0.26360981834141828,-0.064252251255252746,-0.017600605845554979,0.06425225125525276,0.017600605845554979,0.53767379202449972,-0.26360981834141833
fig8_D_0p5,0.5,201.51357338155586,1.5520588576522032,-2.3710680426529582,-0.63919399062143556,-0.053962357125441368,0.56364609141889299,0.034357331497201903,1.5658900110018057,-2.3768038431945477,0.53628732667447609,-0.25905428312481077,-0.062202749182796176,-0.016720635770345115,0.062202749182796176,0.016720635770345115,0.53628732667447609,-0.25905428312481077
fig8_D_0p5,0.5,204.79120966650876,1.5496483284891507,-2.3296584647024403,-0.61759752934094048,-0.052698903658823147,0.54442429152607352,0.032942811455107419,1.5629999470512508,-2.3351337314572276,0.53495731894553877,-0.25458599981122515,-0.060218156782736787,-0.015886032765484479,0.060218156782736801,0.015886032765484479,0.53495731894553877,-0.25458599981122521
fig8_D_0p5,0.5,208.12215699863373,1.5473085909067812,-2.2891718734533772,-0.59676771202547718,-0.05148279933496281,0.52588213807150286,0.031603329076179139,1.5601984202377404,-2.2943996462366827,0.53368115099187718,-0.2502030389604995,-0.058296498617385492,-0.015094356412273397,0.058296498617385478,0.015094356412273397,0.53368115099187718,-0.25020303896049945
fig8_D_0p5,0.5,211.50728248687946,1.545036120621486,-2.2495812480888966,-0.57667529163486675,-0.050311983380034363,0.50799396288695775,0.0303350720792952,1.557481174962646,-2.2545738494089629,0.53245634377257245,-0.24590351330524182,-0.056435848949644096,-0.014343304763314331,0.056435848949644089,0.014343304763314331,0.53245634377257245,-0.24590351330524177
fig8_D_0p5,0.5,214.94746734379805,1.5428275260365127,-2.2108606302389413,-0.55729225955029082,-0.049184484661744979,0.49073516598694905,0.029134418950261341,1.5548441231377044,-2.2156297096266262,0.53128054883332687,-0.24168557792305093,-0.054634331778302347,-0.013630706015426996,0.054634331778302334,0.013630706015426992,0.53128054883332687,-0.24168557792305093
fig8_D_0p5,0.5,218.44360711494284,1.5406795437852867,-2.1729850751859292,-0.53859178947579334,-0.04809841961195728,0.47408216901985506,0.02799793087181118,1.5522833377983862,-2.1775416502984877,0.53015154061061887,-0.23754743022417876,-0.052890120686405272,-0.012954510709036455,0.052890120686405265,0.012954510709036453,0.53015154061061887,-0.23754743022417865
fig8_D_0p5,0.5,221.9966119119957,1.5385890339770447,-2.1359306048493516,-0.52054818359079613,-0.047051989702966257,0.45801237035624243,0.026922343583851479,1.5497950465417587,-2.1402850996366389,0.5290672092242964,-0.23348730978116355,-0.051201438529445684,-0.012312784420036754,0.051201438529445684,0.012312784420036752,0.5290672092242964,-0.2334873097811635
fig8_D_0p5,0.5,225.60740664968591,1.5365529752701075,-2.0996741626045066,-0.50313682097292634,-0.046043478611392574,0.44250410187637573,0.025904559282782909,1.5473756249056023,-2.1038364427941354,0.52802555372671722,-0.22950349802379902,-0.049566556986970954,-0.011703700912222736,0.049566556986970947,0.011703700912222736,0.52802555372671722,-0.22950349802379907
fig8_D_0p5,0.5,229.27693128656489,1.5345684598694076,-2.0641935699568266,-0.48633410828021079,-0.045071249174239589,0.4275365874858239,0.024941638641016662,1.5450215897774391,-2.06817297608674,0.52702467577854351,-0.22559431782000053,-0.047983795998386598,-0.011125535720375855,0.047983795998386591,0.011125535720375857,0.52702467577854351,-0.22559431782000053
fig8_D_0p5,0.5,233.00614106969246,1.5326326885223642,-2.0294674850674799,-0.47011743265930916,-0.044133740218473307,0.41308990336283347,0.024030793006196698,1.5427295929002016,-2.0332728632707462,0.5260627737232012,-0.2217581329606583,-0.046451523101255859,-0.010576660135984763,0.046451523101255859,0.010576660135984763,0.5260627737232012,-0.22175813296065833
fig8_D_0p5,0.5,236.79600678330786,1.5307429655694258,-1.9954753631063233,-0.45446511682957824,-0.043229463327132713,0.39914493992174405,0.02316937682279778,1.5404964145241522,-1.9991150938316049,0.52513813703380818,-0.21799334756435007,-0.044968152688180392,-0.010055535569372489,0.044968152688180399,0.010055535569372489,0.52513813703380818,-0.21799334756435004
fig8_D_0p5,0.5,240.64751500154267,1.5288966940916839,-1.9621974183938005,-0.43935637628093926,-0.042356999590458903,0.38568336546236531,0.022354880305637013,1.538318957241162,-1.9656794432267826,0.5242491411080803,-0.21429840541585241,-0.043532145196400522,-0.0095607082636996361,0.043532145196400536,0.0095607082636996361,0.5242491411080803,-0.21429840541585241
fig8_D_0p5,0.5,244.56166834524441,1.5270913711870719,-1.9296145882826972,-0.42477127851506957,-0.041514996379039479,0.37268759146447289,0.021584922384664168,1.5361942400270823,-1.9329464350175123,0.52339424238832488,-0.21067178925065369,-0.042142006242514171,-0.0090908043379085458,0.042142006242514178,0.0090908043379085441,0.52339424238832488,-0.21067178925065366
fig8_D_0p5,0.5,248.53948574297985,1.5253245833980023,-1.8977084987231021,-0.41069070425394905,-0.040702164166851539,0.36014073947896402,0.020857243932506569,1.5341193925097036,-1.9008973048186033,0.52257197378513875,-0.20711201999614073,-0.040796285713180627,-0.0086445251371778872,0.04079628571318062,0.0086445251371778872,0.52257197378513875,-0.20711201999614071
fig8_D_0p5,0.5,252.58200269627847,1.5235940023066912,-1.8664614314488297,-0.39709631053650263,-0.039917273424885658,0.34802660956185472,0.020169701280173497,1.5320916494735781,-1.8695139659919533,0.52178094038484846,-0.20361765597879014,-0.039493576821317683,-0.008220642870870546,0.03949357682131769,0.0082206428708705443,0.52178094038484846,-0.20361765597879014
fig8_D_0p5,0.5,256.69027154919519,1.5218973803091023,-1.8358562927201929,-0.38397049562241914,-0.039159151600326535,0.33632965019382083,0.019520260021691837,1.5301083456080289,-1.8387789770075023,0.521019815422054,-0.20018729210547798,-0.038232515136090828,-0.0078179965192812766,0.038232515136090828,0.0078179965192812749,0.521019815422054,-0.200187292105478
fig8_D_0p5,0.5,260.86536176225508,1.5202325465744932,-1.8058765835563879,-0.37129636562199497,-0.038426680191770798,0.32503492962597796,0.01890698910492725,1.528166910501056,-1.8086755103949326,0.52028733649988912,-0.19681955902597864,-0.037011777593933398,-0.0074354879917347778,0.037011777593933391,0.0074354879917347778,0.52028733649988923,-0.19681955902597864
fig8_D_0p5,0.5,265.1083601908536,1.5185974031943561,-1.7765063713899998,-0.35905770277151339,-0.037718791927420059,0.31412810859166596,0.018328055203221907,1.5262648638789531,-1.7791873232097917,0.51958230204177458,-0.19351312228278095,-0.035830081496890855,-0.0070720785197466718,0.035830081496890855,0.0070720785197466709,0.51958230204177458,-0.19351312228278092
fig8_D_0p5,0.5,269.42037136818823,1.5169899215222256,-1.7477302630764135,-0.34723893527511146,-0.037034468050412897,0.30359541432395154,0.017781717360559536,1.5243998110894446,-1.7502987289388934,0.51890356795952974,-0.19026668145351619,-0.03468618350374697,-0.006726785270047133,0.034686183503746963,0.0067267852700471312,0.51890356795952974,-0.19026668145351622
fig8_D_0p5,0.5,273.80251779278575,1.5154081387040574,-1.7195333791919212,-0.33582510863612136,-0.036372735713293039,0.29342361581922316,0.017266321901586067,1.5225694388245927,-1.7219945707716253,0.51825004452373358,-0.1870789692905781,-0.033578878618657583,-0.0063986781632848827,0.033578878618657576,0.0063986781632848827,0.51825004452373358,-0.18707896929057813
fig8_D_0p5,0.5,278.2559402207126,1.5138501543975307,-1.6919013295555134,-0.32480185840319964,-0.035732665481931832,0.28360000028829829,0.016780297596874709,1.5207715110786879,-1.6942601961658619,0.51762069342316952,-0.18394875086184648,-0.032506999181358756,-0.0060868768851762775,0.032506999181358763,0.0060868768851762775,0.51762069342316952,-0.18394875086184645
fig8_D_0p5,0.5,282.78179796253443,1.5123141276777734,-1.6648201899113639,-0.31415538425926548,-0.035113368947941363,0.27411235073801027,0.016322151073224923,1.519003865335615,-1.6670814326396037,0.51701452500108247,-0.18087482269587918,-0.031469413862447997,-0.0057905480777524125,0.031469413862448004,0.0057905480777524134,0.51701452500108247,-0.18087482269587918
fig8_D_0p5,0.5,287.38126918510636,1.5107982741262989,-1.6382764797108398,-0.30387242538408532,-0.034513996447635614,0.26494892462795389,0.015890462458425684,1.5172644089797835,-1.6404445647221271,0.51643059565680438,-0.17785601193442388,-0.030465026666725313,-0.0055089026991825864,0.030465026666725317,0.0055089026991825872,0.51643059565680438,-0.17785601193442388
fig8_D_0p5,0.5,292.0555512182745,1.5093008630996054,-1.612257140935224,-0.29394023702425459,-0.033933734884873286,0.25609843354900153,0.015483881249791375,1.5155511159244877,-1.6143363120009397,0.51586800540207534,-0.17489117549465977,-0.029492775947134384,-0.0052411935414235916,0.029492775947134384,0.0052411935414235925,0.51586800540207534,-0.17489117549465974
fig8_D_0p5,0.5,296.80586086656024,1.5078202151736635,-1.586749517902615,-0.28434656820736715,-0.033371805654585654,0.24755002387228925,0.01510112239578265,1.5138620234515447,-1.5887438082039431,0.5153258955621105,-0.17197919924320051,-0.028551633431451545,-0.0049867128956635996,0.028551633431451538,0.0049867128956635988,0.5153258955621105,-0.17197919924320051
fig8_D_0p5,0.5,301.63343472591976,1.5063546997604469,-1.5617413380047831,-0.27507964054004336,-0.032827462663423256,0.23929325831942636,0.014740962580160463,1.5121952292561474,-1.5636545812585367,0.51480344661212907,-0.16911899718353474,-0.027640603263519279,-0.0047447903561980403,0.027640603263519279,0.0047447903561980403,0.51480344661212907,-0.16911899718353474
fig8_D_0p5,0.5,306.53952950565298,1.5049027328927196,-1.5372206933222921,-0.26612812803251057,-0.032299990443713657,0.23131809840689688,0.01440223669835358,1.5105488886911111,-1.5390565342725386,0.51429987614069361,-0.16630951065829341,-0.02675872106051954,-0.0045147907540001248,0.026758721060519547,0.0045147907540001257,0.51429987614069361,-0.16630951065829339
fig8_D_0p5,0.5,311.52542235554847,1.5034627751734715,-1.5131760230684956,-0.2574811378952705,-0.031788702356767867,0.22361488771973245,0.014083834515995592,1.5089212122049291,-1.5149379273842947,0.51381443693178408,-0.16354970756746509,-0.025905052987511945,-0.004296112211829451,0.025905052987511945,0.004296112211829451,0.51381443693178408,-0.16354970756746509
fig8_D_0p5,0.5,316.59241119835207,1.502033329886548,-1.4895960968154074,-0.24912819225616992,-0.031292938881509885,0.21617433597166522,0.013784697499930739,1.507310462968446,-1.4912873604320012,0.51334641515807578,-0.16083858160345094,-0.025078694850226659,-0.0040881843132637759,0.025078694850226652,0.0040881843132637759,0.51334641515807578,-0.16083858160345091
fig8_D_0p5,0.5,321.74181506763716,1.5006129412653744,-1.4664699984567873,-0.24105921074894648,-0.03081206598439367,0.20898750381106693,0.013503815812352549,1.5057149546853392,-1.4680937563949659,0.51289512867839837,-0.15817515150365652,-0.024278771206897923,-0.0038904663785439991,0.024278771206897923,0.0038904663785439991,0.51289512867839837,-0.15817515150365652
fig8_D_0p5,0.5,326.97497445117676,1.4992001929169065,-1.4437871108659717,-0.23326449392685872,-0.03034547356660653,0.20204578833398093,0.013240225459121043,1.5041330495820107,-1.4453463455618123,0.51245992543281393,-0.15555846032113238,-0.023504434499739983,-0.0037024458405912558,0.02350443449973998,0.0037024458405912545,0.51245992543281393,-0.15555846032113238
fig8_D_0p5,0.5,332.29325163989751,1.4977937063983697,-1.4215371012082032,-0.22573470745755478,-0.029892573984631562,0.19534090926753755,0.012993005583712218,1.502563156572966,-1.4230346503831577,0.5120401819292022,-0.15298757471363536,-0.022754864206514222,-0.0035236367149936608,0.022754864206514215,0.0035236367149936608,0.5120401819292022,-0.15298757471363536
fig8_D_0p5,0.5,337.69803108250881,1.4963921399446423,-1.3997099068693266,-0.2184608670576976,-0.029452800640347727,0.18886489578892948,0.01276127589864171,1.5010037295982184,-1.4011484709685447,0.51163530181563877,-0.15046158425134404,-0.02202926601249687,-0.003353578158167175,0.02202926601249687,0.0033535781581671758,0.51163530181563877,-0.15046158425134398
fig8_D_0p5,0.5,343.19071974590429,1.4949941873446011,-1.3782957219646639,-0.21143432412812654,-0.029025606636953818,0.18261007394692594,0.012544194246615598,1.4994532661297315,-1.3796778711895468,0.51124471453323284,-0.14797960074334771,-0.021326871003037571,-0.0031918331082746495,0.021326871003037571,0.0031918331082746495,0.51124471453323284,-0.14797960074334773
fig8_D_0p5,0.5,348.77274748141775,1.4935985769651017,-1.3572849843939572,-0.20464675205252847,-0.028610463497147961,0.17656905465467321,0.012340954284052689,1.4979103058444061,-1.3586131653531488,0.51086787404445222,-0.14554075758293902,-0.020646934876798497,-0.0030379870038412882,0.020646934876798501,0.0030379870038412891,0.51086787404445222,-0.14554075758293902
fig8_D_0p5,0.5,354.44556739704353,1.4922040709216977,-1.3366683634099299,-0.19809013312459184,-0.028206859940127921,0.17073472222414721,0.012150783280003991,1.4963734294616091,-1.3379449054113715,0.51050425763227847,-0.1431442091116408,-0.019988737179670563,-0.0028916465753331877,0.019988737179670556,0.0028916465753331872,0.51050425763227847,-0.14314420911164077
fig8_D_0p5,0.5,360.21065623570735,1.49080946439562,-1.3164367476699927,-0.19175674607061605,-0.027814300714134307,0.16510022341424979,0.01197294002388191,1.494841257743746,-1.3176638686751532,0.5101533647658566,-0.14078913000184282,-0.019351580559290829,-0.002752438705273435,0.019351580559290826,0.0027524387052734341,0.5101533647658566,-0.14078913000184284
fig8_D_0p5,0.5,366.06951475968987,1.4894135850969799,-1.2965812337421838,-0.18563915413634793,-0.027432305481398349,0.15965895696601265,0.011806712835758846,1.4933124506588191,-1.297761046002176,0.50981471602857364,-0.13847471465785233,-0.018734790040017085,-0.0026200093527556437,0.018734790040017085,0.0026200093527556437,0.50981471602857364,-0.13847471465785233
fig8_D_0p5,0.5,372.02366814130659,1.4880152928745458,-1.2770931150380793,-0.17973019370857835,-0.027060407752522924,0.15440456359981949,0.011651417673361536,1.491785706704484,-1.278227630430131,0.50948785210477843,-0.13620017663511283,-0.018137712318159898,-0.002494022538481334,0.018137712318159898,0.002494022538481334,0.50948785210477843,-0.13620017663511277
fig8_D_0p5,0.5,378.07466635993489,1.4866134794729153,-1.2579638711470016,-0.17402296344367821,-0.026698153867464734,0.14933091645091448,0.011506396330209228,1.4902597623935416,-1.2590550062285417,0.50917233282159691,-0.13396474807730924,-0.017559715077226836,-0.0023741593866963197,0.017559715077226836,0.0023741593866963193,0.50917233282159691,-0.13396474807730924
fig8_D_0p5,0.5,384.22408460550611,1.4852070684383025,-1.2391851575472344,-0.16851081387678868,-0.026345102020436439,0.1444321119207356,0.011371014719667723,1.488733391901288,-1.2402347383437569,0.50886773624252535,-0.13176767917103102,-0.01700018632289076,-0.0022601172206321747,0.017000186322890763,0.0022601172206321756,0.50886773624252535,-0.13176767917103102
fig8_D_0p5,0.5,390.47352368855638,1.4837950151746238,-1.2207487956714533,-0.16318733748687894,-0.026000821326198215,0.13970246092285557,0.011244661240004073,1.4872054068756735,-1.2217585622133147,0.50857365780970365,-0.12960823761764512,-0.016458533737363661,-0.0021516087082753899,0.016458533737363657,0.0021516087082753895,0.50857365780970365,-0.12960823761764512
fig8_D_0p5,0.5,396.82461045694777,1.482376307151948,-1.202646763304833,-0.15804635919423518,-0.025664890925341074,0.13513648050344002,0.011126745215805063,1.4856746564116488,-1.20361837392718,0.50828970953196806,-0.12748570812200363,-0.015934184052828523,-0.0020483610554877718,0.015934184052828523,0.0020483610554877718,0.50828970953196806,-0.12748570812200363
fig8_D_0p5,0.5,403.27899821937052,1.4809499642698507,-1.1848711852956189,-0.15308192726827979,-0.025336899126302017,0.1307288858172462,0.011016695411407075,1.4841400271915623,-1.185806220714771,0.50801551921596944,-0.125399391897591,-0.015426582443559766,-0.0019501152436895972,0.015426582443559766,0.0019501152436895972,0.50801551921596944,-0.12539939189759103
fig8_D_0p5,0.5,409.83836717572615,1.47951503937863,-1.1674143245591722,-0.14828830462484091,-0.025016442581982885,0.1264745824412126,0.010913958612243207,1.4826004437939622,-1.1683142917379608,0.5077507297378171,-0.12334860618770789,-0.014935191936345916,-0.0018566253094924299,0.014935191936345918,0.0018566253094924299,0.5077507297378171,-0.12334860618770786
fig8_D_0p5,0.5,416.5044248545185,1.4780706189617558,-1.1502685733576068,-0.14365996049315105,-0.02470312549896644,0.12236865900865805,0.010817998270260028,1.4810548691736145,-1.1511349091714145,0.50749499835287148,-0.12133268380226815,-0.014459492838812473,-0.0017676576638316532,0.014459492838812472,0.0017676576638316532,0.50749499835287148,-0.12133268380226817
fig8_D_0p5,0.5,423.2789065573553,1.4766158239833755,-1.1334264448382989,-0.13919156243396205,-0.024396558877437167,0.11840638014805195,0.01072829320978797,1.4795023053159966,-1.134260519552827,0.50724799604145665,-0.11935097266978954,-0.013998982185234444,-0.0016829904483018879,0.013998982185234444,0.0016829904483018881,0.50724799604145665,-0.11935097266978954
fig8_D_0p5,0.5,430.16357581067905,1.4751498109051366,-1.1168805648156173,-0.13487796869119903,-0.024096359780032668,0.11458317971118211,0.010644336390470266,1.4779417940700357,-1.1176836853867411,0.50700940688841067,-0.11740283540414759,-0.013553173199419752,-0.001602412926540755,0.013553173199419752,0.0016024129265407548,0.50700940688841067,-0.1174028354041476
fig8_D_0p5,0.5,437.16022482485022,1.4736717728769906,-1.1006236637811613,-0.13071422086054676,-0.023802150627944246,0.11089465427637862,0.010565633724056406,1.476372418163274,-1.1013970769866457,0.50677892749451492,-0.11548764888566142,-0.013121594774239414,-0.0015257249086395341,0.013121594774239414,0.0015257249086395341,0.50677892749451492,-0.11548764888566142
fig8_D_0p5,0.5,444.27067496068827,1.4721809411071292,-1.0846485691288965,-0.12669553685930121,-0.023513558522693268,0.10733655691324576,0.010491702942063402,1.4747933024041688,-1.0853934645411158,0.50655626641797602,-0.11360480385608519,-0.012703790967379447,-0.0014527362066839081,0.012703790967379445,0.0014527362066839085,0.50655626641797602,-0.11360480385608519
fig8_D_0p5,0.5,451.49677720361018,1.470676586416598,-1.0689481975823765,-0.12281730418267792,-0.023230214592088183,0.10390479119608569,0.01042207251147851,1.4732036150766468,-1.0696657103906866,0.50634114364423899,-0.11175370452707389,-0.012299320512886703,-0.0013832661196437899,0.012299320512886701,0.0013832661196437899,0.50634114364423899,-0.11175370452707389
fig8_D_0p5,0.5,458.84041264547614,1.4691580209846202,-1.0535155478122316,-0.11907507343261037,-0.022951753358955967,0.10059540545391914,0.010356280595850902,1.4716025695325539,-1.0542067615031161,0.50613329008252361,-0.1099337682017021,-0.011907756348083887,-0.0013171429459402019,0.011907756348083892,0.0013171429459402019,0.50613329008252361,-0.10993376820170207
fig8_D_0p5,0.5,466.30349297427267,1.4676246002910851,-1.0383436932329158,-0.1154645521058459,-0.022677812131310308,0.097404587245668764,0.010293874059263866,1.4699894259880726,-1.0390096421355575,0.50593244708757523,-0.1081444249086172,-0.011528685155430516,-0.0012542035221185645,0.011528685155430519,0.0012542035221185647,0.50593244708757523,-0.1081444249086172
fig8_D_0p5,0.5,473.8879609717651,1.4660757252631387,-1.0234257749685467,-0.11198159862889229,-0.022408030412688459,0.094328658049715172,0.010234407510825879,1.4683634935307248,-1.0240674466730462,0.50573836600520861,-0.10638511704841362,-0.011161706918910337,-0.001194292786152689,0.011161706918910339,0.001194292786152689,0.50573836600520861,-0.10638511704841362
fig8_D_0p5,0.5,481.59579101923509,1.4645108446332746,-1.0087549949784795,-0.1086222166280735,-0.022142049331439088,0.091364068157639242,0.010177442387437473,1.4667241323439753,-1.0093733326335033,0.50555080774032035,-0.10465529905182561,-0.01080643449453153,-0.0011372633639927957,0.010806434494531532,0.0011372633639927957,0.50555080774032035,-0.10465529905182563
fig8_D_0p5,0.5,489.42898961145318,1.4629294575167853,-0.99432460933397171,-0.10538254942361586,-0.021879511087798269,0.088507391762541535,0.010122546072711956,1.4650707561570475,-0.99492051383024771,0.50536954234611742,-0.10295443704933821,-0.01046249319453009,-0.0010829751780537312,0.01046249319453009,0.0010829751780537312,0.50536954234611742,-0.10295443704933821
fig8_D_0p5,0.5,497.38959587900678,1.4613311162169713,-0.98012792163808682,-0.1022588747373239,-0.021620058417621855,0.085755322232878337,0.010069291050019448,1.4634028349280046,-0.98070225368378805,0.50519434863339019,-0.10128200855183034,-0.010129520384874876,-0.0010312950764176489,0.010129520384874876,0.0010312950764176489,0.50519434863339019,-0.10128200855183032
fig8_D_0p5,0.5,505.47968211912354,1.4597154292669501,-0.96615827658164466,-0.099247599604009099,-0.021363334071675476,0.083104667563284898,0.010017254087715702,1.4617198977686983,-0.96671185867536169,0.50502501379873077,-0.099637502141869491,-0.0098071650956788759,-0.00098209648159808672,0.0098071650956788759,0.00098209648159808672,0.50502501379873077,-0.099637502141869477
fig8_D_0p5,0.5,513.70135433513383,1.4580820647174868,-0.95240905362871853,-0.096345255477406078,-0.021108980309397948,0.08055234599434552,0.0099660154546873832,1.4600215361207236,-0.95294267193540438,0.50486133307065806,-0.098020417175287491,-0.0094950876441289925,-0.0009352590577806632,0.0094950876441289925,0.00093525905778066309,0.50486133307065806,-0.098020417175287505
fig8_D_0p5,0.5,522.05675278469755,1.4564307536807735,-0.93887366082584589,-0.093548493521861231,-0.020856638406061646,0.078095381793766669,0.009915158164400013,1.4583074071920827,-0.93938806696079757,0.5047031093726807,-0.096430263492678955,-0.0091929592695551704,-0.00089066839551958947,0.0091929592695551739,0.00089066839551958947,0.5047031093726807,-0.096430263492678955
fig8_D_0p5,0.5,530.54805253695747,1.4547612941406645,-0.92554552872967111,-0.090854080081597871,-0.020605948172244593,0.075730901191847694,0.0098642672456801771,1.4565772376648181,-0.92604144145537315,0.50455015300238049,-0.094866561140468597,-0.0089004617802668686,-0.00084821571292894107,0.0089004617802668669,0.00084821571292894096,0.50455015300238049,-0.094866561140468653
fig8_D_0p5,0.5,539.17746403875049,1.4530735550404692,-0.91241810444842386,-0.088258892319858395,-0.020356547484513099,0.073456128464597134,0.0098129290384873537,1.4548308276845063,-0.91289621128874054,0.50440228132565801,-0.093328840101209662,-0.0086172872117944478,-0.00080779757246393299,0.0086172872117944478,0.0008077975724639331,0.50440228132565801,-0.093328840101209676
fig8_D_0p5,0.5,547.94723369002816,1.4513674806600276,-0.89948484579311827,-0.085759914020709233,-0.020108071826178062,0.071268382158260604,0.009760730512940784,1.453068055143139,-0.89994580456914741,0.50425931848533034,-0.091816640032781685,-0.0083431374961812858,-0.00076931561243999945,0.0083431374961812858,0.00076931561243999934,0.50425931848533034,-0.091816640032781685
fig8_D_0p5,0.5,556.85964442864088,1.449643095294447,-0.88673921553491708,-0.083354231546733798,-0.019860153836940477,0.069165071449422785,0.0097072586098572739,1.4512888802675641,-0.88718365582652647,0.50412109512331993,-0.090329510016166875,-0.0080777241419809735,-0.00073267629248684304,0.0080777241419809735,0.00073267629248684304,0.50412109512331993,-0.090329510016166889
fig8_D_0p5,0.5,565.91701632462423,1.4479005082476002,-0.87417467576564356,-0.081039029946292571,-0.019612422870177403,0.067143692635246374,0.0096520996010277943,1.4494933505264185,-0.87460320030252037,0.50398744811571816,-0.08886700831149745,-0.0078207679246236634,-0.00069779065218102891,0.0078207679246236617,0.00069779065218102902,0.50398744811571816,-0.088867008311497464
fig8_D_0p5,0.5,575.12170718416132,1.4461399191542261,-0.86178468235880956,-0.078811589204425797,-0.019364504556535808,0.065201825748766526,0.0095948384674149241,1.4476816058692057,-0.86219786834462198,0.50385822032004857,-0.087428702122069213,-0.0075719985868232783,-0.00066457408214400712,0.0075719985868232783,0.00066457408214400712,0.50385822032004857,-0.087428702122069213
fig8_D_0p5,0.5,584.47611316336372,1.4443616236452759,-0.84956267952904507,-0.076669280631889117,-0.019116020372402245,0.063337131294531238,0.0095350582933801022,1.4458538843120226,-0.84996107990214098,0.50373326033409282,-0.086014167366034774,-0.0073311545487073785,-0.00063294610693341656,0.0073311545487073785,0.00063294610693341666,0.50373326033409282,-0.086014167366034774
fig8_D_0p5,0.5,593.9826693920362,1.4425660193720604,-0.83750209448816815,-0.074609563387183525,-0.018866587211691318,0.061547347100208372,0.0094723396749606201,1.4440105278853239,-0.8378862391220383,0.5036124222656837,-0.08462298845549418,-0.0070979826273596209,-0.00060283017909373599,0.0070979826273596218,0.00060283017909373599,0.5036124222656837,-0.084622988455494166
fig8_D_0p5,0.5,603.64385060758639,1.4407536124056697,-0.82559633219651463,-0.072629981126808241,-0.018615816959252782,0.059830285280114859,0.0094062601400963283,1.4421519889600385,-0.825966729043068,0.50349556551289698,-0.083254758082711863,-0.0068722377654736426,-0.00057415348376835468,0.0068722377654736426,0.00057415348376835468,0.50349556551289698,-0.083254758082711863
fig8_D_0p5,0.5,613.46217179925065,1.4389250240291924,-0.8138387702084583,-0.070728158779309838,-0.018363316064027177,0.058183829306929828,0.0093363935785624758,1.4402788369694708,-0.81419590638700479,0.50338255455411263,-0.081909077013197926,-0.0066536827688258755,-0.00054684675330895355,0.0066536827688258755,0.00054684675330895366,0.50338255455411263,-0.08190907701319794
fig8_D_0p5,0.5,623.44018886278639,1.4370809979414216,-0.80222275361136286,-0.068901799439036238,-0.018108685109881856,0.05660593118815916,0.0092623096791920739,1.4383917655455032,-0.80256709644604673,0.50327325874744289,-0.080585553885403338,-0.0064420880522836517,-0.0005208440913498821,0.0064420880522836517,0.00052084409134988221,0.50327325874744289,-0.080585553885403338
fig8_D_0p5,0.5,633.58049926582544,1.4352224078919649,-0.79074159005739442,-0.067148681375805486,-0.01785151838183608,0.055094608744189116,0.009183573371766415,1.4364916000889312,-0.79107358806565908,0.50316755213905306,-0.079283805016782324,-0.0062372313940725899,-0.0004960828058450064,0.0062372313940725881,0.0004960828058450064,0.50316755213905306,-0.079283805016782338
fig8_D_0p5,0.5,643.88574272404253,1.4333502657690957,-0.77938854488788345,-0.06546665515701082,-0.017591403425124399,0.05364794298504711,0.0090997442707139095,1.4345793057951235,-0.77970862872243196,0.50306531327992965,-0.078003454215990017,-0.0060388976980364079,-0.00047250325059268206,0.0060388976980364087,0.00047250325059268212,0.50306531327992965,-0.078003454215990017
fig8_D_0p5,0.5,654.35860188832294,1.4314657301632154,-0.7681568363500213,-0.063853640878945586,-0.017327920594257896,0.052264075583226141,0.0090103761174838738,1.4326559961578123,-0.76846541969659721,0.50296642505067268,-0.076744132600988141,-0.0058468787636298961,-0.00045004867480086583,0.0058468787636298961,0.00045004867480086578,0.50296642505067268,-0.076744132600988155
fig8_D_0p5,0.5,665.00180304311186,1.4295701154305289,-0.75703963090578719,-0.062307625504399992,-0.017060642588910657,0.050941206440165067,0.0089150162181459349,1.4307229419754754,-0.75733711133898451,0.50287077449391615,-0.075505478422840597,-0.0056609730633936997,-0.00042866508026922416,0.0056609730633936997,0.00042866508026922416,0.50287077449391615,-0.075505478422840583
fig8_D_0p5,0.5,675.818116816111,1.4276649012834557,-0.74603003863308448,-0.060826660303815977,-0.01678913397309147,0.049677591344190343,0.0088132048724092471,1.4287815808867661,-0.74631679843227827,0.50277825265399789,-0.074287136894990988,-0.0054809855276678355,-0.00040830108578854708,0.0054809855276678364,0.00040830108578854713,0.50277825265399789,-0.074287136894990974
fig8_D_0p5,0.5,686.81035889953068,1.425751742936445,-0.73512110871899305,-0.059408858397501624,-0.016512950673640857,0.048471539717908879,0.0087044747898517103,1.4268335274635686,-0.73539751564638944,0.50268875442352567,-0.073088760027817834,-0.0053067273363076378,-0.00038890779837968687,0.0053067273363076378,0.00038890779837968693,0.50268875442352567,-0.07308876002781782
fig8_D_0p5,0.5,697.98139078306667,1.423832481838313,-0.7243058250450628,-0.058052392396600774,-0.016231639453634168,0.047321412453214584,0.0085883504886931673,1.4248805838927019,-0.72457223308775431,0.50260217839650412,-0.071910006468275292,-0.0051380157171740338,-0.00037043869101507362,0.0051380157171740347,0.00037043869101507362,0.50260217839650412,-0.071910006468275292
fig8_D_0p5,0.5,709.33412049879894,1.421909157024879,-0.71357710186442702,-0.05675549214068059,-0.015944737355746943,0.046225619832208201,0.0084643476719377126,1.4229247512799958,-0.71383385194225513,0.50251842672770175,-0.070750541344431594,-0.0049746737511767863,-0.00035284948648531245,0.0049746737511767872,0.0003528494864853124,0.50251842672770175,-0.070750541344431594
fig8_D_0p5,0.5,720.87150337821356,1.4199840171287925,-0.70292777957036212,-0.055516442529935164,-0.015651771110065448,0.045182619532439211,0.0083319725751367108,1.4209682416135334,-0.70317520021130331,0.50243740499796241,-0.069610036114725327,-0.0048165301836564558,-0.00033609804709177737,0.0048165301836564558,0.00033609804709177737,0.50243740499796241,-0.069610036114725313
fig8_D_0p5,0.5,732.59654282152303,1.4180595330868433,-0.69235062055576346,-0.05433358145011416,-0.015352256500182558,0.04419091471496351,0.0081907212793898947,1.4190134904263176,-0.69258902854047821,0.50235902208517302,-0.068488168421768192,-0.0046634192418979733,-0.00032014426986347246,0.0046634192418979741,0.00032014426986347246,0.50235902208517302,-0.068488168421768192
fig8_D_0p5,0.5,744.5122910795144,1.4161384115889524,-0.68183830516270072,-0.053205297788349107,-0.015045697680702465,0.043249052193742629,0.0080400789824879842,1.4170631702024663,-0.68206800613981189,0.5022831900406225,-0.067384621950526163,-0.0045151804585748193,-0.0003049499870127029,0.0045151804585748193,0.00030494998701270301,0.5022831900406225,-0.067384621950526177
fig8_D_0p5,0.5,756.62185004810635,1.4142236093174019,-0.67138342772102333,-0.052130029538090664,-0.014731586438489774,0.04235562068491891,0.0078795192203148078,1.4151202045754632,-0.67160471679461742,0.50220982397049418,-0.066299086290720691,-0.0043716585009298111,-0.00029047887135956062,0.0043716585009298111,0.00029047887135956067,0.50220982397049418,-0.066299086290720691
fig8_D_0p5,0.5,768.92837207583057,1.4123183480298371,-0.66097849267463227,-0.05110626199134842,-0.014409401389117558,0.041509249134450039,0.0077085030297467712,1.4131877833719324,-0.66119165496543197,0.50213884192225344,-0.06523125680329607,-0.0042327030055045135,-0.00027669634646971186,0.0042327030055045144,0.00027669634646971186,0.50213884192225344,-0.06523125680329607
fig8_D_0p5,0.5,781.43506078445421,1.4104261305451353,-0.65061591079376335,-0.05013252601636714,-0.014078607098995182,0.040708605122486072,0.0075264780433136197,1.4112693785599897,-0.65082122197535153,0.50207016477570043,-0.064180834490805083,-0.0040981684182353388,-0.00026356950126367175,0.0040981684182353388,0.00026356950126367175,0.50207016477570043,-0.064180834490805083
fig8_D_0p5,0.5,794.14517190293395,1.4085507576975735,-0.64028799547133819,-0.049207396418751326,-0.013738653122577422,0.039952393342716969,0.0073328775048074959,1.4093687611675569,-0.64048572228277556,0.5020037161384735,-0.063147525871572852,-0.0039679138397407205,-0.00025106700886870774,0.0039679138397407197,0.00025106700886870769,0.5020037161384735,-0.063147525871572865
fig8_D_0p5,0.5,807.06201411495067,1.4066963463318747,-0.62998695910114388,-0.048329490383863062,-0.013388972942856207,0.039239354154683014,0.0071271191938224463,1.4074900192431758,-0.63017735983727463,0.50193942224579702,-0.062131042857500304,-0.0038418028756288126,-0.00023915904949663912,0.0038418028756288126,0.00023915904949663912,0.50193942224579702,-0.06213104285750029
fig8_D_0p5,0.5,820.18894992022115,1.4048673484197669,-0.61970490953541868,-0.047497465998064654,-0.013028982802007472,0.038568262206741886,0.0069086042458812143,1.4056375769399265,-0.61988823451613106,0.50187721186428003,-0.061131102635378159,-0.0037197034916614052,-0.00022781723714237906,0.0037197034916614069,0.00022781723714237912,0.50187721186428003,-0.061131102635378159
fig8_D_0p5,0.5,833.52939650981875,1.4030685713878521,-0.60943384661929123,-0.046710020846029571,-0.012658080407589062,0.037937925126984809,0.0066767158533269999,1.4038162148122195,-0.60961033863895764,0.50181701619958075,-0.060147427551585635,-0.0036014878736147825,-0.00021701454990888849,0.0036014878736147825,0.00021701454990888855,0.50181701619958075,-0.060147427551585635
fig8_D_0p5,0.5,847.0868266557402,1.4013051997569126,-0.59916565879952843,-0.045965890680912107,-0.012275643498043212,0.037347182278899993,0.006430817830515613,1.4020310914255465,-0.59933555355784607,0.50175876880776416,-0.059179745000052131,-0.0034870322916834701,-0.00020672526377447847,0.0034870322916834701,0.00020672526377447852,0.50175876880776416,-0.059179745000052131
fig8_D_0p5,0.5,860.8647696149244,1.3995828182044743,-0.58889211980524991,-0.045263848163613243,-0.011881028249432006,0.036794903577966137,0.0061702530250223996,1.4002877663909965,-0.58905564632066854,0.50170240551018386,-0.05822778731336796,-0.0033762169692782224,-0.00019692488962811132,0.0033762169692782224,0.00019692488962811134,0.50170240551018386,-0.058227787313367953
fig8_D_0p5,0.5,874.8668120479914,1.3979074361756785,-0.57860488539869104,-0.044602701666705082,-0.011473567503298514,0.03627998836460658,0.0058943415545450323,1.3985922249495675,-0.57876226640562067,0.50164786431173314,-0.057291291656930393,-0.0032689259560739325,-0.00018759011340745979,0.0032689259560739325,0.00018759011340745979,0.50164786431173314,-0.057291291656930393
fig8_D_0p5,0.5,889.09659895291679,1.3962855141824941,-0.56829549019486048,-0.043981294137753632,-0.011052568793277427,0.035801364328032111,0.0056023788469199169,1.3969509042462864,-0.56844694252584893,0.50159508532231456,-0.056369999926019994,-0.0031650470051684913,-0.00017869873918318488,0.0031650470051684913,0.00017869873918318488,0.50159508532231456,-0.056369999926020001
fig8_D_0p5,0.5,903.55783461389206,1.3947239919482679,-0.55795534455012497,-0.043398502015781319,-0.01061731214554296,0.035357986474410311,0.0052936334581456272,1.3953707214511148,-0.55810107950418186,0.50154401068138688,-0.055463658645703844,-0.0030644714542178513,-0.00017022963504103445,0.0030644714542178509,0.00017022963504103445,0.50154401068138688,-0.05546365864570383
fig8_D_0p5,0.5,918.25428356562816,1.3932303185737769,-0.54757573152140027,-0.042853234193420089,-0.010167047625342835,0.034948836131502903,0.0049673446404808639,1.393859103902813,-0.54771595521970384,0.5014945844854527,-0.054572018873466084,-0.0029670941104170223,-0.00016216268162109806,0.0029670941104170214,0.00016216268162109803,0.5014945844854527,-0.054572018873466084
fig8_D_0p5,0.5,933.18977157332392,1.3918124849227149,-0.53714780390007333,-0.042344431015875691,-0.0097009925986860594,0.034572919980371125,0.0046227196295231749,1.3924240214736618,-0.53728271763027113,0.50144675271836148,-0.053694836104473877,-0.0028728131392013719,-0.00015447872318088775,0.0028728131392013719,0.00015447872318088775,0.50144675271836148,-0.053694836104473877
fig8_D_0p5,0.5,948.36818662859275,1.3904790584491589,-0.52666258132783761,-0.041871063306123793,-0.0092183286746763734,0.03422926910291485,0.0042589306156254935,1.391074021377614,-0.52679238187822564,0.50140046318430287,-0.052831870179384115,-0.0027815299565461834,-0.00014715952105577419,0.0027815299565461834,0.00014715952105577416,0.50140046318430287,-0.052831870179384115
fig8_D_0p5,0.5,963.79347996157958,1.3892392207174697,-0.51611094750594044,-0.041432131403736229,-0.0087181982899612459,0.033916938031847206,0.0038751113610196852,1.3898182656723013,-0.51623582749082697,0.50135566544337595,-0.051982885194606372,-0.0026931491247470032,-0.00014018770939689353,0.0026931491247470032,0.00014018770939689353,0.50135566544337595,-0.051982885194606372
fig8_D_0p5,0.5,979.46966706953856,1.3881028078967446,-0.50548364751471631,-0.041026664202331843,-0.0081997008922304222,0.033635003787136651,0.0034703534195267686,1.388666571737035,-0.50560379569235459,0.50131231074962501,-0.051147649414936901,-0.002607578251566925,-0.00013354675307279419,0.0026075782515669259,0.00013354675307279421,0.50131231074962501,-0.051147649414936901
fig8_D_0p5,0.5,995.40082876215183,1.3870803545478165,-0.49477128526732811,-0.040653718167793527,-0.0076618886745712864,0.033382564879912632,0.0030437019106610277,1.387629456044807,-0.49488688685185483,0.50127035199143433,-0.050325935188482857,-0.0025247278926406953,-0.00012722090762694655,0.0025247278926406953,0.00012722090762694655,0.50127035199143433,-0.050325935188482857
fig8_D_0p5,0.5,1011.5911122238298,1.3861831410615768,-0.48396432113053545,-0.040312376316001292,-0.0071037618066887628,0.03315874026123173,0.0025941507942112674,1.3867181815870653,-0.48407555809945779,0.50122974363418404,-0.049517518863800951,-0.0024445114570294619,-0.00012119518118879465,0.0024445114570294619,0.00012119518118879465,0.50122974363418404,-0.049517518863800951
fig8_D_0p5,0.5,1028.0447320933097,1.3854232451536801,-0.47305306975652722,-0.040001747124799855,-0.0065242631024139061,0.032962668188837252,0.0021206375848841193,1.3859448093563427,-0.47316012115538159,0.50119044166507176,-0.048722180709173772,-0.0023668451158230419,-0.00011545529824123524,0.0023668451158230419,0.00011545529824123523,0.50119044166507176,-0.048722180709173772
fig8_D_0p5,0.5,1044.7659715608052,1.3848135978733012,-0.46202769818391171,-0.039720963350121631,-0.005922272055449632,0.032793504979983477,0.0016220374392332832,1.3853222543444317,-0.46213074042986585,0.5011524035400079,-0.047939704833954135,-0.0022916477136904452,-0.00010998766515240459,0.0022916477136904452,0.00010998766515240462,0.5011524035400079,-0.047939704833954128
fig8_D_0p5,0.5,1061.7591834829991,1.3843680446434978,-0.45087822428349117,-0.03946918071046316,-0.005296598166786474,0.032650423612376453,0.0010971565387170373,1.3848643465736739,-0.45097743146978819,0.50111558813250034,-0.047169879111908376,-0.0022188406832824286,-0.00010477933738433355,0.0022188406832824282,0.00010477933738433353,0.50111558813250034,-0.047169879111908383
fig8_D_0p5,0.5,1079.0287915161837,1.3841014119188857,-0.43959451564615898,-0.039245576397081774,-0.0046459734775132914,0.032532612128114542,0.0005447246831874554,1.3845858977471028,-0.43969005984947973,0.50107995568444441,-0.046412495106491723,-0.002148347962393023,-9.9817988295477136e-05,0.0021483479623930226,9.9817988295477136e-05,0.50107995568444441,-0.046412495106491716
fig8_D_0p5,0.5,1096.5792912678098,1.3840295801240297,-0.42816628903716969,-0.039049347359101483,-0.0039690442096584223,0.032439271786954278,-3.6613001771961521e-05,1.3845027741808669,-0.42825834063017304,0.50104546775874026,-0.045667347997994275,-0.0020800959137903191,-9.5091879458360142e-05,0.0020800959137903187,9.5091879458360142e-05,0.50104546775874026,-0.045667347997994288
fig8_D_0p5,0.5,1114.415251466788,1.384169563624563,-0.41658311057412056,-0.038879708302912569,-0.0032643614050069021,0.032369614904988436,-0.00064830535268094451,1.3846319767709785,-0.41667183854568418,0.50101208719366386,-0.044934236512494674,-0.0020140132476293413,-9.0589832417540262e-05,0.0020140132476293418,9.0589832417540275e-05,0.50101208719366386,-0.044934236512494667
fig8_D_0p5,0.5,1132.5413151528126,1.3845395985842874,-0.40483439682687106,-0.038735889333460921,-0.002530370437307904,0.032322862302543581,-0.0012919055744200008,1.3849917288476776,-0.40491996911277817,0.50097977805891802,-0.044212962852563945,-0.0019500309463631228,-8.6301201816901311e-05,0.0019500309463631224,8.6301201816901298e-05,0.50097977805891802,-0.044212962852563938
fig8_D_0p5,0.5,1150.9622008850311,1.3851592396771815,-0.39290941708771276,-0.038617133150823893,-0.0017653992566144863,0.032298240270344419,-0.0019690829044620955,1.3856015728863667,-0.39299200091488579,0.50094850561329773,-0.043503332629663501,-0.001888082192070636,-8.2215849828857809e-05,0.0018880821920706362,8.2215849828857823e-05,0.50094850561329773,-0.043503332629663501
fig8_D_0p5,0.5,1169.6827039703846,1.3860494667556733,-0.38079729712176452,-0.038522691698315306,-0.00096764520535756282,0.032294976945198853,-0.0026816356933201434,1.3864824771765305,-0.38087705936948862,0.50091823626390286,-0.04280515479818215,-0.0018281022961229591,-7.8324121821450298e-05,0.0018281022961229591,7.8324121821450284e-05,0.50091823626390286,-0.042805154798182143
fig8_D_0p5,0.5,1188.7076977119032,1.3872328027282703,-0.36848702478317918,-0.038451822137593669,-0.00013516022375997222,0.032312297964957749,-0.0034315060808978552,1.387656953701732,-0.36856413236518354,0.5008889375268375,-0.042118241591061673,-0.0017700286311117673,-7.4616823202539736e-05,0.0017700286311117669,7.461682320253975e-05,0.5008889375268375,-0.042118241591061679
fig8_D_0p5,0.5,1208.0421346773289,1.3887334440736041,-0.35596745797555024,-0.038403782001035461,0.00073416576309725189,0.032349421246454825,-0.0042207964730599096,1.3891491886578204,-0.35604207824731104,0.50086057798933559,-0.041442408456959332,-0.0017138005649665331,-7.108519738334639e-05,0.0017138005649665331,7.108519738334639e-05,0.50086057798933559,-0.041442408456959332
fig8_D_0p5,0.5,1227.6910479883604,1.3905774056177926,-0.34322733554889023,-0.038377823340951293,0.0016426235133398936,0.03240555069848778,-0.0050517880510139038,1.3909851872362486,-0.34329963674510805,0.50083312727325735,-0.040777473998900318,-0.0016593593971894532,-6.7720904806487759e-05,0.0016593593971894532,6.7720904806487759e-05,0.50083312727325735,-0.040777473998900318
fig8_D_0p5,0.5,1247.6595526308683,1.392792681431654,-0.33025529186552849,-0.038373185657780647,0.0025927054617521307,0.032479868643359014,-0.0059269615785745239,1.393192934529069,-0.3303254435734011,0.50080655599990131,-0.04012325991437362,-0.0016066482971393442,-6.4516002986406021e-05,0.0016066482971393442,6.4516002986406021e-05,0.50080655599990131,-0.04012325991437362
fig8_D_0p5,0.5,1267.9528467864338,1.3954094239685271,-0.31703987593934896,-0.038389087343598305,0.0035871293473705296,0.032571526673423216,-0.0068490208096580506,1.3958025746763651,-0.31710804961404371,0.50078083575608157,-0.039479590936826355,-0.0015556122442980144,-6.1462927512679347e-05,0.0015556122442980144,6.1462927512679347e-05,0.50078083575608157,-0.039479590936826355
fig8_D_0p5,0.5,1288.5762131855181,1.3984601438677249,-0.30356957626460079,-0.038424715321081812,0.0046288648282219362,0.032679634611448634,-0.0078209188411024876,1.398846610681125,-0.3036359457942806,0.50075593906141824,-0.038846294778515054,-0.0015061979704549271,-5.8554473969187319e-05,0.0015061979704549271,5.8554473969187319e-05,0.50075593906141824,-0.038846294778515061
fig8_D_0p5,0.5,1309.5350204826677,1.4019799331992793,-0.28983285271142512,-0.038479212488996765,0.0057211634870040339,0.032803247172829002,-0.0088458878048636828,1.4023601276671602,-0.28989759504025009,0.50073183933679744,-0.038223202074671017,-0.0014583539037478664,-5.5783780724429439e-05,0.0014583539037478664,5.5783780724429439e-05,0.50073183933679744,-0.038223202074671024
fig8_D_0p5,0.5,1330.8347246540761,1.4060067153299525,-0.27581817718733986,-0.03855166250006288,0.0068675926897121403,0.032941347840555357,-0.0099274723495686012,1.4063810427599757,-0.27588147300618854,0.50070851087395252,-0.037610146328941343,-0.001412030114499574,-5.3144312550531569e-05,0.001412030114499574,5.3144312550531569e-05,0.50070851087395252,-0.037610146328941343
fig8_D_0p5,0.5,1352.480870417874,1.4105815250569329,-0.2615140851620254,-0.038641071291736592,0.008072073825738442,0.033092829356306468,-0.011069567425113627,1.4109503852368097,-0.26157611967816263,0.50068592880612539,-0.037006963860067181,-0.001367178262792202,-5.0629845030576606e-05,0.0013671782627922022,5.0629845030576613e-05,0.50068592880612539,-0.037006963860067181
fig8_D_0p5,0.5,1374.4790926775368,1.4157488231937028,-0.24690924064574329,-0.038746344659884503,0.0093389255337192976,0.033256470097899449,-0.012276460956263066,1.4161126111301403,-0.24697020444448528,0.50066406907976446,-0.036413493749762015,-0.0013237515477232979,-4.8234449715895897e-05,0.0013237515477232979,4.8234449715895883e-05,0.50066406907976446,-0.036413493749762015
fig8_D_0p5,0.5,1396.8351179887397,1.4215568504132918,-0.23199251782356575,-0.038866261003047457,0.010672912603234191,0.033430905448131751,-0.013552882072686248,1.4219159570894708,-0.2320526078370975,0.50064290842722137,-0.03582957779175578,-0.0012817046582890249,-4.595247999686409e-05,0.0012817046582890249,4.5952479996864097e-05,0.50064290842722137,-0.035829577791755787
fig8_D_0p5,0.5,1419.5547660501015,1.4280580258695932,-0.21675310330825134,-0.03899943816276643,0.012079301339050967,0.03361459305446024,-0.014904055654053554,1.4284128390215811,-0.21681252390931571,0.50062242434040805,-0.035255060441969285,-0.0012409937258419062,-4.3778557652531967e-05,0.0012409937258419062,4.377855765253196e-05,0.50062242434040805,-0.035255060441969285
fig8_D_0p5,0.5,1442.6439512181587,1.4353093969412023,-0.20118062392284691,-0.039144293032748252,0.013563922282298101,0.033805770622447349,-0.016335764049724564,1.4356603018529575,-0.2012395881639876,0.50060259504537685,-0.034689788769787254,-0.0012015762780722846,-4.1707560046153298e-05,0.0012015762780722848,4.1707560046153298e-05,0.50060259504537685,-0.034689788769787261
fig8_D_0p5,0.5,1466.1086840469829,1.4433731473888658,-0.18526530610838038,-0.039298992293061601,0.015133241301482664,0.03400240456498442,-0.017854416942597876,1.4437205277044836,-0.18532403713101936,0.50058339947779018,-0.034133612410398056,-0.0011634111944642572,-3.9734607935280834e-05,0.0011634111944642572,3.9734607935280834e-05,0.50058339947779018,-0.03413361241039805
fig8_D_0p5,0.5,1489.9550728528536,1.4523171723024302,-0.16899817453515154,-0.039461392227867896,0.016794440194373737,0.034202127426760161,-0.019467130444096804,1.452661410852859,-0.16905690717706076,0.5005648172592454,-0.033586383518169276,-0.0011264586631784645,-3.7855053866649723e-05,0.0011264586631784645,3.7855053866649716e-05,0.5005648172592454,-0.033586383518169276
fig8_D_0p5,0.5,1514.189325304352,1.4622157294511917,-0.15237129935796329,-0.039628965084332855,0.01855550807655262,0.034402161497196632,-0.021181816628536427,1.4625572090907299,-0.15243028199275113,0.50054682867442335,-0.033047956721030898,-0.0010906801393157398,-3.6064471127534967e-05,0.0010906801393157398,3.6064471127534967e-05,0.50054682867442335,-0.033047956721030898
fig8_D_0p5,0.5,1538.8177500383463,1.4731501780565683,-0.13537810389860896,-0.039798708797974945,0.020425344968462274,0.034599225386823446,-0.023007284834044711,1.4734892825018182,-0.13543760054698642,0.50052941464902967,-0.032518189075836409,-0.0010560383045169965,-3.4358643226654373e-05,0.0010560383045169965,3.4358643226654373e-05,0.50052941464902967,-0.032518189075836409
fig8_D_0p5,0.5,1563.8467583022477,1.4852098175877528,-0.11801374749547255,-0.039967036109274094,0.022413879120679023,0.034789419535413972,-0.024953356163378255,1.4855469322481394,-0.11807404025529597,0.50051255672850004,-0.031996940024675555,-0.0010224970278563284,-3.2733553879016355e-05,0.0010224970278563282,3.2733553879016362e-05,0.50051255672850004,-0.031996940024675555
fig8_D_0p5,0.5,1589.2828656229763,1.498492840942125,-0.10027560199979453,-0.040129638080898644,0.024532199721541342,0.034968085598423106,-0.027030992694724497,1.4988283537262741,-0.10033699385066881,0.50049623705743984,-0.0314840713521123,-0.00099002132798562369,-3.1185377470363391e-05,0.00099002132798562369,3.1185377470363398e-05,0.50049623705743984,-0.0314840713521123
fig8_D_0p5,0.5,1615.1326935030897,1.5131074183019693,-0.082163845141163566,-0.040281315733869318,0.026792706687752615,0.035129633361246505,-0.029252442933742805,1.5134417203776895,-0.082226663189780391,0.50048043835977274,-0.030979447143321969,-0.00095857733649033175,-2.9710469978052916e-05,0.00095857733649033165,2.9710469978052916e-05,0.50048043835977274,-0.030979447143321966
fig8_D_0p5,0.5,1641.4029711444664,1.5291729300246288,-0.063682200014888973,-0.040415771876458492,0.029209279209022408,0.035267327181404448,-0.031631404963336246,1.5295064165014833,-0.06374679925978792,0.5004651439195712,-0.030482933743104481,-0.00092813226241746636,-2.8305360326356366e-05,0.00092813226241746636,2.8305360326356366e-05,0.5004651439195712,-0.030482933743104474
fig8_D_0p5,0.5,1668.1005372000591,1.5468213690564085,-0.044838857628742949,-0.040525353101539645,0.031797464543682978,0.035373021858056769,-0.034183208515522909,1.5471544395479628,-0.04490562533806737,0.50045033756254431,-0.029994399715748455,-0.00089865435793799438,-2.6966742155223431e-05,0.00089865435793799427,2.6966742155223428e-05,0.50045033756254431,-0.029994399715748458
fig8_D_0p5,0.5,1695.2323415541214,1.5661989354355059,-0.025647629262328945,-0.04060072924829615,0.034574688154295839,0.035436835150045469,-0.036925016707311326,1.5665319944423521,-0.025716990075850356,0.50043600363815888,-0.029513715805724594,-0.00087011288510718463,-2.5691465982590586e-05,0.00087011288510718463,2.5691465982590586e-05,0.50043600363815888,-0.029513715805724591
fig8_D_0p5,0.5,1722.8054471313922,1.5874678472522219,-0.0061293879546816706,-0.04063049419948217,0.037560485495735194,0.035446740747735517,-0.039876047310019452,1.5878013042852845,-0.0062018098423539895,0.50042212700237143,-0.029040754899185884,-0.00084247808368756992,-2.4476531741278922e-05,0.00084247808368756992,2.4476531741278919e-05,0.50042212700237143,-0.02904075489918588
fig8_D_0p5,0.5,1750.8270317357233,1.6108083936138899,0.013686125459544809,-0.040600667509734248,0.04077675442018016,0.035388061148860436,-0.043057811949830251,1.6111426629483554,0.013610124225632354,0.50040869300094748,-0.028575391986253126,-0.00081572114000032258,-2.3319081672450532e-05,0.00081572114000032258,2.3319081672450532e-05,0.50040869300094748,-0.028575391986253126
fig8_D_0p5,0.5,1779.3043899185773,1.6364212551550466,0.033758035673295515,-0.040494070776910834,0.044248024939667924,0.035242834344634141,-0.046494369254384021,1.636756755065867,0.033677878348090363,0.50039568745334895,-0.028117504124066307,-0.00078981415677205325,-2.2216393558473912e-05,0.00078981415677205325,2.2216393558473912e-05,0.50039568745334895,-0.028117504124066307
fig8_D_0p5,0.5,1808.2449348779517,1.6645301155567653,0.054031482947628141,-0.040289545563235024,0.048001739532616612,0.034989021186586491,-0.050212584201076452,1.6648672668334021,0.053946524725167359,0.5003830966371684,-0.027666970400580578,-0.00076473012394495719,-2.1165874278876415e-05,0.00076473012394495709,2.1165874278876408e-05,0.5003830966371684,-0.027666970400580578
fig8_D_0p5,0.5,1837.6562003881725,1.6953845820201692,0.074434033133024172,-0.039960970674494681,0.05206853161769491,0.034599511421792649,-0.054242380096694513,1.6957238054860846,0.074343549886700389,0.50037090727308886,-0.027223671899088777,-0.00074044289041942256,-2.0165053673861163e-05,0.00074044289041942256,2.016505367386117e-05,0.50037090727308886,-0.027223671899088774
fig8_D_0p5,0.5,1867.5458427610779,1.7292634215675109,0.094871147210859208,-0.039476025296198043,0.056482481237399212,0.034040875261908458,-0.058616960700967093,1.7296051342322207,0.094774322268039002,0.50035910651035465,-0.026787491663451617,-0.0007169271366991312,-1.9211578700615795e-05,0.00071692713669913131,1.9211578700615795e-05,0.50035910651035465,-0.026787491663451617
fig8_D_0p5,0.5,1897.9216428390996,1.7664781001951801,0.11522045398098857,-0.03879463044043447,0.061281313897099746,0.033271793602514539,-0.063372966483886947,1.7668227095343243,0.11511636259898629,0.50034768191272994,-0.026358314664017616,-0.0006941583484096779,-1.8303207868357822e-05,0.0006941583484096779,1.8303207868357822e-05,0.50034768191272994,-0.026358314664017609
fig8_D_0p5,0.5,1928.7915080207777,1.807376578381737,0.13532449838164917,-0.037866984033874944,0.066506488679063877,0.032241083348169379,-0.068550508646506636,1.8077244740613769,0.13521208955780889,0.50033662144493185,-0.025936027764215431,-0.00067211279066266944,-1.7437805938742849e-05,0.00067211279066266923,1.7437805938742849e-05,0.50033662144493185,-0.025936027764215438
fig8_D_0p5,0.5,1960.1634743191858,1.8523472618702652,0.15498154815395906,-0.036631084703424771,0.072203091938697922,0.030885214737895315,-0.074192994066132223,1.8526988039893588,0.15485962338254539,0.50032591345951949,-0.0255205196878024,-0.0006507674832382024,-1.6613338878910358e-05,0.00065076748323820229,1.6613338878910354e-05,0.50032591345951949,-0.0255205196878024
fig8_D_0p5,0.5,1992.0457084538712,1.9018229199112648,0.17393392972087937,-0.0350096164537042,0.078419408339352389,0.029125195794294467,-0.080346608992518637,1.9021784225098235,0.17380111831950507,0.50031554668422218,-0.025111680986752215,-0.00063010017655942786,-1.5827869055055224e-05,0.00063010017655942797,1.5827869055055224e-05,0.50031554668422218,-0.025111680986752215
fig8_D_0p5,0.5,2024.4465099768058,1.9562842477570535,0.19185322758483528,-0.032906042859008354,0.085205974835274728,0.02686267710280427,-0.087059262285925046,1.9566439558997435,0.19170795828023002,0.50030551020969383,-0.02470940400976683,-0.00061008932843383294,-1.5079550655001607e-05,0.00061008932843383316,1.5079550655001608e-05,0.50030551020969383,-0.024709404009766827
fig8_D_0p5,0.5,2057.3743134329115,2.0162625417895663,0.20832152006050683,-0.030199739546205126,0.092613825747706352,0.023975112771307205,-0.094378690604659282,2.0166265999529385,0.20816198869250857,0.50029579347767594,-0.02431358287139717,-0.00059071408153665947,-1.4366625328811311e-05,0.00059071408153665958,1.4366625328811313e-05,0.50029579347767594,-0.024313582871397163
fig8_D_0p5,0.5,2090.8376905557502,2.0823406388156935,0.22280764326504934,-0.026739986805185315,0.10069149488454067,0.020309810191227792,-0.10234928499023031,2.0827090475444057,0.22263177681123386,0.50028638626955624,-0.023924113421757716,-0.00057195424161265106,-1.3687418036987952e-05,0.00057195424161265117,1.3687418036987952e-05,0.50028638626955624,-0.023924113421757716
fig8_D_0p5,0.5,2124.8453524988827,2.1551507952688804,0.23463729226715732,-0.022338667837337883,0.10948013603392198,0.015676730358124329,-0.111006993452496,2.1555233520869641,0.23444271002523479,0.50027727869530947,-0.023540893216821634,-0.00055379025637315987,-1.3040333096344187e-05,0.00055379025637315976,1.3040333096344185e-05,0.50027727869530947,-0.023540893216821634
fig8_D_0p5,0.5,2159.4061521035674,2.2353674774753469,0.24295562303211082,-0.016761605003933776,0.11900583454889806,0.0098399952691271969,-0.12037136660895884,2.2357436968229116,0.24273959690473079,0.50026846118280621,-0.023163821489281446,-0.00053620319506628297,-1.2423850414074904e-05,0.00053620319506628286,1.2423850414074907e-05,0.50026846118280621,-0.023163821489281446
fig8_D_0p5,0.5,2194.5290862033157,2.3236920088851614,0.24668099249257833,-0.0097186740764730831,0.12926778787691298,0.0025082777226681789,-0.13043342231609736,2.324071014425952,0.24644041017820043,0.50025992446747702,-0.022792799119962938,-0.00051917472869852162,-1.1836521901038567e-05,0.00051917472869852162,1.1836521901038569e-05,0.50025992446747702,-0.022792799119962938
fig8_D_0p5,0.5,2230.2232979659361,2.4208245635141834,0.24444872025655207,-0.00085326303556968125,0.14022051852863629,-0.0066753094267738523,-0.14113749976651299,2.4212049446599897,0.24418005817034918,0.50025165958232032,-0.022427728609779023,-0.0005026871108870833,-1.1276968055680131e-05,0.0005026871108870833,1.1276968055680131e-05,0.50025165958232032,-0.022427728609779023
fig8_D_0p5,0.5,2266.4980792736928,2.5274169962530304,0.23454454853170775,0.010267552814580458,0.15174766848142326,-0.018142382904702482,-0.15235467724862772,2.5277966195355956,0.23424386603540137,0.5002436578482421,-0.022068514052210716,-0.00048672315932263445,-1.0743874710441677e-05,0.00048672315932263445,1.0743874710441681e-05,0.5002436578482421,-0.022068514052210712
fig8_D_0p5,0.5,2303.3628731421313,2.6439974044970938,0.21482928152955691,0.024159319176516356,0.16362431221178544,-0.032404625419432474,-0.16384475020929934,2.6443731702715367,0.21449225526869808,0.50023591086471453,-0.021715061106303984,-0.00047126623782300361,-1.0235989932900787e-05,0.00047126623782300372,1.0235989932900787e-05,0.50023591086471453,-0.02171506110630398
fig8_D_0p5,0.5,2340.8272761782941,2.7708542478289631,0.18265964072790358,0.041417803623943789,0.17546440250308218,-0.050049987257605268,-0.17520350335849738,2.7712217852558219,0.18228166832755949,0.5002284105007444,-0.021367276970169616,-0.00045630023895888217,-9.7521210742469035e-06,0.00045630023895888201,9.7521210742469035e-06,0.5002284105007444,-0.021367276970169619
fig8_D_0p5,0.5,2378.9010410788956,2.9078648790194719,0.13481675191165718,0.062698959927055903,0.1866505741067408,-0.071720712516062587,-0.18579272014182049,2.9082181801152052,0.1343931683797415,0.50022114888614022,-0.021025070354975462,-0.00044180956723326132,-9.291131958064089e-06,0.00044180956723326127,9.2911319580640873e-06,0.50022114888614022,-0.021025070354975466
fig8_D_0p5,0.5,2417.5940791691282,3.0542519283219196,0.067464222199997301,0.088667016851762287,0.19624634526038892,-0.098058887883271106,-0.19465333623819628,3.0545829396082529,0.066990689229713699,0.50021411840306684,-0.020688351459419746,-0.00042777912279688761,-8.8519402027245391e-06,0.00042777912279688761,8.8519402027245391e-06,0.50021411840306684,-0.020688351459419742
fig8_D_0p5,0.5,2456.9164629827901,3.2082542046501024,-0.023826380687310553,0.11989006932597729,0.20289795823913903,-0.12959898376496826,-0.20040954006220649,3.2085524289922804,-0.024353236912124536,0.50020731167787935,-0.020357031944674416,-0.00041419428568258712,-8.4335146710188958e-06,0.00041419428568258712,8.4335146710188958e-06,0.50020731167787935,-0.02035703194467442
fig8_D_0p5,0.5,2496.8784288843267,3.3667120664411723,-0.14392400376203138,0.15665751028145797,0.20474777621950144,-0.1665821682311221,-0.20118649394387422,3.3669642850423691,-0.14450562743097373,0.50020072157322482,-0.020031024909788878,-0.00040104090054190203,-8.034873040956448e-06,0.00040104090054190203,8.0348730409564497e-06,0.50020072157322482,-0.020031024909788878
fig8_D_0p5,0.5,2537.4903797335719,3.5245984246308355,-0.29778062112572012,0.19869625081034298,0.19940614467925313,-0.20867042869392094,-0.19458938863038291,3.5247887323589775,-0.29841518594705058,0.50019434118040473,-0.01971024486754297,-0.00038830526186795037,-7.655079491957254e-06,0.00038830526186795037,7.655079491957254e-06,0.50019434118040473,-0.019710244867542966
fig8_D_0p5,0.5,2578.7628875938035,3.6745834045231418,-0.48977908326368952,0.24478508615622044,0.18406259901429198,-0.25456190711683763,-0.1778251078157124,3.6746938469126742,-0.49045982533412441,0.50018816381198827,-0.019394607720740073,-0.00037597409968899767,-7.2932425009372618e-06,0.00037597409968899773,7.2932425009372618e-06,0.50018816381198827,-0.01939460772074007
fig8_D_0p5,0.5,2620.7066964838496,3.8068027325197487,-0.7227261615721523,0.29232533468977095,0.15584646283071693,-0.3015686307798599,-0.14807559889420815,3.8068148901463177,-0.72343963640330566,0.50018218299466743,-0.019084030738930658,-0.00036403456571769633,-6.9485127430498019e-06,0.00036403456571769627,6.9485127430498019e-06,0.50018218299466743,-0.019084030738930658
fig8_D_0p5,0.5,2663.3327251749806,3.9090833523230826,-0.99652915827232624,0.33702974964865962,0.11253461585213076,-0.34532187195681568,-0.10321711919142765,3.9089811358710258,-0.99725397774018376,0.50017639246234713,-0.018778432535556572,-0.00035247421994142702,-6.6200810920977899e-06,0.00035247421994142702,6.6200810920977899e-06,0.50017639246234713,-0.018778432535556572
fig8_D_0p5,0.5,2706.6520700332412,3.9679030891786322,-1.3067803930619259,0.37301158381233507,0.053592776218671333,-0.37988803290194728,-0.04286457278529017,3.9676766544819118,-1.3074873061389292,0.50017078614946164,-0.018477733045507851,-0.00034128101763968179,-6.3071767158705727e-06,0.00034128101763968184,6.3071767158705735e-06,0.50017078614946164,-0.018477733045507847
fig8_D_0p5,0.5,2750.6760079080677,3.9702357639311634,-1.6437055900131441,0.39358964938793273,-0.018710292485385676,-0.39860593284847018,0.030528801671776892,3.9698857807086716,-1.6443598219100577,0.50016535818450902,-0.018181853503082403,-0.00033044329681482113,-6.0090652618849553e-06,0.00033044329681482113,6.0090652618849562e-06,0.50016535818450902,-0.018181853503082403
fig8_D_0p5,0.5,2795.415999067859,3.9061075478653691,-1.9920759854754657,0.39291815794614143,-0.098678106181215211,-0.39574084188760084,0.1110843175621106,3.9056482855426866,-1.9926422062265863,0.50016010288379764,-0.01789071642034061,-0.00031994976602303128,-5.725047129227649e-06,0.00031994976602303134,5.725047129227649e-06,0.50016010288379764,-0.01789071642034061
fig8_D_0p5,0.5,2840.883690183301,3.7712481744136523,-2.3325600262980588,0.36804500819751207,-0.17770686573715036,-0.3685407437435258,0.19007230481960405,3.7707075924379727,-2.3330090967451222,0.50015501474539736,-0.017604245565846388,-0.0003097894925926992,-5.4544558224014183e-06,0.00030978949259269915,5.4544558224014175e-06,0.50015501474539736,-0.017604245565846392
fig8_D_0p5,0.5,2887.0909173592345,3.5689078954758395,-2.6445208062911427,0.32045848436954899,-0.24619383832042907,-0.31874408233393114,0.25786912122647188,3.5683237536408403,-2.6448361035540402,0.50015008844328679,-0.01732236594378643,-0.0002999518912178362,-5.1966563832730398e-06,0.0002999518912178362,5.1966563832730398e-06,0.50015008844328679,-0.017322365943786434
fig8_D_0p5,0.5,2934.0497092157871,3.3100001884370083,-2.9096095010992862,0.25613706030574068,-0.29622531060739166,-0.25256358554561892,0.30666105737824878,3.3094130239362478,-2.90979022765754,0.50014531882169277,-0.017045003773460379,-0.00029042671291460163,-4.9510438974083986e-06,0.00029042671291460163,4.9510438974083995e-06,0.50014531882169277,-0.017045003773460375
fig8_D_0p5,0.5,2981.7722900196732,3.011297846202615,-3.1150221125425657,0.18385989789901036,-0.3237747075490125,-0.17893348042233953,0.33261326839999594,3.0107433637153846,-3.1150821908022595,0.50014070088961382,-0.016772086469133481,-0.00028120403432931501,-4.717042071256223e-06,0.00028120403432931507,4.717042071256223e-06,0.50014070088961382,-0.016772086469133477
fig8_D_0p5,0.5,3030.2710828663994,2.692218219884182,-3.255316505453286,0.11259481804420904,-0.32934315976135176,-0.10686708489718333,0.33645027702852087,2.6917218908469946,-3.2552797954151456,0.50013622981552175,-0.0165035426202449,-0.00027227424738676448,-4.4941018768121855e-06,0.00027227424738676448,4.4941018768121855e-06,0.50013622981552175,-0.0165035426202449
fig8_D_0p5,0.5,3079.5587129142232,2.3713239786325055,-3.3322882125828883,0.049261136197752492,-0.31694609713210214,-0.043231376247816339,0.32238249565728205,2.3708992727139111,-3.3321823380070135,0.50013190092223558,-0.016239301971964208,-0.00026362804926795025,-4.2817002605552052e-06,0.00026362804926795025,4.2817002605552052e-06,0.50013190092223558,-0.016239301971964205
fig8_D_0p5,0.5,3129.6480106707504,2.0636670025849444,-3.3532393186637961,-0.0022833034679378386,-0.29225322285467387,0.0082270111598598868,0.2962109182027029,2.0633168212795749,-3.3530904102617871,0.50012770968196263,-0.015979295406088865,-0.0002552564327067535,-4.0793389136009318e-06,0.00025525643270675344,4.0793389136009318e-06,0.50012770968196263,-0.015979295406088865
fig8_D_0p5,0.5,3180.5520153329198,1.7795528408284944,-3.3285276082482036,-0.04103397936696327,-0.26086700361967335,0.046631092045998329,0.26360041237444914,1.7792726431988393,-3.3283571612739267,0.50012365171150031,-0.015723454922276319,-0.00024715067659537409,-3.8865431001636138e-06,0.00024715067659537409,3.8865431001636129e-06,0.50012365171150031,-0.015723454922276319
fig8_D_0p5,0.5,3232.2839781813809,1.5246223035658248,-3.2692876456411999,-0.067960384210146621,-0.2272885114685689,0.073064247683347155,0.22906033872721429,1.5244034268141997,-3.269111473815637,0.50011972276759387,-0.015471713619603358,-0.00023930233688867553,-3.7028605415554817e-06,0.00023930233688867548,3.7028605415554817e-06,0.50011972276759387,-0.01547171361960336
fig8_D_0p5,0.5,3284.8573660300472,1.3007425916176025,-3.1858335947162861,-0.085034130600028929,-0.19459396561949505,0.089584722314560064,0.19564220354105602,1.3005748852069901,-3.1856622047396042,0.50011591874244421,-0.015224005678446666,-0.00023170323779791896,-3.5278603530856446e-06,0.00023170323779791907,3.5278603530856454e-06,0.50011591874244421,-0.015224005678446659
fig8_D_0p5,0.5,3338.2858647317576,1.1071659403744027,-3.0868280023614032,-0.094489985945737612,-0.16457043093049031,0.098485294067152035,0.16509365723410285,1.1070394646363895,-3.086667636037546,0.50011223565936236,-0.014980266342678092,-0.00022434546326466259,-3.361132031345892e-06,0.00022434546326466264,3.3611320313458924e-06,0.50011223565936236,-0.014980266342678092
fig8_D_0p5,0.5,3392.583382740992,0.94159234675540404,-2.9790462495626699,-0.098393406017850446,-0.13803917318909423,0.10186569758976692,0.13819404274804331,0.94149826184764951,-2.9789000577602955,0.50010866966856415,-0.014740431902168257,-0.00021722134870588619,-3.2022844894903798e-06,0.00021722134870588608,3.2022844894903793e-06,0.50010866966856415,-0.014740431902168257
fig8_D_0p5,0.5,3447.764054734464,0.80097928333000845,-2.8674995153680132,-0.09845366217555071,-0.11518997219951199,0.10145238098587241,0.11509520276474879,0.80091017919570551,-2.8673685858721534,0.50010521704310029,-0.014504439675592892,-0.00021032347302171674,-3.0509451382307846e-06,0.00021032347302171671,3.0509451382307851e-06,0.50010521704310029,-0.014504439675592888
fig8_D_0p5,0.5,3503.8422452906757,0.68208197718271413,-2.7557198556421456,-0.095988944878941912,-0.09584854404606187,0.098569604703155997,0.095591435392707882,0.68203187794410536,-2.7556040018106618,0.50010187417492002,-0.014272227993535504,-0.000203644650857368,-2.9067590103761648e-06,0.00020364465085736798,2.9067590103761644e-06,0.50010187417492002,-0.014272227993535504
fig8_D_0p5,0.5,3560.8325526292815,0.58177331341301819,-2.6460821096166569,-0.091966595394492895,-0.079661661941459683,0.094184218313247137,0.079304891478886474,0.58173752375132703,-2.645980425746679,0.5000986375710601,-0.014043736181880871,-0.00019717792511120358,-2.7693879268508333e-06,0.0001971779251112035,2.7693879268508329e-06,0.5000986375710601,-0.014043736181880871
fig8_D_0p5,0.5,3618.7498124112767,0.49720792049261886,-2.540098311874881,-0.087069864198731417,-0.066212466846380463,0.08897551295132991,0.065800110639445825,0.49718281642793338,-2.5400095398356508,0.50009550384995871,-0.013818904545493818,-0.00019091655968108575,-2.6385097022217126e-06,0.00019091655968108575,2.6385097022217126e-06,0.50009550384995871,-0.013818904545493817
fig8_D_0p5,0.5,3677.6091016010305,0.42588692471711298,-2.4386601195500588,-0.081765791578256961,-0.055085620977282576,0.083405046604787453,0.054648057084989543,0.42586974337790146,-2.4385828774923479,0.50009246973788635,-0.013597674352177512,-0.0001848540324414094,-2.5138173878600913e-06,0.00018485403244140932,2.5138173878600917e-06,0.50009246973788635,-0.013597674352177515
fig8_D_0p5,0.5,3737.425742391064,0.3656649306218589,-2.3422263159934551,-0.076363528938725639,-0.04589995722543825,0.077776103026558477,0.045457662913012384,0.36565358363172257,-2.3421592327133394,0.50008953206549489,-0.013379987816906407,-0.00017898402844348808,-2.3950185509524662e-06,0.00017898402844348805,2.3950185509524658e-06,0.50008953206549489,-0.013379987816906407
fig8_D_0p5,0.5,3798.2153061907361,0.3147267667813945,-2.2509619988223641,-0.071060310833974641,-0.038321670363765575,0.072280277087059183,0.037888069516255639,0.31471968518972004,-2.2509037866758219,0.50008668776447474,-0.013165788086328024,-0.00017330043333216332,-2.2818345876593856e-06,0.00017330043333216335,2.2818345876593856e-06,0.50008668776447474,-0.013165788086328028
fig8_D_0p5,0.5,3859.993617679771,0.27155088918820097,-2.1648389595066173,-0.065975874644201835,-0.032066712957428953,0.067032186901595209,0.031650265810354031,0.27154689958101585,-2.1647884489416493,0.50008393386432237,-0.012955019223528961,-0.00016779732697176219,-2.174000068802765e-06,0.00016779732697176219,2.1740000688027654e-06,0.50008393386432237,-0.012955019223528957
fig8_D_0p5,0.5,3922.7767589277155,0.23486910101407213,-2.0837065087526883,-0.061177381045018304,-0.026897744329378123,0.062094500817544591,0.02650345847607663,0.23486732895242882,-2.0836626598598533,0.50008126748921067,-0.012747626193059875,-0.00016246897727473361,-2.0712621165387525e-06,0.00016246897727473364,2.071262116538753e-06,0.50008126748921067,-0.012747626193059872
fig8_D_0p5,0.5,3986.5810735804389,0.20362768051507318,-2.0073405491566745,-0.056697040847683067,-0.022618742993660075,0.05749556952733724,0.022249254293556495,0.20362747646051235,-2.0073024501516996,0.50007868585496096,-0.012543554846214599,-0.00015730983422650624,-1.9733798105466631e-06,0.00015730983422650624,1.9733798105466631e-06,0.50007868585496096,-0.012543554846214595
fig8_D_0p5,0.5,4051.4231711146472,0.17695228590863915,-1.9354770031695916,-0.052544368129462692,-0.019068985239029727,0.053241634065500691,0.018725324739759762,0.17695316897859012,-1.9354438619946299,0.50007618626611161,-0.012342751906558903,-0.00015231452410033235,-1.8801236223346034e-06,0.00015231452410033235,1.8801236223346034e-06,0.50007618626611161,-0.012342751906558903
fig8_D_0p5,0.5,4117.3199311616791,0.15411746859752706,-1.8678341745361198,-0.048714578499546218,-0.016117252171580779,0.049325157795793356,0.015799386525125702,0.15411908413551653,-1.8678053073235965,0.50007376611308185,-0.012145164955703837,-0.00014747784385605464,-1.7912748763284053e-06,0.00014747784385605464,1.7912748763284049e-06,0.50007376611308185,-0.012145164955703837
fig8_D_0p5,0.5,4184.288507901585,0.13452081228476295,-1.8041273810639058,-0.04519427191568004,-0.013656648412777209,0.045730437844197704,0.013363858211227889,0.13452289997860961,-1.8041021996487037,0.50007142286942696,-0.011950742419319406,-0.00014279475571695249,-1.7066252364743617e-06,0.00014279475571695249,1.7066252364743617e-06,0.50007142286942696,-0.011950742419319406
fig8_D_0p5,0.5,4252.3463345286773,0.11766132478333188,-1.7440782479463441,-0.041965227510762315,-0.011600155672335043,0.042437331644578878,0.011331298461109356,0.11766369476243135,-1.7440562476408081,0.50006915408918085,-0.011759433553384102,-0.00013826038191899572,-1.6259762171462656e-06,0.00013826038191899572,1.6259762171462652e-06,0.50006915408918085,-0.011759433553384104
fig8_D_0p5,0.5,4321.5111277897622,0.10312155553256962,-1.6874203501899483,-0.03900689886007537,-0.0098769123214070744,0.03942369074484494,0.0096306039046678421,0.10312407046645938,-1.6874010984442345,0.5000669574042842,-0.011571188430665761,-0.00013386999962701531,-1.549138717204729e-06,0.00013386999962701528,1.5491387172047294e-06,0.5000669574042842,-0.011571188430665761
fig8_D_0p5,0.5,4391.8008925960858,0.090552883930882178,-1.6339023865010522,-0.036298022281541581,-0.0084291499536604895,0.036666915707512064,0.008203888010106828,0.090555445626601824,-1.6338855127199188,0.50006483052209727,-0.011385957927429918,-0.000129619036012489,-1.4759325761117132e-06,0.000129619036012489,1.4759325761117128e-06,0.50006483052209727,-0.011385957927429921
fig8_D_0p5,0.5,4463.2339267103971,0.079663457475010524,-1.5832897065598128,-0.033817624640379254,-0.0072096966258083329,0.034144918525687566,0.0070039437285517843,0.079665996841392001,-1.5832748931452556,0.50006277122298926,-0.011203693710370983,-0.0001255030634877854,-1.4061861510548441e-06,0.00012550306348778543,1.4061861510548441e-06,0.50006277122298926,-0.011203693710370983
fig8_D_0p5,0.5,4535.8288255101907,0.07020831862420325,-1.535364759470399,-0.03154562813636589,-0.0061799549786550282,0.031836689367860313,0.0059921931538015703,0.070210788154747183,-1.5353517340496128,0.50006077735800769,-0.011024348223762583,-0.00012151779509189915,-1.3397359140862105e-06,0.00012151779509189915,1.3397359140862103e-06,0.50006077735800769,-0.011024348223762585
fig8_D_0p5,0.5,4609.6044868284289,0.061981326221043763,-1.4899268531872247,-0.029463187433578557,-0.0053082711328596597,0.029722602107578287,0.0051370365561768227,0.061983694361325732,-1.4899153819305748,0.50005884684662183,-0.010847874676822957,-0.00011765908002285109,-1.2764260683272392e-06,0.00011765908002285112,1.2764260683272394e-06,0.50005884684662183,-0.010847874676822957
fig8_D_0p5,0.5,4684.5801158730455,0.054808541684951952,-1.4467914906700632,-0.02755285144951141,-0.0045686214118362146,0.027784550011122709,0.0044125253294004961,0.054810788611229427,-1.4467813725812857,0.50005697767453838,-0.010674227031291374,-0.00011392289931208706,-1.2161081823363821e-06,0.00011392289931208709,1.2161081823363821e-06,0.50005697767453838,-0.010674227031291374
fig8_D_0p5,0.5,4760.775230226368,0.048542807845740034,-1.4057894624006655,-0.025798612446579328,-0.003939555640146951,0.026005973340376742,0.003797295814326192,0.048544922301459334,-1.40578052445733,0.50005516789158733,-0.0105033599892122,-0.00011030536163636444,-1.1586408417793205e-06,0.0001103053616363644,1.1586408417793205e-06,0.50005516789158733,-0.010503359989212202
fig8_D_0p5,0.5,4838.2096649259574,0.043059297844652088,-1.3667658153097273,-0.024185884687976493,-0.0034033466216606802,0.024371820346722646,0.0032737123375341172,0.043061274770977043,-1.3667579083375998,0.50005341560967542,-0.010335228980922324,-0.00010680269926274158,-1.1038893175819309e-06,0.00010680269926274158,1.1038893175819307e-06,0.50005341560967542,-0.010335228980922326
fig8_D_0p5,0.5,4916.9035776280316,0.038251853080980183,-1.3295787770870586,-0.022701440963712904,-0.00294530487350852,0.022868469286832949,0.0028271776424620035,0.038253691844013352,-1.3295717722623381,0.50005171900080581,-0.010169790153238758,-0.00010341126412244625,-1.0517252497854672e-06,0.00010341126412244625,1.0517252497854674e-06,0.50005171900080581,-0.010169790153238758
fig8_D_0p5,0.5,4996.8774538548787,0.034029963463939106,-1.2940986866499267,-0.021333325762988898,-0.0025532256638171312,0.021483629668963729,0.00244557712366794,0.034031666530856347,-1.2940924725354341,0.50005007629516118,-0.010007000357842613,-0.00010012752400951763,-1.002026346360217e-06,0.00010012752400951763,1.0020263463602172e-06,0.50005007629516118,-0.010007000357842612
fig8_D_0p5,0.5,5078.1521123276707,0.030316271220766331,-1.2602069622929515,-0.020070757382056933,-0.0022169419619444465,0.020206234548082621,0.002118830020745345,0.030317843174000072,-1.2602014423266075,0.50004848577924699,-0.0098468171398559592,-9.6948058900253809e-05,-9.5467609626924027e-07,9.6948058900253809e-05,9.5467609626924027e-07,0.50004848577924699,-0.0098468171398559574
fig8_D_0p5,0.5,5160.7487103859075,0.027044502214253138,-1.2277951259956932,-0.01890402685771763,-0.001927962231625761,0.019026331372859185,0.0018385261815694878,0.027045949020407418,-1.2277902163611611,0.50004694579409625,-0.0096891987266083997,-9.3869557389627745e-05,-9.0956349610748073e-07,9.3869557389627745e-05,9.0956349610748073e-07,0.50004694579409625,-0.0096891987266083997
fig8_D_0p5,0.5,5244.6887494951188,0.024157747058836779,-1.1967638936114864,-0.017824398648533704,-0.0016791762734347194,0.017934975990120873,0.001597631373981531,0.02415907552960226,-1.1967595214312472,0.50004545473352968,-0.0095341040165896219,-9.0888813240943474e-05,-8.6658278967332886e-07,9.0888813240943487e-05,8.6658278967332907e-07,0.50004545473352968,-0.0095341040165896201
fig8_D_0p5,0.5,5329.9940808440933,0.021607029098720549,-1.1670223348745403,-0.016824015997076742,-0.0014646157378601257,0.016924132482274437,0.0013902476063673559,0.021608246496483002,-1.1670184366748622,0.50004401104247354,-0.0093814925685849083,-8.8002722045137143e-05,-8.256332198604042e-07,8.8002722045137143e-05,8.2563321986040431e-07,0.50004401104247354,-0.0093814925685849083
fig8_D_0p5,0.5,5416.6869110331463,0.019350108203251917,-1.1384871034166792,-0.015895812586732522,-0.0012792586472349168,0.015986580241607037,0.0012114176818309882,0.019351221955658186,-1.1384836238218288,0.50004261321532983,-0.0092313245909903911,-8.5208277986234917e-05,-7.8661879228625383e-07,8.5208277986234917e-05,7.8661879228625372e-07,0.50004261321532983,-0.0092313245909903911
fig8_D_0p5,0.5,5504.7898078549679,0.017350478905302454,-1.1110817346374668,-0.015033431242707115,-0.0011188694218305574,0.0151158288608302,0.0010569654014350584,0.017351496401753989,-1.1110786252573128,0.50004125979439951,-0.0090835609313046645,-8.2502570709589264e-05,-7.494480501022859e-07,8.2502570709589251e-05,7.494480501022859e-07,0.50004125979439951,-0.0090835609313046645
fig8_D_0p5,0.5,5594.3257061693776,0.015576529115336366,-1.0847360078749217,-0.014231149872592531,-0.00097986761647365678,0.014306040896893114,0.00092336456702934956,0.015577457564943883,-1.0847332263557914,0.50003994936835572,-0.0089381630657940948,-7.9882782289631692e-05,-7.1403385945572645e-07,7.9882782289631706e-05,7.1403385945572667e-07,0.50003994936835572,-0.0089381630657940966
fig8_D_0p5,0.5,5685.3179138737532,0.014000831857071409,-1.0593853685680759,-0.013483814496762739,-0.00085921993127317342,0.013551962245881472,0.00080763130851586775,0.01400167819255849,-1.059382877781581,0.50003868057076573,-0.0087950930893283211,-7.7346184293970046e-05,-6.8029320509927225e-07,7.7346184293970046e-05,6.8029320509927194e-07,0.50003868057076573,-0.0087950930893283229
fig8_D_0p5,0.5,5777.7901179705068,0.012599547487294518,-1.0349704057727662,-0.012786779014153669,-0.00075435113734564603,0.012848859683031623,0.00070723534985992279,0.012600318303090203,-1.0349681731213727,0.5000374520786609,-0.0086543137053833302,-7.4890134940772812e-05,-6.4814699566820279e-07,7.4890134940772812e-05,6.4814699566820269e-07,0.5000374520786609,-0.0086543137053833302
fig8_D_0p5,0.5,5871.7663907332617,0.011351917920281444,-1.0114363803394044,-0.012135851237489085,-0.00066307041452466902,0.0121924650273189,0.00062002669289095433,0.011352619435886981,-1.0114343771609176,0.50003626261115142,-0.0085157882162090297,-7.2512076346471801e-05,-6.1751987816735457e-07,7.2512076346471801e-05,6.1751987816735457e-07,0.50003626261115142,-0.0085157882162090314
fig8_D_0p5,0.5,5967.2711959733106,0.010239837666358506,-0.98873279918429324,-0.011527244681567971,-0.00058351027941267776,0.011578925353315299,0.00054417488542095457,0.010240475708231785,-0.98873100024029226,0.50003511092808606,-0.0083794805131585885,-7.0209531860913348e-05,-5.8834006123209052e-07,7.0209531860913348e-05,5.8834006123209052e-07,0.50003511092808606,-0.0083794805131585902
fig8_D_0p5,0.5,6064.3293954080618,0.0092474891659535662,-0.96681303131449492,-0.010957535576915369,-0.00051407582543214485,0.011004758672770638,0.00047811858781364415,0.0092480691627986229,-0.96681141435011364,0.50003399582875441,-0.008245355067176538,-6.7980103487175138e-05,-5.6053914674800811e-07,6.7980103487175138e-05,5.6053914674800811e-07,0.50003399582875441,-0.008245355067176538
fig8_D_0p5,0.5,6162.966255132942,0.0083610320759184148,-0.94563396155321311,-0.010423624594088885,-0.00045340243062591459,0.010466814530332359,0.00042052358924395529,0.0083615590635177598,-0.94563250691766765,0.5000329161506305,-0.0081133769194432787,-6.582146938336233e-05,-5.3405196943388484e-07,6.5821469383362343e-05,5.3405196943388494e-07,0.5000329161506305,-0.0081133769194432805
fig8_D_0p5,0.5,6263.2074521986924,0.0075683379404279964,-0.92515567822645939,-0.0099227027912555943,-0.00040032043655757407,0.0099622389924214801,0.00037024777457812162,0.0075688165731084079,-0.92515436854537869,0.50003187076815669,-0.007983511672172856,-6.3731381443770765e-05,-5.0881644401096594e-07,6.3731381443770765e-05,5.0881644401096594e-07,0.50003187076815669,-0.007983511672172856
fig8_D_0p5,0.5,6365.0790812955775,0.0068587631314633996,-0.90534119139203983,-0.0094522213326916592,-0.00035382558065217163,0.0094884435492368392,0.00032631182322358167,0.0068591976980124448,-0.90534001128404973,0.50003085859156682,-0.0078557254795616725,-6.1707662956898685e-05,-4.8477341959967098e-07,6.1707662956898672e-05,4.8477341959967098e-07,0.50003085859156682,-0.0078557254795616743
fig8_D_0p5,0.5,6468.6076615463207,0.0062229541354068057,-0.8861561785051808,-0.0090098645642623827,-0.00031305418877447972,0.0090430774930847762,0.00028787464671449459,0.0062233485778117265,-0.88615511433635963,0.50002987856574577,-0.0077299850388855094,-5.9748206337862911e-05,-4.6186654100173577e-07,5.9748206337862904e-05,4.6186654100173572e-07,0.50002987856574577,-0.0077299850388855111
fig8_D_0p5,0.5,6573.8201434095854,0.0056526802420220675,-0.8675687547135964,-0.0085935260709413732,-0.00027726231586870469,0.0086240033791659537,0.00025421275345170031,0.0056530381758239994,-0.86756779438439091,0.50002892966912704,-0.007606257581742157,-5.7850970932853441e-05,-4.4004211654199512e-07,5.7850970932853428e-05,4.4004211654199506e-07,0.50002892966912704,-0.007606257581742157
fig8_D_0p5,0.5,6680.7439156956152,0.0051406894997178152,-0.84954926525392604,-0.0082012873793040099,-0.0002458081688458245,0.0082292752160449158,0.00022470287576943079,0.0051410142350963523,-0.84954839801394066,0.50002801091262394,-0.0074845108654374654,-5.601398089333965e-05,-4.1924899215949423e-07,5.6013980893339657e-05,4.1924899215949434e-07,0.50002801091262394,-0.0074845108654374654
fig8_D_0p5,0.5,6789.406812696112,0.004680584468380526,-0.83207009767893514,-0.0078313990036709708,-0.00021813726453546152,0.007857119071406583,0.00019880731335862489,0.0046808790313280389,-0.83206931396569783,0.50002712133859617,-0.0073647131645120691,-5.4235323117807506e-05,-3.9943843145223048e-07,5.4235323117807513e-05,3.9943843145223048e-07,0.50002712133859617,-0.0073647131645120691
fig8_D_0p5,0.5,6899.837121430025,0.0042667148539366571,-0.81510551188030345,-0.0074822635676551575,-0.0001937698719131282,0.0075059158139491383,0.00017606154358353244,0.0042669820070669407,-0.81510480317868694,0.50002626001984851,-0.0072468332624065742,-5.251314525888385e-05,-3.8056400139389782e-07,5.251314525888385e-05,3.8056400139389782e-07,0.50002626001984851,-0.0072468332624065742
fig8_D_0p5,0.5,7012.0635890071771,0.0038940845679180957,-0.79863148608533341,-0.0071524207630509779,-0.00017229036633336874,0.0071741857442338807,0.00015606372778342189,0.0038943268305936898,-0.79863084480480362,0.50002542605866185,-0.0071308404432628382,-5.0845653793769481e-05,-3.6258146345431149e-07,5.0845653793769481e-05,3.6258146345431144e-07,0.50002542605866185,-0.0071308404432628382
fig8_D_0p5,0.5,7126.1154301117458,0.0035582711374778911,-0.78262557719859582,-0.0068405339352749844,-0.00015333818761681923,0.0068605748960572227,0.00013846580675243316,0.0035584908050464736,-0.78262499656586704,0.50002461858585512,-0.007016704483858935,-4.9231112155967229e-05,-3.4544866986787504e-07,4.9231112155967236e-05,3.454486698678751e-07,0.50002461858585512,-0.0070167044838589342
fig8_D_0p5,0.5,7242.0223346073153,0.0032553557101861665,-0.76706679403277322,-0.0065453781090212462,-0.0001366001463241224,0.0065638428155843668,0.0001229659310260666,0.0032555548721950375,-0.76706626799780608,0.50002383675987716,-0.0069043956456757661,-4.7667838926360695e-05,-3.2912546480661258e-07,4.7667838926360708e-05,3.2912546480661263e-07,0.50002383675987716,-0.0069043956456757661
fig8_D_0p5,0.5,7359.8144752657709,0.0029818621646196001,-0.75193548212805184,-0.0062658292895950481,-0.00012180386561528517,0.0062828516482971788,0.0001093020145986813,0.0029820427219354149,-0.75193500528161816,0.50002307976592719,-0.0067938846670928203,-4.615420608175302e-05,-3.1357359022572747e-07,4.615420608175302e-05,3.1357359022572742e-07,0.50002307976592719,-0.0067938846670928194
fig8_D_0p5,0.5,7479.5225156218285,0.002734704061302896,-0.73721321899818604,-0.0060008548947473759,-0.00010871218151417348,0.0060165563840092846,9.7246236036432638e-05,0.0027348677421075262,-0.73721278649948152,0.50002234681510394,-0.0066851427557111038,-4.4688637299043206e-05,-2.9875659616071523e-07,4.4688637299043212e-05,2.9875659616071529e-07,0.50002234681510394,-0.0066851427557111029
fig8_D_0p5,0.5,7601.1776179553226,0.0025111383563583959,-0.72288271876510535,-0.0057495051889625871,-9.7118353598693051e-05,0.0057639961280336865,8.6600340065003573e-05,0.0025112867310220477,-0.72288232627809879,0.5000216371435815,-0.0065781415808010418,-4.3269606313270554e-05,-2.8463975526547002e-07,4.3269606313270554e-05,2.8463975526547002e-07,0.5000216371435815,-0.0065781415808010418
fig8_D_0p5,0.5,7724.8114514034005,0.0023087249583332021,-0.70892774525425928,-0.0055109056072772692,-8.6841962265524645e-05,0.0055242862822999107,7.719161675302662e-05,0.0023088594531888956,-0.7089273888916553,0.50002095001181113,-0.0064728532658731896,-4.1895635327814824e-05,-2.7118998139079153e-07,4.189563532781481e-05,2.7118998139079148e-07,0.50002095001181113,-0.0064728532658731904
fig8_D_0p5,0.5,7850.4562002045095,0.0021252913420797223,-0.69533303272119396,-0.005284249869039517,-7.7725388699708954e-05,0.0052966115340405623,6.886945530888358e-05,0.0021254132521376702,-0.69533270899503385,0.50002028470374982,-0.006369250381369867,-4.0565293475097287e-05,-2.5837575201222963e-07,4.056529347509728e-05,2.5837575201222963e-07,0.50002028470374982,-0.0063692503813698662
fig8_D_0p5,0.5,7978.1445720766287,0.0019589015463587081,-0.68208421346725479,-0.0050687937937519949,-6.9630790263031374e-05,0.0050802195618135249,6.1502386011293183e-05,0.0019590120470097797,-0.68208391924531742,0.50001964052611148,-0.0062673059374754678,-3.9277195326174828e-05,-2.461670343251846e-07,3.9277195326174821e-05,2.461670343251846e-07,0.50001964052611148,-0.006267305937475467
fig8_D_0p5,0.5,8107.9098067316945,0.0018078289773959962,-0.66916775168021736,-0.004863849741464768,-6.2437497808338996e-05,0.0048744153792957007,5.4975537511312743e-05,0.0018079291351592705,-0.66916748414749483,0.50001901680764371,-0.0061669933770436098,-3.8029999447675572e-05,-2.3453521483385355e-07,3.8029999447675572e-05,2.3453521483385355e-07,0.50001901680764371,-0.0061669933770436107
fig8_D_0p5,0.5,8239.7856845285114,0.0016705325217468089,-0.65657088290488708,-0.0046687816092571199,-5.6039772923295201e-05,0.0046785562466501651,4.9188448169069975e-05,0.0016706233041197762,-0.65657063952950145,0.50001841289842675,-0.0060682865686391566,-3.6822407004571566e-05,-2.2345303226879229e-07,3.682240700457156e-05,2.2345303226879235e-07,0.50001841289842675,-0.0060682865686391566
fig8_D_0p5,0.5,8373.8065352664889,0.0015456355408211711,-0.64428155861035674,-0.0044830003233226699,-5.034487270869328e-05,0.004492047087490912,4.4053179625151233e-05,0.001545717825292168,-0.64428133711337765,0.50001782816919516,-0.0059711597996930845,-3.5653160407330958e-05,-2.1289451367567425e-07,3.5653160407330951e-05,2.1289451367567425e-07,0.50001782816919516,-0.0059711597996930854
fig8_D_0p5,0.5,8510.0072471222466,0.0014319073782239585,-0.63228839537554993,-0.004305959773181706,-4.5271377731755638e-05,0.0043143363566886458,3.9492688782361463e-05,0.0014319819605062864,-0.63228819370423195,0.50001726201068042,-0.0058755877697685378,-3.4521042002041992e-05,-2.0283491352530752e-07,3.4521042002041992e-05,2.028349135253075e-07,0.50001726201068042,-0.0058755877697685378
fig8_D_0p5,0.5,8648.4232757317259,0.0013282470612625147,-0.62058062826350358,-0.004137153140705209,-4.074774553237157e-05,0.0041449123105992925,3.5439421056981339e-05,0.0013283146628079686,-0.62058044456753336,0.50001671383297541,-0.0057815455839359611,-3.3424872802140651e-05,-1.9325065570201925e-07,3.3424872802140644e-05,1.9325065570201922e-07,0.50001671383297541,-0.0057815455839359594
fig8_D_0p5,0.5,8789.0906534199639,0.001233668920909936,-0.6091480679984701,-0.0039761095820533545,-3.6711057720467818e-05,0.0039832996368666228,3.1834093369837077e-05,0.0012337301957576813,-0.60914790060886326,0.50001618306491868,-0.0056890087462556603,-3.2363511260422054e-05,-1.8411927823431707e-07,3.2363511260422054e-05,1.8411927823431701e-07,0.50001618306491868,-0.0056890087462556612
fig8_D_0p5,0.5,8932.0459985809593,0.0011472898912983751,-0.59798106159873521,-0.0038223912253966688,-3.3105933466678638e-05,0.0038290564058446838,2.8624640067176309e-05,0.0011473454323121367,-0.59798090900906764,0.50001566915349804,-0.0055979531533660136,-3.1335852080055518e-05,-1.7541938063815941e-07,3.1335852080055511e-05,1.7541938063815938e-07,0.50001566915349804,-0.0055979531533660119
fig8_D_0p5,0.5,9077.3265252102228,0.0010683182813875742,-0.58707045615270548,-0.0036755904514825331,-2.9883586205391427e-05,0.0036817713099903536,2.5765298938347107e-05,0.0010683686259313325,-0.58707031700240575,0.50001517156327369,-0.0055083550881754074,-3.0340825063362839e-05,-1.6713057374928927e-07,3.0340825063362839e-05,1.6713057374928927e-07,0.50001517156327369,-0.0055083550881754074
fig8_D_0p5,0.5,9224.9700525921744,0.00099604383859556436,-0.5764075654567965,-0.0035353274278042868,-2.7001003762245426e-05,0.0035410611613651806,2.32158178544005e-05,0.00099608947369477278,-0.57640743851625498,0.50001468977581942,-0.0054201912136564931,-2.9377393997162641e-05,-1.5923343192696388e-07,2.9377393997162644e-05,1.5923343192696391e-07,0.50001468977581942,-0.0054201912136564931
fig8_D_0p5,0.5,9375.015015145289,0.00092982894754833163,-0.56598413926124136,-0.0034012478703850531,-2.4420234989049422e-05,0.0034065686207213424,2.0940765390419253e-05,0.00092987031458052977,-0.56598402341853415,0.50001422328918144,-0.005333438566740711,-2.8444555573516057e-05,-1.5170944751693357e-07,2.8444555573516057e-05,1.5170944751693357e-07,0.50001422328918144,-0.0053334385667407119
fig8_D_0p5,0.5,9527.5004724273003,0.00086910082726058548,-0.55579233489473157,-0.0032730210100602778,-2.2107768422309121e-05,0.0032779601345879262,1.8908931198717429e-05,0.00086913832621615206,-0.55579222914376314,0.50001377161735516,-0.0052480745523116948,-2.7541338344751297e-05,-1.4454098746686704e-07,2.7541338344751294e-05,1.4454098746686704e-07,0.50001377161735516,-0.0052480745523116948
fig8_D_0p5,0.5,9682.4661193031134,0.00081334460746874449,-0.54582469106087395,-0.0031503377426769234,-2.0033990547180127e-05,0.0031549240593673382,1.7092803939813333e-05,0.0008133786008194914,-0.54582459449078635,0.50001333428977746,-0.0051640769372957975,-2.6666801711677346e-05,-1.3771125199245277e-07,2.6666801711677343e-05,1.3771125199245277e-07,0.50001333428977746,-0.0051640769372957984
fig8_D_0p5,0.5,9839.9522962782266,0.00076209717989634,-0.53607410361928887,-0.0030329089448658817,-1.8172713005003819e-05,0.0030371689537419433,1.5468116311255286e-05,0.00076212799610669976,-0.53607401540499011,0.50001291085083621,-0.0050814238448481297,-2.5820034943931883e-05,-1.3120423519721711e-07,2.582003494393188e-05,1.3120423519721714e-07,0.50001291085083621,-0.0050814238448481305
fig8_D_0p5,0.5,10000,0.00071494173327817383,-0.52653380318195275,-0.0029204639390237952,-1.6500759578282479e-05,0.0029244220227150767,1.4013448189346919e-05,0.00071496966999098314,-0.52653372257563857,0.50001250085939497,-0.0050000937486326712,-2.5000156231444473e-05,-1.2500468755370846e-07,2.5000156231444476e-05,1.2500468755370846e-07,0.50001250085939497,-0.0050000937486326703
