frequency_Hz,normalized_voltage_margin,normalized_angle_schur_margin,normalized_angle_pivot_margin,normalized_voltage_schur_margin,normalized_total_sigma_min,relative_factorization_residual
0.001,0.988943156847059,0.162430694477508,0.169575478551163,0.94727566236519,0.160634723765447,0
0.00100809567353382,0.988943156878259,0.162430743943178,0.169575523649239,0.947275698947676,0.160634772689251,7.16443014219998e-19
0.0010162568869976,0.988943156909966,0.162430794212991,0.169575569480456,0.947275736124838,0.160634822408388,7.16442792229501e-19
0.00102448417098122,0.988943156942188,0.162430845300017,0.169575616056734,0.947275773906341,0.160634872935787,0
0.00103277806037004,0.988943156974934,0.162430897217542,0.169575663390183,0.94727581230201,0.160634924284587,7.16442337363865e-19
0.00104113909437969,0.988943157008213,0.162430949979068,0.169575711493113,0.947275851321826,0.160634976468143,0
0.00104956781659108,0.988943157042033,0.162431003598314,0.169575760378032,0.947275890975935,0.160635029500022,0
0.0010580647749858,0.988943157076403,0.162431058089222,0.169575810057653,0.947275931274648,0.160635083394016,7.1644162695954e-19
0.00106663052198171,0.988943157111331,0.162431113465964,0.169575860544894,0.947275972228441,0.160635138164139,0
0.00107526561446888,0.988943157146827,0.162431169742939,0.169575911852884,0.947276013847964,0.160635193824634,1.83408930278663e-16
0.00108397061384575,0.9889431571829,0.162431226934781,0.169575963994967,0.947276056144035,0.160635250389975,0
0.0010927460860557,0.98894315721956,0.162431285056365,0.1695760169847,0.947276099127653,0.160635307874872,1.83408799918616e-16
0.00110159260162376,0.988943157256815,0.162431344122801,0.169576070835864,0.947276142809993,0.160635366294271,0
0.00111051073569377,0.988943157294677,0.162431404149453,0.169576125562463,0.947276187202412,0.160635425663367,0
0.00111950106806574,0.988943157333153,0.162431465151926,0.169576181178726,0.947276232316452,0.160635485997596,7.16439829389588e-19
0.00112856418323356,0.988943157372255,0.162431527146086,0.169576237699118,0.947276278163841,0.160635547312647,0
0.00113770067042298,0.988943157411993,0.162431590148052,0.169576295138335,0.947276324756502,0.160635609624466,1.83409854308192e-16
0.00114691112362992,0.988943157452377,0.162431654174209,0.169576353511314,0.947276372106546,0.160635672949255,0
0.00115619614165913,0.988943157493417,0.162431719241205,0.169576412833235,0.947276420226283,0.160635737303482,1.83408309081017e-16
0.00116555632816306,0.988943157535125,0.16243178536596,0.169576473119524,0.947276469128226,0.16063580270388,0
0.00117499229168114,0.988943157577511,0.16243185256567,0.169576534385858,0.947276518825087,0.160635869167458,1.83408158360805e-16
0.00118450464567934,0.988943157620585,0.162431920857808,0.169576596648168,0.947276569329786,0.160635936711497,1.83408081158224e-16
0.00119409400859005,0.98894315766436,0.162431990260133,0.169576659922645,0.947276620655456,0.160636005353562,1.43287502109898e-18
0.00120376100385228,0.988943157708847,0.162432060790693,0.169576724225743,0.947276672815438,0.160636075111503,1.8341352004796e-16
0.0012135062599522,0.988943157754056,0.162432132467827,0.169576789574183,0.947276725823294,0.160636146003458,1.8341343901646e-16
0.00122333041046402,0.988943157800001,0.162432205310175,0.169576855984959,0.947276779692805,0.160636218047862,0
0.00123323409409112,0.988943157846692,0.162432279336679,0.16957692347534,0.947276834437975,0.160636291263451,1.83413272980423e-16
0.00124321795470765,0.988943157894143,0.162432354566586,0.169576992062876,0.947276890073038,0.160636365669261,1.43287180361437e-18
0.00125328264140034,0.988943157942365,0.162432431019462,0.169577061765402,0.947276946612457,0.160636441284642,1.43287112839909e-18
0.00126342880851072,0.988943157991371,0.162432508715185,0.169577132601044,0.94727700407093,0.160636518129256,0
0.00127365711567764,0.988943158041173,0.162432587673959,0.169577204588222,0.947277062463396,0.160636596223085,0
0.00128396822788018,0.988943158091785,0.162432667916317,0.169577277745654,0.947277121805035,0.160636675586436,1.43286903618128e-18
0.00129436281548089,0.98894315814322,0.162432749463123,0.169577352092366,0.947277182111274,0.160636756239948,1.83407144445479e-16
0.00130484155426934,0.988943158195491,0.162432832335584,0.169577427647689,0.947277243397791,0.160636838204591,1.83407050761245e-16
0.00131540512550606,0.988943158248612,0.162432916555248,0.16957750443127,0.947277305680518,0.16063692150168,0
0.00132605421596686,0.988943158302596,0.162433002144014,0.169577582463076,0.947277368975647,0.160637006152874,0
0.00133678951798747,0.988943158357458,0.162433089124141,0.169577661763399,0.947277433299633,0.160637092180186,1.83412357516676e-16
0.00134761172950852,0.988943158413212,0.162433177518244,0.16957774235286,0.947277498669197,0.160637179605986,1.83406660546113e-16
0.00135852155412096,0.988943158469872,0.162433267349309,0.169577824252413,0.947277565101332,0.160637268453007,1.43286374215605e-18
0.00136951970111177,0.988943158527453,0.162433358640695,0.169577907483356,0.947277632613309,0.160637358744352,1.43286293589938e-18
0.0013806068855101,0.988943158585971,0.162433451416141,0.169577992067332,0.947277701222678,0.160637450503499,1.43286211653689e-18
0.00139178382813373,0.988943158645439,0.16243354569977,0.169578078026334,0.947277770947274,0.160637543754309,1.83411841362502e-16
0.00140305125563594,0.988943158705875,0.1624336415161,0.169578165382717,0.947277841805223,0.160637638521029,1.83406136017787e-16
0.00141440990055278,0.988943158767293,0.162433738890045,0.169578254159195,0.947277913814944,0.160637734828303,0
0.00142586050135065,0.988943158829709,0.162433837846925,0.169578344378852,0.947277986995157,0.160637832701171,0
0.00143740380247435,0.98894315889314,0.162433938412473,0.16957843606515,0.947278061364885,0.160637932165084,0
0.00144904055439544,0.988943158957602,0.162434040612837,0.169578529241929,0.947278136943459,0.160638033245907,1.83405684859598e-16
0.00146077151366109,0.988943159023112,0.162434144474594,0.169578623933418,0.947278213750528,0.160638135969921,1.4328559957002e-18
0.00147259744294318,0.988943159089687,0.162434250024748,0.16957872016424,0.947278291806055,0.160638240363838,1.83411045135856e-16
0.00148451911108798,0.988943159157344,0.162434357290747,0.169578817959418,0.947278371130331,0.160638346454804,1.83405326873202e-16
0.00149653729316606,0.988943159226101,0.162434466300482,0.169578917344381,0.947278451743977,0.160638454270405,1.83410800641437e-16
0.00150865277052271,0.988943159295976,0.162434577082299,0.169579018344971,0.947278533667945,0.160638563838674,1.83427465361079e-16
0.00152086633082875,0.988943159366987,0.162434689665003,0.169579120987454,0.947278616923533,0.160638675188104,1.83410548134e-16
0.00153317876813171,0.988943159439151,0.162434804077869,0.169579225298518,0.947278701532379,0.160638788347647,1.83410418793676e-16
0.00154559088290748,0.98894315951249,0.162434920350647,0.169579331305288,0.947278787516478,0.160638903346728,0
0.00155810348211234,0.98894315958702,0.16243503851357,0.169579439035327,0.947278874898179,0.160639020215249,0
0.00157071737923542,0.988943159662762,0.162435158597362,0.169579548516648,0.947278963700196,0.160639138983597,1.83404421047799e-16
0.0015834333943516,0.988943159739736,0.162435280633251,0.169579659777721,0.94727905394561,0.160639259682658,1.8340428309489e-16
0.00159625235417481,0.98894315981796,0.162435404652965,0.169579772847474,0.947279145657879,0.160639382343813,1.83404142899618e-16
0.00160917509211179,0.988943159897456,0.162435530688754,0.16957988775531,0.94727923886084,0.160639506998957,1.83409597386048e-16
0.00162220244831628,0.988943159978245,0.162435658773389,0.169580004531107,0.94727933357872,0.160639633680503,1.43284262215326e-18
0.0016353352697436,0.988943160060347,0.162435788940174,0.169580123205229,0.947279429836136,0.160639762421391,1.83409305443819e-16
0.00164857441020578,0.988943160143784,0.162435921222956,0.169580243808536,0.947279527658108,0.160639893255097,1.83425945720552e-16
0.00166192073042701,0.988943160228576,0.16243605565613,0.169580366372386,0.947279627070061,0.160640026215638,0
0.00167537509809962,0.988943160314748,0.162436192274651,0.169580490928648,0.947279728097834,0.160640161337587,1.4328379105902e-18
0.00168893838794052,0.98894316040232,0.162436331114042,0.169580617509711,0.947279830767684,0.160640298656079,1.83408692542379e-16
0.00170261148174801,0.988943160491315,0.162436472210404,0.169580746148487,0.947279935106296,0.160640438206816,1.83402936112378e-16
0.00171639526845917,0.988943160581758,0.162436615600423,0.169580876878427,0.947280041140788,0.160640580026087,0
0.0017302906442076,0.988943160673671,0.162436761321385,0.169581009733521,0.947280148898719,0.160640724150765,1.83402609298553e-16
0.00174429851238172,0.988943160767077,0.162436909411177,0.169581144748315,0.947280258408095,0.160640870618324,1.43283157731939e-18
0.00175841978368348,0.988943160862002,0.162437059908304,0.169581281957915,0.947280369697377,0.160641019466849,1.83407868682011e-16
0.00177265537618758,0.988943160958471,0.162437212851899,0.169581421397998,0.947280482795488,0.160641170735041,1.83407695788933e-16
0.00178700621540116,0.988943161056508,0.162437368281729,0.169581563104823,0.947280597731822,0.160641324462234,1.43282752491047e-18
0.00180147323432395,0.988943161156138,0.162437526238207,0.169581707115233,0.947280714536249,0.160641480688395,0
0.00181605737350894,0.988943161257388,0.162437686762402,0.169581853466675,0.947280833239126,0.160641639454147,0
0.00183075958112354,0.988943161360283,0.162437849896053,0.169582002197201,0.947280953871301,0.16064180080077,1.83406975654242e-16
0.00184558081301122,0.988943161464852,0.162438015681576,0.169582153345484,0.947281076464123,0.160641964770215,0
0.00186052203275363,0.98894316157112,0.162438184162076,0.169582306950826,0.947281201049453,0.160642131405116,1.83406597791703e-16
0.00187558421173328,0.988943161679116,0.16243835538136,0.169582463053165,0.947281327659666,0.160642300748798,1.43281880764645e-18
0.00189076832919665,0.988943161788868,0.162438529383946,0.169582621693089,0.947281456327666,0.160642472845293,0
0.0019060753723179,0.988943161900403,0.162438706215074,0.169582782911848,0.947281587086887,0.160642647739346,0
0.00192150633626303,0.988943162013752,0.162438885920723,0.169582946751359,0.947281719971311,0.16064282547643,1.43281412239648e-18
0.00193706222425457,0.988943162128943,0.162439068547614,0.169583113254222,0.94728185501547,0.160643006102758,0
0.00195274404763682,0.988943162246007,0.162439254143235,0.169583282463731,0.947281992254455,0.160643189665293,0
0.00196855282594159,0.988943162364973,0.162439442755837,0.169583454423881,0.947282131723928,0.160643376211761,1.83399578234727e-16
0.00198448958695448,0.988943162485874,0.162439634434461,0.169583629179382,0.947282273460133,0.160643565790665,1.83399361567162e-16
0.00200055536678172,0.98894316260874,0.162439829228944,0.169583806775673,0.947282417499897,0.160643758451295,1.43280579201602e-18
0.00201675120991751,0.988943162733604,0.16244002718993,0.169583987258929,0.947282563880651,0.160643954243742,0
0.00203307816931193,0.988943162860497,0.162440228368891,0.169584170676078,0.947282712640428,0.160644153218913,1.83398690205368e-16
0.0020495373064394,0.988943162989452,0.162440432818132,0.169584357074809,0.947282863817884,0.16064435542854,0
0.00206612969136771,0.988943163120505,0.16244064059081,0.169584546503586,0.947283017452298,0.160644560925196,1.83398224247648e-16
0.00208285640282755,0.988943163253687,0.162440851740942,0.16958473901166,0.947283173583591,0.160644769762311,0
0.00209971852828265,0.988943163389035,0.162441066323428,0.169584934649085,0.94728333225233,0.160644981994178,1.43279486734766e-18
0.00211671716400053,0.988943163526582,0.162441284394057,0.169585133466726,0.947283493499739,0.16064519767598,1.83403093287226e-16
0.0021338534151237,0.988943163666366,0.162441506009526,0.169585335516276,0.947283657367715,0.160645416863789,0
0.00215112839574156,0.988943163808422,0.162441731227451,0.169585540850267,0.947283823898835,0.160645639614593,0
0.0021685432289628,0.988943163952787,0.162441960106389,0.169585749522086,0.947283993136362,0.160645865986305,1.43278697453545e-18
0.00218609904698845,0.988943164099499,0.162442192705845,0.169585961585988,0.947284165124268,0.160646096037779,1.43278492051208e-18
0.00220379699118545,0.988943164248596,0.162442429086291,0.169586177097107,0.947284339907236,0.160646329828825,0
0.00222163821216089,0.988943164400116,0.162442669309184,0.169586396111477,0.947284517530674,0.160646567420226,1.83401527821361e-16
0.0022396238698368,0.9889431645541,0.162442913436976,0.169586618686037,0.947284698040729,0.160646808873751,1.83395655163671e-16
0.00225775513352553,0.988943164710587,0.162443161533139,0.169586844878659,0.947284881484294,0.160647054252175,2.86555273024292e-18
0.00227603318200585,0.988943164869617,0.162443413662171,0.169587074748147,0.947285067909027,0.160647303619292,1.83395089749863e-16
0.0022944592035995,0.988943165031233,0.162443669889622,0.169587308354268,0.947285257363358,0.160647557039932,0
0.0023130343962485,0.988943165195475,0.162443930282107,0.169587545757756,0.947285449896502,0.16064781457998,1.83394505808428e-16
0.00233175996759301,0.988943165362388,0.16244419490732,0.169587787020334,0.947285645558475,0.16064807630639,1.4327672398512e-18
0.00235063713504986,0.988943165532014,0.16244446383406,0.169588032204726,0.947285844400104,0.160648342287206,1.83399499384794e-16
0.00236966712589169,0.988943165704397,0.16244473713224,0.169588281374678,0.94728604647304,0.160648612591576,1.833935938239e-16
0.00238885117732672,0.988943165879582,0.16244501487291,0.169588534594969,0.947286251829775,0.160648887289772,1.83415665403855e-16
0.00240819053657923,0.988943166057615,0.162445297128277,0.169588791931433,0.94728646052365,0.160649166453209,2.86551501350682e-18
0.0024276864609706,0.988943166238542,0.162445583971718,0.169589053450972,0.947286672608874,0.16064945015446,2.86550994764159e-18
0.00244734021800108,0.98894316642241,0.162445875477805,0.169589319221578,0.947286888140535,0.160649738467281,2.86550479944895e-18
0.00246715308543219,0.988943166609267,0.162446171722319,0.169589589312346,0.947287107174615,0.160650031466623,1.83391972325852e-16
0.00248712635136979,0.988943166799162,0.162446472782275,0.169589863793492,0.947287329768005,0.160650329228657,2.86549425070983e-18
0.00250726131434783,0.988943166992143,0.162446778735938,0.169590142736377,0.947287555978519,0.160650631830791,0
0.00252755928341275,0.988943167188261,0.162447089662845,0.169590426213518,0.947287785864909,0.160650939351689,0
0.00254802157820863,0.988943167387567,0.162447405643826,0.169590714298613,0.947288019486881,0.160651251871298,0
0.00256864952906292,0.988943167590114,0.162447726761024,0.169591007066556,0.94728825690511,0.16065156947086,1.83412599853279e-16
0.002589444477073,0.988943167795952,0.162448053097915,0.169591304593458,0.947288498181255,0.160651892232937,2.8654663418042e-18
0.00261040777419332,0.988943168005136,0.162448384739334,0.169591606956668,0.947288743377976,0.160652220241434,2.8654604849741e-18
0.00263154078332332,0.988943168217721,0.162448721771494,0.169591914234792,0.947288992558949,0.16065255358162,2.86545453296732e-18
0.00265284487839603,0.988943168433761,0.162449064282007,0.169592226507711,0.947289245788885,0.160652892340148,2.86544848423779e-18
0.00267432144446738,0.988943168653313,0.16244941235991,0.169592543856607,0.947289503133543,0.160653236605079,0
0.00269597187780627,0.988943168876434,0.162449766095688,0.169592866363978,0.94728976465975,0.160653586465905,3.6678701249739e-16
0.00271779758598533,0.988943169103182,0.162450125581292,0.169593194113664,0.947290030435418,0.160653942013573,0
0.00273979998797246,0.988943169333616,0.162450490910171,0.169593527190869,0.947290300529558,0.160654303340506,2.86542329028418e-18
0.00276198051422303,0.988943169567794,0.162450862177291,0.16959386568218,0.947290575012303,0.160654670540631,1.83386670966872e-16
0.00278434060677294,0.988943169805781,0.16245123947916,0.169594209675588,0.947290853954924,0.160655043709398,2.86541007089001e-18
0.00280688171933232,0.988943170047635,0.162451622913855,0.16959455926052,0.947291137429846,0.160655422943811,2.86540329965163e-18
0.00282960531738006,0.98894317029342,0.162452012581047,0.16959491452785,0.947291425510672,0.160655808342447,2.86539641838363e-18
0.00285251287825912,0.988943170543201,0.162452408582025,0.169595275569932,0.947291718272196,0.160656200005488,2.86538942529891e-18
0.00287560589127251,0.988943170797042,0.162452811019725,0.16959564248062,0.947292015790426,0.160656598034739,2.86538231858135e-18
0.00289888585778017,0.988943171055009,0.162453219998753,0.169596015355293,0.947292318142605,0.160657002533664,0
0.00292235429129655,0.988943171317169,0.162453635625417,0.169596394290877,0.947292625407226,0.160657413607404,2.86536775683545e-18
0.00294601271758903,0.988943171583591,0.162454058007752,0.169596779385877,0.947292937664056,0.160657831362811,1.8338305907364e-16
0.00296986267477709,0.988943171854343,0.162454487255545,0.169597170740396,0.947293254994157,0.16065825590847,1.83382573953217e-16
0.00299390571343235,0.988943172129497,0.16245492348037,0.169597568456164,0.947293577479903,0.160658687354732,1.83382080950226e-16
0.00301814339667932,0.988943172409123,0.162455366795614,0.169597972636564,0.947293905205007,0.160659125813742,1.83403964017293e-16
0.00304257730029708,0.988943172693294,0.162455817316503,0.169598383386658,0.947294238254536,0.160659571399465,0
0.00306720901282168,0.988943172982084,0.162456275160137,0.169598800813215,0.94729457671494,0.160660024227716,0
0.00309204013564946,0.988943173275568,0.162456740445516,0.16959922502474,0.947294920674069,0.160660484416194,0
0.00311707228314113,0.988943173573823,0.162457213293578,0.169599656131499,0.947295270221198,0.16066095208451,2.86530458035692e-18
0.00314230708272674,0.988943173876926,0.16245769382722,0.16960009424555,0.947295625447047,0.160661427354217,1.83378950082252e-16
0.00316774617501149,0.988943174184955,0.162458182171338,0.169600539480772,0.947295986443811,0.16066191034884,2.86528747184649e-18
0.00319339121388238,0.988943174497991,0.162458678452857,0.169600991952893,0.947296353305177,0.160662401193916,1.83400220971141e-16
0.00321924386661572,0.988943174816115,0.162459182800764,0.169601451779524,0.947296726126351,0.160662900017019,1.83377267384129e-16
0.00324530581398558,0.988943175139411,0.162459695346141,0.169601919080183,0.947297105004084,0.160663406947794,2.86526075250923e-18
0.003271578750373,0.988943175467961,0.162460216222198,0.169602393976331,0.947297490036693,0.160663922117992,0
0.00329806438387618,0.988943175801852,0.162460745564311,0.169602876591402,0.94729788132409,0.160664445661506,2.86524220825979e-18
0.00332476443642155,0.98894317614117,0.162461283510053,0.169603367050837,0.947298278967807,0.160664977714403,2.86523270956435e-18
0.00335168064387566,0.988943176486003,0.162461830199232,0.169603865482111,0.94729868307102,0.160665518414959,2.86522305654737e-18
0.00337881475615808,0.988943176836441,0.162462385773928,0.169604372014774,0.947299093738579,0.160666067903696,2.86521324670329e-18
0.00340616853735517,0.988943177192575,0.162462950378528,0.169604886780477,0.947299511077031,0.160666626323421,2.86520327748588e-18
0.00343374376583475,0.988943177554498,0.162463524159765,0.169605409913013,0.947299935194653,0.16066719381926,2.86519314630766e-18
0.00346154223436172,0.988943177922303,0.162464107266753,0.169605941548345,0.947300366201472,0.160667770538692,1.83371702434507e-16
0.00348956575021463,0.988943178296087,0.162464699851029,0.169606481824645,0.947300804209301,0.160668356631597,1.83393415593756e-16
0.00351781613530314,0.988943178675946,0.162465302066594,0.169607030882333,0.947301249331765,0.160668952250286,1.83370352287982e-16
0.00354629522628654,0.988943179061979,0.162465914069946,0.169607588864105,0.947301701684329,0.160669557549542,0
0.00357500487469309,0.988943179454287,0.162466536020127,0.169608155914978,0.947302161384328,0.160670172686669,1.8339134045783e-16
0.0036039469470404,0.988943179852971,0.162467168078761,0.169608732182323,0.947302628550998,0.160670797821517,1.83368243698473e-16
0.00363312332495683,0.988943180258135,0.162467810410098,0.169609317815906,0.947303103305508,0.160671433116538,0
0.00366253590530376,0.988943180669885,0.162468463181055,0.169609912967925,0.947303585770988,0.16067207873682,1.83389162538428e-16
0.00369218660029898,0.988943181088327,0.162469126561259,0.169610517793049,0.947304076072564,0.160672734850134,2.86509422921507e-18
0.00372207733764093,0.988943181513571,0.162469800723093,0.169611132448461,0.947304574337387,0.160673401626971,1.83365268898681e-16
0.00375221006063408,0.988943181945725,0.162470485841738,0.169611757093895,0.947305080694667,0.160674079240597,1.83364494753391e-16
0.00378258672831527,0.988943182384904,0.162471182095222,0.169612391891681,0.94730559527571,0.160674767867086,2.86505793801639e-18
0.00381320931558105,0.988943182831221,0.162471889664461,0.169613037006785,0.947306118213943,0.160675467685375,2.8650454458368e-18
0.00384407981331609,0.988943183284793,0.162472608733312,0.169613692606851,0.947306649644959,0.160676178877306,1.83362096047505e-16
0.00387520022852263,0.988943183745736,0.162473339488615,0.169614358862248,0.94730718970654,0.160676901627672,0
0.00390657258445091,0.988943184214171,0.162474082120245,0.169615035946109,0.947307738538706,0.160677636124269,0
0.00393819892073078,0.988943184690219,0.16247483682116,0.169615724034381,0.947308296283738,0.160678382557942,1.83381959940298e-16
0.00397008129350424,0.988943185174005,0.162475603787452,0.169616423305867,0.947308863086224,0.160679141122632,1.83358711970841e-16
0.00400222177555915,0.988943185665654,0.162476383218395,0.169617133942275,0.947309439093089,0.160679912015433,1.83357831321374e-16
0.00403462245646401,0.988943186165293,0.162477175316502,0.169617856128263,0.947310024453638,0.160680695436638,0
0.00406728544270374,0.988943186673053,0.16247798028757,0.169618590051487,0.947310619319594,0.160681491589791,0
0.00410021285781671,0.988943187189065,0.16247879834074,0.169619335902653,0.947311223845133,0.160682300681741,1.83355102619839e-16
0.00413340684253274,0.988943187713464,0.162479629688548,0.16962009387556,0.947311838186927,0.160683122922696,0
0.00416686955491232,0.988943188246386,0.162480474546981,0.169620864167157,0.947312462504183,0.160683958526277,0
0.00420060317048688,0.988943188787969,0.162481333135531,0.169621646977589,0.947313096958682,0.160684807709572,0
0.00423460988240025,0.988943189338355,0.162482205677256,0.169622442510253,0.947313741714826,0.160685670693196,0
0.00426889190155123,0.988943189897686,0.162483092398833,0.169623250971847,0.947314396939674,0.160686547701343,1.83372631478536e-16
0.00430345145673733,0.988943190466107,0.16248399353062,0.169624072572425,0.947315062802988,0.160687438961845,2.8648317681545e-18
0.0043382907947997,0.988943191043766,0.162484909306714,0.169624907525452,0.947315739477276,0.160688344706238,1.83370578574868e-16
0.00437341218076915,0.988943191630813,0.162485839965013,0.16962575604786,0.947316427137837,0.160689265169813,1.83369527052351e-16
0.00440881789801347,0.988943192227401,0.162486785747276,0.169626618360102,0.947317125962801,0.160690200591681,0
0.00444451024838583,0.988943192833685,0.162487746899187,0.16962749468621,0.947317836133185,0.160691151214833,1.83367372503008e-16
0.00448049155237445,0.988943193449823,0.162488723670418,0.169628385253854,0.947318557832926,0.160692117286209,0
0.00451676414925349,0.988943194075973,0.162489716314692,0.169629290294398,0.94731929124894,0.16069309905675,0
0.00455333039723509,0.9889431947123,0.162490725089853,0.169630210042967,0.947320036571161,0.160694096781477,0
0.0045901926736227,0.988943195358968,0.162491750257928,0.169631144738498,0.947320793992598,0.160695110719547,1.83362849473044e-16
0.00462735337496566,0.988943196016146,0.162492792085198,0.169632094623809,0.947321563709374,0.160696141134323,2.86467646132663e-18
0.00466481491721497,0.988943196684004,0.162493850842267,0.169633059945661,0.947322345920785,0.160697188293445,1.83338097530402e-16
0.00470257973588042,0.988943197362716,0.162494926804125,0.169634040954818,0.947323140829348,0.160698252468892,1.83359260741651e-16
0.00474065028618884,0.988943198052457,0.162496020250233,0.169635037906116,0.94732394864085,0.160699333937062,1.83335646969674e-16
0.00477902904324381,0.988943198753408,0.162497131464582,0.169636051058529,0.947324769564407,0.160700432978836,1.83334391768558e-16
0.00481771850218653,0.98894319946575,0.162498260735772,0.169637080675231,0.947325603812508,0.160701549879654,0
0.00485672117835806,0.988943200189668,0.16249940835709,0.169638127023672,0.947326451601078,0.160702684929588,0
0.00489603960746281,0.988943200925351,0.162500574626578,0.16963919037564,0.94732731314953,0.160703838423417,0
0.00493567634573345,0.988943201672989,0.162501759847116,0.169640271007335,0.947328188680818,0.160705010660702,0
0.00497563397009708,0.988943202432778,0.1625029643265,0.169641369199442,0.9473290784215,0.160706201945869,0
0.00501591507834275,0.988943203204913,0.162504188377519,0.169642485237197,0.947329982601788,0.160707412588278,0
0.00505652228929035,0.988943203989596,0.162505432318036,0.16964361941047,0.947330901455615,0.160708642902313,0
0.0050974582429609,0.988943204787031,0.162506696471075,0.169644772013832,0.947331835220686,0.160709893207458,5.72886212736459e-18
0.00513872560074817,0.988943205597424,0.162507981164897,0.169645943346636,0.947332784138548,0.160711163828379,5.72881678463715e-18
0.00518032704559168,0.988943206420986,0.162509286733089,0.169647133713091,0.947333748454642,0.160712455095009,0
0.00522226528215118,0.988943207257931,0.162510613514654,0.169648343422347,0.947334728418372,0.160713767342636,0
0.00526454303698246,0.988943208108478,0.16251196185409,0.169649572788566,0.947335724283167,0.160715100911986,5.72867629243764e-18
0.00530716305871459,0.988943208972845,0.162513332101484,0.169650822131009,0.947336736306543,0.160716456149312,1.83316093865285e-16
0.00535012811822866,0.988943209851258,0.162514724612606,0.169652091774119,0.947337764750171,0.160717833406484,0
0.00539344100883792,0.988943210743945,0.162516139748994,0.169653382047602,0.947338809879942,0.160719233041082,5.72852884756869e-18
0.00543710454646936,0.988943211651139,0.162517577878049,0.169654693286513,0.947339871966037,0.160720655416482,5.72847809535208e-18
0.0054811215698468,0.988943212573074,0.162519039373135,0.169656025831344,0.947340951282992,0.160722100901958,1.83309648622639e-16
0.00552549494067543,0.988943213509989,0.162520524613668,0.169657380028113,0.94734204810977,0.16072356987277,1.83397455413349e-16
0.00557022754382788,0.988943214462129,0.162522033985219,0.169658756228447,0.947343162729832,0.160725062710266,1.83395750149298e-16
0.00561532228753178,0.98894321542974,0.162523567879615,0.169660154789682,0.947344295431206,0.160726579801981,1.83394017212158e-16
0.00566078210355879,0.988943216413075,0.162525126695035,0.169661576074949,0.947345446506566,0.16072812154173,0
0.00570660994741527,0.988943217412387,0.162526710836112,0.169663020453268,0.947346616253298,0.160729688329718,5.72815581013379e-18
0.00575280879853436,0.988943218427937,0.162528320714048,0.169664488299649,0.947347804973582,0.160731280572639,1.8329916813658e-16
0.00579938166046975,0.988943219459988,0.162529956746707,0.169665979995182,0.947349012974465,0.160732898683781,5.72804127666377e-18
0.00584633156109091,0.988943220508809,0.162531619358731,0.169667495927139,0.947350240567941,0.160734543083135,0
0.00589366155277994,0.988943221574671,0.162533308981646,0.169669036489073,0.947351488071028,0.160736214197501,1.83383012838418e-16
0.00594137471263004,0.988943222657852,0.162535026053977,0.169670602080922,0.947352755805847,0.160737912460598,5.72786241293646e-18
0.00598947414264556,0.988943223758632,0.162536771021357,0.169672193109107,0.947354044099709,0.16073963831318,5.72780084667586e-18
0.00603796296994364,0.988943224877299,0.162538544336643,0.169673809986644,0.947355353285192,0.160741392203141,1.83287625010965e-16
0.00608684434695757,0.988943226014141,0.162540346460034,0.169675453133243,0.947356683700224,0.160743174585642,0
0.00613612145164168,0.988943227169453,0.162542177859191,0.169677122975425,0.947358035688176,0.16074498592322,1.83372994949717e-16
0.00618579748767801,0.988943228343537,0.162544039009353,0.169678819946622,0.94735940959794,0.160746826685907,0
0.00623587568468455,0.988943229536697,0.162545930393464,0.1696805444873,0.947360805784022,0.16074869735136,5.72747770568722e-18
0.0062863592984252,0.988943230749243,0.162547852502295,0.16968229704506,0.947362224606631,0.160750598404971,1.83366585698983e-16
0.00633725161102152,0.988943231981488,0.162549805834572,0.169684078074767,0.947363666431765,0.160752530340005,5.72734099178404e-18
0.00638855593116599,0.988943233233754,0.162551790897104,0.169685888038658,0.947365131631311,0.160754493657719,5.72727096727309e-18
0.00644027559433723,0.988943234506365,0.16255380820491,0.169687727406461,0.947366620583132,0.160756488867491,5.72719980703782e-18
0.00649241396301678,0.988943235799652,0.16255585828136,0.169689596655526,0.947368133671164,0.160758516486958,0
0.00654497442690774,0.988943237113951,0.162557941658302,0.169691496270934,0.947369671285514,0.160760577042142,5.72705400559276e-18
0.00659796040315516,0.988943238449601,0.162560058876202,0.169693426745634,0.947371233822554,0.160762671067589,0
0.00665137533656814,0.988943239806951,0.162562210484283,0.169695388580564,0.947372821685028,0.160764799106506,5.72690343685808e-18
0.00670522269984386,0.988943241186352,0.162564397040667,0.169697382284781,0.947374435282142,0.160766961710903,1.83258442123694e-16
0.00675950599379332,0.988943242588163,0.162566619112518,0.169699408375594,0.947376075029678,0.160769159441728,5.72674794535576e-18
0.00681422874756894,0.988943244012746,0.162568877276188,0.169701467378694,0.947377741350089,0.160771392869023,1.83342843072758e-16
0.006869394518894,0.988943245460473,0.162571172117364,0.169703559828294,0.947379434672611,0.160773662572059,0
0.00692500689429393,0.988943246931719,0.162573504231222,0.169705686267263,0.947381155433367,0.160775969139492,5.72650512535177e-18
0.00698106948932956,0.988943248426864,0.162575874222577,0.169707847247266,0.947382904075478,0.160778313169512,1.83245489496113e-16
0.00703758594883204,0.988943249946299,0.162578282706039,0.169710043328908,0.947384681049171,0.160780695269999,1.83242771622789e-16
0.00709455994713995,0.988943251490415,0.162580730306176,0.16971227508188,0.947386486811894,0.160783116058676,1.83240009690375e-16
0.00715199518833808,0.988943253059615,0.162583217657663,0.169714543085097,0.94738832182843,0.160785576163269,5.72616259333425e-18
0.00720989540649827,0.988943254654306,0.162585745405459,0.169716847926859,0.947390186571011,0.160788076221671,5.7260734621292e-18
0.00726826436592224,0.9889432562749,0.162588314204963,0.169719190204993,0.947392081519439,0.160790616882102,5.72598288623271e-18
0.0073271058613862,0.98894325792182,0.162590924722186,0.169721570527014,0.947394007161201,0.16079319880328,0
0.00738642371838769,0.98894325959549,0.162593577633923,0.169723989510273,0.947395963991592,0.160795822654584,5.72579730660868e-18
0.00744622179339418,0.988943261296348,0.162596273627923,0.169726447782124,0.947397952513843,0.160798489116232,0
0.00750650397409388,0.988943263024832,0.162599013403072,0.169728945980081,0.947399973239239,0.160801198879453,1.83219381221237e-16
0.00756727417964843,0.988943264781392,0.162601797669566,0.169731484751983,0.947402026687246,0.160803952646664,5.72550750603992e-18
0.00762853636094773,0.988943266566483,0.162604627149096,0.16973406475616,0.947404113385649,0.160806751131652,0
0.0076902945008668,0.988943268380569,0.162607502575034,0.169736686661603,0.947406233870671,0.160809595059756,1.83209804626602e-16
0.00775255261452471,0.98894327022412,0.162610424692619,0.169739351148135,0.947408388687115,0.160812485168051,1.83206508430795e-16
0.00781531474954562,0.988943272097613,0.162613394259151,0.169742058906588,0.947410578388493,0.160815422205544,0
0.00787858498632195,0.988943274001535,0.162616412044184,0.169744810638977,0.947412803537165,0.160818406933358,0
0.00794236743827963,0.98894327593638,0.162619478829722,0.169747607058682,0.947415064704479,0.160821440124932,0
0.00800666625214554,0.98894327790265,0.16262259541042,0.169750448890634,0.947417362470911,0.160824522566217,0
0.00807148560821713,0.988943279900853,0.162625762593791,0.169753336871495,0.947419697426207,0.160827655055881,1.83278635000852e-16
0.00813682972063413,0.988943281931508,0.162628981200406,0.169756271749853,0.947422070169531,0.160830838405507,0
0.00820270283765263,0.988943283995143,0.162632252064112,0.169759254286411,0.947424481309609,0.160834073439809,5.72443407962483e-18
0.00826910924192116,0.988943286092291,0.162635576032239,0.169762285254181,0.947426931464884,0.160837360996835,1.83267562834304e-16
0.00833605325075921,0.988943288223497,0.162638953965824,0.16976536543869,0.947429421263661,0.160840701928192,0
0.00840353921643786,0.988943290389313,0.162642386739822,0.169768495638168,0.947431951344269,0.160844097099251,1.83259879331109e-16
0.00847157152646274,0.988943292590301,0.162645875243339,0.169771676663767,0.94743452235521,0.160847547389379,1.83255944023162e-16
0.00854015460385935,0.98894329482703,0.162649420379854,0.169774909339758,0.947437134955322,0.16085105369216,1.8316253199549e-16
0.0086092929074605,0.988943297100082,0.162653023067453,0.169778194503749,0.947439789813944,0.160854616915623,0
0.00867899093219629,0.988943299410044,0.162656684239062,0.169781533006897,0.94744248761107,0.160858237982475,1.83154342683657e-16
0.00874925320938629,0.988943301757516,0.162660404842685,0.169784925714126,0.947445229037523,0.160861917830339,5.72344213560272e-18
0.00882008430703416,0.988943304143107,0.162664185841648,0.169788373504349,0.947448014795123,0.160865657411988,5.72330894081081e-18
0.00889148883012463,0.988943306567433,0.162668028214846,0.169791877270692,0.947450845596852,0.160869457695594,0
0.00896347142092288,0.988943309031124,0.162671932956988,0.169795437920725,0.947453722167038,0.160873319664973,1.83226554196434e-16
0.00903603675927636,0.988943311534818,0.16267590107886,0.169799056376694,0.947456645241519,0.160877244319838,1.83222079479132e-16
0.00910918956291901,0.988943314079163,0.162679933607571,0.169802733575752,0.947459615567833,0.160881232676049,0
0.00918293458777803,0.988943316664819,0.162684031586826,0.169806470470207,0.947462633905392,0.16088528576588,1.83212911660733e-16
0.00925727662828307,0.988943319292456,0.162688196077188,0.169810268027758,0.947465701025667,0.160889404638276,1.83118824539258e-16
0.00933222051767786,0.988943321962755,0.162692428156346,0.169814127231747,0.947468817712381,0.160893590359123,1.83203444797173e-16
0.00940777112833455,0.988943324676406,0.162696728919393,0.169818049081409,0.947471984761688,0.16089784401152,0
0.0094839333720704,0.988943327434114,0.162701099479105,0.169822034592126,0.947475202982377,0.160902166696055,0
0.00956071220046713,0.988943330236592,0.162705540966225,0.16982608479569,0.947478473196059,0.160906559531084,1.83099280347695e-16
0.00963811260519288,0.988943333084565,0.162710054529746,0.16983020074056,0.947481796237364,0.160911023653018,0
0.00971613961832666,0.988943335978772,0.162714641337212,0.16983438349214,0.947485172954152,0.160915560216612,0
0.00979479831268559,0.988943338919963,0.162719302575007,0.169838634133038,0.947488604207704,0.160920170395255,0
0.00987409380215466,0.988943341908899,0.162724039448663,0.169842953763354,0.947492090872939,0.160924855381276,1.83435667443298e-16
0.00995403124201917,0.988943344946352,0.162728853183162,0.169847343500952,0.947495633838616,0.16092961638624,0
0.0100346158292999,0.988943348033111,0.162733745023251,0.169851804481752,0.947499234007551,0.160934454641261,0
0.0101158528030912,0.988943351169973,0.162738716233757,0.169856337860013,0.947502892296834,0.160939371397311,1.83419104420538e-16
0.0101977474449012,0.988943354357752,0.162743768099908,0.169860944808633,0.947506609638044,0.160944367925543,1.14410137986012e-17
0.0102803050789954,0.988943357597272,0.162748901927658,0.169865626519442,0.947510386977473,0.160949445517607,1.83407611431955e-16
0.0103635310727429,0.988943360889372,0.162754119044024,0.169870384203511,0.947514225276352,0.160954605485986,1.83044564809431e-16
0.0104474308369654,0.988943364234902,0.162759420797416,0.169875219091457,0.947518125511077,0.160959849164321,1.14399121997831e-17
0.0105320098262886,0.988943367634731,0.162764808557984,0.169880132433757,0.947522088673444,0.160965177907755,0
0.0106172735394972,0.988943371089737,0.162770283717963,0.169885125501067,0.94752611577088,0.160970593093275,1.14391478182914e-17
0.0107032275198921,0.988943374600814,0.162775847692024,0.169890199584542,0.947530207826686,0.160976096120059,0
0.0107898773556513,0.98894337816887,0.16278150191764,0.169895355996169,0.947534365880272,0.160981688409833,0
0.0108772286801926,0.988943381794829,0.162787247855442,0.169900596069097,0.947538590987412,0.160987371407234,1.83007269148897e-16
0.0109652871725401,0.988943385479628,0.162793086989591,0.169905921157975,0.947542884220481,0.160993146580166,1.83357772027922e-16
0.0110540585576935,0.988943389224221,0.162799020828156,0.1699113326393,0.947547246668716,0.160999015420181,1.82994019057892e-16
0.0111435486070002,0.988943393029575,0.162805050903494,0.169916831911762,0.947551679438466,0.161004979442854,0
0.0112337631385307,0.988943396896676,0.162811178772635,0.169922420396601,0.947556183653455,0.161011040188161,0
0.0113247080174565,0.988943400826522,0.162817406017679,0.169928099537967,0.947560760455041,0.161017199220876,1.8297333096609e-16
0.0114163891564316,0.988943404820131,0.162823734246195,0.169933870803288,0.947565411002483,0.161023458130961,0
0.011508812515977,0.988943408878534,0.162830165091626,0.169939735683638,0.947570136473217,0.161029818533967,0
0.0116019841048683,0.988943413002781,0.1628367002137,0.169945695694118,0.947574938063118,0.161036282071447,0
0.0116959099805258,0.988943417193938,0.16284334129885,0.169951752374237,0.947579816986789,0.161042850411363,1.14340096879357e-17
0.011790596249409,0.988943421453088,0.16285009006064,0.169957907288305,0.947584774477835,0.161049525248513,1.83293514226916e-16
0.0118860490674132,0.988943425781331,0.162856948240195,0.169964162025824,0.94758981178915,0.161056308304952,1.83285786242644e-16
0.0119822746402699,0.988943430179787,0.162863917606641,0.169970518201897,0.947594930193207,0.16106320133043,1.14325633902945e-17
0.0120792792239501,0.98894343464959,0.162870999957549,0.169976977457628,0.947600130982349,0.161070206102832,1.14320656601326e-17
0.012177069125071,0.988943439191898,0.162878197119388,0.169983541460541,0.947605415469088,0.161077324428623,1.83261846553758e-16
0.0122756507013062,0.988943443807882,0.162885510947982,0.169990211905002,0.947610784986404,0.161084558143304,1.83253607996993e-16
0.0123750303617991,0.988943448498735,0.162892943328983,0.169996990512644,0.947616240888051,0.161091909111873,0
0.0124752145675793,0.988943453265668,0.162900496178335,0.170003879032803,0.947621784548861,0.161099379229293,1.14299932036255e-17
0.0125762098319827,0.988943458109913,0.162908171442761,0.170010879242956,0.947627417365067,0.161106970420967,0
0.0126780227210752,0.98894346303272,0.162915971100254,0.170017992949177,0.947633140754609,0.161114684643223,0
0.0127806598540793,0.98894346803536,0.162923897160562,0.170025221986579,0.947638956157463,0.161122523883803,1.82853592685205e-16
0.0128841279038047,0.988943473119124,0.162931951665706,0.170032568219789,0.947644865035964,0.161130490162361,1.83201312768263e-16
0.0129884335970818,0.988943478285326,0.162940136690479,0.17004003354341,0.947650868875134,0.161138585530969,1.14272091723581e-17
0.0130935837151994,0.988943483535298,0.162948454342972,0.170047619882496,0.947656969183015,0.161146812074632,1.82826002864909e-16
0.0131995850943453,0.988943488870394,0.1629569067651,0.170055329193042,0.947663167491015,0.161155171911806,0
0.013306444626051,0.988943494291992,0.162965496133136,0.170063163462471,0.947669465354243,0.161163667194931,1.1425428838674e-17
0.0134141692576393,0.98894349980149,0.162974224658254,0.170071124710133,0.947675864351857,0.161172300110968,1.82797059033631e-16
0.0135227659926765,0.988943505400309,0.162983094587086,0.170079214987815,0.947682366087417,0.161181072881943,1.14241936826838e-17
0.0136322418914273,0.988943511089893,0.162992108202275,0.170087436380249,0.947688972189243,0.161189987765502,1.83133616921678e-16
0.0137426040713143,0.98894351687171,0.16300126782305,0.170095791005643,0.947695684310772,0.161199047055475,0
0.0138538597073802,0.98894352274725,0.163010575805802,0.170104281016205,0.947702504130922,0.161208253082448,1.82756246930159e-16
0.0139660160327544,0.988943528718028,0.163020034544669,0.170112908598685,0.947709433354467,0.16121760821434,0
0.0140790803391236,0.988943534785584,0.163029646472131,0.170121675974917,0.947716473712406,0.161227114856993,0
0.0141930599772055,0.98894354095148,0.163039414059619,0.170130585402385,0.947723626962343,0.161236775454775,0
0.0143079623572268,0.988943547217306,0.163049339818126,0.170139639174773,0.947730894888872,0.161246592491178,0
0.014423794949405,0.988943553584676,0.163059426298829,0.170148839622551,0.947738279303963,0.161256568489443,1.14188393888033e-17
0.0145405652844341,0.988943560055232,0.163069676093724,0.170158189113547,0.947745782047356,0.161266706013181,1.14181207976375e-17
0.014658280953974,0.988943566630639,0.163080091836267,0.170167690053542,0.947753404986957,0.161277007667009,2.28347813294275e-17
0.0147769496111443,0.988943573312589,0.163090676202026,0.170177344886867,0.947761150019242,0.161287476097198,1.8302280345679e-16
0.0148965789710218,0.988943580102806,0.163101431909346,0.170187156097014,0.947769019069665,0.161298113992323,1.82654320615019e-16
0.0150171768111418,0.988943587003036,0.163112361720017,0.170197126207253,0.947777014093065,0.161308924083931,1.82998441829548e-16
0.0151387509720044,0.988943594015056,0.163123468439958,0.170207257781258,0.947785137074086,0.161319909147214,1.82629616178054e-16
0.0152613093575835,0.988943601140671,0.16313475491991,0.170217553423746,0.947793390027601,0.161331072001696,1.14135603659881e-17
0.015384859935841,0.988943608381713,0.163146224056136,0.170228015781121,0.947801774999134,0.161342415511927,1.82604112597257e-16
0.0155094107392451,0.988943615740046,0.163157878791142,0.170238647542135,0.947810294065291,0.161353942588189,1.82591053191399e-16
0.0156349698652918,0.988943623217564,0.163169722114393,0.17024945143855,0.947818949334201,0.16136565618721,0
0.0157615454770323,0.988943630816188,0.16318175706305,0.170260430245815,0.947827742945952,0.161377559312898,1.82564302846243e-16
0.0158891458036027,0.988943638537873,0.163193986722722,0.170271586783757,0.94783667707304,0.16138965501707,1.82906801876886e-16
0.0160177791407599,0.988943646384605,0.163206414228218,0.170282923917274,0.94784575392082,0.16140194640021,1.82892857618497e-16
0.0161474538514202,0.988943654358399,0.163219042764317,0.170294444557044,0.947854975727958,0.161414436612223,1.14076592545071e-17
0.0162781783662036,0.988943662461306,0.163231875566547,0.170306151660244,0.947864344766896,0.161427128853209,1.82508181536869e-16
0.0164099611839816,0.988943670695407,0.163244915921984,0.170318048231283,0.947873863344319,0.16144002637425,1.14058490596706e-17
0.0165428108724297,0.988943679062818,0.163258167170046,0.170330137322533,0.947883533801619,0.161453132478198,0
0.0166767360685846,0.988943687565688,0.163271632703315,0.170342422035092,0.94789335851538,0.161466450520487,1.14039804430755e-17
0.0168117454794054,0.9889436962062,0.163285315968364,0.170354905519536,0.947903339897849,0.161479983909951,0
0.0169478478823403,0.988943704986573,0.163299220466596,0.170367590976706,0.94791348039743,0.161493736109655,2.28041030995886e-17
0.0170850521258965,0.98894371390906,0.163313349755098,0.170380481658479,0.94792378249917,0.161507710637736,1.82417022467547e-16
0.0172233671302159,0.988943722975952,0.163327707447506,0.17039358086858,0.947934248725256,0.161521911068264,0
0.0173628018876552,0.988943732189574,0.163342297214883,0.170406891963383,0.947944881635515,0.161536341032105,1.82740528726541e-16
0.01750336546337,0.98894374155229,0.16335712278661,0.170420418352735,0.94795568382792,0.161551004217807,1.82368083639069e-16
0.0176450669959044,0.988943751066502,0.163372187951291,0.170434163500791,0.947966657939102,0.161565904372491,1.13969529154857e-17
0.0177879156977856,0.988943760734648,0.16338749655767,0.170448130926861,0.947977806644861,0.161581045302762,1.82689915033462e-16
0.0179319208561219,0.988943770559207,0.163403052515564,0.170462324206268,0.947989132660691,0.161596430875626,1.82672502127216e-16
0.0180770918332072,0.988943780542697,0.163418859796801,0.170476746971219,0.948000638742301,0.161612065019425,0
0.0182234380671297,0.988943790687676,0.163434922436188,0.170491402911692,0.948012327686148,0.16162795172479,1.13925729538904e-17
0.0183709690723849,0.988943800996742,0.163451244532478,0.170506295776334,0.948024202329969,0.161644095045597,2.27828678752398e-17
0.0185196944404947,0.988943811472536,0.163467830249359,0.170521429373372,0.948036265553323,0.161660499099946,0
0.018669623840631,0.98894382211774,0.163484683816449,0.170536807571534,0.948048520278133,0.16167716807115,1.82225618087777e-16
0.0188207670202438,0.988943832935077,0.163501809530323,0.170552434300995,0.948060969469233,0.161694106208739,1.82562033513759e-16
0.0189731338056957,0.988943843927318,0.163519211755533,0.170568313554321,0.94807361613493,0.161711317829482,2.27733867533064e-17
0.0191267341029,0.988943855097273,0.163536894925658,0.170584449387443,0.948086463327548,0.161728807318418,1.82167370573626e-16
0.0192815778979652,0.9889438664478,0.163554863544364,0.170600845920631,0.948099514144004,0.161746579129906,1.82147333103158e-16
0.0194376752578439,0.9889438779818,0.163573122186479,0.17061750733949,0.948112771726365,0.161764637788687,1.82126976723438e-16
0.0195950363309877,0.988943889702222,0.163591675499085,0.170634437895975,0.948126239262424,0.161782987890969,0
0.0197536713480067,0.988943901612061,0.163610528202623,0.170651641909408,0.948139919986274,0.161801634105512,1.82085287305273e-16
0.0199135906223344,0.98894391371436,0.163629685092019,0.170669123767518,0.948153817178892,0.161820581174749,2.27579930145198e-17
0.0200748045508988,0.988943926012208,0.163649151037818,0.170686887927501,0.948167934168713,0.161839833915905,0
0.0202373236147981,0.988943938508748,0.163668930987343,0.170704938917079,0.948182274332228,0.16185939722214,2.27525293544159e-17
0.0204011583799816,0.988943951207166,0.163689029965867,0.170723281335597,0.948196841094571,0.161879276063713,1.81997858136067e-16
0.0205663194979376,0.988943964110705,0.163709453077794,0.170741919855113,0.948211637930116,0.161899475489149,1.8197512619546e-16
0.020732817706385,0.988943977222656,0.163730205507872,0.17076085922152,0.948226668363074,0.161920000626438,0
0.020900663829972,0.988943990546361,0.163751292522412,0.170780104255679,0.948241935968099,0.161940856684239,1.83344382430757e-16
0.0210698687809795,0.988944004085218,0.163772719470524,0.170799659854562,0.948257444370897,0.161962048953105,2.27380929389565e-17
0.0212404435600306,0.988944017842676,0.163794491785378,0.170819530992424,0.948273197248829,0.161983582806731,1.81880534784033e-16
0.0214123992568061,0.98894403182224,0.163816614985475,0.17083972272198,0.94828919833153,0.162005463703207,0
0.0215857470507649,0.98894404602747,0.163839094675941,0.170860240175608,0.948305451401523,0.162027697186303,0
0.0217604982118714,0.988944060461983,0.163861936549834,0.17088108856656,0.948321960294839,0.162050288886756,0
0.0219366641013278,0.988944075129452,0.163885146389474,0.170902273190197,0.948338728901642,0.162073244523593,2.27224755821791e-17
0.0221142561723131,0.988944090033608,0.163908730067791,0.170923799425243,0.948355761166848,0.162096569905456,2.27192022621405e-17
0.0222932859707273,0.98894410517824,0.163932693549687,0.170945672735045,0.948373061090758,0.162120270931953,2.27158771909604e-17
0.0224737651359423,0.9889441205672,0.163957042893421,0.170967898668869,0.948390632729685,0.162144353595033,1.83114025675016e-16
0.0226557054015585,0.988944136204397,0.163981784252014,0.170990482863195,0.948408480196588,0.162168823980363,1.81672548846675e-16
0.0228391185961678,0.988944152093803,0.164006923874666,0.171013431043046,0.948426607661702,0.162193688268744,2.27055834684914e-17
0.0230240166441225,0.988944168239453,0.164032468108205,0.171036749023326,0.948445019353176,0.162218952737533,0
0.0232104115663104,0.988944184645444,0.164058423398541,0.17106044271018,0.948463719557716,0.162244623762087,0
0.0233983154809368,0.988944201315939,0.164084796292152,0.171084518102372,0.948482712621211,0.16227070781723,3.63116715054939e-16
0.0235877406043116,0.988944218255166,0.164111593437581,0.171108981292683,0.948502002949384,0.162297211478738,0
0.0237786992516445,0.98894423546742,0.164138821586962,0.171133838469329,0.948521595008425,0.162324141424842,2.26873158065194e-17
0.0239712038378445,0.988944252957059,0.16416648759756,0.171159095917397,0.948541493325635,0.162351504437753,1.81467902574909e-16
0.0241652668783283,0.988944270728515,0.164194598433328,0.1711847600203,0.94856170249007,0.162379307405209,0
0.0243609009898327,0.988944288786288,0.164223161166502,0.171210837261256,0.948582227153175,0.162407557322042,2.26756502550245e-17
0.024558118891236,0.988944307134945,0.164252182979192,0.171237334224782,0.948603072029432,0.162436261291759,2.26716388295294e-17
0.024756933404384,0.98894432577913,0.164281671165016,0.171264257598211,0.948624241897,0.162465426528156,3.62681030274833e-16
0.0249573574549243,0.988944344723555,0.164311633130747,0.171291614173232,0.948645741598349,0.162495060356944,2.26634259886918e-17
0.0251594040731461,0.988944363973007,0.164342076397978,0.171319410847445,0.948667576040904,0.162525170217401,3.6254756242372e-16
0.0253630863948276,0.988944383532349,0.164373008604813,0.171347654625943,0.948689750197679,0.162555763664044,0
0.0255684176620901,0.988944403406519,0.164404437507581,0.171376352622909,0.948712269107918,0.162586848368319,2.26506172380573e-17
0.0257754112242586,0.988944423600531,0.164436370982572,0.171405512063244,0.948735137877717,0.162618432120323,1.8257960750867e-16
0.02598408053873,0.98894444411948,0.164468817027792,0.171435140284206,0.948758361680667,0.162650522830538,1.81133921113557e-16
0.026194439171848,0.988944464968535,0.164501783764743,0.171465244737074,0.948781945758471,0.162683128531593,0
0.0264065007997846,0.988944486152952,0.164535279440226,0.171495832988841,0.948805895421577,0.162716257380047,1.81060664956481e-16
0.0266202792094301,0.988944507678065,0.164569312428168,0.171526912723922,0.948830216049789,0.162749917658193,2.26278970038503e-17
0.0268357882992886,0.98894452954929,0.164603891231471,0.171558491745885,0.948854913092891,0.162784117775889,2.26231377163698e-17
0.0270530420803822,0.98894455177213,0.16463902448388,0.171590577979207,0.948879992071255,0.162818866272412,0
0.0272720546771616,0.988944574352171,0.164674720951885,0.17162317947105,0.948905458576447,0.162854171818324,0
0.0274928403284242,0.988944597295087,0.164710989536636,0.171656304393068,0.94893131827183,0.162890043217384,2.26084098072507e-17
0.0277154133882405,0.988944620606638,0.164747839275891,0.171689961043226,0.948957576893153,0.162926489408459,1.80826773935431e-16
0.0279397883268864,0.988944644292677,0.164785279345976,0.171724157847649,0.948984240249149,0.162963519467476,1.82192552425467e-16
0.0281659797317847,0.988944668359142,0.164823319063789,0.171758903362498,0.949011314222105,0.163001142609392,2.25929830643434e-17
0.0283940023084533,0.988944692812067,0.164861967888804,0.171794206275861,0.949038804768444,0.163039368190186,2.25876800969247e-17
0.0286238708814609,0.988944717657578,0.16490123542512,0.171830075409673,0.949066717919282,0.163078205708881,0
0.0288556003953913,0.988944742901894,0.164941131423522,0.171866519721663,0.949095059780993,0.163117664809583,2.25768258992456e-17
0.0290892059158146,0.988944768551332,0.164981665783578,0.171903548307322,0.949123836535748,0.163157755283553,2.25712722190422e-17
0.029324702630267,0.988944794612305,0.165022848555746,0.171941170401894,0.949153054442056,0.163198487071299,2.25656324911171e-17
0.0295621058492378,0.988944821091324,0.165064689943523,0.171979395382397,0.949182719835289,0.163239870264692,1.80479243600018e-16
0.0298014310071653,0.988944847995001,0.16510720030561,0.172018232769668,0.949212839128198,0.163281915109112,2.2554089813767e-17
0.0300426936634398,0.988944875330049,0.165150390158098,0.172057692230424,0.949243418811413,0.16332463200561,1.81789273452714e-16
0.0302859095034155,0.988944903103285,0.165194270176695,0.172097783579366,0.949274465453936,0.163368031513109,0
0.0305310943394298,0.988944931321628,0.165238851198961,0.17213851678129,0.949305985703613,0.163412124350621,0
0.0307782641118319,0.988944959992105,0.165284144226582,0.17217990195324,0.949337986287607,0.163456921399487,1.81641982540795e-16
0.0310274348900188,0.98894498912185,0.165330160427666,0.172221949366672,0.949370474012833,0.163502433705652,1.81591364243248e-16
0.0312786228734801,0.988945018718104,0.165376911139061,0.172264669449658,0.949403455766396,0.163548672481961,2.2517261600025e-17
0.0315318443928511,0.988945048788221,0.165424407868708,0.172308072789106,0.949436938516008,0.163595649110482,1.81487778930257e-16
0.0317871159109747,0.988945079339666,0.165472662298008,0.172352170133009,0.949470929310384,0.163643375144849,1.80033727369343e-16
0.0320444540239715,0.988945110380017,0.165521686284231,0.172396972392727,0.949505435279622,0.163691862312646,1.81380985972673e-16
0.0323038754623189,0.988945141916966,0.165571491862939,0.172442490645288,0.949540463635564,0.163741122517798,2.24907666369093e-17
0.0325653970919388,0.988945173958325,0.165622091250438,0.172488736135713,0.94957602167214,0.163791167843006,0
0.0328290359152942,0.988945206512022,0.165673496846262,0.172535720279382,0.949612116765681,0.163842010552195,1.79815216323048e-16
0.0330948090724943,0.988945239586104,0.165725721235681,0.172583454664413,0.949648756375226,0.163893663093,0
0.0333627338424092,0.988945273188743,0.165778777192231,0.172631951054075,0.949685948042795,0.163946138099267,1.85231428427101e-16
0.0336328276437929,0.988945307328233,0.165832677680281,0.172681221389228,0.949723699393639,0.163999448393589,1.79642400898318e-16
0.0339051080364161,0.988945342012989,0.165887435857615,0.172731277790785,0.949762018136466,0.164053606989867,1.7958302904297e-16
0.0341795927222076,0.988945377251559,0.165943065078051,0.172782132562214,0.949800912063649,0.164108627095893,1.80919838146458e-16
0.0344562995464054,0.988945413052616,0.165999578894083,0.172833798192053,0.949840389051396,0.16416452211597,0
0.0347352464987164,0.988945449424963,0.166056991059549,0.172886287356459,0.949880457059897,0.164221305653542,2.2424929507036e-17
0.0350164517144866,0.988945486377536,0.166115315532324,0.172939612921793,0.949921124133444,0.164278991513872,1.79336369372057e-16
0.0352999334758797,0.988945523919405,0.166174566477051,0.172993787947216,0.949962398400515,0.164337593706728,1.79272346188343e-16
0.0355857102130658,0.988945562059775,0.166234758267882,0.173048825687326,0.950004288073838,0.164397126449101,1.80601983867029e-16
0.0358738005054197,0.988945600807987,0.166295905491261,0.17310473959482,0.950046801450403,0.164457604167964,1.80535493815583e-16
0.0361642230827288,0.988945640173524,0.166358022948725,0.173161543323182,0.950089946911463,0.164519041503029,1.79074402634116e-16
0.0364569968264106,0.988945680166006,0.166421125659736,0.1732192507294,0.950133732922485,0.16458145330956,0
0.0367521407707406,0.988945720795201,0.166485228864538,0.173277875876711,0.950178168033067,0.164644854661194,1.7893740753996e-16
0.0370496741040893,0.988945762071018,0.166550348027039,0.173337433037376,0.950223260876824,0.164709260852793,0
0.0373496161701702,0.988945804003514,0.166616498837726,0.17339793669548,0.950269020171225,0.164774687403326,2.23495318508534e-17
0.0376519864692972,0.988945846602893,0.166683697216599,0.173459401549762,0.950315454717403,0.16484115005877,0
0.0379568046596523,0.988945889879513,0.166751959316137,0.173521842516474,0.950362573399906,0.164908664795049,0
0.0382640905585636,0.98894593384388,0.166821301524282,0.173585274732264,0.950410385186426,0.164977247820983,0
0.0385738641437941,0.988945978506658,0.166891740467465,0.173649713557095,0.950458899127463,0.165046915581276,4.46252529572803e-17
0.03888614555484,0.988946023878665,0.166963293013637,0.173715174577182,0.950508124355959,0.165117684759525,0
0.0392009550942404,0.988946069970877,0.167035976275347,0.173781673607963,0.950558070086875,0.165189572281253,4.45866707329796e-17
0.0395183132288971,0.988946116794434,0.167109807612824,0.173849226697098,0.95060874561673,0.165262595316967,4.45669470421804e-17
0.0398382405914052,0.988946164360634,0.167184804637106,0.173917850127495,0.95066016032307,0.165336771285248,1.78187719068745e-16
0.0401607579813948,0.988946212680942,0.167260985213177,0.173987560420359,0.950712323663909,0.165412117855855,1.78106459836194e-16
0.0404858863668828,0.988946261766988,0.167338367463139,0.174058374338279,0.950765245177101,0.165488652952862,0
0.0408136468856362,0.988946311630571,0.167416969769402,0.17413030888833,0.950818934479663,0.165566394757817,0
0.0411440608465467,0.988946362283661,0.167496810777904,0.174203381325211,0.950873401267039,0.165645361712923,1.7785538097838e-16
0.0414771497310157,0.988946413738399,0.167577909401351,0.174277609154408,0.950928655312306,0.165725572524244,0
0.0418129351943512,0.988946466007103,0.167660284822484,0.17435301013538,0.950984706465323,0.165807046164939,0
0.0421514390671752,0.988946519102265,0.167743956497364,0.174429602284779,0.951041564651815,0.16588980187851,4.43982517205035e-17
0.0424926833568436,0.988946573036559,0.167828944158687,0.174507403879689,0.951099239872399,0.165973859182078,1.82965864235996e-16
0.0428366902488763,0.988946627822836,0.167915267819118,0.174586433460896,0.951157742201536,0.166059237869685,0
0.0431834821084004,0.988946683474134,0.168002947774643,0.174666709836184,0.951217081786426,0.166145958015612,0
0.0435330814816033,0.988946740003674,0.168092004607955,0.174748252083653,0.951277268845829,0.16623403997772,1.77224820553597e-16
0.0438855110971994,0.988946797424864,0.168182459191843,0.174831079555061,0.951338313668821,0.166323504400812,4.42823453872379e-17
0.0442407938679069,0.988946855751304,0.168274332692623,0.174915211879205,0.951400226613468,0.166414372220019,1.77032550400666e-16
0.0445989528919383,0.988946914996782,0.168367646573573,0.175000668965308,0.95146301810544,0.166506664664203,0
0.0449600114545014,0.988946975175283,0.168462422598392,0.175087471006441,0.95152669863654,0.16660040325938,0
0.0453239930293136,0.988947036300986,0.168558682834687,0.175175638482969,0.95159127876316,0.166695609832162,4.41833811797986e-17
0.0456909212801278,0.988947098388269,0.168656449657465,0.175265192166016,0.951656769104652,0.166792306513217,4.41577362132428e-17
0.046060820062271,0.988947161451709,0.168755745752654,0.175356153120959,0.951723180341631,0.166890515740753,0
0.0464337134241949,0.988947225506086,0.168856594120635,0.175448542710939,0.951790523214179,0.16699026026401,1.81850931726264e-16
0.0468096256090399,0.988947290566387,0.168959018079798,0.175542382600398,0.951858808519982,0.167091563146773,4.40785581846086e-17
0.0471885810562108,0.988947356647801,0.169063041270105,0.175637694758639,0.951928047112361,0.167194447770908,0
0.0475706044029659,0.988947423765728,0.169168687656676,0.175734501463404,0.951998249898234,0.167298937839899,0
0.0479557204860185,0.988947491935781,0.169275981533389,0.175832825304473,0.952069427835977,0.167405057382413,1.75983666147835e-16
0.0483439543431522,0.988947561173784,0.16938494752649,0.175932689187286,0.952141591933198,0.167512830755872,0
0.048735331214848,0.988947631495775,0.169495610598221,0.176034116336587,0.952214753244409,0.167622282650041,4.39388339761504e-17
0.0491298765459258,0.988947702918012,0.169607996050458,0.176137130300075,0.952288922868618,0.167733438090628,4.39096816420974e-17
0.0495276159871982,0.988947775456971,0.169722129528363,0.17624175495209,0.952364111946812,0.167846322442895,4.38801153634253e-17
0.0499285753971387,0.988947849129349,0.169838037024044,0.176348014497304,0.952440331659341,0.167960961415279,0
0.0503327808435624,0.988947923952069,0.169955744880227,0.176455933474439,0.952517593223213,0.168077381063028,0
0.0507402586053209,0.988947999942277,0.17007527979394,0.176565536759991,0.95259590788927,0.16819560779184,4.37888829634617e-17
0.051151035174011,0.988948077117348,0.170196668820196,0.176676849571977,0.952675286939277,0.168315668361511,1.80417251457065e-16
0.0515651372556965,0.988948155494886,0.170319939375699,0.176789897473701,0.952755741682892,0.168437589889599,0
0.0519825917726449,0.988948235092728,0.170445119242536,0.176904706377516,0.952837283454537,0.168561399855075,4.36937440979679e-17
0.0524034258650778,0.988948315928944,0.170572236571894,0.177021302548628,0.952919923610153,0.168687126102008,1.7464455668731e-16
0.052827666892935,0.988948398021839,0.170701319887768,0.177139712608879,0.953003673523858,0.168814796843222,0
0.0532553424376533,0.988948481389957,0.170832398090679,0.177259963540573,0.953088544584474,0.168944440663981,0
0.0536864803039601,0.988948566052081,0.17096550046139,0.177382082690293,0.953174548191958,0.169076086525668,0
0.0541211085216805,0.988948652027234,0.171100656664627,0.177506097772732,0.953261695753705,0.169209763769457,1.74104484485717e-16
0.0545592553475602,0.988948739334684,0.171237896752794,0.177632036874537,0.953349998680747,0.169345502119998,0
0.0550009492671021,0.988948827993942,0.171377251169695,0.177759928458158,0.953439468383824,0.169483331689093,4.34557794548969e-17
0.0554462189964184,0.988948918024769,0.171518750754244,0.177889801365704,0.953530116269342,0.16962328297937,4.34198818822781e-17
0.0558950934840979,0.98894900944717,0.17166242674418,0.178021684822803,0.953621953735207,0.169765386887954,8.67669853580016e-17
0.0563476019130872,0.988949102281403,0.171808310779768,0.178155608442469,0.953714992166547,0.169909674710136,4.33466064660723e-17
0.0568037737025889,0.988949196547978,0.171956434907502,0.178291602228977,0.953809242931299,0.170056178143029,4.33092178453568e-17
0.0572636385099738,0.988949292267657,0.172106831583795,0.178429696581728,0.953904717375682,0.170204929289222,1.73085285603153e-16
0.0577272262327089,0.988949389461454,0.172259533678658,0.178569922299128,0.954001426819545,0.170355960660423,1.72931646798508e-16
0.0581945670103016,0.988949488150643,0.172414574479377,0.178712310582458,0.954099382551585,0.170509305181091,1.72775933175028e-16
0.0586656912262587,0.988949588356753,0.172571987694169,0.178856893039752,0.954198595824447,0.170664996192055,4.31545307210291e-17
0.0591406295100621,0.988949690101574,0.172731807455828,0.179003701689661,0.954299077849696,0.170823067454125,1.77765837493722e-16
0.0596194127391598,0.988949793407154,0.172894068325357,0.179152768965324,0.954400839792654,0.170983553151684,1.72296124658392e-16
0.0601020720409738,0.988949898295802,0.173058805295583,0.179304127718225,0.954503892767124,0.171146487896259,1.77429493884378e-16
0.0605886387949234,0.988950004790088,0.173226053794753,0.179457811222055,0.954608247829976,0.171311906730089,4.2991369106263e-17
0.0610791446344653,0.988950112912847,0.173395849690109,0.179613853176549,0.954713915975614,0.171479845129652,1.77084143283866e-16
0.0615736214491506,0.988950222687177,0.173568229291447,0.179772287711331,0.954820908130304,0.171650339009195,0
0.0620721013866976,0.988950334136441,0.17374322935465,0.179933149389739,0.954929235146393,0.171823424724225,1.71452899733926e-16
0.0625746168550822,0.988950447284264,0.173920887085193,0.180096473212638,0.955038907796378,0.171999139074977,0
0.0630812005246445,0.988950562154541,0.174101240141628,0.180262294622222,0.955149936766871,0.172177519309866,8.55499274356083e-17
0.0635918853302131,0.988950678771432,0.174284326639042,0.180430649505801,0.955262332652422,0.172358603128903,1.70919868080098e-16
0.0641067044732463,0.988950797159362,0.174470185152475,0.180601574199566,0.955376105949225,0.172542428687081,0
0.0646256914239905,0.988950917343022,0.174658854720318,0.180775105492343,0.955491267048694,0.172729034597741,1.75801859478811e-16
0.0651488799236562,0.988951039347373,0.174850374847677,0.180951280629322,0.955607826230925,0.172918459935888,4.25914464089475e-17
0.0656763039866118,0.988951163197638,0.175044785509693,0.181130137315761,0.955725793658021,0.173110744241492,0
0.066207997902595,0.98895128891931,0.175242127154833,0.181311713720676,0.955845179367309,0.173305927522734,1.69984408996046e-16
0.0667439962389419,0.988951416538147,0.175442440708148,0.181496048480502,0.955965993264435,0.173504050259233,4.24475146035966e-17
0.0672843338428345,0.98895154608017,0.175645767574475,0.181683180702718,0.956088245116333,0.173705153405215,1.69593237230501e-16
0.0678290458435664,0.988951677571667,0.175852149641609,0.181873149969457,0.956211944544092,0.173909278392654,0
0.068378167654826,0.988951811039189,0.176061629283433,0.182065996341079,0.956337101015695,0.174116467134361,0
0.068931734977,0.988951946509549,0.176274249362987,0.182261760359708,0.956463723838662,0.174326762027036,1.7418856830156e-16
0.0694897837994932,0.988952084009821,0.176490053235512,0.182460483052746,0.956591822152568,0.174540205954264,1.73975279976888e-16
0.0700523504030693,0.98895222356734,0.17670908475142,0.182662205936336,0.956721404921468,0.174756842289466,4.21428286612568e-17
0.0706194713622089,0.988952365209697,0.176931388259233,0.182866971018803,0.956852480926213,0.174976714898804,1.73540708279527e-16
0.0711911835474879,0.98895250896474,0.177157008608455,0.183074820804039,0.956985058756668,0.17519986814402,0
0.0717675241279743,0.988952654860571,0.177385991152398,0.183285798294862,0.957119146803831,0.175426346885237,1.67927137432182e-16
0.0723485305736446,0.988952802925543,0.177618381750942,0.183499946996321,0.957254753251863,0.175656196483693,0
0.07293424065782,0.988952953188258,0.177854226773244,0.183717310918957,0.957391886070026,0.175889462804413,1.67484408414431e-16
0.0735246924596224,0.988953105677563,0.178093573100379,0.183937934582019,0.957530553004539,0.176126192218834,1.72406629586942e-16
0.0741199243664497,0.988953260422547,0.178336468127925,0.184161863016633,0.957670761570349,0.176366431607353,1.72171474737851e-16
0.0747199750764715,0.988953417452541,0.178582959768475,0.184389141768907,0.957812519042832,0.176610228361823,8.33999935765217e-17
0.0753248836011454,0.988953576797107,0.17883309645409,0.184619816903002,0.95795583244942,0.176857630387974,1.66566345340836e-16
0.0759346892677529,0.988953738486039,0.179086927138678,0.184853935004127,0.958100708561158,0.177108686107773,1.85962503696662e-16
0.0765494317219563,0.98895390254936,0.179344501300305,0.185091543181496,0.958247153884213,0.177363444461705,0
0.0771691509303763,0.988954069017312,0.179605868943429,0.185332689071205,0.958395174651309,0.177621954910995,0
0.0777938871831903,0.988954237920355,0.179871080601069,0.185577420839068,0.958544776813133,0.177884267439741,0
0.0784236810967519,0.988954409289156,0.180140187336886,0.185825787183371,0.958695966029683,0.178150432556988,0
0.0790585736162311,0.988954583154595,0.180413240747195,0.186077837337576,0.95884874766159,0.178420501298712,1.65105363070446e-16
0.0796986060182772,0.98895475954774,0.180690292962892,0.186333621072945,0.959003126761398,0.178694525229728,0
0.0803438199137014,0.98895493849986,0.180971396651304,0.186593188701104,0.959159108064834,0.178972556445524,8.22976959013736e-17
0.0809942572501823,0.988955120042403,0.181256605017948,0.186856591076526,0.959316695982055,0.179254647574003,1.64336016507575e-16
0.0816499603149936,0.988955304206996,0.18154597180821,0.187123879598948,0.959475894588885,0.179540851777143,0
0.0823109717377527,0.988955491025433,0.181839551308941,0.187395106215708,0.959636707618057,0.179831222752578,1.63808400306332e-16
0.0829773344931926,0.98895568052967,0.182137398349953,0.187670323424008,0.959799138450454,0.180125814735081,8.17700629454422e-17
0.0836490919039557,0.988955872751813,0.182439568305436,0.187949584273094,0.959963190106375,0.180424682497966,1.82540126042444e-16
0.0843262876434102,0.988956067724107,0.182746117095275,0.188232942366352,0.960128865236816,0.180727881354392,0
0.0850089657384898,0.98895626547893,0.18305710118628,0.18852045186333,0.960296166114784,0.181035467158583,1.81923409178064e-16
0.0856971705725559,0.988956466048781,0.183372577593315,0.188812167481663,0.960465094626662,0.181347496306941,0
0.0863909468882829,0.988956669466264,0.183692603880334,0.189108144498921,0.960635652263608,0.181664025739081,0
0.0870903397905676,0.98895687576408,0.184017238161321,0.189408438754358,0.960807840113023,0.181985112938755,8.09334765243046e-17
0.087795394749461,0.988957084975015,0.184346539101122,0.18971310665058,0.960981658850092,0.182310815934678,1.80648985359916e-16
0.0885061576031251,0.988957297131925,0.184680565916188,0.190022205155109,0.961157108729391,0.182641193301268,1.80321747684316e-16
0.0892226745608124,0.988957512267719,0.185019378375209,0.190335791801867,0.961334189576592,0.182976304159266,0
0.0899449922058705,0.988957730415351,0.185363036799643,0.190653924692546,0.961512900780265,0.183316208176272,1.79656811575336e-16
0.0906731574987708,0.988957951607795,0.185711602064148,0.190976662497897,0.961693241283783,0.183660965567161,1.79319085911555e-16
0.091407217780161,0.988958175878038,0.1860651355969,0.191304064458906,0.961875209577357,0.18401063709441,8.00413224218787e-17
0.0921472207739435,0.988958403259057,0.186423699379815,0.191636190387879,0.962058803690188,0.184365284068308,0
0.0928932145903777,0.988958633783802,0.186787355948648,0.191973100669416,0.962244021182771,0.184724968347064,0
0.093645247729208,0.988958867485175,0.187156168393002,0.192314856261287,0.962430859139337,0.185089752336808,0
0.0944033690828169,0.988959104396017,0.187530200356213,0.192661518695197,0.962619314160477,0.185459698991486,1.77577387776678e-16
0.0951676279394036,0.988959344549078,0.187909516035131,0.193013150077448,0.962809382355915,0.185834871812637,0
0.0959380739861886,0.988959587977,0.188294180179792,0.193369813089493,0.963001059337488,0.186215334849074,1.76855740071489e-16
0.0967147573126438,0.988959834712292,0.188684258092975,0.193731570988374,0.963194340212303,0.18660115269644,0
0.097497728413749,0.98896008478731,0.189079815629649,0.194098487607056,0.963389219576116,0.186992390496667,1.57526260553734e-16
0.0982870381932753,0.988960338234228,0.189480919196306,0.194470627354646,0.96358569150692,0.187389113937312,1.57192259553548e-16
0.0990827379670937,0.988960595085009,0.189887635750185,0.194848055216498,0.96378374955876,0.187791389250788,0
0.0998848794665118,0.988960855371386,0.190300032798377,0.195230836754203,0.963983386755802,0.188199283213486,1.74988585724127e-16
0.100693514841637,0.988961119124822,0.190718178396824,0.195619038105471,0.964184595586637,0.18861286314477,0
0.101508696664767,0.98896138637649,0.191142141149197,0.196012725983884,0.964387367998864,0.189032196905881,0
0.102330477933808,0.988961657157237,0.191571990205669,0.196411967678547,0.964591695393934,0.189457352898708,7.77368231205795e-17
0.10315891207572,0.988961931497548,0.192007795261565,0.196816831053607,0.964797568622286,0.189888400064463,0
0.103994052949988,0.988962209427519,0.192449626555909,0.197227384547665,0.965004977978782,0.190325407882233,1.54763449919452e-16
0.10483595485213,0.988962490976815,0.192897554869848,0.197643697173065,0.965213913198442,0.190768446367422,7.72017341519472e-17
0.105684672517218,0.988962776174632,0.193351651524972,0.198065838515059,0.965424363452501,0.191217586070086,7.70201152087036e-17
0.106540261123446,0.988963065049667,0.193811988381517,0.198493878730863,0.965636317344796,0.191672898073155,0
0.107402776295708,0.988963357630063,0.194278637836455,0.198927888548584,0.965849762908486,0.192134453990536,0
0.108272274109224,0.98896365394338,0.194751672821479,0.199367939266028,0.966064687603128,0.192602325965115,1.5293098713245e-16
0.109148811093176,0.988963954016541,0.195231166800868,0.199814102749394,0.966281078312102,0.19307658666665,0
0.11003244423439,0.988964257875792,0.195717193769256,0.200266451431838,0.966498921340415,0.193557309289544,1.70137088313754e-16
0.11092323098104,0.988964565546649,0.196209828249272,0.200725058311925,0.966718202412874,0.194044567550524,1.6970917159903e-16
0.111821229246378,0.988964877053852,0.196709145289095,0.201189996951957,0.966938906672649,0.194538435686199,1.69277635300091e-16
0.112726497412507,0.98896519242131,0.197215220459888,0.20166134147618,0.967161018680231,0.195038988450525,7.55086551831835e-17
0.113639094334169,0.988965511672048,0.197728129853123,0.202139166568875,0.967384522412792,0.195546301112151,0
0.114559079342577,0.988965834828147,0.198247950077816,0.202623547472327,0.967609401263952,0.196060449451676,7.51146117537482e-17
0.115486512249268,0.988966161910689,0.198774758257644,0.203114559984673,0.967835638043976,0.196581509758787,7.49151808484362e-17
0.116421453349997,0.988966492939695,0.199308632027971,0.20361228045764,0.968063214980385,0.197109558829311,1.49428299372811e-16
0.117363963428651,0.988966827934057,0.199849649532766,0.204116785794157,0.968292113719003,0.197644673962153,0
0.118314103761204,0.988967166911477,0.200397889421428,0.204628153445855,0.968522315325442,0.19818693295615,1.48614613345016e-16
0.119271936119701,0.988967509888393,0.200953430845506,0.205146461410448,0.968753800287034,0.198736414106809,7.41015058990124e-17
0.120237522776272,0.988967856879908,0.201516353455331,0.205671788229004,0.968986548515205,0.199293196202972,0
0.121210926507183,0.988968207899716,0.202086737396552,0.206204212983095,0.969220539348306,0.199857358523368,1.64765063932149e-16
0.122192210596917,0.988968562960023,0.202664663306576,0.206743815291843,0.969455751554902,0.200428980833081,0
0.123181438842284,0.988968922071467,0.203250212310927,0.20729067530885,0.969692163337522,0.201008143379935,7.32625898440845e-17
0.124178675556577,0.98896928524303,0.203843466019505,0.207844873719016,0.969929752336864,0.201594926890771,0
0.125183985573745,0.988969652481956,0.204444506522764,0.208406491735249,0.970168495636479,0.202189412567663,7.28338066517583e-17
0.126197434252612,0.988970023793654,0.205053416387811,0.208975611095074,0.97040836976791,0.202791682084023,0
0.127219087481126,0.988970399181605,0.205670278654417,0.209552314057128,0.970649350716305,0.20340181758065,1.61888850899107e-16
0.128249011680643,0.988970778647265,0.206295176830948,0.210136683397556,0.970891413926496,0.204019901661677,1.44358328555644e-16
0.129287273810244,0.98897116218996,0.20692819489022,0.210728802406302,0.971134534309542,0.204646017390451,1.60902822959894e-16
0.130333941371088,0.98897154980678,0.207569417265281,0.2113287548833,0.97137868624975,0.205280248285336,2.0289779288905e-16
0.131389082410804,0.988971941492472,0.208218928845116,0.21193662513457,0.971623843612143,0.205922678315437,1.43021986087245e-16
0.132452765527909,0.988972337239317,0.208876814970278,0.212552497968209,0.971869979750401,0.20657339189626,7.12853125317638e-17
0.133525059876274,0.988972737037019,0.209543161428465,0.213176458690296,0.972117067515263,0.207232473885299,1.4211634557489e-16
0.134606035169616,0.988973140872574,0.210218054450011,0.213808593100697,0.972365079263374,0.207900009577549,7.08295859372477e-17
0.13569576168603,0.988973548730146,0.210901580703329,0.214448987488784,0.972613986866585,0.208576084700969,1.41199129058739e-16
0.136794310272563,0.988973960590929,0.211593827290284,0.215097728629064,0.972863761721704,0.209260785411865,1.57347903193573e-16
0.137901752349813,0.988974376433013,0.212294881741509,0.215754903776716,0.973114374760674,0.209954198290229,1.56827232075674e-16
0.139018159916578,0.988974796231232,0.213004832011664,0.216420600663054,0.973365796461193,0.210656410335004,1.56303442972715e-16
0.140143605554534,0.988975219957025,0.213723766474646,0.217094907490898,0.973617996857748,0.211367508959306,1.3933079783765e-16
0.141278162432955,0.988975647578266,0.214451773918734,0.217777912929872,0.973870945553068,0.212087581985588,1.38856815085177e-16
0.14242190431347,0.988976079059116,0.2151889435417,0.218469706111617,0.97412461172999,0.212816717640744,6.91900656169423e-17
0.143574905554856,0.988976514359847,0.215935364945857,0.219170376624936,0.97437896416371,0.213555004551176,1.37900777135842e-16
0.144737241117876,0.988976953436671,0.216691128133075,0.219880014510862,0.974633971234424,0.214302531737804,1.94339508676282e-16
0.145908986570152,0.988977396241557,0.217456323499746,0.220598710257656,0.974889600940345,0.215059388611041,6.84670927854087e-17
0.147090218091073,0.988977842722046,0.218231041831706,0.221326554795729,0.975145820911091,0.215825664965705,1.36447013744404e-16
0.148281012476756,0.988978292821056,0.219015374299126,0.222063639492517,0.9754025984214,0.216601450975914,0
0.149481447145032,0.988978746476675,0.219809412451363,0.222810056147268,0.975659900405212,0.217386837189924,6.77325439344972e-17
0.15069160014048,0.98897920362196,0.220613248211769,0.223565896985783,0.975917693470051,0.218181914524929,1.34970404028144e-16
0.151911550139505,0.988979664184711,0.221426973872475,0.224331254655092,0.97617594391173,0.218986774261837,0
0.153141376455451,0.988980128087252,0.222250682089139,0.225106222218069,0.976434617729342,0.219801508039996,1.33973775581781e-16
0.154381159043753,0.988980595246191,0.223084465875672,0.225890893148002,0.976693680640539,0.220626207851901,1.33471905551235e-16
0.155630978507143,0.988981065572181,0.22392841859892,0.226685361323099,0.976953098097062,0.221460966037854,1.88044747139231e-16
0.156890916100885,0.988981538969668,0.224782633973336,0.227489721020946,0.977212835300532,0.222305875280605,1.87328489954038e-16
0.158161053738059,0.988982015336626,0.225647206055613,0.228304066912913,0.977472857218455,0.223161028599959,1.86609063602296e-16
0.159441473994887,0.988982494564289,0.226522229239302,0.229128494058523,0.97773312860045,0.224026519347349,1.85886525141398e-16
0.1607322601161,0.988982976536868,0.227407798249405,0.229963097899756,0.977993613994666,0.224902441200392,1.85160932533525e-16
0.162033496020352,0.988983461131262,0.228304008136938,0.230807974255332,0.978254277764378,0.225788888157409,0
0.163345266305675,0.988983948216751,0.229210954273485,0.231663219314928,0.978515084104736,0.22668595453192,1.83700821118644e-16
0.16466765625498,0.988984437654685,0.230128732345718,0.23252892963337,0.978775997059653,0.227593734947116,0
0.166000751841599,0.98898492929816,0.23105743834991,0.233405202124783,0.979036980538818,0.2285123243303,1.28855510341e-16
0.167344639734876,0.988985422991675,0.231997168586414,0.234292134056691,0.979297998334797,0.229441817907306,0
0.168699407305804,0.988985918570788,0.232948019654133,0.235189823044096,0.979559014140225,0.230382311196888,1.80746594088097e-16
0.170065142632699,0.988986415861748,0.233910088444962,0.236098367043504,0.979819991565049,0.231333900005088,1.27280151650708e-16
0.171441934506935,0.988986914681124,0.234883472138223,0.237017864346933,0.980080894153817,0.232296680419571,1.26751350323461e-16
0.172829872438709,0.988987414835408,0.235868268195057,0.23794841357587,0.98034168540298,0.233270748803934,0
0.174229046662864,0.988987916120618,0.236864574352816,0.238890113675199,0.980602328778199,0.234256201791989,1.77750381739498e-16
0.175639548144754,0.988988418321871,0.237872488619425,0.239843063907101,0.980862787731624,0.235253136282013,0
0.177061468586161,0.988988921212954,0.238892109267718,0.240807363844909,0.98112302571914,0.236261649430967,1.24618965782501e-16
0.178494900431252,0.988989424555868,0.239923534829749,0.241783113366939,0.981383006217541,0.237281838648683,1.24081810484645e-16
0.179939936872594,0.988989928100365,0.24096686409109,0.24277041265028,0.981642692741629,0.238313801592018,1.74716366067724e-16
0.18139667185721,0.988990431583459,0.242022196085083,0.243769362164552,0.981902048861206,0.239357636158963,1.73952460672328e-16
0.182865200092687,0.988990934728927,0.243089630087078,0.244780062665629,0.982161038217947,0.240413440482729,0
0.184345617053333,0.988991437246785,0.244169265608627,0.245802615189323,0.982419624542128,0.241481312925768,1.21918396713173e-16
0.185838018986386,0.98899193883275,0.245261202391655,0.246837121045036,0.98267777166919,0.242561352073774,1.71648884606033e-16
0.187342502918271,0.988992439167678,0.246365540402592,0.247883681809373,0.982935443556129,0.243653656729622,1.20828501834189e-16
0.188859166660905,0.988992937916986,0.247482379826451,0.248942399319701,0.983192604297676,0.244758325907249,1.70103985177046e-16
0.19038810881806,0.988993434730049,0.248611821060893,0.250013375667697,0.983449218142264,0.245875458825505,1.19733679383771e-16
0.191929428791772,0.988993929239573,0.249753964710211,0.251096713192814,0.983705249507751,0.247005154901914,0
0.193483226788801,0.988994421060955,0.250908911579295,0.252192514475735,0.983960662996899,0.248147513746399,1.67774282409831e-16
0.195049603827152,0.988994909791608,0.252076762667518,0.253300882331754,0.984215423412562,0.249302635154923,2.64041816128068e-16
0.196628661742637,0.988995395010265,0.253257619162588,0.254421919804125,0.984469495772595,0.250470619103063,0
0.198220503195496,0.988995876276266,0.254451582434313,0.255555730157341,0.984722845324456,0.251651565739506,0
0.199825231677076,0.988996353128799,0.255658754028319,0.256702416870363,0.984975437559472,0.25284557537946,0
0.201442951516552,0.988996825086139,0.25687923565968,0.257862083629786,0.98522723822678,0.254052748497977,1.15868848727801e-16
0.203073767887718,0.98899729164484,0.258113129206484,0.259034834322946,0.985478213346901,0.255273185723187,1.15313228011095e-16
0.204717786815819,0.988997752278898,0.259360536703306,0.260220773030946,0.985728329224946,0.256506987829418,1.14756886243936e-16
0.206375115184445,0.988998206438902,0.260621560334589,0.261420004021615,0.985977552463447,0.257754255730216,1.14199875072124e-16
0.208045860742482,0.988998653551128,0.26189630242794,0.262632631742391,0.986225849974776,0.259015090471252,1.60714405776922e-16
0.209730132111114,0.988999093016619,0.263184865447315,0.263858760813112,0.986473188993163,0.260289593223095,0
0.21142803879089,0.988999524210224,0.264487351986094,0.265098496018727,0.986719537086288,0.261577865273869,1.59134864386114e-16
0.213139691168835,0.988999946479603,0.265803864760048,0.266351942301902,0.986964862166434,0.262880008021759,1.58344075359514e-16
0.214865200525637,0.989000359144193,0.267134506600168,0.267619204755534,0.987209132501204,0.264196122967373,1.11406585848062e-16
0.21660467904287,0.989000761494144,0.268479380445377,0.268900388615152,0.987452316723767,0.265526311705954,1.10846642381173e-16
0.218358239810298,0.989001152789206,0.269838589335085,0.270195599251202,0.987694383842653,0.266870675919412,1.10286390392974e-16
0.22012599683322,0.989001532257578,0.271212236401615,0.271504942161216,0.987935303251058,0.268229317368202,1.09725881107941e-16
0.221908065039887,0.989001899094725,0.272600424862449,0.272828522961846,0.988175044735678,0.269602337882991,1.54382857744019e-16
0.223704560288971,0.989002252462137,0.274003258012327,0.274166447380768,0.988413578485042,0.270989839356156,0
0.225515599377096,0.989002591486048,0.275420839215152,0.275518821248427,0.988650875097348,0.272391923733047,0
0.227341300046436,0.989002915256115,0.276853271895723,0.276885750489649,0.9888869055878,0.273808693003064,1.07482290168585e-16
0.229181780992365,0.989003222824039,0.278300659531267,0.27826734111507,0.989121641395424,0.275240249190478,1.06921257187039e-16
0.231037161871177,0.989003513202138,0.279763105642752,0.279663699212404,0.989355054389376,0.276686694345022,0
0.232907563307865,0.98900378536187,0.281240713786001,0.281074930937528,0.989587116874719,0.278148130532229,1.05799380415658e-16
0.234793106903962,0.989004038232302,0.282733587542563,0.282501142505369,0.989817801597694,0.279624659823501,1.0523863606886e-16
0.236693915245447,0.98900427069852,0.284241830510348,0.283942440180598,0.990047081750438,0.281116384285899,1.04678086916731e-16
0.238610111910714,0.989004481599979,0.285765546294007,0.285398930268102,0.990274930975195,0.282623405971639,0
0.24054182147861,0.989004669728804,0.287304838495045,0.286870719103236,0.99050132336798,0.284145826907279,1.03557769910171e-16
0.24248916953653,0.989004833828005,0.288859810701661,0.288357913041836,0.990726233481711,0.285683749082585,1.45661308660677e-16
0.244452282688584,0.989004972589656,0.29043056647829,0.289860618449986,0.990949636328816,0.28723727443906,1.02438817584366e-16
0.246431288563827,0.989005084652984,0.292017209354846,0.291378941693523,0.991171507383292,0.288806504858118,1.44080039535365e-16
0.248426315824557,0.989005168602394,0.293619842815642,0.292912989127267,0.991391822582236,0.290391542148892,1.43290398711316e-16
0.250437494174681,0.989005222965428,0.295238570287976,0.294462867083965,0.991610558326844,0.291992488035654,1.42501508988749e-16
0.252464954368146,0.989005246210638,0.296873495130378,0.296028681862934,0.991827691482875,0.293609444144832,1.00206531665364e-16
0.25450882821744,0.989005236745389,0.298524720620476,0.297610539718382,0.99204319938058,0.295242511991605,0
0.256569248602162,0.989005192913574,0.300192349942503,0.29920854684741,0.992257059814113,0.296891792966064,2.21580797228821e-16
0.258646349477661,0.989005112993252,0.301876486174408,0.30082280937767,0.992469251040405,0.298557388318927,9.85387009141389e-17
0.260740265883745,0.989004995194188,0.303577232274533,0.302453433354636,0.992679751777522,0.300239399146739,1.95968432227752e-16
0.26285113395346,0.989004837655312,0.305294691067895,0.304100524728537,0.9928885412025,0.301937926376632,9.74305349210583e-17
0.26497909092194,0.989004638442081,0.307028965232002,0.305764189340865,0.993095598948672,0.303653070750522,1.370057588747e-16
0.267124275135332,0.989004395543733,0.308780157282214,0.30744453291049,0.993300905102468,0.305384932808795,0
0.269286826059784,0.989004106870459,0.310548369556629,0.309141661019339,0.993504440199726,0.307133612873431,2.14158848892986e-16
0.271466884290521,0.989003770250444,0.312333704200456,0.310855679097627,0.993706185221485,0.308899211030538,9.52247154353757e-17
0.273664591560979,0.989003383426826,0.314136263149885,0.312586692408639,0.993906121589295,0.310681827112296,0
0.275880090752022,0.989002944054515,0.315956148115418,0.314334806033003,0.994104231160022,0.312481560678273,1.33116731299238e-16
0.278113525901229,0.989002449696907,0.317793460564637,0.316100124852486,0.994300496220168,0.314298510996083,1.32343359333512e-16
0.280365042212264,0.989001897822479,0.319648301704397,0.317882753533245,0.994494899479721,0.316132777021381,9.30351704172553e-17
0.282634786064309,0.989001285801242,0.321520772462423,0.319682796508545,0.994687424065514,0.317984457377144,2.0681534458529e-16
0.284922905021585,0.989000610901075,0.323410973468292,0.32150035796092,0.994878053514117,0.319853650332252,0
0.287229547842946,0.988999870283908,0.325319005033765,0.323335541803723,0.995066771764274,0.321740453779283,2.04388366678268e-16
0.289554864491548,0.988999061001777,0.327244967132462,0.325188451662095,0.995253563148865,0.323644965211562,9.08644920106118e-17
0.291899006144599,0.988998179992714,0.32918895937885,0.327059190853279,0.995438412386426,0.325567281699377,1.27738925965299e-16
0.294262125203191,0.988997224076491,0.331151081006512,0.328947862366291,0.995621304572219,0.32750749986537,8.97869995109871e-17
0.296644375302202,0.988996189950205,0.333131430845707,0.330854568840915,0.995802225168853,0.329465715859065,1.78500689075143e-16
0.299045911320291,0.988995074183686,0.335130107300138,0.332779412545976,0.995981159996477,0.331442025330487,1.25462142263403e-16
0.301466889389963,0.988993873214741,0.337147208322962,0.3347224953569,0.996158095222534,0.333436523402863,0
0.303907466907719,0.988992583344211,0.339182831391983,0.33668391873252,0.996333017351092,0.335449304644361,0
0.306367802544292,0.98899120073084,0.341237073484008,0.33866378369108,0.996505913211752,0.337480463038827,8.71184931933184e-17
0.308848056254963,0.988989721385954,0.343310031048337,0.34066219078545,0.996676769948137,0.339530091955498,8.65893937412274e-17
0.311348389289956,0.988988141167928,0.345401799979372,0.342679240077491,0.996845575005971,0.341598284117655,1.21709914747969e-16
0.313868964204927,0.988986455776448,0.347512475588303,0.344715031111563,0.997012316120747,0.343685131570175,8.55360622947816e-17
0.316409944871527,0.988984660746549,0.349642152573843,0.346769662887128,0.997176981304988,0.345790725645935,0
0.318971496488059,0.988982751442425,0.351790924991989,0.348843233830428,0.997339558835112,0.347915156931053,0
0.321553785590219,0.988980723051005,0.353958886224777,0.350935841765211,0.997500037237891,0.350058515228909,8.39687070877003e-17
0.324156980061919,0.988978570575268,0.356146128947997,0.353047583882464,0.997658405276512,0.352220889522905,0
0.326781249146208,0.988976288827318,0.358352745097836,0.355178556709128,0.997814651936255,0.354402367937939,1.65865171273956e-16
0.329426763456268,0.988973872421171,0.360578825836419,0.357328856075746,0.997968766409759,0.356603037700522,8.24172469295635e-17
0.332093694986511,0.988971315765282,0.362824461516212,0.359498577083037,0.998120738081914,0.358822985097518,0
0.33478221712376,0.988968613054762,0.365089741643261,0.361687814067337,0.998270556514345,0.361062295433458,0
0.337492504658521,0.988965758263303,0.367374754839214,0.363896660564878,0.998418211429513,0.363321052986358,1.61764904419482e-16
0.340224733796346,0.988962745134786,0.369679588802107,0.366125209274871,0.998563692694417,0.365599340962031,0
0.34297908216929,0.988959567174554,0.372004330265877,0.368373552021352,0.9987069903039,0.367897241446801,2.25903285764202e-16
0.34575572884746,0.98895621764035,0.37434906495854,0.370641779713751,0.99884809436356,0.370214835358599,7.93650444780602e-17
0.348554854350656,0.988952689532888,0.376713877559042,0.372929982306157,0.998986995072257,0.372552202396378,1.76343528437281e-16
0.351376640660105,0.988948975586068,0.379098851652689,0.375238248755207,0.999123682704212,0.374909420987782,7.83634331205016e-17
0.354221271230297,0.988945068256782,0.381504069685152,0.37756666697659,0.9992581475907,0.377286568235023,1.55731393607438e-16
0.357088931000911,0.988940959714331,0.383929612914995,0.379915323800108,0.999390380101322,0.379683719858907,0
0.359979806408833,0.988936641829417,0.386375561364685,0.382284304923247,0.999520370624852,0.382100950140947,7.68764757233271e-17
0.362894085400285,0.988932106162693,0.388841993770033,0.384673694863219,0.99964810954966,0.384538331863499,1.7080212926277e-16
0.365831957443038,0.988927343952856,0.39132898752802,0.387083576907416,0.999773587243687,0.386995936247845,1.51791467419371e-16
0.368793613538733,0.988922346104261,0.393836618642989,0.389514033062259,0.999896794033968,0.389473832890194,7.54085940710596e-17
0.371779246235299,0.988917103174043,0.396364961671108,0.391965144000341,1.00001772018571,0.391972089695483,0
0.374789049639468,0.988911605358704,0.398914089663099,0.394436989005863,1.00013635588086,0.394490772808941,0
0.377823219429398,0.988905842480174,0.401484074105155,0.396929645918287,1.00025269119622,0.397029946545331,1.47920670527004e-16
0.380881952867393,0.988899803971294,0.404074984858015,0.399443191074148,1.00036671608108,0.399589673315794,1.64310816321095e-16
0.383965448812729,0.988893478860712,0.406686890094114,0.401977699246982,1.00047842033424,0.402170013552213,1.46011961038284e-16
0.387073907734582,0.988886855757162,0.409319856232805,0.404533243585319,1.00058779358059,0.404771025629032,1.45064401827548e-16
0.390207531725059,0.988879922833096,0.411973947873521,0.407109895548644,1.0006948252471,0.407392765782414,0
0.393366524512341,0.988872667807642,0.414649227726907,0.409707724841332,1.00079950453822,0.410035288026685,7.15915192221279e-17
0.396551091473924,0.988865077928863,0.417345756543786,0.412326799344419,1.00090182041071,0.412698644067951,7.11246483413352e-17
0.399761439649975,0.988857139955276,0.420063593041957,0.414967185045217,1.00100176154783,0.415382883214807,0
0.402997777756789,0.988848840136606,0.422802793830722,0.417628945964652,1.00109931633286,0.418088052286026,1.40395841243316e-16
0.406260316200361,0.988840164193736,0.425563413333098,0.42031214408229,1.00119447282199,0.420814195515147,6.973809189209e-17
0.409549267090063,0.988831097297817,0.428345503705645,0.423016839258965,1.00128721871646,0.423561354451839,6.9280637817028e-17
0.412864844252438,0.988821624048506,0.43114911475584,0.425743089156959,1.00137754133402,0.426329567859945,1.53898655799786e-16
0.416207263245094,0.988811728451274,0.433974293856927,0.428490949157623,1.00146542757951,0.429118871612089,1.36745808736263e-16
0.419576741370729,0.988801393893769,0.436821085860168,0.431260472276398,1.00155086391478,0.431929298580724,1.3584529830082e-16
0.422973497691249,0.988790603121165,0.439689533004428,0.434051709075154,1.00163383632763,0.434760878525511,2.69899267650799e-16
0.426397753042013,0.988779338210463,0.442579674823014,0.436864707571741,1.00171433029993,0.437613637976901,1.89587825583762e-16
0.429849730046193,0.988767580543691,0.445491548047678,0.439699513146687,1.00179233077481,0.440487600115767,1.33172928995701e-16
0.433329653129245,0.988755310779955,0.448425186509731,0.442556168446973,1.00186782212282,0.443382784648989,1.32291929471596e-16
0.436837748533501,0.988742508826281,0.451380621038139,0.445434713286754,1.00194078810715,0.446299207680814,0
0.440374244332875,0.988729153807196,0.454357879354563,0.448335184544978,1.00201121184769,0.449236881579869,0
0.443939370447695,0.988715224032986,0.457356985965217,0.451257616059774,1.00207907578396,0.452195814841651,0
0.447533358659647,0.988700696966566,0.460377962049466,0.454202038519542,1.00214436163692,0.455176011946354,1.28817385417796e-16
0.451156442626847,0.9886855491889,0.463420825345068,0.457168479350612,1.00220705036944,0.458177473211862,1.27961197424603e-16
0.454808857899031,0.988669756362898,0.466485590029955,0.460156962601399,1.0022671221455,0.461200194641719,0
0.458490841932869,0.988653293195714,0.469572266600454,0.463167508822911,1.00232455628794,0.464244167767915,1.26263865658808e-16
0.462202634107401,0.988636133399368,0.47268086174584,0.466200134945538,1.00237933123481,0.467309379488288,1.25422749098502e-16
0.465944475739604,0.988618249649618,0.47581137821911,0.469254854151966,1.00243142449415,0.470395811898349,1.24586682253464e-16
0.469716610100076,0.988599613542986,0.478963814703868,0.472331675746126,1.00248081259708,0.473503442117318,1.23755676789733e-16
0.473519282428857,0.988580195551845,0.482138165677189,0.475430605018034,1.00252747104929,0.476632242108163,0
0.477352739951367,0.988559964977485,0.485334421268362,0.478551643104411,1.00257137428058,0.479782178491419,0
0.481217231894485,0.988538889901038,0.488552567113354,0.481694786844915,1.00261249559262,0.482953212352537,1.212931341881e-16
0.485113009502749,0.988516937132172,0.491792584204886,0.484860028633891,1.0026508071046,0.486145299042529,1.20482476134069e-16
0.48904032605469,0.988494072155432,0.495054448737974,0.488047356267457,1.00268627969677,0.489358387971663,1.69248733036644e-16
0.492999436879299,0.988470259074107,0.498338131950788,0.491256752785792,1.00271888295181,0.492592422395903,1.68116749616412e-16
0.496990599372628,0.988445460551507,0.501643599960687,0.494488196310469,1.0027485850937,0.495847339195857,1.18081183400486e-16
0.501014073014524,0.988419637749502,0.504970813595256,0.49774165987666,1.0027753529242,0.499123068647895,1.1729100206102e-16
0.505070119385497,0.988392750264203,0.508319728218213,0.501017111260052,1.00279915175666,0.502419534187152,0
0.509159002183727,0.988364756058619,0.511690293549978,0.504314512798294,1.00281994534701,0.505736652162088,0
0.513280987242209,0.98833561139214,0.515082453482766,0.507633821206792,1.00283769582184,0.509074331580253,0
0.517436342546036,0.988305270746686,0.518496145889983,0.510974987388659,1.00285236360336,0.512432473844913,1.61477260370856e-16
0.52162533824982,0.988273686749335,0.521931302429755,0.514337956238604,1.00286390733109,0.515810972482136,0
0.525848246695256,0.988240810091262,0.525387848342378,0.517722666440583,1.00287228378007,0.519209712857977,1.12657884151261e-16
0.53010534242883,0.988206589442776,0.528865702241488,0.521129050258957,1.0028774477754,0.522628571885319,1.11903724166041e-16
0.534396902219665,0.988170971364264,0.532364775898699,0.524557033322947,1.0028793521029,0.526067417719936,1.57196512734522e-16
0.538723205077517,0.988133900212812,0.535884974021521,0.528006534404141,1.00287794741575,0.529526109445327,1.10410872940087e-16
0.543084532270915,0.988095318044279,0.539426194024281,0.531477465186806,1.0028731821367,0.533004496745837,1.55099888564667e-16
0.547481167345445,0.988055164510587,0.542988325791791,0.534969730030717,1.0028650023558,0.536502419567536,0
0.551913396142186,0.988013376751943,0.546571251435525,0.538483225726271,1.00285335172327,0.540019707766348,1.08210273734707e-16
0.556381506816292,0.987969889283758,0.550174845041986,0.542017841241552,1.00283817133725,0.54355618074284,0
0.560885789855729,0.987924633877944,0.553798972412991,0.545573457461066,1.00281939962618,0.547111647063085,0
0.565426538100157,0.987877539438295,0.557443490797546,0.549149946915818,1.0027969722255,0.550685904064974,1.49985933757645e-16
0.570004046759971,0.987828531869638,0.561108248615004,0.552747173504405,1.00277082184824,0.554278737449304,1.48985002317488e-16
0.574618613435493,0.987777533940398,0.564793085169135,0.556364992204755,1.00274087814936,0.557889920854957,1.04645686818182e-16
0.57927053813632,0.987724465138225,0.568497830352757,0.560003248776148,1.00270706758324,0.561519215417419,1.47004970902746e-16
0.583960123300829,0.987669241518313,0.572222304342559,0.563661779451145,1.00266931325412,0.565166369309876,1.03255876766892e-16
0.588687673815839,0.987611775543978,0.575966317283683,0.567340410616988,1.00262753475899,0.568831117266064,1.02568677767564e-16
0.593453497036433,0.98755197591911,0.57972966896366,0.571038958486045,1.0025816480225,0.572513180083994,0
0.59825790280594,0.987489747412023,0.583512148475253,0.574757228754863,1.00253156512353,0.576212264109674,1.43132088167199e-16
0.603101203476082,0.987424990670238,0.587313533867709,0.57849501625132,1.00247719411274,0.579928060699827,1.00537851803714e-16
0.607983713927275,0.9873576020257,0.591133591785969,0.582252104569406,1.00241843882088,0.583660245662634,0
0.612905751589107,0.987287473289906,0.594972077097248,0.586028265691056,1.00235519865702,0.587408478675389,9.92095592324443e-17
0.61786763646097,0.987214491538384,0.598828732504484,0.58982325959452,1.00228736839642,0.591172402677988,1.39375092915783e-16
0.622869691132867,0.987138538883943,0.602703288146043,0.593636833848653,1.00221483795717,0.594951643241033,1.38453892205785e-16
0.627912240806387,0.987059492238081,0.606595461181075,0.597468723192513,1.00213749216525,0.598745807907317,0
0.632995613315842,0.986977223059895,0.610504955359857,0.601318649099602,1.00205521050715,0.602554485505377,9.66141808443651e-17
0.638120139149584,0.986891597091829,0.61443146057847,0.605186319326097,1.00196786686946,0.606377245433752,9.59780489273571e-17
0.643286151471491,0.986802474081553,0.618374652417044,0.609071427442294,1.00187532926468,0.610213636914459,9.5346987725617e-17
0.648493986142629,0.986709707489195,0.622334191660859,0.612973652346553,1.00177745954249,0.614063188214211,0
0.653743981743082,0.9866131441792,0.626309723803483,0.616892657760931,1.0016741130857,0.617925405831761,9.41000467606415e-17
0.65903647959397,0.986512624095956,0.630300878531125,0.620828091707668,1.00156513849009,0.621799773649727,1.32206554303243e-16
0.664371823779637,0.986407979922374,0.634307269187313,0.624779585965645,1.00145037722718,0.625685752049134,9.28732942394107e-17
0.669750361170023,0.986299036720527,0.638328492216996,0.628746755505918,1.00132966328915,0.62958277698489,2.06316330070688e-16
0.67517244144321,0.986185611553446,0.642364126589125,0.632729197905361,1.00120282281496,0.633490259020292,1.29636238018644e-16
0.680638417108163,0.98606751308713,0.646413733196698,0.63672649273744,1.00106967369658,0.637407582318635,9.10708709776901e-17
0.686148643527643,0.985944541171804,0.650476854233237,0.640738200939065,1.00093002516461,0.641334103589867,9.04800826728309e-17
0.691703478941312,0.985816486401438,0.654553012544671,0.644763864152505,1.00078367735205,0.645269150990264,1.27129722448436e-16
0.697303284489025,0.985683129650521,0.658641710955466,0.648803004041208,1.0006304208353,0.649212022972958,8.93134800537835e-17
0.702948424234306,0.985544241587061,0.662742431567886,0.652855121578435,1.0004700361513,0.653161987087138,1.25493983556152e-16
0.708639265188016,0.985399582160793,0.666854635033284,0.656919696307586,1.00030229328991,0.657118278723786,1.24686654999005e-16
0.714376177332221,0.985248900065569,0.670977759794146,0.66099618557297,1.00012695116024,0.661080099805642,1.23886335190441e-16
0.720159533644237,0.985091932174933,0.67511122129581,0.66508402371994,0.999943757030182,0.665046617419268,8.70399020935678e-17
0.725989710120885,0.984928402949893,0.679254411166619,0.669182621263168,0.999752445937929,0.669016962387008,1.22306665151342e-16
0.731867085802933,0.984758023817971,0.683406696365349,0.6732913640219,0.99955274007468,0.672990227776709,1.2152728614833e-16
0.737792042799738,0.984580492522661,0.687567418294824,0.677409612221123,0.999344348137585,0.676965467347252,8.5386579213075e-17
0.743764966314091,0.984395492442532,0.691735891880594,0.681536699557528,0.999126964652171,0.680941693927972,8.4845295094794e-17
0.749786244667259,0.98420269187932,0.69591140461372,0.685671932229321,0.998900269263571,0.684917877730342,8.43089052255395e-17
0.755856269324229,0.98400174331451,0.700093215556737,0.68981458792896,0.99866392599606,0.68889294459049,8.37773989557439e-17
0.761975434919166,0.983792282634113,0.704280554312141,0.69396391479818,0.998417582480582,0.692865774141559,1.17734361713315e-16
0.768144139281058,0.983573928321563,0.708472619952735,0.698119130344638,0.998160869150194,0.696835197915181,8.2728994173167e-17
0.774362783459591,0.983346280618979,0.712668579913634,0.702279420319994,0.997893398403675,0.700799997372082,8.22120739339108e-17
0.780631771751216,0.983108920657368,0.716867568845867,0.706443937559362,0.997614763737868,0.704758901862332,8.16999938510935e-17
0.786951511725437,0.982861409556813,0.721068687431946,0.710611800782495,0.997324538849821,0.708710586516643,8.11927428775879e-17
0.793322414251308,0.982603287498169,0.725271001164236,0.714782093357555,0.997022276710248,0.712653670071067,1.61380619801541e-16
0.799744893524145,0.982334072768429,0.729473539087499,0.718953862028793,0.996707508610511,0.716586712628623,1.79316292155558e-16
0.806219367092452,0.98205326078265,0.733675292507613,0.723126115610161,0.996379743186035,0.720508213362767,0
0.812746255885072,0.981760323086161,0.73787521366934,0.727297823647682,0.996038465419914,0.724416608169281,1.77122984906638e-16
0.819325984238547,0.981454706341792,0.742072214406794,0.731467915054211,0.995683135631514,0.728310267275023,7.87285336371875e-17
0.825958979924714,0.981135831308023,0.746265164771617,0.735635276721518,0.995313188456018,0.732187492814419,7.82500219337564e-17
0.832645674178507,0.980803091815262,0.750452891644852,0.739798752115668,0.994928031822218,0.736046516386975,0
0.839386501726,0.980455853749047,0.754634177340235,0.74395713986332,0.994527045937433,0.73988549661233,0
0.846181900812665,0.980093454050681,0.758807758208304,0.748109192338246,0.994109582290199,0.743702516702831,2.17344661038233e-16
0.853032313231866,0.979715199747853,0.762972323252646,0.752253614259294,0.99367496268339,0.747495582077549,1.52766723549855e-16
0.859938184353586,0.979320367030034,0.767126512772026,0.756389061313416,0.993222478312756,0.751262618046371,1.51856971504213e-16
0.866899963153375,0.978908200386,0.771268917044616,0.760514138819782,0.992751388908387,0.755001467597805,0
0.873918102241541,0.978477911823656,0.775398075073619,0.764627400454129,0.99226092195951,0.758709889330117,1.50065598622177e-16
0.88099305789258,0.978028680195475,0.779512473416715,0.768727347055532,0.991750272046178,0.76238555557166,0
0.888125290074835,0.977559650656321,0.783610545125644,0.772812425541658,0.991218600304897,0.766026050743634,0
0.895315262480405,0.97706993428412,0.787690668826025,0.776881027962324,0.990665034058964,0.769628870026059,1.474485167375e-16
0.902563442555289,0.976558607897881,0.791751167972161,0.780931490725775,0.990088666648381,0.773191418396415,0
0.909870301529772,0.976024714111762,0.795790310316183,0.784962094036657,0.989488557498409,0.776711010119262,1.4575017294413e-16
0.917236314449071,0.975467261668287,0.799806307635958,0.788971061589726,0.988863732470301,0.780184868774672,1.44914843408603e-16
0.924661960204211,0.97488522609826,0.803797315771548,0.792956560568594,0.9882131845422,0.78361012792312,2.0377220852131e-16
0.932147721563161,0.974277550759329,0.807761435025241,0.796916702004075,0.987535874872664,0.786983832514232,0
0.939694085202226,0.973643148309358,0.811696710985747,0.800849541552188,0.986830734303434,0.790302941156514,0
0.94730154173768,0.972980902674481,0.815601135842144,0.804753080756833,0.98609666536189,0.793564329374021,1.41665252598418e-16
0.954970585757668,0.972289671574829,0.819472650257945,0.80862526886698,0.985332544826671,0.796764793983853,0
0.962701715854358,0.971568289672979,0.823309145879633,0.812464005282095,0.984537226922026,0.799901058734396,1.40095158333525e-16
0.970495434656357,0.970815572410885,0.827108468556748,0.816267142702363,0.983709547207143,0.80296978134781,1.39323702134033e-16
0.978352248861393,0.970030320600037,0.830868422352043,0.820032491061661,0.982848327225605,0.805967562110599,1.38561274197494e-16
0.986272669269249,0.969211325826298,0.834586774419308,0.823757822320439,0.981952379976765,0.808890954152032,1.37807850137834e-16
0.994257210814977,0.968357376724879,0.838261260823423,0.827440876192667,0.981020516264716,0.81173647554106,1.37063405468444e-16
1.00230639260238,0.967467266171748,0.841889593370575,0.831079366874554,0.980051551971231,0.814500623316675,1.92796787165473e-16
1.01042073793774,0.96653979942491,0.845469467506697,0.834670990833006,0.97904431628594,0.817179889543809,1.91769276465378e-16
1.01860077436388,0.965573803232031,0.848998571327858,0.838213435697693,0.977997660909907,0.819770779455601,1.34883701287976e-16
1.02684703369442,0.964568135899634,0.852474595727451,0.84170439028199,0.976910470227134,0.822269831702622,1.89752001586222e-16
1.03516005204838,0.963521698293261,0.855895245681244,0.845141555734542,0.97578167241246,0.82467364067992,1.33475008047598e-16
1.04354036988501,0.962433445707857,0.859258252642511,0.848522657794769,0.974610251413775,0.826978880843644,1.87784819103053e-16
1.05198853203896,0.961302400513529,0.862561387985701,0.851845460092206,0.973395259711994,0.829182332860936,1.32101634498388e-16
1.06050508775566,0.960127665444476,0.865802477399249,0.855107778392182,0.972135831724513,0.831280911361385,0
1.06909059072708,0.958908437359588,0.868979416086621,0.858307495649233,0.97083119767814,0.83327169397727,0
1.07774559912768,0.957644021263384,0.872090184591466,0.861442577686865,0.969480697737321,0.835151951276498,1.3010735185505e-16
1.08647067565072,0.956333844337676,0.875132865019149,0.864511089279088,0.968083796134889,0.836919177110008,1.2946002815028e-16
1.09526638754485,0.954977469699881,0.878105657385574,0.867511210368068,0.966640095017834,0.838571118819226,1.2882137931598e-16
1.10413330665098,0.953574609575725,0.881006895787273,0.870441252115638,0.965149347692293,0.840105806683871,1.81289986474711e-16
1.11307200943943,0.952125137554847,0.883835064057328,0.873299672457041,0.963611470932707,0.841521581941381,0
1.12208307704748,0.950629099589779,0.88658881055206,0.87608509080573,0.962026556012208,0.842817122681478,1.79544615736363e-16
1.13116709531708,0.949086723404128,0.889266961706433,0.878796301550832,0.96039487811691,0.843991466917503,1.26352998022876e-16
1.14032465483296,0.947498425995681,0.891868534003296,0.881432285995749,0.958716903827227,0.845044032163199,1.2575732037586e-16
1.14955635096105,0.945864818955353,0.894392744024313,0.883992222408576,0.956993296385061,0.845974630901539,2.50340309050455e-16
1.15886278388715,0.944186711372611,0.896839016288823,0.886475493892757,0.955224918516283,0.846783481420391,1.76198949920032e-16
1.16824455865599,0.942465110160893,0.899206988640068,0.888881693838738,0.953412832641657,0.847471213606106,0
1.17770228521052,0.940701217709814,0.901496515004052,0.891210628782323,0.951558298383578,0.848038869425465,1.23459444731702e-16
1.18723657843162,0.938896426851033,0.903707665422027,0.893462318570181,0.949662767357079,0.848487897982631,1.73815390687864e-16
1.196848058178,0.937052313207453,0.905840723338994,0.895636993813372,0.947727875317296,0.848820145202317,1.22361005939572e-16
1.20653734932659,0.935170625076236,0.907896180213704,0.897735090691885,0.945755431817222,0.849037838354776,1.21824308412874e-16
1.21630508181309,0.933253271070675,0.909874727595506,0.899757243252257,0.943747407604897,0.849143565793045,0
1.22615189067297,0.931302305810097,0.911777246885998,0.901704273412188,0.941705920053849,0.849140252410112,1.70802782743714e-16
1.23607841608273,0.929319913997546,0.913604797065055,0.903577178947226,0.93963321697153,0.849031131436243,0
1.24608530340153,0.927308393259812,0.915358600708496,0.90537711978189,0.937531659165443,0.848819713279545,0
1.25617320321316,0.925270136142483,0.917040028656657,0.907105402939537,0.935403702164707,0.848509752163251,1.68665922888972e-16
1.2663427713683,0.92320761165399,0.918650583709209,0.908763466521391,0.933251877495847,0.848105211330722,3.35953499181894e-16
1.2765946690272,0.921123346738784,0.920191883721515,0.910352863085366,0.931078773897309,0.847610227575427,1.18298297036533e-16
1.28692956270265,0.919019908032351,0.921665644463891,0.911875242781783,0.928887018829265,0.847029075811783,1.66632795188067e-16
1.29734812430331,0.916899884212976,0.923073662578823,0.913332336577308,0.92667926059676,0.846366134338571,1.65977919065884e-16
1.30785103117737,0.914765869219547,0.924417798935666,0.914725939863465,0.924458151358019,0.845625851365405,0
1.31843896615665,0.912620446554828,0.925699962640035,0.916057896704439,0.922226331239095,0.844812713280336,0
1.32911261760091,0.910466174841904,0.92692209590932,0.917330084933717,0.919986413723669,0.843931215038999,1.16022865194335e-16
1.33987267944269,0.908305574750944,0.928086159978594,0.918544402262592,0.917740972435606,0.842985832957753,1.15591649770132e-16
1.35071985123233,0.906141117365874,0.929194122155317,0.919702753518241,0.915492529383758,0.841981000099621,1.151683072881e-16
1.36165483818355,0.903975214017533,0.930247944098258,0.92080703908664,0.913243544695003,0.840921084355593,1.62284966891625e-16
1.37267835121923,0.901810207572602,0.931249571357267,0.921859144597187,0.910996407823838,0.839810369247594,1.14345091849001e-16
1.38379110701763,0.899648365136492,0.932200924176845,0.922860931852623,0.908753430195433,0.838653037414425,1.1394514271953e-16
1.39499382805904,0.897491872103547,0.933103889538237,0.923814230979856,0.906516839214002,0.837453156688773,1.60588071254228e-16
1.4062872426727,0.895342827469237,0.93396031439216,0.924720833754891,0.904288773549557,0.836214668631934,0
1.41767208508414,0.893203240305984,0.934772000016907,0.925582488037857,0.902071279602966,0.834941379362407,1.12791459444575e-16
1.42914909546299,0.891075027296189,0.935540697424217,0.926400893241818,0.899866309041193,0.83363695249398,1.12422151982275e-16
1.440719019971,0.88896001121243,0.936268103727228,0.927177696751018,0.89767571729101,0.832304903987197,1.12060402462193e-16
1.45238261081064,0.886859920234481,0.936955859380593,0.927914491199963,0.895501262879227,0.830948598713502,0
1.46414062627396,0.884776387995687,0.93760554620161,0.928612812523462,0.89334460751049,0.829571248532984,1.57485983907462e-16
1.47599383079187,0.882710954255858,0.93821868608261,0.92927413868906,0.891207316778423,0.828175911692658,1.57006095179514e-16
1.48794299498388,0.880665066104425,0.938796740308003,0.929899889026412,0.889090861412592,0.826765493361967,5.5344063175142e-17
1.4999888957082,0.878640079604845,0.939341109394111,0.930491424072691,0.88699661897117,0.825342747134146,1.10363517257491e-16
1.5121323161122,0.876637261799337,0.939853133375416,0.93105004585863,0.884925875897388,0.823910277335751,1.23035393487463e-16
1.52437404568338,0.874657793001129,0.940334092467142,0.931576998565898,0.882879829866098,0.82247054200103,5.48680660456295e-17
1.53671488030065,0.87270276930968,0.940785208040452,0.932073469492807,0.880859592355152,0.821025856382486,1.09433261956906e-16
1.54915562228612,0.870773205292091,0.94120764385311,0.932540590271847,0.878866191384198,0.819578396883389,1.22019482337897e-16
1.56169708045722,0.868870036781457,0.941602507484815,0.932979438288749,0.876900574371114,0.818130205311843,1.21696798702382e-16
1.57434007017931,0.866994123749896,0.941970851932469,0.933391038258827,0.874963611063373,0.816683193369134,0
1.58708541341869,0.865146253220294,0.942313677326415,0.933776363921979,0.87305609650803,0.815239147297185,5.41463993324522e-17
1.59993393879601,0.863327142186647,0.942631932733944,0.934136339822984,0.871178754029935,0.813799732621071,5.40125934531479e-17
1.61288648164017,0.861537440518037,0.942926518021241,0.934471843148506,0.869332238192975,0.812366498932605,0
1.62594388404263,0.859777733825875,0.943198285749314,0.934783705596557,0.867517137723824,0.810940884669995,1.07510607214082e-16
1.63910699491214,0.85804854627805,0.943448043083371,0.93507271525805,0.865733978381729,0.809524221856557,0
1.65237667002994,0.856350343347179,0.943676553698595,0.935339618493519,0.863983225761407,0.808117740768474,1.07023197247648e-16
1.6657537721054,0.85468353448309,0.943884539668349,0.935585121791132,0.862265288019179,0.806722574507689,1.06789544767742e-16
1.67923917083208,0.853048475702373,0.944072683323472,0.935809893594735,0.86058051851512,0.805339763461337,1.19140519080856e-16
1.69283374294433,0.851445472089896,0.944241629073703,0.936014566093026,0.858929218366127,0.803970259633591,1.06342065833848e-16
1.70653837227424,0.849874780209138,0.944391985184226,0.936199736962872,0.857311638906758,0.802614930839716,1.06128125506973e-16
1.7203539498091,0.848336610419624,0.944524325502055,0.936365971061546,0.85572798405617,0.801274564755294,1.05920640767726e-16
1.73428137374936,0.846831129101107,0.944639191128402,0.936513802064016,0.854178412590806,0.799949872816421,1.05719552801948e-16
1.74832154956701,0.845358460785046,0.944737092034441,0.936643734042743,0.85266304032343,0.798641493968775,5.27624010276088e-17
1.76247539006444,0.843918690194901,0.944818508618811,0.936756242988326,0.85118194219008,0.797349998265486,0
1.77674381543379,0.842511864197251,0.944883893206134,0.936851778270297,0.849735154246967,0.796075890315057,1.17565824700863e-16
1.79112775331676,0.841137993666371,0.944933671486465,0.936930764037974,0.848322675580017,0.794819612581923,1.04977966641182e-16
1.80562813886497,0.839797055265213,0.94496824389613,0.936993600561878,0.846944470130031,0.79358154854311,1.04807954695718e-16
1.82024591480069,0.838488993146008,0.944987986940922,0.93704066551667,0.845600468436735,0.792362025705166,5.23219856897628e-17
1.83498203147818,0.837213720573906,0.944993254462899,0.937072315206893,0.844290569305155,0.791161318486128,1.04485952880047e-16
1.84983744694544,0.835971121477168,0.944984378852346,0.937088885737105,0.843014641397876,0.789979650967601,1.04333834713318e-16
1.86481312700654,0.834761051927469,0.944961672206635,0.937090694128172,0.841772524756775,0.78881719952235,0
1.87991004528435,0.833583341553862,0.944925427437888,0.937078039381655,0.840564032257809,0.787674095322886,5.20235190822551e-17
1.89512918328392,0.832437794893935,0.944875919331403,0.937051203494308,0.839388951002387,0.786550426736612,1.16177402280135e-16
1.91047153045619,0.83132419268561,0.94481340555688,0.937010452424763,0.838247043648836,0.785446241613116,0
1.92593808426241,0.83024229310292,0.944738127634518,0.936956037014525,0.837138049687258,0.784361549469042,0
1.94152985023894,0.829191832939011,0.944650311858007,0.936888193865377,0.83606168666109,0.78329632357595,5.17706702296848e-17
1.95724784206263,0.828172528739486,0.944550170176457,0.936807146175281,0.835017651338438,0.782250502956348,0
1.97309308161673,0.827184077889046,0.944437901037227,0.936713104534814,0.834005620836182,0.781223994292945,5.16606763916613e-17
1.98906659905733,0.82622615965427,0.944313690191594,0.936606267686158,0.833025253699659,0.780216673755953,2.12792104478002e-16
2.00516943288031,0.825298436185202,0.94417771146509,0.936486823246546,0.832076190940614,0.779228388753062,4.15700221479058e-16
2.0214026299889,0.824400553478287,0.944030127494312,0.936354948398034,0.831158057035931,0.77825895960649,2.0606177080712e-16
2.03776724576168,0.823532142303027,0.943871090431888,0.936210810545392,0.830270460889512,0.777308181161266,5.14721585922326e-17
2.05426434412127,0.822692819094607,0.943700742621207,0.936054567943789,0.829412996759541,0.776375824328716,2.05725513728032e-16
2.07089499760343,0.821882186814565,0.943519217242479,0.935886370297919,0.828585245153175,0.775461637568816,5.13930661295148e-17
2.08766028742684,0.821099835781454,0.943326638931521,0.935706359334079,0.827786773690609,0.774565348314943,2.0542874156708e-16
2.10456130356336,0.820345344473326,0.943123124372661,0.935514669346655,0.827017137940314,0.77368666434425,0
2.12159914480891,0.819618280303705,0.942908782867025,0.935311427720382,0.826275882227082,0.772825275096731,5.12925724993366e-17
2.1387749188549,0.818918200372611,0.94268371687738,0.935096755429642,0.825562540414433,0.771980852945789,5.12637668539948e-17
2.15608974236026,0.81824465219405,0.942448022550675,0.934870767516028,0.824876636662753,0.771153054422948,0
2.17354474102402,0.817597174401323,0.942201790219266,0.934633573545262,0.824217686164506,0.77034152139914,2.04851889027572e-16
2.19114104965849,0.81697529743131,0.941945104881825,0.934385278044527,0.823585195857639,0.769545882224795,2.04763635678611e-16
2.20887981226306,0.816378544188888,0.941678046664777,0.934125980921176,0.822978665118294,0.768765752830827,5.11710184268707e-17
2.22676218209858,0.815806430692435,0.941400691265102,0.933855777863722,0.822397586433789,0.768000737792374,0
2.24478932176229,0.815258466701367,0.941113110375233,0.933574760725917,0.821841446056744,0.767250431357067,2.10845750763112e-16
2.26296240326347,0.814734156326496,0.940815372090749,0.933283017894713,0.821309724641135,0.766514418439355,5.11240087256375e-17
2.28128260809959,0.814232998623992,0.940507541301462,0.932980634642773,0.82080189786102,0.765792275582368,2.28581753403156e-16
2.29975112733314,0.813754488173539,0.940189680066511,0.932667693466214,0.820317437012502,0.765083571888567,5.11028436957645e-17
2.31836916166905,0.813298115641351,0.939861847973922,0.932344274408117,0.819855809599568,0.764387869920389,0
2.33713792153279,0.812863368328502,0.939524102485163,0.932010455368396,0.819416479904223,0.763704726571903,2.04357863195243e-16
2.35605862714901,0.812449730705052,0.939176499265063,0.931666312400458,0.81899890954138,0.763033693912414,0
2.37513250862094,0.812056684930361,0.938819092497519,0.931311919995133,0.818602557998881,0.762374320002865,0
2.39436080601029,0.811683711359922,0.938451935187303,0.930947351352237,0.818226883162937,0.761726149685732,0
2.41374476941791,0.811330289039023,0.93807507944829,0.930572678640147,0.817871341829282,0.761088725349086,2.10628272734667e-16
2.43328565906507,0.81099589618343,0.937688576778377,0.930187973243698,0.817535390200227,0.760461587665345,0
2.45298474537537,0.810680010647347,0.937292478321341,0.929793306000674,0.817218484367828,0.759844276305223,2.04372104296927e-16
2.47284330905736,0.810382110378789,0.936886835115839,0.929388747427161,0.816920080783291,0.759236330627279,0
2.49286264118777,0.810101673862448,0.936471698331769,0.928974367931984,0.81663963671269,0.758637290343376,2.04431076645857e-16
2.51304404329547,0.809838180550238,0.936047119494139,0.928550238020411,0.816376610679154,0.758046696160425,5.11175129700533e-17
2.53338882744608,0.809591111279479,0.935613150694607,0.928116428487315,0.816130462891483,0.757464090398542,2.55643941586071e-17
2.5538983163273,0.809359948678819,0.93516984479085,0.927673010599945,0.815900655659267,0.756889017585902,2.06158210549266e-16
2.57457384333485,0.809144177561895,0.934717255593851,0.927220056270434,0.815686653794521,0.756321025030398,2.55778921838281e-17
2.59541675265918,0.808943285308721,0.934255438043241,0.926757638218167,0.815487924999788,0.755759663368238,0
2.61642839937291,0.808756762234776,0.933784448370812,0.926285830122133,0.81530394024271,0.755204487089565,2.06347279444965e-16
2.63761014951883,0.808584101947769,0.933304344252272,0.925804706763328,0.815134174117019,0.754655055041175,2.56034177724835e-17
2.65896338019882,0.808424801692034,0.932815184947363,0.925314344157332,0.814978105189913,0.75411093090639,4.10611798540373e-16
2.68048947966327,0.808278362680492,0.932317031428415,0.924814819677106,0.814835216335743,0.753571683662096,2.06585190757305e-16
2.70218984740145,0.808144290414122,0.931809946497459,0.924306212166122,0.814704995055977,0.75303688801301,0
2.7240658942324,0.808022094988883,0.931293994891955,0.923788602041877,0.814586933785368,0.752506124803164,2.56465346090647e-17
2.74611904239671,0.807911291390012,0.930769243379275,0.923262071389876,0.814480530184271,0.751978981404654,2.05270519470286e-16
2.76835072564895,0.807811399773648,0.930235760840006,0.922726704048162,0.814385287417072,0.75145505208367,2.56716599290213e-17
2.7907623893509,0.807721945735715,0.929693618340218,0.922182585682465,0.814300714416665,0.750933938343838,0
2.81335549056553,0.807642460567984,0.929142889192791,0.921629803852068,0.814226326134916,0.750415249246912,2.05591786379843e-16
2.83613149815172,0.807572481501332,0.928583649007943,0.921068448066466,0.814161643779153,0.749898601710907,2.57134066636393e-17
2.85909189285972,0.807511551936073,0.928015975733086,0.92049860983292,0.814106195034574,0.749383620785693,5.14566693919279e-17
2.88223816742749,0.807459221659383,0.927439949682179,0.919920382695027,0.814059514272613,0.74886993990619,2.07552669078476e-16
2.90557182667769,0.807415047049809,0.926855653554711,0.919333862262397,0.814021142745269,0.748357201123259,2.57596062119936e-17
2.92909438761552,0.807378591268823,0.926263172444511,0.918739146231576,0.813990628765414,0.74784505531244,0
2.95280737952738,0.807349424439432,0.925662593838582,0.918136334398369,0.813967527873079,0.747333162360691,0
2.97671234408028,0.807327123811917,0.925054007606116,0.917525528661672,0.813951402987845,0.746821191331332,2.58097988561444e-17
3.00081083542203,0.807311273916661,0.924437505977977,0.916906833019032,0.813941824547327,0.746308820607421,2.08226666876467e-16
3.02510442028234,0.807301466704203,0.923813183516817,0.916280353554051,0.813938370631901,0.745795738013806,2.58452574385981e-17
3.04959467807464,0.807297301672543,0.923181137078115,0.91564619841587,0.813940627075764,0.745281640918152,2.06908295955662e-16
3.07428320099879,0.807298385981792,0.922541465762391,0.915004477790915,0.813948187564433,0.744766236311255,0
3.09917159414457,0.807304334556318,0.921894270858857,0.914355303867117,0.813960653718866,0.744249240866991,2.59011170046459e-17
3.12426147559604,0.807314770174472,0.921239655780813,0.913698790790847,0.81397763516636,0.743730380982297,2.07363089017833e-16
3.14955447653674,0.807329323546063,0.920577725993096,0.913035054616808,0.813998749598389,0.743209392797579,2.59399540705826e-17
3.17505224135575,0.807347633377752,0.919908588931879,0.912364213251127,0.814023622815636,0.74268602219802,0
3.20075642775457,0.807369346426553,0.919232353917175,0.91168638638793,0.814051888760415,0.742160024796252,0
3.22666870685493,0.80739411754163,0.918549132058372,0.911001695439668,0.814083189536736,0.7416311658969,2.09621116888585e-16
3.2527907633074,0.807421609694634,0.917859036153173,0.9103102634615,0.814117175418294,0.741099220443559,2.08167300276708e-16
3.27912429540095,0.807451493998802,0.917162180580281,0.90961221507001,0.814153504844642,0.740563972948746,0
3.30567101517332,0.807483449717094,0.916458681186233,0.908907676356598,0.814191844405876,0.740025217407438,2.10124995256999e-16
3.33243264852235,0.807517164259626,0.915748655166748,0.908196774795843,0.814231868816149,0.739482757194818,2.08672337893028e-16
3.35941093531822,0.807552333170694,0.91503222094298,0.907479639149176,0.814273260876319,0.738936404948865,0
3.38660762951648,0.807588660105695,0.914309498033087,0.906756399364197,0.814315711426129,0.738385982438451,0
3.41402449927217,0.807625856798281,0.9135806069195,0.906027186469967,0.814358919286262,0.737831320417655,2.61488150475806e-17
3.44166332705473,0.807663643018028,0.912845668912319,0.905292132468637,0.814402591190634,0.737272258466952,2.09365662732163e-16
3.46952590976386,0.807701746519015,0.912104806009227,0.904551370223746,0.814446441709342,0.73670864482204,2.09541837179393e-16
3.49761405884643,0.807739902979652,0.911358140752336,0.903805033345549,0.814490193162668,0.736140336191007,2.09718941013315e-16
3.52592960041413,0.807777855934092,0.910605796082389,0.903053256073715,0.814533575526519,0.735567197560589,2.11530336536423e-16
3.5544743753623,0.807815356695638,0.909847895190708,0.90229617315777,0.814576326329761,0.734989101992257,2.10485438254905e-16
3.58325023948954,0.807852164272524,0.909084561369302,0.901533919735596,0.814618190543865,0.734405930408929,0
3.61225906361841,0.807888045276383,0.908315917859545,0.900766631210389,0.814658920465246,0.733817571372972,0
3.64150273371703,0.807922773823913,0.907542087699811,0.899994443126362,0.81469827559083,0.733223920856376,1.31634327363926e-17
3.6709831510217,0.807956131432031,0.906763193572458,0.899217491043579,0.814736022487192,0.732624882003758,0
3.7007022321605,0.807987906906951,0.905979357650563,0.898435910412231,0.814771934653757,0.732020364888982,2.63720520655693e-17
3.73066190927794,0.808017896227593,0.905190701444754,0.897649836446689,0.814805792380499,0.731410286266169,0
3.76086413016048,0.808045902423693,0.904397345650541,0.896859403999657,0.814837382600566,0.730794569315784,1.32086615705914e-17
3.7913108583633,0.808071735449043,0.903599409996464,0.896064747436729,0.814866498738287,0.730173143386574,2.11519705358276e-16
3.82200407333782,0.808095212050211,0.90279701309345,0.895266000511663,0.814892940552973,0.729545943734049,2.13348238343022e-16
3.85294577056047,0.808116155631174,0.901990272285664,0.894463296242662,0.814916513978967,0.728912911256207,2.6485199696528e-17
3.88413796166242,0.80813439611423,0.901179303503207,0.893656766789931,0.814937030962358,0.728273992227206,0
3.91558267456034,0.80814976979756,0.900364221116965,0.892846543334803,0.814954309294768,0.727629138029635,2.12656617284592e-16
3.94728195358824,0.808162119209838,0.89954513779589,0.892032755960679,0.814968172444642,0.726978304886032,2.12422356089197e-16
3.97923785963041,0.808171292962239,0.898722164366996,0.891215533536025,0.814978449386438,0.726321453590297,0
4.01145247025537,0.808177145598198,0.897895409678349,0.890395003599668,0.814984974428088,0.725658549239573,2.14436479202571e-16
4.04392787985098,0.808179537441303,0.897064980465274,0.889571292248611,0.814987587037152,0.724989560967217,0
4.07666619976054,0.80817833444163,0.89623098122003,0.888744524028554,0.814986131666022,0.724314461677391,2.13552153054413e-16
4.10966955842014,0.808173408020859,0.895393514065164,0.887914821827347,0.81498045757651,0.723633227781817,0
4.14294010149697,0.808164634916499,0.894552678630755,0.887082306771527,0.814970418664205,0.7229458389392,1.33430566653743e-17
4.17647999202884,0.808151897025545,0.8937085719357,0.8862470981261,0.81495587328294,0.722252277797827,0
4.21029141056481,0.808135081247821,0.892861288273262,0.885409313197749,0.814936684069635,0.721552529741746,0
4.24437655530697,0.808114079329355,0.892010919100975,0.884569067241564,0.814912717769909,0.720846582641016,0
4.27873764225331,0.808088787706001,0.8911575529351,0.88372647337145,0.814883845064673,0.720134426606371,1.33864279430626e-17
4.31337690534184,0.808059107347628,0.890301275249697,0.882881642474302,0.814849940398058,0.719416053748725,2.14353612460828e-16
4.34829659659578,0.808024943603078,0.889442168380461,0.88203468312804,0.814810881806892,0.718691457943821,2.16192638471092e-16
4.38349898627002,0.807986206046154,0.888580311433384,0.881185701523601,0.814766550752003,0.717960634602369,2.68364337968494e-17
4.41898636299867,0.807942808322872,0.887715780198337,0.880334801390946,0.8147168319516,0.717223580445973,0
4.45476103394389,0.807894668000148,0.886848647067615,0.879482083929132,0.814661613216903,0.71648029328907,2.15024064647605e-16
4.49082532494586,0.80784170641618,0.885978980959497,0.878627647740501,0.814600785290308,0.715730771827188,2.1518825611999e-16
4.52718158067401,0.807783848532647,0.885106847246863,0.877771588769022,0.814534241686203,0.714975015431669,0
4.56383216477945,0.807721022788959,0.884232307690854,0.876914000242782,0.81446187853468,0.714213023951098,2.15932689032682e-16
4.60077946004863,0.807653160958661,0.883355420379633,0.876054972620669,0.814383594428267,0.713444797519577,2.15671810614721e-16
4.63802586855826,0.807580198008202,0.88247623967218,0.875194593543209,0.814299290271847,0.712670336371993,0
4.67557381183149,0.807502071958145,0.88159481614715,0.87433294778758,0.814208869135901,0.711889640666383,1.34991371647115e-17
4.71342573099534,0.807418723746992,0.880711196556737,0.873470117226744,0.814112236113204,0.711102710313527,1.3508803598312e-17
4.75158408693936,0.807330097097718,0.879825423785512,0.872606180792707,0.814009298179079,0.710309544813799,0
4.79005136047569,0.807236138387111,0.878937536814182,0.871741214443827,0.813899964055306,0.70951014310136,2.70556145720873e-17
4.8288300525003,0.807136796518025,0.878047570688216,0.870875291136154,0.813784144077778,0.708704503395721,0
4.86792268415562,0.807032022794615,0.877155556491252,0.87000848079873,0.813661750067971,0.707892623060671,6.77317781533625e-18
4.9073317969944,0.80692177080065,0.876261521323225,0.869140850312792,0.813532695208309,0.707074498470608,2.03331797761404e-17
4.94705995314498,0.806805996280905,0.875365488283132,0.868272463494821,0.813396893921427,0.706250124884193,0
4.98710973547785,0.806684657025789,0.874467476456308,0.867403381083326,0.813254261753446,0.705419496325363,1.35732839985067e-17
5.02748374777359,0.806557712759135,0.873567500906155,0.866533660729336,0.813104715261211,0.704582605471582,2.17312208990958e-16
5.06818461489212,0.806425125029265,0.872665572670209,0.865663356990482,0.812948171903557,0.703739443549309,1.35906152187298e-17
5.10921498294339,0.806286857103353,0.871761698760398,0.864792521328565,0.812784549936629,0.702890000236601,1.35990885490991e-17
5.15057751945938,0.806142873865027,0.870855882167433,0.863921202110581,0.812613768313165,0.702034263572718,2.17718899231021e-16
5.19227491356753,0.805993141715371,0.86994812186915,0.863049444613009,0.812435746585883,0.701172219874702,6.80782069659621e-18
5.23430987616559,0.805837628477136,0.869038412842745,0.862177291029381,0.812250404814787,0.700303853660732,2.18085887786871e-16
5.27668514009784,0.805676303302351,0.868126746080702,0.861304780480909,0.812057663478511,0.699429147580199,6.81582879000732e-18
5.31940346033281,0.805509136583184,0.867213108610341,0.860431949030163,0.811857443389572,0.698548082350334,1.36394603277554e-17
5.36246761414231,0.8053360998661,0.866297483516827,0.859558829697645,0.811649665613539,0.697660636699259,2.18353985838183e-16
5.40588040128206,0.805157165769303,0.8653798499695,0.858685452481153,0.811434251392073,0.696766787315308,1.3654647467535e-17
5.44964464417369,0.804972307903401,0.864460183251403,0.857811844377847,0.811211122069754,0.695866508802479,2.18592463500515e-16
5.49376318808822,0.804781500795289,0.863538454791857,0.856938029408891,0.810980199024676,0.694959773641836,1.36692672569516e-17
5.53823890133107,0.804584719815212,0.862614632201953,0.856064028646557,0.810741403602723,0.694046552158711,2.19248746108032e-16
5.58307467542852,0.804381941106956,0.861688679312819,0.85518986024371,0.810494657055463,0.693126812495535,1.36833090132535e-17
5.6282734253157,0.804173141521153,0.860760556216505,0.854315539465519,0.810239880481607,0.692200520590122,1.36901100187697e-17
5.67383808952611,0.803958298551615,0.859830219309376,0.853441078723328,0.80997699477192,0.691267640159227,2.20109152924358e-16
5.71977163038263,0.803737390274676,0.858897621337851,0.852566487610551,0.809705920557541,0.690328132687211,2.19359294537079e-16
5.76607703419018,0.803510395291492,0.85796271144635,0.851691772940487,0.809426578161614,0.689381957419616,2.193539165522e-16
5.81275731142981,0.803277292673212,0.857025435227328,0.850816938785962,0.809138887554136,0.688429071361489,2.19560276439656e-16
5.85981549695445,0.803038061909005,0.856085734773238,0.849941986520678,0.808842768309955,0.687469429280247,6.86093567870416e-18
5.90725465018618,0.802792682856854,0.855143548730298,0.849066914862163,0.808538139569804,0.686502983712926,0
5.9550778553152,0.802541135697064,0.854198812353932,0.848191719916235,0.8082249200043,0.685529684977608,0
6.00328822150028,0.802283400888429,0.853251457565751,0.84731639522286,0.807903027780798,0.68454948118886,2.74781941043826e-17
6.05188888307094,0.802019459126983,0.852301413011934,0.846440931803325,0.807572380533015,0.683562318276995,1.37445283305474e-17
6.10088299973121,0.801749291307274,0.851348604122902,0.845565318208605,0.807232895333322,0.682568140010973,2.20104241125784e-16
6.15027375676503,0.801472878486094,0.850392953174142,0.844689540568852,0.806884488667602,0.68156688802477,2.20078721676356e-16
6.20006436524339,0.801190201848609,0.849434379348069,0.843813582643902,0.806527076412598,0.680558501847027,4.40799611269854e-16
6.25025806223304,0.800901242676792,0.848472798796802,0.8429374258747,0.806160573815625,0.679542918933814,6.88233959466267e-18
6.30085811100697,0.800605982320129,0.847508124705744,0.842061049435581,0.805784895476561,0.678520074704333,1.37693197102259e-17
6.35186780125658,0.800304402168506,0.846540267357842,0.841184430287294,0.80539995533203,0.677489902579385,0
6.4032904493055,0.799996483627198,0.845569134198428,0.840307543230698,0.805005666641652,0.676452334022437,1.37781194048084e-17
6.45512939832528,0.799682208093932,0.844594629900521,0.839430360961055,0.804601941976294,0.675407298583126,0
6.50738801855264,0.799361556937911,0.8436166564305,0.838552854122821,0.804188693208202,0.674354723943039,6.89313657879892e-18
6.5600697075087,0.799034511480761,0.842635113114033,0.837674991364885,0.803765831502931,0.673294535963607,6.89505316265821e-18
6.61317789021976,0.798701052979319,0.841649896702175,0.836796739396161,0.803333267312975,0.672226658735962,6.89688813301591e-18
6.66671601944003,0.798361162610193,0.840660901437539,0.835918063041476,0.802890910373002,0.671151014632607,6.8986412164948e-18
6.72068757587607,0.798014821456049,0.839668019120437,0.835038925297676,0.802438669696604,0.670067524360749,6.90031214645223e-18
6.77509606841312,0.797662010493527,0.838671139174918,0.834159287389889,0.801976453574483,0.668976107017161,6.90190066221502e-18
6.82994503434323,0.797302710582741,0.837670148714617,0.833279108827884,0.801504169573948,0.667876680144412,2.21340050643542e-16
6.88523803959517,0.796936902458307,0.836664932608326,0.832398347462456,0.801021724539693,0.666769159788367,1.38096588675557e-17
6.94097867896634,0.796564566721802,0.835655373545209,0.831516959541792,0.800529024595714,0.665653460556784,1.38123383826164e-17
6.99717057635642,0.796185683835631,0.834641352099601,0.830634899767748,0.800025975148316,0.664529495678916,6.90742553663307e-18
7.05381738500302,0.795800234118214,0.833622746795304,0.829752121351992,0.79951248089012,0.663397177065971,6.90859822774204e-18
7.11092278771915,0.795408197740444,0.832599434169322,0.828868576071964,0.798988445804991,0.662256415372334,1.38193740483621e-17
7.16849049713269,0.795009554723349,0.831571288834969,0.827984214326592,0.798453773173797,0.66110712005741,1.38213833726961e-17
7.22652425592773,0.794604284936916,0.830538183544276,0.827098985191733,0.797908365580957,0.659949199448004,1.38232239495949e-17
7.28502783708792,0.794192368099994,0.829499989249673,0.826212836475285,0.797352124921657,0.658782560801118,0
7.34400504414174,0.793773783781251,0.828456575164854,0.825325714771929,0.79678495240971,0.657607110367062,2.21654004800267e-16
7.40345971140979,0.793348511401106,0.827407808824787,0.824437565517465,0.796206748585972,0.656422753452795,2.21351656890996e-16
7.46339570425412,0.792916530234588,0.826353556144838,0.823548333042701,0.79561741332722,0.655229394485378,2.21693957817991e-16
7.52381691932944,0.792477819415091,0.825293681478939,0.822657960626864,0.795016845855493,0.654026937075482,0
7.58472728483652,0.792032357938941,0.824228047676763,0.821766390550488,0.794404944747773,0.652815284080837,2.07460448917155e-17
7.64613076077758,0.791580124670752,0.82315651613989,0.820873564147771,0.793781607945969,0.651594337669556,2.21301476370859e-16
7.70803133921369,0.791121098349517,0.822078946876887,0.819979421858337,0.793146732767175,0.650363999383257,0
7.77043304452438,0.790655257595371,0.820995198557312,0.819083903278415,0.792500215914083,0.649124170199894,0
7.83333993366922,0.790182580917016,0.819905128564576,0.818186947211374,0.791841953485576,0.647874750596254,2.21423890586483e-16
7.8967560964516,0.789703046719732,0.818808593047649,0.817288491717608,0.791171840987387,0.646615640610025,6.91609614368704e-18
7.96068565578463,0.789216633313933,0.817705446971602,0.816388474163762,0.790489773342807,0.645346739901392,1.38319688381867e-17
8.02513276795918,0.788723318924266,0.816595544166926,0.815486831271234,0.789795644903412,0.644067947814105,1.38315698454663e-17
8.0901016229141,0.788223081699151,0.815478737377634,0.814583499163995,0.78908934945971,0.642779163435931,2.21403943463522e-16
8.1555964445086,0.787715899720789,0.814354878308122,0.813678413415648,0.788370780251745,0.641480285658496,2.21715658171716e-16
8.22162149079689,0.787201751015549,0.813223817668775,0.812771509095765,0.787639829979548,0.64017121323641,0
8.28818105430498,0.786680613564729,0.812085405220291,0.811862720815446,0.786896390813447,0.63885184484566,2.21683005532746e-16
8.35527946230978,0.786152465315643,0.810939489816738,0.810951982772115,0.786140354404174,0.637522079141238,2.07403795640438e-17
8.42292107712042,0.785617284193011,0.809785919447304,0.810039228793518,0.785371611892757,0.636181814813931,2.22928746670921e-16
8.49111029636188,0.785075048110606,0.808624541276765,0.809124392380949,0.784590053920145,0.634830950646273,6.91190398948118e-18
8.55985155326084,0.784525734983151,0.807455201684634,0.808207406751643,0.783795570636569,0.633469385567606,1.38219809968665e-17
8.62914931693396,0.783969322738405,0.806277746303018,0.807288204880382,0.782988051710583,0.632097018708224,1.38199722299192e-17
8.6990080926784,0.783405789329438,0.805092020053151,0.806366719540268,0.782167386337768,0.630713749452571,2.22805021683835e-16
8.76943242226473,0.78283511274706,0.803897867180644,0.805442883342687,0.781333463249098,0.629319477491481,1.38154060607479e-17
8.84042688423224,0.782257271032373,0.802695131289396,0.804516628776428,0.780486170718927,0.627914102873415,2.76256938962316e-17
8.91199609418655,0.781672242289414,0.801483655374241,0.803587888245999,0.779625396572567,0.626497526054699,6.90505131395646e-18
8.98414470509972,0.781080004697901,0.800263281852267,0.802656594109079,0.778751028193486,0.625069647948727,2.21883447703928e-16
9.05687740761276,0.780480536526015,0.799033852592869,0.801722678713169,0.777862952530056,0.623630369974131,2.20972691706232e-16
9.13019893034057,0.779873816143226,0.797795208946501,0.800786074431388,0.77696105610188,0.62217959410189,0
9.20411404017939,0.779259822033138,0.796547191772173,0.799846713697451,0.776045225005664,0.620717222901379,0
9.27862754261669,0.778638532806319,0.795289641463677,0.79890452903981,0.775115344920623,0.61924315958534,2.2080484417009e-16
9.35374428204358,0.778009927213126,0.794022397974562,0.797959453114971,0.774171301113433,0.617757308053781,0
9.42946914206979,0.777373984156482,0.792745300841882,0.797011418739985,0.773212978442696,0.616259572936783,1.37856244273906e-17
9.50580704584116,0.776730682704604,0.791458189208709,0.796060358924121,0.772240261362929,0.61474985963623,2.20932043572458e-16
9.58276295635973,0.776080002103653,0.790160901845446,0.795106206899722,0.771253033928055,0.613228074366438,1.37769052643602e-17
9.66034187680636,0.77542192179032,0.788853277169951,0.794148896152255,0.770251179794426,0.611694124193715,2.20463605822558e-16
9.73854885086602,0.774756421404299,0.787535153266469,0.793188360449546,0.769234582223332,0.610147917074816,3.44185049396864e-17
9.81738896305574,0.774083480800652,0.786206367903437,0.792224533870235,0.768203124083021,0.60858936189433,2.20305140980811e-16
9.89686733905512,0.77340308006207,0.784866758550113,0.791257350831425,0.767156687850238,0.60701836850099,2.20543156689502e-16
9.97698914603958,0.772715199510991,0.783516162392112,0.790286746115551,0.766095155611256,0.605434847742906,1.37516538268649e-17
10.0577595930163,0.772019819721574,0.782154416345834,0.789312654896485,0.765018409062419,0.603838711501744,2.7492001345074e-17
10.139183931163,0.771316921531533,0.780781357071807,0.788335012764864,0.763926329510199,0.602229872725839,1.37401431838225e-17
10.221267454169,0.770606486053814,0.779396820986972,0.787353755752658,0.762818797870776,0.600608245462284,2.19745277216555e-16
10.3040154985798,0.769888494688095,0.778000644275932,0.786368820357001,0.761695694669123,0.598973744887965,1.3727809019761e-17
10.3874334441436,0.769162929132119,0.776592662901187,0.785380143563277,0.760556900037623,0.597326287339589,4.1163987420271e-17
10.4715267141616,0.768429771392856,0.775172712612365,0.784387662867478,0.759402293714221,0.5956657903427,2.20396417188295e-16
10.5563007758401,0.767689003797463,0.773740628954492,0.783391316297842,0.758231755040112,0.593992172639696,2.19430832411358e-16
10.6417611406461,0.766940609004066,0.772296247275305,0.78239104243579,0.757045162956971,0.592305354216877,1.37006181129889e-17
10.7279133646656,0.766184570012344,0.770839402731641,0.78138678043616,0.755842396003739,0.590605256330515,1.36932847538172e-17
10.814763048965,0.765420870173912,0.769369930294927,0.780378470046757,0.754623332312975,0.588891801531985,2.18971735798873e-16
10.902315839955,0.764649493202499,0.767887664755781,0.779366051627229,0.753387849606772,0.587164913691959,6.83898119994706e-18
10.9905774297578,0.763870423183926,0.766392440727772,0.778349466167283,0.752135825192261,0.585424518023685,0
11.0795535565772,0.763083644585868,0.764884092650334,0.777328655304241,0.750867135956704,0.583670541105371,2.22397223686583e-16
11.1692500050717,0.762289142267415,0.763362454790878,0.776303561339966,0.749581658362191,0.581902910901687,0
11.2596726067303,0.761486901488406,0.761827361246126,0.775274127257159,0.748279268439941,0.580121556784401,2.18740215645853e-16
11.350827240252,0.76067690791856,0.760278645942674,0.774240296735032,0.746959841784241,0.578326409552184,2.04536085869742e-17
11.4427198319278,0.759859147646395,0.758716142636828,0.773202014164384,0.745623253546016,0.576517401449581,1.36266059525086e-17
11.535356356026,0.759033607187912,0.757139684913725,0.772159224662084,0.744269378426041,0.574694466185184,6.80861908165836e-18
11.6287428351806,0.758200273495087,0.755549106185768,0.771111874084979,0.742898090667822,0.572857538949017,2.19416494805554e-16
11.7228853407829,0.757359133964131,0.753944239690396,0.770059909043222,0.741509264050148,0.571006556429164,1.35977891107027e-17
11.8177899933763,0.756510176443541,0.75232491848722,0.769003276913058,0.740102771879327,0.56914145682764,1.35877029928524e-17
11.9134629630538,0.755653389241932,0.750690975454539,0.767941925849059,0.738678486981125,0.567262179875554,2.18928552971382e-16
12.0099104698599,0.75478876113566,0.749042243285262,0.766875804795834,0.737236281692414,0.565368666847558,2.17068720020972e-16
12.1071387841942,0.753916281376226,0.747378554482273,0.76580486349921,0.735776027852552,0.563460860575615,2.20675169786257e-16
12.2051542272196,0.753035939697477,0.745699741353246,0.764729052516922,0.734297596794495,0.561538705462107,1.35448885446816e-17
12.3039631712731,0.752147726322586,0.744005636004935,0.763648323228791,0.73280085933567,0.559602147492301,2.16959377245603e-16
12.4035720402798,0.751251631970837,0.74229607033698,0.762562627846431,0.731285685768617,0.557651134246196,2.18035082948526e-16
12.5039873101711,0.750347647864188,0.74057087603523,0.76147191942248,0.729751945851401,0.555685614909756,4.05303263313555e-17
12.6052155093052,0.749435765733645,0.738829884564623,0.760376151859377,0.728199508797838,0.553705540285589,1.34979920374864e-17
12.7072632188919,0.748515977825429,0.737072927161632,0.759275279917683,0.72662824326752,0.55171086280304,2.17448904755485e-16
12.8101370734203,0.747588276906941,0.735299834826314,0.75816925922397,0.725038017355668,0.549701536527763,2.15987905444906e-16
12.9138437610901,0.746652656272533,0.73351043831398,0.757058046278291,0.723428698582829,0.547677517170763,2.692005845997e-17
13.0183900242466,0.745709109749084,0.731704568126502,0.755941598461229,0.721800153884423,0.545638762096952,2.21770751543422e-16
13.1237826598188,0.744757631701392,0.729882054503287,0.754819874040548,0.720152249600165,0.543585230333214,4.0300035858341e-17
13.2300285197614,0.743798217037364,0.728042727411939,0.753692832177449,0.718484851463369,0.54151688257602,2.1638423958665e-16
13.3371345115004,0.742830861213038,0.726186416538633,0.752560432932451,0.71679782459015,0.539433681198603,1.34055302769446e-17
13.4451075983821,0.741855560237408,0.724312951278222,0.751422637270904,0.715091033468552,0.537335590257716,4.01735701273634e-17
13.5539548001256,0.74087231067708,0.722422160724092,0.750279407068132,0.713364341947592,0.535222575499987,2.675311320716e-17
13.6636831932795,0.739881109660749,0.720513873657808,0.749130705114242,0.711617613226262,0.533094604367903,2.14203165164948e-16
13.7742999116818,0.738881954883503,0.718587918538543,0.747976495118586,0.709850709842489,0.530951646005426,2.13958996776171e-16
13.8858121469236,0.737874844610961,0.716644123492341,0.746816741713896,0.708063493662076,0.528793671263269,2.13709949937986e-16
13.998227148817,0.736859777683242,0.714682316301226,0.745651410460105,0.706255825867632,0.526620652703866,2.13040274193921e-16
14.111552225866,0.735836753518775,0.712702324392162,0.744480467847856,0.704427566947516,0.524432564606013,1.32988617776407e-17
14.225794745742,0.734805772117943,0.710703974825917,0.743303881301709,0.702578576684809,0.522229382969249,2.12518245289783e-16
14.3409621357626,0.733766834066585,0.708687094285831,0.74212161918307,0.700708714146331,0.520011085517962,2.15948301599352e-16
14.4570618833745,0.732719940539327,0.706651509066519,0.740933650792825,0.698817837671707,0.517777651705245,2.64969655514784e-17
14.5741015366405,0.731665093302784,0.704597045062526,0.739739946373716,0.69690580486253,0.515529062716539,5.29241530868906e-17
14.6920887047298,0.730602294718597,0.702523527756969,0.738540477112443,0.694972472571602,0.513265301473045,0
14.8110310584131,0.729531547746345,0.700430782210166,0.737335215141522,0.693017696892299,0.510986352634965,2.11534285922634e-16
14.9309363305612,0.728452855946305,0.698318633048304,0.73612413354089,0.69104133314806,0.508692202604557,2.63533795779757e-17
15.0518123166476,0.727366223482082,0.696186904452145,0.734907206339276,0.689043235882031,0.506382839529038,2.10936975704514e-16
15.1736668752555,0.726271655123105,0.694035420145808,0.733684408515346,0.687023258846876,0.504058253303356,2.11855708643363e-16
15.2965079285884,0.725169156246996,0.691864003385637,0.732455715998617,0.684981254994777,0.501718435572831,3.93576715504963e-17
15.4203434629857,0.724058732841807,0.6896724769492,0.73122110567017,0.68291707646764,0.499363379735708,2.09998617777259e-16
15.5451815294413,0.72294039150814,0.687460663124423,0.729980555363144,0.680830574587533,0.496993080945616,2.61582369075001e-17
15.6710302441275,0.721814139461141,0.685228383698895,0.72873404386304,0.67872159984737,0.494607536113967,1.30585125995936e-17
15.7978977889225,0.720679984532385,0.682975459949366,0.727481550907832,0.676590001901873,0.492206743912308,2.08600499584401e-16
15.9257924119422,0.719537935171633,0.680701712631469,0.726223057187886,0.674435629558818,0.489790704774642,1.30161691513034e-17
16.0547224280766,0.718388000448495,0.678406961969684,0.724958544345711,0.672258330770611,0.48735942089974,2.59888422286094e-17
16.1846962195303,0.717230190053969,0.67609102764758,0.723687994975529,0.670057952626192,0.484912896253457,2.09171758159951e-16
16.3157222363676,0.716064514301883,0.673753728798359,0.722411392622686,0.667834341343316,0.48245113657108,5.17989824628307e-17
16.4478089970617,0.714890984130232,0.671394883995733,0.721128721782901,0.665587342261221,0.479974149359713,3.87804214601409e-17
16.5809650890484,0.713709611102411,0.669014311245158,0.719839967901357,0.663316799833711,0.477481943900729,2.58069214463206e-17
16.7151991692849,0.71252040740836,0.666611827975473,0.71854511737166,0.661022557622696,0.474974531252315,2.0647730771136e-16
16.8505199648121,0.711323385865598,0.664187251030945,0.717244157534634,0.658704458292198,0.472451924252095,2.06089677887261e-16
16.9869362733223,0.710118559920182,0.661740396663793,0.715937076677002,0.656362343602867,0.469914137519903,2.08872175317511e-16
17.1244569637308,0.708905943647561,0.659271080527194,0.714623864029915,0.653996054407041,0.467361187460678,1.28058790473841e-17
17.2630909767531,0.707685551753349,0.656779117668814,0.713304509767373,0.651605430644358,0.464793092267532,2.04885473626052e-16
17.4028473254854,0.706457399574014,0.654264322524917,0.711979005004516,0.649190311338007,0.462209871925007,2.04469972585276e-16
17.5437350959913,0.705221503077474,0.651726508915069,0.7106473417958,0.646750534591582,0.45961154821252,2.0404725361308e-16
17.6857634478922,0.703977878863627,0.649165490037497,0.709309513133061,0.64428593758665,0.456998144708064,2.54025855988472e-17
17.8289416149626,0.702726544164786,0.646581078465128,0.707965512943475,0.641796356581026,0.45436968679214,1.26740043790509e-17
17.9732789057308,0.701467516846043,0.643973086142364,0.706615336087412,0.639281626907806,0.451726201651967,1.26462460529919e-17
18.1187847040838,0.700200815405566,0.641341324382647,0.7052589783562,0.636741582975222,0.449067718286015,3.78540331570222e-17
18.2654684698776,0.698926458974807,0.638685603866836,0.703896436469779,0.634176058267344,0.446394267508834,4.0462385625845e-16
18.4133397395519,0.69764446731865,0.636005734642482,0.702527708074281,0.631584885345683,0.443705881956261,0
18.5624081267505,0.696354860835486,0.633301526124024,0.701152791739517,0.628967895851767,0.441002596090996,3.759113001151e-17
18.7126833229461,0.695057660557219,0.63057278709399,0.699771686956377,0.626324920510705,0.438284446208595,2.06158003907008e-16
18.8641750980704,0.693752888149205,0.627819325705246,0.698384394134159,0.623655789135849,0.435551470443901,2.1307790664864e-16
19.0168933011491,0.69244056591013,0.625040949484356,0.696990914597818,0.62096033063457,0.432803708777952,1.99399481787303e-16
19.1708478609426,0.691120716771822,0.622237465336139,0.695591250585141,0.61823837301524,0.430041203045394,1.98502838000612e-16
19.3260487865912,0.689793364298998,0.619408679549469,0.694185405243856,0.61548974339548,0.427263996942428,2.47482439352139e-17
19.482506168266,0.688458532688958,0.616554397804415,0.692773382628671,0.612714268011753,0.424472136035352,1.97845671645683e-16
19.6402301778248,0.687116246771217,0.613674425180788,0.691355187698257,0.609911772230374,0.421665667769707,2.02986679937291e-16
19.7992310694735,0.685766532007071,0.610768566168176,0.689930826312156,0.607082080560025,0.418844641480081,2.45478362899026e-17
19.9595191804325,0.684409414489122,0.607836624677584,0.688500305227652,0.604225016665862,0.416009108400629,2.01857260879606e-16
20.1211049316092,0.683044920940732,0.604878404054727,0.687063632096561,0.601340403385303,0.413159121676317,0
20.2839988282751,0.681673078715432,0.601893707095131,0.68562081546199,0.598428062745607,0.410294736374982,1.96212988775764e-16
20.4482114607491,0.680293915796276,0.598882336061104,0.684171864755034,0.595487815983348,0.40741600950023,2.42646774870322e-17
20.6137535050858,0.678907460795134,0.595844092700719,0.682716790291423,0.592519483565875,0.404523000005225,7.25727835231503e-17
20.7806357237695,0.677513742951949,0.592778778268923,0.681255603268129,0.589522885214924,0.401615768807461,4.82319190024627e-17
20.9488689664142,0.67611279213392,0.589686193550899,0.679788315759922,0.586497839932463,0.398694378804521,1.92318037334675e-16
21.118464170469,0.674704638834657,0.586566138887821,0.678314940715882,0.583444166028939,0.395758894890947,1.9169836224987e-16
21.2894323619287,0.673289314173271,0.583418414205158,0.676835491955873,0.580361681154063,0.392809383976248,2.38835630302809e-17
21.4617846560511,0.671866849893411,0.580242819043663,0.675349984166974,0.577250202330281,0.389845915004138,2.38035393407532e-17
21.6355322580795,0.670437278362265,0.577039152593247,0.673858432899869,0.574109545989121,0.386868558973084,1.95618316899614e-16
21.8106864639712,0.669000632569494,0.573807213729888,0.672360854565197,0.570939528010565,0.383877388958234,0
21.987258661132,0.667556946126126,0.570546801055781,0.670857266429868,0.567739963765667,0.380872480134827,1.94243876454207e-16
22.165260329156,0.66610625326339,0.567257712942946,0.669347686613335,0.564510668162601,0.377853909803185,2.34701495866222e-17
22.3447030405729,0.664648588831503,0.563939747580482,0.667832134083833,0.561251455696364,0.374821757415361,0
22.5255984615994,0.663183988298402,0.560592703025744,0.666310628654578,0.557962140502379,0.371776104603594,1.87811938202538e-16
22.7079583528983,0.661712487748418,0.55721637725966,0.664783190979922,0.554642536414232,0.368717035210651,1.85644784480397e-16
22.8917945703429,0.660234123880892,0.553810568246486,0.663249842551474,0.551292457025832,0.365644635322198,1.86355401082543e-16
23.0771190657875,0.658748934008738,0.550375073998274,0.66171060569418,0.547911715758272,0.362558993301344,1.84176135281145e-16
23.2639438878451,0.657256956056936,0.54690969264437,0.660165503562355,0.54450012593171,0.359460199825473,9.17119977222219e-17
23.4522811826701,0.655758228560959,0.54341422250629,0.658614560135671,0.541057500842601,0.356348347925555,2.28324687843128e-17
23.6421431947482,0.65425279066514,0.539888462178311,0.657057800215095,0.537583653846648,0.353223533028071,4.54708064304787e-17
23.8335422676926,0.652740682120953,0.536332210614197,0.655495249418774,0.534078398447845,0.350085852999749,1.86667675709687e-16
24.0264908450462,0.651221943285219,0.532745267220454,0.65392693417787,0.53054154839406,0.346935408195307,9.01463158197433e-17
24.2210014710909,0.649696615118229,0.529127431956577,0.652352881732316,0.526972917779569,0.343772301508388,0
24.4170867916629,0.648164739181766,0.525478505442779,0.650773120126519,0.52337232115507,0.340596638425943,6.69940419026348e-17
24.614759554975,0.646626357637034,0.521798289075724,0.649187678204975,0.519739573645663,0.337408527086271,6.66788145229405e-17
24.8140326124455,0.645081513242469,0.51808658515282,0.647596585607802,0.516074491077394,0.334208078341005,1.82402273585014e-16
25.0149189195332,0.643530249351431,0.514343197005724,0.645999872766177,0.512376890112965,0.330995405821305,1.77459027217238e-16
25.2174315365806,0.641972609909752,0.510567929143663,0.644397570897662,0.508646588397256,0.327770626008575,6.57027706440928e-17
25.4215836296621,0.640408639453151,0.506760587407361,0.642789712001409,0.504883404713417,0.324533858310028,1.08945106265866e-16
25.6273884714405,0.638838383104464,0.502920979134281,0.641176328853227,0.501087159150262,0.321285225139458,1.74752275666898e-16
25.8348594420295,0.637261886570693,0.499048913336083,0.639557455000491,0.497257673281852,0.318024852003607,1.29359349713634e-16
26.0440100298641,0.635679196139855,0.49514420088918,0.63793312475687,0.493394770360143,0.314752867594545,2.14426149213381e-17
26.2548538325773,0.634090358677578,0.491206654739402,0.63630337319686,0.489498275521727,0.311469403888521,1.71915529054014e-16
26.4674045578839,0.632495421623461,0.487236090121854,0.634668236150079,0.485568016009731,0.308174596251789,1.89641038498408e-16
26.6816760244719,0.63089443298711,0.483232324797128,0.633027750195298,0.481603821412049,0.304868583553927,1.69949462136903e-16
26.8976821629011,0.629287441343861,0.479195179305183,0.631381952654184,0.477605523917208,0.301551508289271,3.45596118401204e-16
27.1154370165082,0.627674495830122,0.475124477238256,0.629730881584692,0.47357295858924,0.298223516707073,2.08281054804151e-17
27.3349547423206,0.626055646138284,0.471020045534374,0.628074575774069,0.469505963663115,0.294884758951107,1.8514105222902e-16
27.556249611976,0.624430942511165,0.466881714793103,0.626413074731424,0.465404380862393,0.291535389209486,0
27.7793360126509,0.6228004357359,0.462709319615376,0.624746418679779,0.461268055740909,0.288175565875518,1.68519347617589e-16
28.0042284479955,0.621164177137226,0.458502698969417,0.623074648547563,0.457096838050527,0.284805451720535,1.01506000703351e-16
28.2309415390768,0.619522218570061,0.454261696584924,0.62139780595943,0.452890582137115,0.281425214079692,6.04930578259247e-17
28.4594900253294,0.617874612411308,0.449986161377967,0.619715933226343,0.448649147367193,0.278035025051863,1.61449963301154e-16
28.6898887655133,0.616221411550749,0.445675947909216,0.618029073334801,0.444372398587888,0.274635061714835,1.603125578436e-16
28.9221527386804,0.614562669380939,0.441330916878446,0.61633726993509,0.440060206623104,0.271225506357155,1.5915777515984e-16
29.1562970451479,0.612898439785938,0.436950935658541,0.614640567328429,0.435712448809168,0.267806546728126,7.83827078429024e-17
29.3923369074803,0.611228777128739,0.432535878872542,0.612939010452851,0.431329009573466,0.264378376307568,1.94480523379987e-17
29.6302876714792,0.609553736237209,0.428085629017699,0.611232644867644,0.426909781060039,0.260941194597195,7.71927665579093e-17
29.8701648071805,0.607873372388349,0.42360007714089,0.609521516736146,0.422454663806501,0.257495207435597,1.91460680210008e-17
30.1119839098607,0.606187741290622,0.419079123570229,0.60780567280667,0.417963567477093,0.254040627339091,1.62264769067054e-16
30.3557607010504,0.604496899064122,0.414522678708306,0.606085160391298,0.413436411657312,0.250577673870925,1.77688328010204e-16
30.6015110295567,0.602800902218244,0.409930663893002,0.60436002734223,0.408873126716067,0.247106574041625,1.98527037140118e-16
30.8492508724934,0.601099807626545,0.405303012332632,0.602630322025374,0.404273654742096,0.243627562743604,1.526737458404e-16
31.0989963363199,0.599393672498409,0.400639670122902,0.600896093290761,0.399637950562142,0.240140883223517,0
31.3507636578881,0.597682554347045,0.395940597354074,0.599157390439362,0.394965982849255,0.236646787596278,1.49951721701192e-16
31.6045692054981,0.59596651095336,0.391205769317805,0.597414263185802,0.390257735330713,0.233145537405157,1.48560557518656e-16
31.8604294799626,0.594245600325092,0.386435177824287,0.595666761616369,0.385513208106149,0.229637404232927,1.78444394288986e-16
32.1183611156796,0.592519880650591,0.381628832641688,0.593914936141713,0.380732419087912,0.226122670369677,2.12049236282062e-16
32.3783808817133,0.590789410246477,0.3767867630715,0.592158837443435,0.375915405577231,0.22260162954369,1.97928588143389e-16
32.6405056828852,0.589054247498351,0.371909019675166,0.590398516413757,0.371062225991562,0.219074587722604,2.95893372098762e-16
32.9047525608724,0.587314450793594,0.366995676169567,0.588634024087284,0.366172961760688,0.215541863993153,1.93855353798614e-16
33.1711386953162,0.585570078445166,0.362046831511297,0.586865411563761,0.361247719411489,0.212003791528894,2.73321391170279e-16
33.4396814049384,0.583821188605166,0.357062612192649,0.585092729920581,0.356286632864288,0.208460718656778,2.86466528914467e-16
33.7103981486675,0.58206783916676,0.352043174775506,0.583316030113613,0.35128986596695,0.204913010034984,1.48251956574312e-16
33.9833065267741,0.580310087652858,0.346988708693294,0.58153536286474,0.346257615296892,0.201361047956358,1.6383316327509e-16
34.2584242820144,0.578547991089781,0.341899439355865,0.579750778534284,0.341190113265817,0.197805233794058,1.61889002191862e-16
34.5357693007845,0.576781605863836,0.336775631597531,0.577962326976234,0.33608763156741,0.194245989608632,2.30637156808777e-16
34.8153596142828,0.575010987558539,0.331617593515107,0.57617005737396,0.330950485014783,0.190683759938907,1.26336250333078e-16
35.0972133996824,0.573236190769877,0.326425680750398,0.574374018053762,0.325779035822104,0.187119013802822,4.33154031153371e-16
35.3813489813129,0.571457268896715,0.32120030128082,0.572574256273303,0.320573698394023,0.18355224693874,2.48065533112824e-16
35.6677848318515,0.569674273903115,0.315941920792771,0.57077081798161,0.315334944697499,0.179983984323177,1.51764751805943e-16
35.9565395735246,0.567887256048927,0.310651068725462,0.568963747546947,0.310063310303637,0.176414783007169,1.23411672414308e-16
36.2476319793175,0.566096263584688,0.30532834508869,0.567153087448463,0.30475940120296,0.172845235321204,3.13643236593122e-16
36.5410809741959,0.56430134240639,0.299974428176896,0.565338877927076,0.29942390151637,0.169275972507812,1.30018403955723e-16
36.8369056363357,0.562502535665332,0.294590083324683,0.563521156590659,0.294057582246846,0.165707668851996,1.28061937109782e-16
37.1351251983634,0.560699883327843,0.28917617287648,0.561699957968155,0.28866131124444,0.162141046393034,1.69155975628692e-16
37.4357590486068,0.558893421679331,0.283733667576256,0.559875313006859,0.28323606459029,0.158576880317319,1.38722326527367e-16
37.7388267323548,0.557083182766838,0.278263659623508,0.558047248506831,0.277782939645682,0.155016005151412,5.45819552698537e-17
38.0443479531291,0.555269193774105,0.272767377690415,0.556215786486158,0.272303170060785,0.151459321898033,1.60993580606188e-16
38.3523425739646,0.553451476323214,0.267246204254169,0.554380943470827,0.266798143096758,0.147907806286245,7.91052073401894e-17
38.6628306187004,0.551630045697162,0.261701695669944,0.552542729703175,0.261269419686306,0.144362518341436,2.5899492546269e-16
38.9758322732826,0.549804909978399,0.256135605496404,0.550701148263558,0.255718757744112,0.140824613522213,3.66693972792343e-16
39.2913678870758,0.547976069099638,0.2505499116901,0.548856194101033,0.250148139342906,0.137295355721202,1.99576193282704e-16
39.6094579741865,0.546143513805105,0.24494684841052,0.547007852970721,0.244559802496232,0.133776132486408,1.9571022146935e-16
39.930123214797,0.544307224523397,0.239328943328096,0.545156100278401,0.238956278439346,0.130268472891034,2.71258765012089e-16
40.2533844565089,0.542467170157161,0.233699061506373,0.543300899836912,0.233340435478391,0.126774068563747,1.93656257097717e-16
40.5792627157,0.540623306800601,0.228060457140844,0.541442202544714,0.227715530689091,0.12329479848994,6.43678764685535e-16
40.9077791788892,0.538775576403536,0.2224168346834,0.539579945004599,0.222085270992378,0.119832758308399,2.54436395816674e-16
41.2389552041148,0.536923905410903,0.216772421164068,0.537714048110821,0.216453885416809,0.116390294956788,1.31920274468969e-16
41.572812322323,0.535068203419761,0.211132051839018,0.535844415646088,0.21082621067464,0.112970047661831,6.66964476456038e-16
41.9093722387671,0.533208361912454,0.205501271638043,0.533970932946621,0.205207792522296,0.109574996421047,4.13140759798263e-16
42.2486568344193,0.531344253144977,0.19988645523938,0.532093465714192,0.199605005730354,0.106208519272965,3.29988692592388e-16
42.5906881673929,0.529475729294236,0.19429494893414,0.53021185907898,0.194025195822272,0.10287445978509,2.79372336190871e-16
42.9354884743766,0.527602621996372,0.188735237703762,0.528325937046254,0.188476846002159,0.0995772062756131,1.55562500279249e-16
43.2830801720801,0.525724742440375,0.183217141037055,0.526435502492638,0.182969772795129,0.0963217842823674,3.38745938565319e-16
43.6334858586911,0.52384188221505,0.177752040826751,0.524540337912653,0.177515353737689,0.0931139636342513,7.93981471044248e-16
43.9867283153455,0.521953815140654,0.172353144013253,0.522640207150756,0.172126789784573,0.089960381069204,3.20683915106919e-16
44.3428305076071,0.520060300344841,0.167035781204471,0.520734858384093,0.166819403661773,0.0868686785415323,7.1096372095554e-16
44.7018155869619,0.51816108685999,0.161817739908254,0.518824028640399,0.161610972806743,0.0838476559840882,6.05999742327228e-16
45.0637068923228,0.516255920017253,0.15671962676376,0.516907450135866,0.156522091292009,0.0809074350996855,3.29136613319258e-16
45.4285279515466,0.514344549881722,0.151765246638923,0.514984858688798,0.15157654861724,0.0780596274701852,3.6175346974337e-16
45.7963024829641,0.512426741901254,0.146981977021313,0.513056004394827,0.146801703825836,0.0753174956032364,5.55722275494955e-16
46.167054396922,0.510502289817479,0.142401103238588,0.511120664626491,0.142228820525107,0.0726960892758346,3.41602360490376e-16
46.5408077973373,0.508571030702407,0.138058063617605,0.509178659234727,0.137893311978766,0.0702123317107838,6.84932405249161e-16
46.9175869832646,0.506632861735195,0.133992534636435,0.507229867579226,0.13383482640325,0.0678850212740091,6.66884212486503e-16
47.2974164504755,0.504687758029188,0.130248267125526,0.505274246705886,0.130097083616121,0.0657347059227683,4.59843924338217e-16
47.6803208930515,0.502735790482034,0.126872570975521,0.503311849645567,0.126727360591217,0.0637833822598663,2.17969190495812e-16
48.0663252049891,0.500777142292786,0.123915346136769,0.501342842469854,0.12377552378904,0.0620539729245923,4.5304541304888e-16
48.4554544818188,0.498812122527667,0.121427582947716,0.499367518465511,0.121292531339797,0.0605695503835546,1.04973710760921e-16
48.8477340222363,0.496841174990829,0.119459315345872,0.497386307651058,0.119328388592638,0.0593523066000429,6.0409537863814e-16
49.2431893297469,0.494864880736913,0.118057109733571,0.495399779927309,0.117929639647843,0.0584223175284485,1.12983255009362e-15
49.6418461143245,0.492883952898347,0.117261298689766,0.493408640480879,0.117136603777099,0.0577962124202057,4.12567213625302e-16
50.0437302940819,0.490899223102487,0.117103290763409,0.491413716658507,0.116980687575008,0.0574859144585021,1.02534014359096e-16
50.4488679969571,0.488911619576696,0.117603358392726,0.489415936357326,0.117482174461657,0.0574976484194465,2.06602823574455e-16
50.8572855624109,0.486922137979457,0.1187692820373,0.487416298928614,0.118648869278697,0.0578313927358874,1.56990181599289e-16
51.2690095431402,0.484931806902371,0.120596095749326,0.485415840519273,0.120475843051459,0.058480882617092,1.34959554004521e-15
51.6840667068035,0.482941650696736,0.123066969238341,0.483415596508566,0.122946313067819,0.0594341652702087,1.05962531206439e-15
52.1024840377617,0.480952652649246,0.126155042127079,0.481416564093768,0.126033474295409,0.0606746021560961,6.850810491582e-16
52.5242887388323,0.478965721487916,0.129825869401772,0.479419668056505,0.12970294159581,0.0621821412058154,1.1472513198573e-15
52.9495082330576,0.476981663749885,0.134040083663266,0.47742573230639,0.133915408802993,0.0639346621148784,3.39532014943182e-16
53.3781701654885,0.47500116377854,0.138755925152066,0.475435459039198,0.13862917600129,0.0659092259283991,3.99152172663566e-16
53.8103024049808,0.473024772186567,0.143931397142865,0.473449416411333,0.143802302809995,0.0680831163439978,5.19005784166297e-16
54.2459330460073,0.471052902689933,0.149525926411453,0.471468034688296,0.14939426743975,0.0704346216635165,2.70484744492398e-16
54.685090410485,0.469085836428947,0.155501511905661,0.469491610018867,0.155367114601476,0.0729435567782327,8.5837990646786e-16
55.1278030496154,0.467123732340334,0.161823414002161,0.467520314415909,0.161686144532957,0.0755915571287444,3.29478041921289e-16
55.5740997457415,0.465166641862171,0.168460471667144,0.465554210225584,0.168320230320659,0.0783621918919229,4.61725314360651e-16
56.0240095142187,0.46321452622193,0.175385143500875,0.463593267321704,0.17524185936192,0.0812409461531228,3.21558267328428e-16
56.4775616053012,0.46126727472083,0.182573361040278,0.461637381416038,0.182426987228261,0.0842151166836712,1.34352186409129e-15
56.9347855060437,0.459324722714006,0.190004267290993,0.459686392157174,0.189854776815044,0.0872736573879132,1.75375504390146e-16
57.3957109422183,0.457386668326043,0.197659896046006,0.457740100030061,0.197507278274762,0.0904070013141548,6.600724046282e-16
57.8603678802477,0.455452887279522,0.205524831409716,0.455798281408536,0.205369089115304,0.0936068778731921,2.70136728818273e-16
58.3287865291527,0.453523145512435,0.213585873552766,0.453860701415243,0.21342702046822,0.0968661372106717,2.98798261946129e-16
58.8009973425162,0.45159720949898,0.221831726421326,0.451927124486543,0.221669785242543,0.100178588630212,4.28005150591467e-16
59.277031020464,0.449674854361774,0.230252715670616,0.449997322718177,0.230087716433884,0.103538856385587,2.41776215044424e-16
59.7569185116595,0.447755869976553,0.238840539996898,0.448071082184583,0.238672518767739,0.106942253771981,7.11853863985989e-16
60.2406910153166,0.445840065332524,0.247588055766905,0.446148207490391,0.247417053583135,0.11038467495867,2.61819675262579e-16
60.7283799832281,0.443927271434931,0.256489092898263,0.44422852483864,0.256315154918305,0.113862503163146,1.21729769891956e-16
61.2200171218097,0.442017343032349,0.265538298925763,0.442311883898253,0.265361473741219,0.117372533364495,5.21464961515746e-16
61.7156343941625,0.440110159429985,0.274731007784277,0.440398158733337,0.274551346863172,0.120911907636299,1.31320298523624e-16
62.2152640221499,0.438205624619496,0.284063129820533,0.438487248026949,0.283880687054154,0.124478061234376,1.36268228058495e-16
62.7189384884932,0.436303666921438,0.293531059751791,0.436579074797975,0.293345891083546,0.128068677725042,1.41316888730405e-16
63.2266905388836,0.434404238302217,0.303131599609899,0.434673585775637,0.302943762729213,0.131681651633871,2.07133827025049e-16
63.7385531841099,0.43250731349569,0.312861894074002,0.432770750564409,0.312671448161979,0.13531505730112,1.5171437220872e-16
64.2545597022062,0.430612889031693,0.322719375960644,0.430870560704004,0.322526381477208,0.138967122828918,4.96675382189518e-16
64.7747436406142,0.428720982250166,0.332701719981401,0.428973028705301,0.332506238485998,0.142636208186746,3.25020225202435e-16
65.2991388183651,0.426831630360203,0.342806803183578,0.427078187123424,0.342608897183339,0.146320786701416,3.46458429005755e-16
65.827779328278,0.424944889588033,0.35303267075365,0.425186087713607,0.352832403574378,0.150019429294378,8.68516570445719e-17
66.3606995391757,0.423060834446058,0.363377506086967,0.423296800703365,0.363174941763403,0.153730790944079,2.69173636401794e-16
66.8979340981205,0.421179557146341,0.373839604212861,0.421410414205454,0.373634807395556,0.157453598946136,9.26472594485759e-17
67.4395179326655,0.419301167175612,0.384417347815873,0.419527033789645,0.384210383692626,0.161186642621749,3.9425097340215e-16
67.9854862531261,0.417425791044719,0.395109185215804,0.417646782226984,0.394900119446162,0.164928764187741,4.06713914169567e-16
68.5358745548692,0.415553572223035,0.405913609765499,0.41576979941762,0.405702508427194,0.168678850552,4.19383850872339e-16
69.0907186206198,0.413684671267269,0.416829140199913,0.413896242512132,0.416616069746429,0.172435825838219,1.04838795011018e-16
69.6500545227891,0.411819266154267,0.427854301526198,0.412026286236311,0.427639328754888,0.176198644475466,1.08012589264962e-16
70.213918625818,0.409957552828582,0.43898760608489,0.410160123430427,0.438770798115301,0.179966284712639,1.57312981298992e-16
70.7823475885425,0.408099745977492,0.450227534439563,0.408297965815894,0.450008958701764,0.183737742436859,4.72146821025362e-16
71.3553783665763,0.40624608004902,0.461572515767618,0.406440045005016,0.461352240000478,0.187512025188959,2.63495570535137e-16
71.9330482147139,0.404396810531976,0.473020907430268,0.404586613772973,0.472798999689791,0.191288146279741,2.42432734522418e-16
72.5153946893525,0.402552215521406,0.484570973395664,0.402737947615463,0.484347502073577,0.195065118917789,0
73.1024556509332,0.400712597597912,0.496220861176691,0.400894346620557,0.495995895029638,0.198841950264385,1.28125645907136e-16
73.6942692664034,0.398878286055316,0.507968576924566,0.399056137689236,0.507742185114358,0.202617635333629,1.31657606856294e-16
74.2908740116972,0.397049639518143,0.519811958291204,0.397223677146118,0.519584210436737,0.206391150656743,1.35241242912233e-16
74.8923086742376,0.395227048998518,0.531748644638392,0.395397353789946,0.531519610879949,0.210161447629393,1.96401189772133e-16
75.498612355458,0.393410941451431,0.543776044129868,0.393577592442812,0.543545795206699,0.213927445459866,3.1878221441708e-16
76.1098244733437,0.391601783898196,0.555891297195239,0.391764858067903,0.555659904537447,0.217688023635138,3.27142568772013e-16
76.725984764996,0.389800088200291,0.568091235803367,0.389959660537959,0.567858771639302,0.221442013821964,1.50093135447383e-16
77.3471332892138,0.388006416579939,0.580372337930664,0.38816256015078,0.580138875411181,0.225188191122598,1.72104791485766e-16
77.9733104290997,0.386221387999669,0.592730676561784,0.386374174003963,0.592496289902977,0.228925264611675,1.76457759932471e-16
78.6045568946846,0.384445685530533,0.605161862524959,0.384595183358629,0.604926627170986,0.232651867095342,2.28781716978608e-16
79.240913725574,0.382680064857487,0.617660980455147,0.382826342140502,0.617424973263112,0.236366544060515,0
79.8824222936176,0.380925364089267,0.630222517218571,0.381068486745781,0.629985816667367,0.240067741828739,3.396274998211e-16
80.529124305597,0.379182515057479,0.64284028225701,0.37932254733647,0.642602968682102,0.243753795006473,3.58522341412136e-16
81.181061805939,0.37745255630192,0.655507319577369,0.377589560822216,0.65526947543339,0.247422913449098,8.90264966906714e-17
81.8382771794484,0.375736647940471,0.668215811612443,0.375870685727055,0.66797752176503,0.251073169156081,1.28866852014483e-16
82.5008131540631,0.374036088602064,0.680956976057665,0.374167219119657,0.680718328105182,0.254702483830898,2.08496182513165e-16
83.1687128036327,0.372352334542956,0.693720958277157,0.372480615727433,0.693482042901518,0.258308618335876,1.34894791646484e-16
83.8420195507184,0.370687020940696,0.706496724340604,0.370812509229138,0.706257635683883,0.261889166050179,1.95100070988009e-16
84.5207771694167,0.369041985117994,0.719271963795218,0.369164735478504,0.719032799854637,0.265441553358705,9.97366012474003e-17
85.2050297882047,0.367419291008249,0.732033017853434,0.367539356971263,0.731793880880536,0.268963052414337,5.09719297368723e-16
85.8948218928089,0.365821253398064,0.744764859346318,0.365938687091708,0.744525856225265,0.272450814332903,1.47319852665335e-16
86.5901983290984,0.364250459137139,0.757451168099376,0.364365311330493,0.757212410661963,0.27590193575416,3.36518896614083e-16
87.291204305999,0.362709780198437,0.770074573512003,0.362822100358626,0.769836178719159,0.279313579294943,0
87.9978853984338,0.361202369530836,0.782617181957933,0.361312205902997,0.782379271832968,0.282683180558751,2.21920679674026e-16
88.7102875502857,0.359731623926412,0.795061581577571,0.359839023650495,0.794824282705358,0.286008793862401,1.13256603073251e-16
89.4284570773836,0.358301086663495,0.807392639956879,0.358406095949483,0.807156082248759,0.289289660260658,1.63438648921191e-16
90.152440670515,0.356914243132761,0.819600612048883,0.35701690752793,0.819364926289072,0.292527132120575,0
90.88228539846,0.35557412932823,0.831686406500018,0.355674494128825,0.831451719892673,0.295726169865368,4.95775604345131e-16
91.6180387110529,0.354282616565541,0.843670396130389,0.354380727454697,0.843436824589089,0.298897755459961,1.22612493730149e-16
92.3597484422661,0.35303914113517,0.855607014519688,0.353135045174098,0.855374649679242,0.302062765555257,1.76795542540797e-16
93.1074628133198,0.351838493398603,0.867608686868207,0.351932240566113,0.867377574604181,0.30525813324725,0
93.8612304358184,0.350667043926154,0.879884457586483,0.350758689497387,0.879654563028916,0.308546481738419,2.59968699011066e-16
94.6211003149089,0.349496465832249,0.892800650096618,0.34958607400531,0.892571801635219,0.312030671901502,1.48281448173299e-16
95.3871218524687,0.348273729457117,0.906971297631211,0.348361378729297,0.906743099619092,0.315874276336583,6.77311233458839e-17
96.1593448503166,0.346906388395124,0.923379457090627,0.346992179098305,0.923151159804122,0.32032623257756,1.54962395291813e-16
96.9378195134502,0.345244374734513,0.943503483280827,0.345328438443447,0.943273805115443,0.325739270145124,2.93172593067489e-16
97.7225964533111,0.343066722411743,0.969351799413866,0.343149230803418,0.969118723973917,0.33255234468884,0
98.5137266910737,0.34009706002101,1.00318593738811,0.34017822624496,1.00294657811061,0.341180587960119,3.12616977686622e-16
99.3112616609643,0.336088154167714,1.04663497236153,0.33616821404428,1.04638571183304,0.351761615948364,1.57752771580813e-16
100.115253213603,0.330993700239496,1.09921257009729,0.331072861760923,1.09894974173087,0.363832435926268,1.64637745217976e-16
100.925753619375,0.325133931346641,1.15719804489969,0.325212302805915,1.15691917691509,0.376244349684882,0
101.742815571832,0.319151600155735,1.21446781927766,0.319229142646098,1.21417281845664,0.387599347860111,0
102.566492191112,0.313705549063544,1.26533346427428,0.313782098197864,1.26502477814505,0.39694212915864,2.60972825156711e-16
103.3968370274,0.309167847219542,1.30700088514931,0.309243190006108,1.30668245262787,0.404082649975649,2.11931326023146e-16
104.233904064403,0.305572037048849,1.3397479567099,0.305645985651452,1.33942381540299,0.409389512263875,1.37029014033933e-16
105.077747722864,0.302751360548548,1.36552932641796,0.302823786809324,1.36520273323935,0.413415861441978,1.39632886413067e-16
105.928422864097,0.300487467127749,1.38660248184507,0.300558302882789,1.38627568656841,0.416656667682675,2.00827151210804e-16
106.785984793556,0.298589989491803,1.40483696647173,0.298659212099809,1.40451135629564,0.41947025505649,2.04022183836769e-16
107.650489264432,0.296918669973813,1.42155912204873,0.29698628647193,1.42123546787991,0.42208744380785,1.03581994586445e-16
108.521992481272,0.295378825794654,1.43763181297402,0.295444860682755,1.43731048785203,0.424645996841305,0
109.400551103639,0.293909684776181,1.45358618283343,0.293974171911355,1.45326731941748,0.427223056791587,1.06762228195498e-16
110.286222249794,0.292473512878096,1.46973537947781,0.292536490518286,1.46941897291349,0.429858669437096,0
111.179063500406,0.291047517915611,1.48625584589577,0.291109025846336,1.48594181742708,0.432571074935532,0
112.079132902301,0.289618357791153,1.50324074505791,0.289678435733645,1.50292898001126,0.435366115948423,2.50003947166929e-16
112.986488972231,0.288178578322941,1.52073361474768,0.28823726509892,1.52042398457914,0.438242851105894,4.09493790845032e-16
113.901190700682,0.286724353112175,1.53874909261663,0.286781686243149,1.53844146731315,0.44119683818245,2.58008646854061e-16
114.823297555707,0.285254064721715,1.55728551055821,0.285310080271798,1.55697976529878,0.44422202181896,1.65802229169745e-16
115.752869486794,0.283767418489771,1.5763324744936,0.283822151040965,1.57602849294197,0.44731179696864,1.19136889746282e-16
116.689966928762,0.282264890637884,1.59587538034341,0.282318373334082,1.59557305599545,0.450459589704326,2.7073189912583e-16
117.634650805689,0.280747385655233,1.61589806659649,0.280799650278877,1.61559730302996,0.453659157682309,1.74023488464013e-16
118.586982534876,0.279216024756196,1.63638433681373,0.279267101817574,1.63608504734259,0.456904729498433,1.76876529705055e-16
119.547024030838,0.27767201655894,1.65731879914317,0.277721935387208,1.6570209061719,0.460191053039125,1.79783864958017e-16
120.514837709331,0.276116579406948,1.67868729550835,0.276165368237381,1.67839072975742,0.463513393929665,1.82744487906353e-16
121.490486491407,0.274550896125273,1.70047708693393,0.274598582180083,1.7001817866344,0.466867508058206,1.85757528641679e-16
122.474033807505,0.272976089096143,1.72267689668128,0.273022698657952,1.72238280679173,0.470249602032336,1.33517489961113e-16
123.46554360158,0.271393207983847,1.74527687320681,0.271438766461729,1.74498394468056,0.473656289439613,1.35720670033511e-16
124.465080335254,0.269803225239446,1.76826851060176,0.269847757227986,1.76797669971603,0.477084547249708,2.75919161782195e-16
125.472708992008,0.268207036290272,1.79164454917256,0.268250565622199,1.79135381692342,0.480531674619192,2.80467843006984e-16
126.488495081411,0.266605462448909,1.81539886957428,0.266648012242011,1.81510918113577,0.483995255152077,1.42543449717083e-16
127.512504643373,0.264999255299086,1.83952638821039,0.265040847998057,1.83923771245384,0.487473122978772,0
128.544804252445,0.263389101779436,1.86402295811599,0.263429759193278,1.86373526718445,0.490963332634417,1.47267353721057e-16
129.585461022141,0.261775629484203,1.88888527741119,0.261815372819768,1.88859854634336,0.494464132517759,1.49681480467358e-16
130.634542609305,0.260159411891448,1.91411080613515,0.260198261783588,1.91382501253356,0.497973941619186,2.15144713949668e-16
131.692117218509,0.258540973352009,1.93969769152347,0.258578949890805,1.93941281526164,0.501491329175124,2.1865683697145e-16
132.758253606487,0.256920793750719,1.96564470137289,0.256957916506137,1.96536072433695,0.505014996908617,1.57131806682971e-16
133.833021086605,0.25529931280046,1.99195116492148,0.255335600844798,1.99166807078203,0.50854376353653,1.59684521339034e-16
134.916489533366,0.253676933960211,2.01861692057787,0.253712405888582,2.01833469458831,0.512076551252396,1.62271908228768e-16
136.008729386957,0.252054027986325,2.04564226981311,0.252088701935453,2.04536089863125,0.515612373925483,8.24470086119848e-17
137.109811657823,0.250430936136751,2.07302793654926,0.250464829802266,2.0727474080793,0.51915032678767,8.37754568189287e-17
138.219807931287,0.248807973053203,2.10077503142195,0.248841103705619,2.10049533467437,0.522689577408874,1.7024267614775e-16
139.338790372205,0.247185429348429,2.12888502034812,0.247217813847972,2.12860614531523,0.52622935778819,1.93385662568152e-16
140.466831729655,0.245563573925989,2.15735969688681,0.245595228736388,2.1570816344321,0.529768957411415,1.96473421076989e-16
141.604005341668,0.243942656058935,2.18620115793677,0.243973597260311,2.18592389969638,0.533307717146214,1.26238437312912e-16
142.750385139995,0.242322907252212,2.2154117823676,0.242353150553154,2.21513532066247,0.53684502386412,1.28241119600608e-16
143.906045654914,0.240704542911655,2.24499421222961,0.240734103660561,2.24471853998711,0.54038030569404,9.21139764863811e-17
145.071062020079,0.239087763840401,2.27495133623104,0.239116657036179,2.27467644691483,0.54391302782521,9.35655518123269e-17
146.245509977397,0.237472757581523,2.30528627521031,0.237500997883703,2.30501216275771,0.54744268878903,2.12504622724805e-16
147.42946588196,0.235859699623763,2.33600236936536,0.235887301362071,2.33572902813116,0.550968817158912,2.15830327625649e-16
148.623006707006,0.234248754485371,2.36710316703243,0.234275731668841,2.36683059173846,0.554490968615724,9.80275208737899e-17
149.826210048919,0.23264007668952,2.39859241483239,0.232666443015148,2.39832060052243,0.558008723333507,3.14807324539066e-16
151.039154132284,0.231033811643106,2.43047404902694,0.231059580504121,2.43020299102608,0.561521683646346,2.26049062432496e-16
152.261917814963,0.229430096429551,2.46275218794559,0.229455280923323,2.46248188182367,0.565029471962443,2.29536359972525e-16
153.494580593225,0.227829060524905,2.49543112536291,0.227853673460509,2.49516156690172,0.568531728896038,1.0422958633409e-16
154.737222606918,0.226230826445537,2.52851532471987,0.226254880351015,2.52824650988359,0.572028111591583,1.49660138403614e-16
155.989924644673,0.224635510334727,2.56200941409668,0.224659017464061,2.56174133900522,0.575518292217982,2.40243558584777e-16
157.252768149161,0.223043222494628,2.59591818185586,0.223066194834456,2.59565084276091,0.579001956613526,1.09073113637324e-16
158.525835222385,0.22145406786936,2.63024657288392,0.221476517145437,2.62997996614734,0.582478803064587,2.4758761659508e-16
159.80920863102,0.219868146484294,2.66499968536905,0.219890084167738,2.66473380744328,0.585948541203318,2.51321861834608e-16
161.102971811795,0.218285553846054,2.70018276805927,0.218306991159365,2.69991761546984,0.589410891011388,2.55097772111787e-16
162.40720887691,0.216706381307219,2.73580121795258,0.21672732923011,2.73553678728218,0.592865581918384,1.15790524207952e-16
163.722004619516,0.215130716399295,2.77186057837565,0.215151185674317,2.77159686625004,0.596312351984917,2.62775126864169e-16
165.047444519217,0.213558643137083,2.80836653741349,0.213578644275097,2.8081035404884,0.599750947161613,0
166.383614747635,0.211990242297287,2.84532492665575,0.21200978558275,2.84506264160545,0.603181120616264,1.7115556734588e-16
167.730602174008,0.210425591673839,2.88274172023003,0.210444687169941,2.88248014373684,0.606602632122265,2.45615873446559e-16
169.088494370839,0.208864766312172,2.92062303409555,0.208883423865818,2.92036216284052,0.610015247502315,1.246095765519e-16
170.45737961959,0.207307838724439,2.95897512557339,0.207326067971097,2.95871495622784,0.613418738121996,1.78799343904797e-16
171.837346916419,0.205754879087443,2.99780439309218,0.20577268945585,2.99754492231016,0.616812880428488,1.81401084000856e-16
173.228485977971,0.204205955424882,3.03711737613022,0.204223356141614,3.03685860054184,0.62019745553018,1.3012874166788e-16
174.630887247206,0.202661133775302,3.07692075533738,0.202678133869246,3.07666267154265,0.623572248813432,1.32006681526697e-16
176.04464189928,0.201120478347079,3.11722135282115,0.201137086653753,3.11696395738473,0.626937049593118,2.00855686146733e-16
177.469841847474,0.199584051661511,3.15802613258371,0.199600276827303,3.15776942203005,0.630291650793991,1.92078628315662e-16
178.906579749169,0.198051914685115,3.19934220109697,0.19806776517139,3.19908617190615,0.633635848660147,2.06633458189717e-16
180.354949011869,0.196524126951981,3.2411768080054,0.196539611039095,3.24092145660941,0.63696944249027,1.39710429502369e-16
181.815043799277,0.195000746677067,3.28353734694568,0.195015872468282,3.28328266972516,0.640292234396443,7.08422466029435e-17
183.286959037413,0.193481830861158,3.32643135647452,0.193496606286463,3.32617734975584,0.643604029084655,1.60636715908172e-16
184.770790420785,0.191967435388163,3.36986652109609,0.191981868207987,3.36961318114901,0.646904633655246,1.456905024061e-16
186.266634418617,0.190457615115358,3.41385067238158,0.190471712924216,3.41359799541706,0.650193857421759,3.04537672430442e-16
187.774588281112,0.188952423957132,3.45839179017384,0.18896619418716,3.45813977234238,0.65347151174679,2.70008472050506e-16
189.294750045783,0.187451914962711,3.50349800387052,0.187465364887139,3.50324664126061,0.656737409893564,7.59221759064046e-17
190.827218543818,0.185956140388339,3.54917759378,0.185969277124874,3.5489268824169,0.659991366892103,2.17695923633213e-16
192.372093406515,0.184465151764292,3.59543899254451,0.184477982278418,3.59518892838935,0.663233199418975,3.48923829552664e-16
193.929475071751,0.182978999957112,3.64229078662496,0.182991531065323,3.64204136557406,0.666462725689638,1.76841659584413e-16
195.499464790516,0.181497735227384,3.68974171784344,0.18150997360034,3.68949293572774,0.669679765362582,2.26726396068485e-16
197.082164633495,0.18002140728337,3.73780068497787,0.180033359448977,3.73755253756269,0.672884139454461,8.12434042896069e-17
198.677677497706,0.178550065330761,3.78647674540532,0.178561737677191,3.78622922839022,0.676075670265529,8.23365359055689e-17
200.286107113184,0.177083758118812,3.83577911678944,0.177095156897445,3.83553222580832,0.679254181314731,8.34392653680574e-17
201.907558049731,0.175622533983072,3.88571717880824,0.175633665311385,3.88547090942948,0.682419497283858,1.69103149460542e-16
203.542135723711,0.174166440884941,3.9363004749184,0.174177310749314,3.93605482264538,0.685571443970241,1.71346887229993e-16
205.189946404906,0.172715526448207,3.9875387141526,0.172726140706693,3.98729367442403,0.688709848247473,1.94101543556586e-16
206.851097223421,0.171269837992774,4.03944177294611,0.171280202377786,4.03919734113678,0.691834538033723,2.63837298364608e-16
208.525696176653,0.169829422565715,4.09201969698917,0.169839542686665,4.09177586841068,0.694945342267203,8.90961665893214e-17
210.213852136311,0.168394326969802,4.14528270310194,0.168404208315684,4.14503947300348,0.698042090888412,1.80512040448323e-16
211.915674855492,0.166964597789646,4.19924118112828,0.166974245731555,4.19899854469774,0.701124614828802,9.14252941071361e-17
213.63127497582,0.165540281415568,4.25390569584522,0.165549701209173,4.25366364821012,0.704192746005505,9.26039527470644e-17
215.360764034637,0.164121424065311,4.30928698888456,0.164130620853267,4.30904552511336,0.707246317321849,2.0972519397409e-16
217.104254472254,0.162708071803698,4.36539598066327,0.162717050618018,4.36515509576648,0.710285162673334,9.49892693753725e-17
218.861859639264,0.161300270560334,4.42224377231901,0.161309036324698,4.42200346125058,0.713309116958808,2.72082932712808e-16
220.633693803907,0.159898066145426,4.47984164764762,0.159906623677448,4.47960190530632,0.716318016096595,1.94823268329994e-16
222.419872159503,0.158501504263829,4.53820107503831,0.158509858277269,4.53796189626931,0.719311697045298,2.2055812738859e-16
224.220510831939,0.157110630527353,4.59733370940384,0.157118785634296,4.59709508900017,0.72228999782909,2.2331760527809e-16
226.03572688722,0.155725490465444,4.65725139410082,0.155733451178417,4.65701332680501,0.725252757567224,2.26097349089148e-16
227.865638339077,0.154346129534279,4.71796616283702,0.15435390026833,4.71772864334285,0.728199816507588,0
229.710364156645,0.15297259312433,4.77949024156141,0.152980178199068,4.77925326451564,0.731131016064082,1.86816317416035e-16
231.570024272191,0.151604926566484,4.84183605033253,0.151612330208068,4.84159961033669,0.734046198857617,1.17278441908324e-16
233.444739588916,0.150243175136735,4.90501620516132,0.150250401479825,4.90478029677365,0.736945208760574,2.65439570736353e-16
235.334631988815,0.148887384059533,4.96904351982357,0.148894437149201,4.96880813756093,0.739827890944507,1.20147715572505e-16
237.239824340596,0.147537598509818,5.03393100763734,0.147544482303417,5.03369614597727,0.742694091930924,2.17519248244824e-16
239.160440507678,0.146193863613782,5.0996918832009,0.146200581982778,5.09945753658361,0.745543659644985,1.10064477251097e-16
241.096605356231,0.144856224448422,5.16633956408547,0.144862781180184,5.16610572691601,0.748376443471929,3.52207745025061e-16
243.048444763306,0.143524726039907,5.23388767247809,0.143531124839465,5.23365433912854,0.751192294316066,1.69049580331275e-16
245.016085625011,0.142199413360807,5.3023500367688,0.142205657852569,5.30211720158048,0.753991064662176,1.61262705964405e-16
246.999655864764,0.140880331326224,5.37174069307628,0.140886425055661,5.37150835036209,0.756772608639147,1.7305272632252e-16
248.99928444161,0.139567524788859,5.44207388670639,0.139573471224151,5.44184203075312,0.759536782085697,5.83576146243075e-17
251.015101358603,0.138261038533054,5.51336407353669,0.138266841066704,5.51313269860749,0.762283442618012,5.9035050401229e-17
253.047237671259,0.136960917267844,5.58562592132093,0.136966579218259,5.58539502165777,0.765012449699159,1.19433009231711e-16
255.09582549608,0.135667205619051,5.65887431090635,0.13567273023209,5.65864388073254,0.767723664710096,0
257.160998019135,0.134379948120466,5.73312433735647,0.134385338570956,5.73289437087931,0.770416951022142,6.10912831644121e-17
259.242889504728,0.133099189204133,5.80839131097238,0.133104448597351,5.80816180238578,0.773092174070754,2.54744069045768e-16
261.341635304121,0.131824973189792,5.88469075820384,0.131830104562919,5.88446170169113,0.775749201430437,1.39713034197579e-16
263.457371864336,0.130557344273491,5.96203842244292,0.13056235059704,5.96180981217956,0.77838790289066,1.41280145148238e-16
265.590236737027,0.129296346515421,6.04045026469067,0.129301230694626,6.04022209484716,0.78100815053261,1.27773920745592e-16
267.740368587419,0.128042023826995,6.11994246408836,0.128046788703179,6.11971472883322,0.783609818806637,6.4595191775581e-17
269.907907203326,0.126794419957203,6.20053141830382,0.126799068309115,6.20030411180657,0.786192784610248,1.84716209665344e-16
272.092993504239,0.125553578478288,6.28223374376286,0.125558113023413,6.28200686019709,0.78875692736648,3.30112285321427e-17
274.295769550488,0.124319542770758,6.36506627571562,0.124323966166598,6.36483980926222,0.791302129102534,1.37590881074021e-16
276.516378552475,0.123092356007783,6.44904606812703,0.123096670853119,6.44882001297739,0.793828274528486,1.90816318926567e-16
278.754964879989,0.121872061139006,6.53419039338038,0.121876269975124,6.5339647437397,0.796335251115961,1.92869108359831e-16
281.011674071587,0.120658700873793,6.62051674178195,0.12066280618569,6.62029149187272,0.798822949176609,6.89186343858784e-17
283.286652844062,0.119452317663967,6.70804282085471,0.119456321881532,6.70781796492018,0.80129126194023,6.96510189803556e-17
285.580049101975,0.11825295368605,6.79678655440845,0.118256859185224,6.79656208671622,0.803740085632429,1.45105736690272e-16
287.892011947275,0.117060650823057,6.88676608137264,0.11706445992696,6.88654199621836,0.806169319551633,1.77813450172226e-16
290.222691688993,0.115875450645863,6.97799975437877,0.11587916562591,6.97777604608992,0.808578866145357,1.43734469136641e-16
292.572239853012,0.114697394394187,7.07050613807717,0.11470101747117,7.07028280101695,0.81096863108556,1.45224245135124e-16
294.940809191919,0.113526522957229,7.16430400717356,0.113530056302384,7.16408103574488,0.813338523342956,1.64037905282558e-16
297.328553694936,0.112362876853972,7.25941234416996,0.112366322590022,7.2591897328195,0.815688455260176,3.70553739464121e-17
299.735628597932,0.111206496213223,7.35585033679296,0.1112098564154,7.35562808001543,0.818018342623602,3.74321791066008e-17
302.162190393513,0.110057420753383,7.45363737509345,0.110060697450428,7.45341546743588,0.820328104733798,3.04836981187977e-16
304.608396841202,0.108915689762012,7.55279304819942,0.108918884937156,7.55257148426559,0.822617664474368,1.52759705712964e-16
307.074406977686,0.107781342075213,7.65333714070391,0.107784457667137,7.65311591515891,0.824886948379142,7.7141607323201e-17
309.560381127168,0.10665441605686,7.75528962866957,0.106657453960638,7.75506873624448,0.827135886697578,1.60607222145945e-16
312.066480911777,0.10553494957772,7.85867067522942,0.105537911645736,7.85845011072614,0.829364413458242,7.86728031321319e-17
314.592869262085,0.104422979994485,7.96350062576451,0.104425868037343,7.96328038406064,0.831572466530275,7.94421125970958e-17
317.139710427697,0.103318544128768,8.06980000263655,0.10332135991617,8.06958007869054,0.833759987682739,2.00534520308679e-17
319.707169987928,0.102221678246077,8.17758949945427,0.102224423507693,8.17736988831057,0.835926922641714,4.04939116274198e-17
322.29541486257,0.101132418034807,8.28688997485113,0.101135094461123,8.28667067164559,0.838073221145092,1.9284022392552e-16
324.904613322743,0.100050798585285,8.39772244575067,0.100053407828437,8.39750344571599,0.840198836994931,2.06356364912524e-17
327.534935001834,0.098976854368903,8.51010808009622,0.098979398043489,8.50988937856766,0.842303728107308,1.77978262849657e-16
330.186550906528,0.0979106192173503,8.62406818901973,0.0979130989012302,8.6238497814409,0.844387856559574,6.30793107089304e-17
332.859633427924,0.0968521263020075,8.73962421842453,0.0968545435370852,8.73940610035329,0.846451188634936,1.75005963608087e-16
335.554356352742,0.0958014081135031,8.85679773995616,0.0958037644064926,8.85657990707085,0.848493694864292,2.14192239017921e-17
338.270894874623,0.0947584964414812,8.97561044133384,0.0947607932646578,8.97539288943948,0.850515350065255,1.74276350661408e-16
341.009425605519,0.0937234223545987,9.09608411601569,0.0937256611465344,9.09586684105046,0.852516133378294,1.52697054167957e-16
343.770126587175,0.0926962161807855,9.21824065216882,0.0926983983470701,9.21802365021072,0.854496028299946,1.79163392477573e-16
346.553177302703,0.0916769074877943,9.34210202091582,0.091679034401741,9.34188528818941,0.856455022713036,1.83150233559246e-16
349.358758688252,0.0906655250640606,9.46769026382818,0.0906675980673989,9.46747379671158,0.858393108913876,1.95678310489362e-16
352.187053144771,0.0896620968999083,9.59502747963582,0.0896641173034611,9.59481127466785,0.86031028363639,1.81218376755457e-16
355.038244549867,0.0886666501691144,9.72413581012296,0.0886686192534625,9.72391986401052,0.86220654807313,9.12308718474115e-17
357.912518269762,0.0876792112108645,9.85503742517828,0.0876811302269975,9.85482173480383,0.86408190789318,1.85493220507162e-16
360.810061171339,0.0866998055121174,9.98775450696789,0.0867016756820716,9.98753906939715,0.865936373256891,3.48117315562045e-17
363.731061634299,0.0857284576903985,10.1223092331994,0.0857302802078816,10.1220940456892,0.867769958827464,2.09370722429132e-16
366.675709563398,0.0847651914770476,10.2587237594434,0.084766967508051,10.2585088194498,0.869582683779358,2.36091990514716e-17
369.644196400802,0.0838100297009319,10.3970202004812,0.0838117603843304,10.3968055056678,0.87137457180352,2.0343553000855e-16
372.636715138533,0.0828629942726489,10.5372206106442,0.0828646807207887,10.5370061588905,0.873145651109449,1.92936153003297e-16
375.653460331008,0.0819241061692316,10.6793469631125,0.0819257494685065,10.6791327525226,0.874895954424091,1.99668727679287e-16
378.694628107696,0.080993385419371,10.82342112814,0.0809949866307861,10.8232071570514,0.876625518987608,2.0914504045114e-16
381.760416185865,0.0800708510891713,10.9694648501718,0.0800724112488967,10.9692511171643,0.878334386546001,8.30838161380587e-17
384.851023883439,0.0791565212684474,11.1174997238219,0.0791580413883598,11.1172862277271,0.880022603340665,3.10247194649418e-18
387.966652131954,0.0782504130575808,11.2675471686784,0.0782518941257941,11.2673339085888,0.881690220094862,3.44056976805716e-17
391.107503489621,0.077352542554935,11.4196284029043,0.0773539855363212,11.4194153781828,0.883337291997197,3.15313293340506e-18
394.273782154499,0.0764629248448482,11.5737644156014,0.0764643306815465,11.5735516258913,0.884963878682104,4.26250548964089e-16
397.465693977764,0.0755815739862045,11.7299759379084,0.0755829435981212,11.7297633831432,0.886570044207421,7.68931497209759e-17
400.683446477099,0.0747085030015887,11.8882834128025,0.0747098372868864,11.8880710932159,0.888155857029095,2.0667418181511e-16
403.927248850181,0.0738437238670338,12.0487069635756,0.0738450237026111,12.0484948797115,0.889721389973087,2.22465624956624e-16
407.197311988284,0.0729872475023588,12.211266360959,0.0729885137443201,12.2110545136823,0.89126672020454,5.90425098618302e-17
410.493848489989,0.0721390837621023,12.3759809888701,0.0721403172462183,12.3757693793769,0.892791929194283,0
413.817072675003,0.0712992414270519,12.5428698087584,0.0713004429692104,12.5426584385869,0.894297102682748,1.33242043542513e-17
417.167200598099,0.0704677281963644,12.7119513225289,0.0704688985930128,12.7117401935696,0.895782330641382,1.07408783322234e-16
420.544450063156,0.0696445506802835,12.8832435340221,0.0696456907088614,12.8830326485293,0.897247707231634,2.16870836266652e-16
423.949040637325,0.0688297143934414,13.0567639090372,0.0688308248128053,13.0565532696396,0.898693330761622,2.24791696541498e-16
427.381193665299,0.0680232237487502,13.2325293338819,0.0680243052995892,13.2323189435936,0.900119303640547,1.3731995611317e-17
430.841132283705,0.067225082051871,13.4105560724397,0.067226135457114,13.4103459346714,0.90152573233098,1.38340171120743e-17
434.329081435614,0.0664352914962572,13.5908597217485,0.0664363174614718,13.5906498403185,0.902912727299101,1.12356095686322e-16
437.845267885158,0.0656538531587665,13.7734551660852,0.0656548523725505,13.7732455452307,0.904280402963011,2.35321694103398e-16
441.389920232281,0.06488076699583,13.9583565295616,0.064881740130194,13.9581471739497,0.905628877639206,1.16602938926293e-16
444.963268927599,0.0641160318401743,14.1455771272333,0.0641169795509172,14.1453680419722,0.906958273487332,2.31847169860158e-16
448.565546287376,0.0633596453980855,14.3351294147362,0.0633605683251622,14.3349206053862,0.908268716453348,2.56599296378595e-16
452.196986508636,0.062611604247203,14.5270249364646,0.0626125030150844,14.5268164090492,0.909560336211172,1.19128186593744e-16
455.857825684385,0.0618719038348392,14.7212742723151,0.0618727790528652,14.7210660333317,0.910833266102971,1.16387908163191e-16
459.54830181896,0.0611405384768078,14.9178869830229,0.0611413907395327,14.9176790394538,0.912087643078183,1.17204441897818e-16
463.268654843505,0.0604175013567543,15.1168715541279,0.0604183312442855,15.1166639134507,0.913323607631404,0
467.019126631568,0.0597027845259786,15.3182353386098,0.0597035926043082,15.318028008808,0.914541303739255,2.5383645548856e-16
470.799961014825,0.0589963789037331,15.5219844982454,0.0589971657250627,15.5217774878182,0.915740878796357,5.98267298746597e-17
474.611403798933,0.0582982742779942,15.7281239437415,0.058299040381053,15.7279172617141,0.916922483550532,1.9284534763142e-16
478.453702779515,0.0576084593066887,15.9366572737133,0.0576092052170451,15.9364509296462,0.918086272037359,9.09640825274791e-17
482.327107758263,0.05692692151937,16.1475867125789,0.056927647749737,16.1473807165771,0.9192324015142,1.25859007970086e-16
486.231870559183,0.0562536473193342,16.3609130474551,0.0562543543698677,16.3607074101773,0.920361032393834,1.22916706733999e-16
490.168245044967,0.0555886219861629,16.576635564148,0.0555893103447548,16.5764302968143,0.921472328177808,1.38336617817727e-16
494.136487133493,0.0549318296786914,16.7947519823377,0.0549324998212561,16.7945470967381,0.922566455389642,1.24547138425344e-16
498.136854814472,0.0542832534383883,17.0152583900733,0.054283905829143,17.0150538985745,0.92364358350801,1.40158993293021e-16
502.169608166212,0.0536428751931448,17.2381491776969,0.0536435102848846,17.2379450932495,0.924703884900006,2.69513448768021e-16
506.235009372529,0.0530106757614678,17.4634169713329,0.0530112939958346,17.4632133074772,0.925747534754643,1.58738808078585e-16
510.333322739797,0.0523866348570706,17.6910525660839,0.0523872366648161,17.6908493369552,0.926774711016679,3.19512975391763e-17
514.464814714125,0.0517707310938635,17.9210448590882,0.0517713168951072,17.9208420794218,0.927785594320919,2.59240044343845e-16
518.629753898684,0.0511629419913386,18.1533807826046,0.0511635121958204,18.1531784677392,0.92878036792708,3.2358178757961e-17
522.828411071172,0.0505632439803551,18.3880452372993,0.0505637989876817,18.3878434031802,0.929759217655374,3.256152337407e-17
527.061059201407,0.049971612409325,18.6250210259218,0.0499721526092118,18.6248196891027,0.930722331822893,1.35092748329837e-16
531.327973469089,0.0493880215508033,18.8642887875668,0.0493885473233111,18.864087965211,0.931669901180928,6.59360433297667e-17
535.629431281677,0.0488124446084951,19.1058269327292,0.0488129563242613,19.1056266426095,0.932602118853339,1.48346012531312e-16
539.965712292436,0.0482448537246825,19.3496115793688,0.0482453517451476,19.3494118398662,0.93351918027607,2.66994167002795e-16
544.33709841861,0.047685219988089,19.5956164902111,0.0476857046657182,19.5954173203129,0.93442128313794,2.70708890693571e-16
548.743873859751,0.0471335134421926,19.8438130115193,0.0471339851206924,19.8436144308152,0.935308627322802,1.68901411584e-16
553.186325116201,0.0465897030940046,20.0941700135809,0.0465901621085348,20.0939720422584,0.936181414853184,1.51977507597719e-16
557.664741007712,0.0460537569233366,20.3466538331576,0.0460542036007176,20.3464564919957,0.937039849835514,1.40952787284826e-16
562.179412692231,0.0455256418925741,20.6012282181575,0.0455260765514896,20.6010315285195,0.937884138407029,1.41789029007542e-16
566.730633684818,0.0450053239569865,20.8578542747884,0.0450057469081818,20.8576582586126,0.938714488684468,1.95679990579166e-16
571.318699876742,0.0444927680755975,21.1164904174606,0.0444931796220732,21.1162950972501,0.939531110714653,2.78355116354923e-16
575.943909554709,0.0439879382226502,21.3770923217048,0.0439883386598515,21.3768977205154,0.940334216427041,1.39988306879967e-16
580.606563420252,0.0434907973996999,21.6396128803756,0.0434911870157019,21.6394190218025,0.941124019588351,1.40798909354893e-16
585.306964609293,0.0430013076483702,21.9040021634098,0.0430016867240588,21.9038090715723,0.94190073575935,1.41609381368104e-16
590.045418711838,0.0425194300638157,22.1702073814039,0.0425197988730643,22.1700150809287,0.942664582253891,7.12098697053193e-17
594.822233791851,0.0420451248089304,22.4381728532747,0.0420454836187728,22.4379813692776,0.94341577810029,2.02557809416237e-16
599.637720407286,0.041578351129351,22.7078399782578,0.0415787002001495,22.7076493363234,0.944154544005114,1.61041820004983e-16
604.492191630263,0.0411190673693009,22.9791472124906,0.0411194069549118,22.9789574386509,0.944881102319485,2.9861655130159e-16
609.385963067443,0.040667230988328,23.2520300504196,0.040667561336262,23.2518411711302,0.945595677007958,1.45660382585187e-16
614.319352880526,0.0402227985789896,23.5264210112511,0.0402231199305687,23.5262330533663,0.946298493620063,4.45472445491432e-16
619.29268180695,0.0397857258855401,23.8022496306586,0.0397860384760514,23.8020626214044,0.946989779264582,7.36402443007159e-17
624.306273180741,0.0393559678236815,24.079442457934,0.0393562718825263,24.0792564248798,0.947669762586639,2.22135831104853e-16
629.360452953524,0.0389334785014365,24.3579230587546,0.0389337742522767,24.3577380297831,0.948338673747668,1.66475991400867e-16
634.455549715731,0.0385182112412067,24.6376120237147,0.0385184989021066,24.6374280269899,0.94899674440834,2.99421610925439e-16
639.591894717946,0.0381101186030816,24.9184269827414,0.0381103983866472,24.9182440466755,0.949644207714503,1.68287626592689e-16
644.769821892456,0.0377091524094623,25.2002826254923,0.0377094245229769,25.200100778711,0.950281298286213,1.51331342743669e-16
649.989667874954,0.0373152637710698,25.4830907277988,0.0373155284166254,25.4829099991051,0.950908252209916,2.1516094628518e-16
655.251772026422,0.036928403114403,25.766760184188,0.0369286604890296,25.7665806025245,0.951525307033844,3.1531926620422e-16
660.556476455202,0.0365485202107169,26.0511970464811,0.0365487705065076,26.0510186408912,0.952132701766685,0
665.90412603923,0.0361755642065898,26.3363045684312,0.036175807610823,26.336127368019,0.952730676879587,1.54573843582674e-16
671.295068448464,0.0358094836561471,26.6219832563241,0.0358097203514057,26.6218072902136,0.953319474311562,7.76924300248995e-17
676.729654167483,0.0354502265550127,26.908130925427,0.0354504567192999,26.9079562227194,0.953899337478331,0
682.208236518274,0.0350977403760539,27.1946427621273,0.0350979641829062,27.1944693518587,0.954470511284677,0
687.731171683206,0.0347519721069864,27.4814113915672,0.0347521897255836,27.4812393026645,0.955033242140362,1.76447076774875e-16
693.298818728181,0.0344128682899073,27.7683269505291,0.0344130798851792,27.7681562117661,0.95558777797964,1.7735471865671e-16
698.911539625983,0.0340803750628159,28.0552771652933,0.0340805807955466,28.0551078052458,0.95613436828445,1.78262608433068e-16
704.569699279812,0.0337544382031869,28.3421474341403,0.033754638230116,28.3419794811415,0.9566732641113,1.79170751003871e-16
710.273665546999,0.0334350031736528,28.6288209141316,0.0334351976475742,28.6286543962265,0.957204718121929,1.80079148645461e-16
716.023809262934,0.033122015169852,28.9151786117617,0.0331222042397095,28.9150135566627,0.957728984617753,1.80987800772941e-16
721.820504265165,0.0328154191704947,29.2010994770336,0.0328156029814754,29.2009359120754,0.958246319578173,3.3540094926598e-16
727.664127417709,0.032515159989696,29.4864605004744,0.0325153386833208,29.4862984525695,0.958756980702776,1.63506523222215e-16
733.555058635552,0.0322211823316201,29.771136812571,0.0322213560458321,29.7709763081662,0.959261227457458,1.64319897143689e-16
739.493680909343,0.0319334308474781,30.0550017850751,0.0319335997167281,30.0548428501083,0.959759321124528,0
745.480380330305,0.0316518501949122,30.3379271335986,0.031652014350242,30.3377697934564,0.960251524856823,1.65947214267339e-16
751.515546115323,0.0313763850998006,30.6197830208925,0.0313765446689242,30.6196273003696,0.960738103735859,1.66761119785152e-16
757.599570632258,0.0311069804205073,30.9004381601883,0.0311071355278894,30.9002840834472,0.961219324834074,1.87354722110172e-16
763.732849425456,0.0308435812145973,31.1797599179573,0.0308437319815298,31.17960750849,0.961695457281161,0
769.915781241454,0.0305861328080335,31.4576144154399,0.0305862793527099,31.4574636960316,0.962166772334553,0
776.148768054918,0.0303345808668627,31.7338666282887,0.0303347233044505,31.7337176209821,0.962633543454058,8.50088721908352e-17
782.432215094763,0.030088871471396,32.0083804836697,0.0300890099141069,32.0082332097321,0.963096046380675,1.90995942141786e-16
788.76653087051,0.0298489511928796,32.2810189541756,0.0298490857500378,32.2808734340678,0.96355455921961,1.71646114969241e-16
795.152127198837,0.029614767172648,32.5516441479186,0.0296148979507566,32.5515004012657,0.964009362527497,1.92816297778048e-16
801.589419230357,0.0293862672037434,32.820117394188,0.0293863943065489,32.8199754397531,0.964460739403835,1.93726191928064e-16
808.078825476607,0.0291633998149822,33.0862993240912,0.0291635233435373,33.0861591797505,0.964908975586647,0
814.620767837254,0.0289461143574385,33.3500499456248,0.0289462344101635,33.349911628346,0.965354359552342,0
821.215671627531,0.0287343610933128,33.6112287126704,0.0287344777660547,33.6110922384932,0.965797182619796,0
827.863965605879,0.0285280912871444,33.8696945874542,0.0285282046732348,33.8695599714734,0.966237739058596,1.97361917561475e-16
834.566082001833,0.0283272572993212,34.1253060960695,0.0283273674896327,34.1251733524212,0.966676326201456,1.98269378674737e-16
841.322456544116,0.0281318126818342,34.3779213767214,0.0281319197648353,34.3777905185708,0.96711324456075,1.7814844353723e-16
848.133528488963,0.0279417122762175,34.6273982204245,0.027941816338026,34.6272692599575,0.967548797949105,2.00081689593982e-16
854.999740648693,0.0277569123136077,34.8735941039624,0.0277570134380427,34.8734670523792,0.967983293604029,8.98837855936035e-17
861.921539420481,0.027577370516851,35.1163662149995,0.0275774687854838,35.116241082511,0.968417042316469,9.02877516190465e-17
868.899374815392,0.0274030462045796,35.355571469325,0.0274031416967831,35.3554482651514,0.96885035856323,1.28256545044971e-16
875.933700487634,0.027233900397172,35.5910665203066,0.0272339931901693,35.5909452526793,0.969283560643156,9.10936659154822e-17
883.024973764047,0.0270698959245067,35.8227077607289,0.0270699860934179,35.8225884368939,0.969716970816951,2.0459002790024e-16
890.173655673848,0.0269109975354092,36.0503513173004,0.0269110851532981,36.0502339435246,0.970150915450507,2.05486385482779e-16
897.380210978585,0.0267571720086897,36.2738530382197,0.0267572571466084,36.2737376197995,0.970585725161577,2.0638047303068e-16
904.645108202373,0.0266083882656563,36.49306847431,0.0266084709926894,36.4929550155817,0.971021734969625,9.26948767891563e-17
911.968819662343,0.0264646174839862,36.7078528543429,0.0264646978672943,36.7077413586947,0.971459284448638,0
919.351821499347,0.0263258332128266,36.9180610552966,0.0263259113176882,36.9179515251833,0.971898717882687,1.8697694801424e-16
926.794593708925,0.0261920114889888,37.1235475684151,0.0261920873788419,37.123440005374,0.972340384423952,1.32770739631496e-16
934.297620172496,0.0260631309540933,37.3241664620563,0.0260632046905761,37.324060866724,0.972784638252952,2.66652983093313e-16
941.861388688832,0.0259391729725105,37.5197713424414,0.025939244615501,37.519667714573,0.973231838740627,2.84001755246595e-16
949.486391005764,0.0258201217499346,37.7102153135433,0.0258201913575903,37.7101136520316,0.973682350611937,9.50564874077784e-17
957.173122852146,0.0257059644524195,37.8953509374691,0.0257060320812152,37.8952512403655,0.974136544110544,2.13418387292193e-16
964.9220839701,0.025596691325688,38.0750301968167,0.0255967570304538,38.074932461352,0.974594795164167,0
972.733778147489,0.0254922958145229,38.2491044605953,0.0254923596484817,38.2490086832019,0.975057485550083,9.62107557189736e-17
980.608713250685,0.0253927746820287,38.4174244554168,0.0253928366968327,38.4173306317501,0.975525003060259,9.65904005867098e-17
988.547401257578,0.0252981281285437,38.5798402437642,0.0252981883743101,38.5797483687252,0.975997741665492,1.3713225389445e-16
996.55035829086,0.0252083599099652,38.7362012112461,0.0252084184353123,38.7361112790027,0.976476101677921,3.07818544504342e-16
1004.61810465159,0.0251234774552396,38.8863560648302,0.0251235343073216,38.8862680688389,0.97696048991118,1.38184274047556e-16
1012.75116485301,0.0250434919827486,39.0301528441291,0.0250435472072902,39.0300667771561,0.977451319837398,2.193084004729e-16
1020.95006765465,0.0249684186153106,39.1674389478772,0.0249684722566414,39.1673548020181,0.977949011740218,9.84404927222537e-17
1029.21534609671,0.0248982764934973,39.2980611777847,0.0248983285945851,39.2979789444843,0.978453992862858,9.87991457867198e-17
1037.5475375347,0.0248330888869477,39.4218658019935,0.0248331394894324,39.4217854720633,0.978966697550227,9.91533687269051e-17
1045.94718367439,0.0247728833033443,39.5386986403705,0.0247729324475708,39.538620204006,0.979487567384,1.40718291626223e-16
1054.41483060703,0.0247176915946989,39.6484051738716,0.0247177393197495,39.6483286206675,0.980017051309422,9.98472960298311e-17
1062.95102884484,0.0246675500605722,39.7508306801771,0.0246675964042993,39.7507559991413,0.980555605752599,0
1071.5563333568,0.0246224995478408,39.8458203977466,0.0246225445468988,39.8457475773124,0.981103694726861,2.010393302612e-16
1080.23130360475,0.0245825855465979,39.9332197203539,0.0245826292364751,39.9331487483903,0.981661789926688,1.42619025919242e-16
1088.97650357974,0.0245478582817641,40.0128744240515,0.0245479006968141,40.012805287872,0.98223037080764,0
1097.79250183872,0.0245183727999637,40.0846309283612,0.0245184139734366,40.0845636147306,0.982809924650518,1.01481455456456e-16
1106.67987154148,0.024494189051207,40.148336593307,0.0244942290152803,40.148271088446,0.983400946607952,0
1115.63919048792,0.0244753719649075,40.2038400536787,0.0244754107507172,40.2037763432672,0.984003939731433,1.44372530933804e-16
1124.67104115564,0.0244619915197503,40.2509915916593,0.0244620291574211,40.2509296608374,0.984619414976709,2.28922822173986e-16
1133.77601073777,0.0244541228069178,40.2896435486373,0.0244541593255935,40.2895833820044,0.985247891185318,1.45182215948629e-16
1142.95469118117,0.0244518460861764,40.3196507766855,0.02445188151405,40.319592358298,0.985889895039897,2.30163159465787e-16
1152.20767922492,0.0244552468343239,40.3408711297956,0.0244552811986674,40.3408144431625,0.986545960990801,1.45940020160729e-16
1161.53557643908,0.0244644157854993,40.3531659945274,0.0244644491126934,40.3531110226051,0.98721663115139,2.31316862790406e-16
1170.93898926384,0.0244794489628677,40.3564008592578,0.0244794812784311,40.356347584443,0.98790245515923,0
1180.41852904894,0.0245004477011999,40.3504459207051,0.0245004790298187,40.3503943248266,0.98860399000033,1.0392089129746e-16
1189.97481209338,0.0245275186598933,40.3351767258508,0.0245275490254499,40.3351267901605,0.989321799793401,0
1199.60845968555,0.024560773825998,40.3104748468054,0.0245608032515997,40.310426551969,0.990056455530971,1.04345933169584e-16
1209.32009814357,0.0246003305068516,40.2762285855543,0.0246003590148591,40.2761819116409,0.990808534774143,1.47840424661648e-16
1219.11035885602,0.0246463113119645,40.2323337048915,0.0246463389240204,40.2322886313635,0.991578621297599,1.04718133446918e-16
1228.97987832301,0.0246988441238459,40.1786941812115,0.0246988708609023,40.1786506869149,0.992367304681416,1.04882749577709e-16
1238.92929819754,0.0247580620575209,40.1152229741845,0.0247580879398674,40.1151810373393,0.993175179846145,1.48537834852182e-16
1248.95926532723,0.0248241034085547,40.0418428077055,0.0248241284558454,40.0418024058973,0.994002846527575,2.10330978821862e-16
1259.07043179635,0.0248971115894782,39.9584869558908,0.0248971358207588,39.9584480660636,0.994850908687521,1.05282139809184e-16
1269.26345496825,0.0249772350545921,39.8651000273125,0.0249772584883266,39.8650626257629,0.995719973857008,1.49031654816392e-16
1279.53899752808,0.02506462721323,39.7616387401181,0.025064649867327,39.7616028024917,0.996610652408185,2.3582056619872e-16
1289.89772752585,0.0251594463316588,39.6480726802079,0.0251594682234971,39.6480381814979,0.997523556751398,1.0552394111598e-16
1300.34031841991,0.0252618554239163,39.5243850342285,0.0252618765703703,39.5243519487769,0.998459300453879,1.05565800970324e-16
1310.86744912069,0.0253720221320087,39.390573288825,0.0253720425494735,39.3905415903269,0.999418497276578,1.4932242419979e-16
1321.47980403488,0.0254798817954857,39.2308884806466,0.0254799014919877,39.2308581543413,0.999598401218758,1.05586373367925e-16
1332.17807310988,0.0255802608232547,39.0376115175168,0.0255802798033725,39.0375825522955,0.998592284534971,2.36046822268398e-16
1342.96295187868,0.0256880570183984,38.8337283844484,0.0256880752981754,38.8337007501517,0.997563028976709,4.50768530006633e-16
1353.8351415051,0.0258034079337725,38.6193245254463,0.0258034255288603,38.6192981913301,0.996510184856837,1.17892458266456e-16
1364.79534882933,0.0259264531429553,38.3945042894215,0.0259264700686368,38.3944792241832,0.995433316406685,2.10700597070366e-16
1375.84428641392,0.0260573340248957,38.159391228248,0.0260573502961068,38.1593674000574,0.994332003421133,1.17648751190051e-16
1386.98267259009,0.0261961935486042,37.9141282924613,0.026196209179955,37.9141056689957,0.993205842975928,5.25395596338906e-17
1398.21123150444,0.0263431760600656,37.6588779178456,0.0263431910658602,37.6588564663295,0.992054451214323,1.89114758791311e-16
1409.53069316601,0.0264984270737322,37.39382199713,0.0264984414679886,37.3938016843783,0.990877465199073,3.51160814785077e-16
1420.94179349378,0.0266620930711411,37.119161732135,0.0266621068676089,37.1191425246013,0.989674544824924,2.15349767428754e-16
1432.44527436445,0.0268343213093729,36.8351173629463,0.0268343345215506,36.8350992267739,0.988445374785763,1.16491562199547e-16
1444.04188366077,0.0270152596422397,36.5419277720401,0.0270152722833914,36.5419106731174,0.98718966658963,5.19473594300211e-17
1455.73237532004,0.0272050563572467,36.2398499627119,0.027205068440417,36.2398338667303,0.985907160613741,2.13501743679573e-16
1467.51750938323,0.0274038600315238,35.9291584126475,0.0274038715695523,35.9291432851626,0.984597628190638,2.30759607495271e-16
1479.39805204436,0.0276118194100518,35.6101443050009,0.0276118304155859,35.6101301114957,0.98326087371557,5.13998307596676e-17
1491.37477570027,0.0278290833096347,35.2831146408689,0.027829093795142,35.2831013468191,0.98189673676413,0
1503.44845900091,0.0280558005521693,34.948391238561,0.0280558105299487,34.9483788095015,0.980505094208247,5.09472726394029e-17
1515.61988689989,0.0282921199308522,34.6063096265183,0.0282921294130437,34.6062980281105,0.979085862317661,2.09014570621422e-16
1527.88985070559,0.0285381902130322,34.2572178381088,0.0285381992116259,34.2572070362085,0.977638998833229,2.01683299168677e-16
1540.25914813254,0.0287941601834614,33.901475117803,0.0287941687103056,33.9014650785274,0.976164504997652,2.06686932471397e-16
1552.72858335329,0.0290601787317311,33.5394505493695,0.029060186798539,33.5394412391642,0.974662427528735,2.05402803557807e-16
1565.29896705074,0.0293363949876746,33.1715216177289,0.0293364026060306,33.1715130034329,0.973132860519885,2.47430844036024e-16
1577.9711164708,0.029622958508509,32.7980727169239,0.0296229656898733,32.7980647658325,0.971575947252497,1.96538689798617e-16
1590.74585547554,0.0299200195214374,32.4194936173106,0.0299200262771504,32.419486297237,0.969991881905048,4.8762753461292e-17
1603.62401459674,0.0302277292253684,32.0361779055344,0.030227735566654,32.0361711848671,0.968380911144224,1.9498647502032e-16
1616.6064310899,0.0305462401553147,31.6485214111087,0.0305462460932825,31.6485152588667,0.966743335584347,4.79568028301976e-17
1629.69394898867,0.0308757066129055,31.2569206334956,0.0308757121585522,31.2569150193793,0.965079511102683,9.50448892552237e-17
1642.88741915971,0.0312162851663018,30.8617711834613,0.0312162903305126,30.8617660778998,0.963389850000084,0
1656.18769935804,0.0315681352226167,30.4634662521916,0.0315681400161651,30.4634616263853,0.961674821998804,9.31809266257194e-17
1669.59565428276,0.0319314196757318,30.0623951211883,0.0319314241092793,30.0623909471478,0.959934955072335,3.71611865570517e-16
1683.11215563331,0.0323063056321536,29.6589417253629,0.0323063097162488,29.6589379759424,0.958170836105807,1.83714701140711e-16
1696.73808216612,0.0326929652172688,29.2534832810068,0.0326929689623454,29.2534799299335,0.95638311138991,4.13359460429897e-16
1710.47431975172,0.0330915764640392,28.8463889894712,0.0330915798804144,28.8463860113696,0.954572486956506,2.0410694686182e-16
1724.32176143241,0.0335023242858113,28.4380188264629,0.0335023273836832,28.4380161968742,0.952739728770166,4.38924389132993e-17
1738.28130748022,0.0339254015345077,28.0287224258692,0.0339254043239525,28.0287201212666,0.950885662796873,1.94808920558581e-16
1752.35386545551,0.0343610101450118,27.6188380659958,0.0343610126359804,27.6188360637947,0.949011174979119,4.26692856373115e-17
1766.54035026596,0.0348093623660318,27.2086917650602,0.0348093645683467,27.2086900436238,0.947117211155645,1.69420599981099e-16
1780.84168422602,0.0352706820771607,26.7985964917396,0.0352706840005125,26.7985950303808,0.945204776974264,2.03777962759589e-16
1795.25879711692,0.0357452061911807,26.3888514955707,0.0357452078451239,26.3888502745494,0.943274937857623,1.72102277944762e-16
1809.79262624709,0.0362331861399196,25.9797417610295,0.0362331875338687,25.9797407615469,0.941328819094423,1.62640242546498e-16
1824.44411651309,0.0367348894411167,25.5715375882233,0.0367348905843427,25.5715367924118,0.93936760614274,1.35015420914562e-17
1839.21422046107,0.0372506013427745,25.1644943023079,0.0372506022444003,25.1644936932182,0.937392545247791,1.84420552839518e-16
1854.10389834867,0.0377806265403471,24.7588520930106,0.037780627209344,24.7588516545955,0.935404944493723,4.72488910205788e-17
1869.11411820748,0.0383252909607985,24.3548359850164,0.0383252914059817,24.3548357021128,0.933406175428279,9.25927186400345e-18
1884.24585590593,0.0388849436060237,23.9526559394586,0.038884943836049,23.9526557977658,0.931397675420338,3.01342369177904e-16
1899.50009521279,0.039459958446312,23.5525070863505,0.0394599584696714,23.552507072408,0.929380950933862,1.06414918538317e-16
1914.87782786108,0.0400507363523636,23.154570087527,0.0400507361773821,23.1545701886892,0.927357581927867,2.08742345124277e-16
1930.38005361258,0.0406577070518075,22.7590116295017,0.0406577066866398,22.759011833912,0.925329227620959,1.79956428685468e-16
1946.00778032282,0.0412813310930677,22.3659850456294,0.0412813305456946,22.3659853421929,0.923297633891228,1.41127231271237e-16
1961.76202400658,0.0419221017957093,21.9756310670599,0.041922101073935,21.9756314454152,0.921264642618237,0
1977.64380890397,0.0425805471619077,21.5880787021982,0.0425805462733569,21.5880791526881,0.919232203313925,1.33994393697727e-16
1993.65416754703,0.0432572317182353,21.2034462447458,0.0432572306703511,21.2034467583884,0.917202387434115,1.25840923820315e-16
2009.79414082682,0.0439527582503804,20.8218424108687,0.0439527570504221,20.8218429793278,0.91517740581243,2.37369414414226e-16
2026.06477806113,0.0446677693854014,20.4433676066397,0.044667768040443,20.443368222195,0.913159629714368,5.76357168568884e-17
2042.46713706267,0.0454029489664178,20.0681153276109,0.0454029474833463,20.0681159831289,0.911151616071703,0
2059.00228420788,0.0461590231528541,19.6961736931898,0.0461590215383691,19.6961743820947,0.909156137526584,2.23521130049874e-16
2075.6712945062,0.0469367611650632,19.3276271194095,0.0469367594256761,19.3276278356546,0.907176217991123,2.10000589840831e-16
2092.47525167003,0.0477369755748574,18.9625581346753,0.0477369737168919,18.9625588727149,0.905215174511807,2.09422296296779e-16
2109.41524818514,0.0485605220225458,18.6010493441348,0.0485605200521382,18.6010500988971,0.903276666318319,0
2126.4923853817,0.0494082982158327,18.2431855494117,0.0494082961389331,18.2431863162721,0.901364752032103,1.91074773886641e-16
2143.7077735059,0.0502812420355462,17.8890560315351,0.0502812398579202,17.8890568062907,0.899483956109065,1.84305923287854e-16
2161.0625317921,0.0511803285366945,17.5387570059428,0.0511803262639258,17.5387577847877,0.897639345689405,1.7622665945248e-16
2178.55778853565,0.0521065655897745,17.1923942593467,0.0521065632272679,17.1923950388482,0.895836619119912,4.24105430928791e-17
2196.19468116618,0.0530609878553648,16.8500859789572,0.0530609854083502,16.850086756033,0.894082207491301,0
2213.9743563216,0.0540446487236507,16.5119657849131,0.0540446461971877,16.5119665568095,0.892383390582566,1.57950600889406e-16
2231.89796992262,0.0550586097783059,16.1781859766203,0.0550586071772892,16.178186740892,0.890748428607599,1.50425045303599e-16
2249.9666872479,0.0561039272599498,15.8489210028236,0.0561039245891166,15.8489217573131,0.889186711091105,3.60581476294204e-17
2268.18168300982,0.0571816349071649,15.5243711633562,0.0571816321711021,15.5243719061761,0.887708924026353,4.14849466967192e-16
2286.54414143084,0.0582927224422316,15.2047665472824,0.0582927196453848,15.2047672767973,0.886327236139664,2.64453005193184e-16
2305.05525632052,0.0594381088445737,14.890371207102,0.0594381059912578,14.8903719219116,0.885055504543833,2.52862618809736e-16
2323.7162311531,0.06061860941885,14.5814875613065,0.0606186065132611,14.5814882602307,0.88390949922466,4.52948747963516e-17
2342.52827914574,0.0618348955202424,14.2784610071867,0.0618348925664712,14.2784616892499,0.882907144569245,1.16197082406047e-16
2361.49262333744,0.06308744565324,13.9816847116315,0.0630874426552876,13.9816853760494,0.882068774385792,2.20388149512967e-16
2380.61049666849,0.064376486522979,13.691604528884,0.0643764834847737,13.6916051750501,0.881417394431657,2.13319147090637e-16
2399.88314206069,0.0657019225069425,13.408723969899,0.0657019194323602,13.4087245973727,0.88097894318729,6.24165075185565e-18
2419.31181249812,0.0670632519548577,13.1336091172326,0.0670632488477436,13.1336097257271,0.880782537305585,8.91439998512629e-17
2438.8977711086,0.0684594687523402,12.8668933415506,0.0684594656165338,12.8668939309225,0.880860682655577,2.29688867503033e-16
2458.64229124585,0.0698889477496234,12.6092816305765,0.0698889445889855,12.609282200815,0.881249425039645,1.45313471780622e-16
2478.54665657221,0.0713493130279662,12.3615542889593,0.0713493098464096,12.3615548401767,0.881988406475154,3.40419557409461e-16
2498.61216114214,0.0728372886396783,12.1245697096246,0.0728372854412005,12.1245702420465,0.883120783571827,2.20471690570261e-16
2518.84010948637,0.0743485325189681,11.8992658567752,0.0743485293076865,11.8992663707314,0.884692954504294,1.65876643433227e-16
2539.23181669665,0.07587745584129,11.6866600431324,0.0758774526214802,11.6866605390482,0.886754031354949,1.41262223593533e-16
2559.7886085113,0.0774170323340686,11.4878465372676,0.0774170291102031,11.4878470156542,0.889354986824463,2.01893935842317e-16
2580.51182140139,0.0789586050194779,11.303991511992,0.0789586017962654,11.3039919734385,0.892547400938907,1.81543775312434e-16
2601.4028026576,0.0804917016533394,11.1363248555877,0.0804916984357638,11.1363253007512,0.896381737790632,0
2622.46291047787,0.0820038746547136,10.9861284297702,0.0820038714480692,10.9861288593671,0.900905098695462,1.17259643958328e-16
2643.69351405564,0.0834805863532236,10.8547204868215,0.0834805831631446,10.8547209016175,0.906158430940206,5.61895956371288e-17
2665.0959936689,0.0849051653952332,10.7434361644067,0.0849051622277148,10.7434365652072,0.912173224452081,0
2686.67174076992,0.0862588642694573,10.6536042624653,0.086258861130864,10.6536046501046,0.918967804056502,1.03976509739958e-16
2708.42215807571,0.0875210498685109,10.5865208605241,0.0875210467655674,10.5865212358553,0.926543420167962,1.4206521858984e-16
2730.34865965925,0.0886695571967727,10.5434207261347,0.0886695541365353,10.543421090018,0.934880447125638,9.73870984649127e-17
2752.45267104134,0.0896812290665393,10.5254478474113,0.0896812260563415,10.5254482007036,0.94393509943161,2.99692450638726e-16
2774.73562928337,0.0905326505309224,10.5336267321173,0.0905326475782939,10.5336270756606,0.953637147761958,0
2797.19898308069,0.0912010654943351,10.5688362859999,0.0912010626068927,10.5688366206112,0.963889130318383,9.08901622650063e-17
2819.84419285682,0.0916654357094719,10.6317880596072,0.0916654328947837,10.631788386068,0.974567484854658,1.79244083915942e-16
2842.67273085842,0.0919075726882036,10.7230104095379,0.0919075699536311,10.7230107285851,0.985525858650967,0
2865.68608125093,0.0919132465302537,10.8428396712697,0.0919132438827785,10.8428399835875,0.996600595793424,1.97716826529702e-16
2888.88574021513,0.090980064928677,10.9083183066044,0.0909800623940336,10.9083186105028,0.992439507797546,3.64836457325774e-16
2912.27321604441,0.0895359062049714,10.9668761043743,0.0895359037945991,10.9668763996107,0.981929190242798,2.84909079466064e-16
2935.85002924277,0.0879161454045247,11.0561774233307,0.0879161431196178,11.0561777106766,0.972016501967769,2.24835992558163e-17
2959.61771262377,0.0861448329036308,11.1766690264201,0.0861448307442199,11.1766693065881,0.962812285700149,5.13649228237784e-17
2983.57781141006,0.0842471363916513,11.328561219927,0.0842471343566902,11.3285614935645,0.954398842216359,1.86627429575601e-16
3007.73188333398,0.0822483407000289,11.5118336926207,0.0822483387875076,11.5118339603055,0.946829219632742,1.1922789589965e-16
3032.08149873869,0.0801729856650992,11.7262501068125,0.0801729838721735,11.7262503690491,0.940128481718844,2.3128453129744e-16
3056.6282406804,0.0780441802696762,11.9713798575564,0.0780441785928064,11.9713801147754,0.934296527679901,5.05881319840788e-17
3081.37370503119,0.0758831064506375,12.2466249587967,0.0758831048857271,12.2466252113545,0.929311945409405,2.09430925668773e-16
3106.3195005828,0.0737087056160812,12.551249850982,0.0737087041586099,12.5512500991628,0.925136380379912,1.21507406152039e-16
3131.46724915125,0.0715375267508605,12.8844120304612,0.071537525396007,12.8844122744798,0.921718970298225,1.69598622695489e-16
3156.8185856822,0.0693837071010252,13.2451917105013,0.0693837058437764,13.2451919505073,0.919000502138351,0
3182.37515835737,0.0672590538679378,13.6326191510046,0.0672590527031838,13.6326193870866,0.9169170658385,2.46185891014161e-16
3208.13862870155,0.0651731966744959,14.0456987555653,0.0651731955971101,14.0456989877564,0.915403087427182,1.28727722378442e-16
3234.11067169074,0.0631337843028531,14.4834294648548,0.0631337833077576,14.4834296931382,0.914393711799732,1.34772325274537e-16
3260.29297586098,0.0611467040798708,14.9448213331436,0.0611467031620883,14.9448215574581,0.91382656758427,0
3286.68724341813,0.0592163073715614,15.4289084421468,0.0592163065262559,15.4289086623926,0.913642984717844,3.31112171454985e-16
3313.29519034861,0.0573456293471851,15.9347584834815,0.0573456285696919,15.9347586995253,0.913788753730645,1.55332242022229e-16
3340.11854653082,0.0555365951751703,16.4614794394501,0.0555365944610168,16.4614796511308,0.914214519613132,1.62983390574744e-16
3367.15905584778,0.0537902080088813,17.0082238285901,0.0537902073538013,17.0082240357235,0.914875897601475,1.71028181052969e-16
3394.41847630035,0.0521067165335084,17.5741909752214,0.0521067159334497,17.5741911776051,0.915733387451605,0
3421.89858012163,0.050485761570065,18.1586277270195,0.0504857610211927,18.1586279244369,0.916752149865877,1.88286716678883e-16
3449.60115389212,0.0489265023919571,18.7608279941741,0.048926501890653,18.7608281863988,0.917901695732056,1.39649916064046e-16
3477.5279986559,0.0474277241295827,19.3801314273096,0.0474277236724422,19.3801316141085,0.919155526929498,2.07085253004203e-16
3505.68093003771,0.0459879280325174,20.0159214953287,0.0459879276163432,20.0159216764656,0.920490757231694,2.42675565239614e-16
3534.06177836102,0.0446054065222713,20.6676231724767,0.0446054061440672,20.6676233477151,0.921887733457439,1.27122509776899e-16
3562.67238876697,0.0432783049766429,21.3347003981972,0.0432783046336048,21.3347005673031,0.923329670418484,1.6838141415054e-16
3591.51462133436,0.0420046720964519,22.016653434457,0.0420046717859595,22.0166535972009,0.924802308175588,1.24612299262354e-16
3620.59035120061,0.0407825005584536,22.7130162130659,0.040782500278061,22.7130163692251,0.926293596393525,3.2586740078536e-16
3649.9014686836,0.0396097594835333,23.4233537395824,0.0396097592309594,23.4233538889428,0.927793407922581,1.36266873772786e-16
3679.44987940466,0.0384844200664518,24.1472595998797,0.0384844198395715,24.147259742237,0.929293281895431,2.84742780136413e-16
3709.23750441235,0.0374044755348323,24.8843535995465,0.0374044753316667,24.884353734708,0.930786195414352,2.10236931731582e-16
3739.26628030746,0.0363679564381626,25.6342795541987,0.0363679562568703,25.6342796819841,0.932266362150778,1.55132135706492e-16
3769.53815936883,0.0353729421162173,26.3967032397327,0.035372941955086,26.3967033599752,0.933729055758028,1.21340677591218e-16
3800.05510968034,0.0344175690619738,27.171310504963,0.0344175689194118,27.1713106175101,0.935170455808898,1.73815720734262e-16
3830.81911525882,0.0335000367768934,27.9578055443778,0.0335000366514215,27.9578056490917,0.936587513937889,1.81053128535977e-16
3861.83217618305,0.0326186116154451,28.7559093255159,0.0326186115056896,28.7559094222742,0.937977837937961,4.5712869402975e-17
3893.09630872381,0.0317716290296379,29.5653581633466,0.0317716289343233,29.5653582520424,0.939339591694224,1.96093361282426e-16
3924.61354547494,0.0309574945515033,30.3859024327281,0.0309574944694458,30.3859025132706,0.940671409003694,0
3956.38593548549,0.0301746837902898,31.2173054093549,0.0301746837203909,31.217305481669,0.941972319512188,2.56952419564432e-17
3988.41554439296,0.0294217416700495,32.0593422293447,0.0294217416112903,32.0593422933716,0.94324168518349,2.2801698318828e-16
4020.70445455755,0.0286972810908312,32.9117989577021,0.0286972810422669,32.9117990133987,0.944479145894103,2.28440750658723e-16
4053.25476519761,0.0279999811615487,33.7744717561751,0.0279999811223033,33.7744718035142,0.945684572914162,2.37002159099295e-16
4086.06859252603,0.0273285851236255,34.6471661414445,0.0273285850928873,34.6471661804144,0.946858029188861,3.62558439554863e-16
4119.14806988789,0.0266818980606907,35.5296963251082,0.0266818980377076,35.5296963557125,0.947999735473831,6.17735268264517e-17
4152.49534789915,0.0260587844701046,36.4218846274727,0.0260587844541803,36.4218846497299,0.949110041502327,2.63835616671618e-16
4186.11259458642,0.0254581657561533,37.3235609577486,0.0254581657466428,37.3235609716917,0.950189401472254,2.83030811835688e-16
4220.00199552799,0.0248790176917728,38.234562353826,0.0248790176880794,38.234562359502,0.951238353238026,1.38192500474811e-16
4254.16575399583,0.0243203678851395,39.15473257536,0.0243203678867112,39.1547325728297,0.952257500677013,7.09203521233514e-17
4288.60609109892,0.0237812932789227,40.0839217444494,0.0237812932852489,40.0839217337864,0.953247498774138,1.63961517361279e-16
4323.32524592758,0.0232609177031321,41.0219860286835,0.023260917713741,41.021986009974,0.954209041032241,1.89448522344085e-17
4358.32547569911,0.0227584094969551,41.96878736183,0.0227584095114108,41.9687873351723,0.95514284887116,1.95703670381369e-17
4393.60905590448,0.0222729792105666,42.9241931978631,0.0222729792284665,42.9241931633666,0.95604966272635,1.66640195802403e-16
4429.17828045629,0.0218038773943689,43.8880762944514,0.0218038774153416,43.8880762522363,0.956930234598925,1.66865003473309e-16
4465.03546183794,0.021350392480333,44.8603145224049,0.021350392504036,44.8603144726015,0.957785321844529,1.73504390602151e-16
4501.18293125388,0.0209118487579295,45.8407906979176,0.0209118487840469,45.8407906406658,0.958615682018755,1.77564304638133e-16
4537.62303878129,0.0204876044454213,46.8293924347726,0.0204876044736623,46.829392370221,0.959422068623027,4.57662824881219e-17
4574.35815352278,0.0200770498559874,47.826012013954,0.0200770498860843,47.8260119422595,0.960205227617208,1.8903613802549e-16
4611.39066376045,0.0196796056571384,48.8305462683825,0.019679605688845,48.8305461897095,0.960965894584416,1.94373933442121e-16
4648.72297711114,0.0192947212211434,49.8428964807311,0.0192947212542336,49.8428963952511,0.961704792450016,2.03672424999964e-16
4686.35752068297,0.0189218730636477,50.8629682924885,0.0189218730979139,50.8629682003791,0.962422629670804,3.86435960523163e-17
4724.29674123315,0.0185605633672741,51.8906716226477,0.018560563402526,51.8906715240923,0.963120098822564,2.12534610676952e-16
4762.54310532705,0.0182103185867569,52.9259205945672,0.01821031862282,52.9259204897544,0.963797875524465,2.18675600494122e-16
4801.09909949849,0.0178706881320019,53.9686334697203,0.0178706881687169,53.968633358843,0.964456617647693,1.12243743218865e-16
4839.96723041153,0.0175412431253974,55.0187325871986,0.0175412431626184,55.0187324704536,0.965096964763278,1.44271994925573e-17
4879.1500250233,0.0172215752296927,56.07614430796,0.0172215752672868,56.0761441855477,0.965719537790637,2.22463276951452e-17
4918.65003074839,0.0169112955427961,57.1407989629471,0.0169112955806423,57.1407988350703,0.966324938813896,1.22881776959995e-16
4958.46981562442,0.0166100335559225,58.2126308042957,0.0166100335939107,58.2126306711597,0.96691375103788,1.25275649969354e-16
4998.61196847899,0.0163174361716151,59.2915779589655,0.0163174362096454,59.2915778207774,0.967486538859758,1.60845170570802e-17
5039.07909909802,0.0160331667782881,60.3775823842081,0.01603316681627,60.3775822411761,0.968043848035837,1.33163364514107e-16
5079.87383839539,0.0157569043780695,61.4705898243639,0.0157569044159213,61.470589676697,0.968586205926035,2.72496006964577e-16
5120.998838584,0.0154883427648585,62.570549768565,0.0154883428025065,62.5705496164726,0.969114121801171,1.48699045510732e-16
5162.45677334823,0.0152271897496612,63.6774154089698,0.0152271897870393,63.6774152526611,0.969628087200384,0
5204.25033801768,0.0149731664304123,64.7911435992255,0.0149731664674613,64.7911434389092,0.970128576327948,1.46856498180109e-16
5246.38224974252,0.0147260065036336,65.9116948129065,0.0147260065403005,65.9116946487902,0.970616046480374,0
5288.85524767004,0.0144854556154285,67.0390331017098,0.0144854556516663,67.0390329340003,0.971090938496059,1.55359123638776e-16
5331.67209312277,0.0142512707494457,68.1731260532543,0.014251270785213,68.1731258821561,0.971553677221016,9.87810360577613e-18
5374.83556977805,0.0140232196495848,69.3139447483402,0.0140232196848449,69.3139445740563,0.972004671985157,0
5418.34848384891,0.0138010802753443,70.4614637175802,0.0138010803100654,70.4614635403113,0.972444317084584,1.66026182557955e-16
5462.21366426659,0.0135846402878376,71.6156608973323,0.013584640321992,71.6156607172764,0.972872992266014,1.70197375268734e-16
5506.43396286443,0.0133736965646227,72.7765175848855,0.0133736965981867,72.7765174022378,0.973291063210183,1.7503450950311e-16
5551.01225456329,0.0131680547416022,73.944018392886,0.0131680547745557,73.9440182078387,0.973698882011564,1.79277902440486e-16
5595.95143755845,0.0129675287803601,75.1181512029949,0.0129675288126861,75.118151015737,0.974096787652275,1.82879169798725e-16
5641.254433508,0.0127719405593999,76.298907118793,0.0127719405910846,76.2989069295099,0.974485106468396,0
5686.92418772287,0.0125811194878475,77.4862804179671,0.0125811195188799,77.4862802268406,0.974864152607304,1.91616466872741e-16
5732.96366935823,0.0123949021402705,78.6802685038082,0.012394902170642,78.6802683110161,0.97523422847491,6.12823806027136e-18
5779.37587160657,0.0122131319113494,79.8808718560825,0.0122131319410538,79.8808716617988,0.975595625171931,2.01299769120765e-16
5826.16381189231,0.0120356586892188,81.088093981327,0.0120356587182519,81.0880937857217,0.975948622918549,3.20856387338782e-18
5873.33053206791,0.0118623385463688,82.3019413626362,0.0118623385747284,82.3019411658748,0.976293491466988,3.28256674976305e-18
5920.87909861173,0.0116930334470669,83.5224234090143,0.0116930334747525,83.5224232112582,0.976630490501686,3.35778063646018e-18
5968.81260282727,0.0115276109703279,84.7495524043601,0.0115276109973406,84.749552205766,0.976959870026877,6.86844801678891e-18
6017.13416104429,0.0113659440475196,85.9833434561693,0.0113659440738619,85.9833432568898,0.977281870741483,3.33518352344388e-16
6065.84691482126,0.01120791071375,87.2238144440262,0.0112079107394257,87.2238142442091,0.977596724401346,1.04083408558608e-17
6114.95403114975,0.0110533938722339,88.4709859679697,0.0110533938972479,88.4709857677584,0.977904654168846,0
6164.45870266023,0.0109022810708903,89.7248812968083,0.0109022810952485,89.7248810963415,0.978205874950068,0
6214.36414782964,0.0107544642904662,90.9855263164664,0.0107544643141756,90.9855261158781,0.978500593719706,0
6264.67361119072,0.0106098397435267,92.2529494784393,0.0106098397665951,92.252949277859,0.978789009833909,1.21430643318376e-17
6315.39036354283,0.0104683076836943,93.5271817484296,0.0104683077061299,93.5271815479822,0.979071315331354,1.111442082788e-16
6366.51770216466,0.0103297722245549,94.8082565552433,0.0103297722463669,94.8082563550491,0.979347695222828,5.20417042793042e-18
6418.05895102865,0.0101941411676896,96.0962097400129,0.0101941411888876,96.0962095401874,0.979618327769599,8.67361737988404e-18
6470.01746101695,0.010061325839318,97.3910795058158,0.0100613258599121,97.3910793064702,0.979883384750937,1.11076499342709e-16
6522.39661013943,0.00993124093507558,98.6929063677584,0.00993124095507627,98.6929061689991,0.980143031721063,1.11035854162592e-16
6575.19980375318,0.00980380437247474,100.001733103578,0.00980380439189288,100.001732905507,0.980397428255908,5.20417042793042e-18
6628.43047478396,0.00967893715062542,101.317604704831,0.00967893716947215,101.317604507547,0.980646728189972,1.73472347597681e-18
6682.09208394941,0.00955656321681936,102.640568328719,0.00955656323510609,102.640568132313,0.980891079843666,6.93889390390723e-18
6736.18811998395,0.00943660933960394,103.970673250591,0.00943660935734223,103.970673055154,0.981130626241438,1.11035854162592e-16
6790.72209986571,0.00931900498799401,105.307970817202,0.00931900500519557,105.307970622818,0.981365505321032,1.11035854162592e-16
6845.69756904508,0.00920368221649269,106.652514400727,0.00920368223316939,106.652514207477,0.981595850134203,1.11022302462516e-16
6901.11810167529,0.00909057555560945,108.004359353613,0.00909057557177317,108.004359161574,0.981821789039217,1.11025690542607e-16
6956.98730084476,0.00897962190758368,109.363562964278,0.00897962192324635,109.363562773521,0.982043445885442,2.60208521396521e-18
7013.30879881129,0.00887076044703869,110.730184413699,0.00887076046221227,110.730184224294,0.982260940190343,2.60208521396521e-18
7070.08625723831,0.00876393252630642,112.104284732923,0.00876393254100281,112.104284544933,0.982474387309177,3.46944695195361e-18
7127.32336743282,0.00865908158517954,113.485926761517,0.00865908159941062,113.485926575005,0.982683898597688,2.60208521396521e-18
7185.02385058548,0.00855615306486013,114.875175106997,0.0085561530786377,114.875174922019,0.982889581568077,0
7243.1914580125,0.00845509432588873,116.27209610523,0.00845509433922451,116.27209592184,0.98309154003852,1.11052791462165e-16
7301.82997139948,0.00835585456984903,117.676757781852,0.00835585458275461,117.6767576001,0.983289874276502,1.11052791462165e-16
7360.94320304736,0.00825838476465505,119.0892298147,0.00825838477714192,119.089229634635,0.983484681136224,8.67361737988404e-19
7420.53499612018,0.00816263757323951,120.509583497278,0.00816263758531902,120.509583318942,0.983676054190328,8.67361737988404e-19
7480.60922489501,0.00806856728547081,121.937891703256,0.00806856729715415,121.937891526689,0.983864083856172,1.73472347597681e-18
7541.16979501382,0.00797612975313696,123.374228852016,0.00797612976443516,123.374228677256,0.98404885751689,2.60208521396521e-18
7602.22064373731,0.0078852823278431,124.818670875248,0.00788528233876701,124.81867070233,0.984230459637459,8.67361737988404e-19
7663.76574020104,0.00779598380167758,126.271295184598,0.00779598381223791,126.271295013553,0.984408971875979,1.11035854162592e-16
7725.80908567334,0.00770819435051034,127.732180640356,0.00770819436071755,127.732180471213,0.98458447319036,8.67361737988404e-19
7788.35471381552,0.0076218754797934,129.201407521202,0.00762187548965781,129.201407353986,0.984757039940642,8.67361737988404e-19
7851.40669094413,0.00753698997274202,130.679057494987,0.00753698998227372,130.679057329723,0.984926745987094,2.16840434497101e-18
7914.96911629522,0.0074535018407801,132.165213590556,0.00745350184998899,132.165213427264,0.985093662784301,4.33680868994202e-19
7979.04612229098,0.00737137627614039,133.659960170596,0.00737137628503616,133.659960009295,0.985257859471402,1.30104260698261e-18
8043.6418748083,0.00729057960651616,135.163382905509,0.00729057961510832,135.163382746215,0.98541940295864,5.55382496713543e-17
8108.76057344966,0.00721107925166562,136.675568748288,0.00721107925996343,136.675568591015,0.985578358010381,4.33680868994202e-19
8174.40645181619,0.00713284368187638,138.196605910401,0.0071328436898889,138.196605755161,0.985734787324765,4.33680868994202e-19
8240.58377778279,0.00705584237820174,139.726583838652,0.00705584238593783,139.726583685454,0.985888751610117,1.66538535813911e-16
8307.29685377578,0.00698004579438514,141.265593193021,0.00698004580185344,141.265593041874,0.986040309658268,5.5517927081296e-17
8374.55001705243,0.00690542532039376,142.813725825462,0.0069054253276027,142.813725676371,0.986189518414914,5.55128452713037e-17
8442.34763998311,0.00683195324748581,144.37107475964,0.00683195325444362,144.371074612609,0.986336433047139,5.55149627486669e-17
8510.69413033537,0.00675960273474076,145.937734171601,0.00675960274145545,145.937734026634,0.986481107008228,1.11025690542607e-16
8579.59393156072,0.00668834777698423,147.513799371351,0.0066883477834636,147.513799228447,0.986623592099876,5.55115747461159e-17
8649.05152308334,0.00661816317404389,149.099366785327,0.00661816318029554,149.099366644485,0.986763938531913,1.66535712432982e-16
8719.07142059136,0.00654902450127524,150.694533939747,0.00654902450730656,150.694533800965,0.986902194979655,5.55217381335491e-17
8789.6581763305,0.00648090808129914,152.299399444823,0.00648090808711733,152.299399308097,0.98703840863896,1.11024208270289e-16
8860.81637939989,0.0064137909568966,153.914062979809,0.00641379096250865,153.914062845134,0.987172625279111,1.11025690542607e-16
8932.55065605058,0.00634765086500804,155.538625278875,0.00634765087042077,155.538625146246,0.987304889293615,4.33680868994202e-19
9004.86566998624,0.00628246621178778,157.17318811779,0.00628246621700779,157.173187987197,0.98743524374898,1.11023149492232e-16
9077.7661226663,0.00621821604866639,158.817854301379,0.00621821605370009,158.817854172815,0.987563730431596,5.55128452713037e-17
9151.25675361174,0.00615488004937577,160.472727651766,0.00615488005422941,160.472727525219,0.987690389892764,5.55115747461159e-17
9225.34234071309,0.00609243848789484,162.137912997347,0.00609243849257446,162.137912872808,0.98781526149198,4.33680868994202e-19
9300.02770054118,0.00603087221727442,163.81351616251,0.0060308722217859,163.813516039967,0.987938383438518,5.55115747461159e-17
9375.31768866021,0.0059701626493034,165.499643958058,0.00597016265365244,165.499643837498,0.98805979283141,1.11022302462516e-16
9451.21719994339,0.00591029173497889,167.196404172324,0.00591029173917102,167.196404053733,0.988179525697877,2.16840434497101e-19
9527.73116889132,0.00585124194574537,168.903905562971,0.00585124194978595,168.903905446335,0.988297617030273,5.55128452713037e-17
9604.86456995261,0.00579299625546979,170.622257849441,0.00579299625936401,170.622257734744,0.988414100821614,5.55128452713037e-17
9682.62241784744,0.00573553812312029,172.351571706049,0.0057355381268732,172.351571593275,0.988529010099743,2.16840434497101e-19
9761.00976789355,0.00567885147611881,174.091958755693,0.00567885147973528,174.091958644826,0.988642376960186,5.55112571102753e-17
9840.03171633478,0.00562292069433838,175.843531564179,0.00562292069782314,175.843531455201,0.988754232597765,3.25260651745651e-19
9919.69340067262,0.00556773059471751,177.60640363512,0.00556773059807513,177.606403528015,0.988864607337006,1.0842021724855e-19
10000,0.00551326641646586,179.38068940542,0.00551326641970078,179.380689300168,0.988973530661394,5.55115747461159e-17
