frequency_Hz,minimum_normalized_return_margin,minimizing_tau,determinant_magnitude_at_minimum
0.001,0.13573456824862,1,6.81471374890356
0.00100809567353382,0.135734607050574,1,6.8147158266177
0.0010162568869976,0.135734646483312,1,6.81471793810836
0.00102448417098122,0.135734686557088,1,6.81472008392459
0.00103277806037004,0.135734727282323,1,6.81472226462441
0.00104113909437969,0.135734768669608,1,6.81472448077484
0.00104956781659108,0.135734810729703,1,6.81472673295225
0.0010580647749858,0.135734853473548,1,6.81472902174228
0.00106663052198171,0.135734896912257,1,6.81473134774007
0.00107526561446888,0.135734941057124,1,6.81473371155056
0.00108397061384575,0.135734985919631,1,6.81473611378836
0.0010927460860557,0.135735031511443,1,6.81473855507815
0.00110159260162376,0.135735077844415,1,6.81474103605483
0.00111051073569377,0.135735124930596,1,6.81474355736347
0.00111950106806574,0.13573517278223,1,6.81474611965979
0.00112856418323356,0.13573522141176,1,6.81474872361005
0.00113770067042298,0.135735270831831,1,6.81475136989139
0.00114691112362992,0.135735321055295,1,6.81475405919194
0.00115619614165913,0.135735372095211,1,6.81475679221102
0.00116555632816306,0.135735423964851,1,6.81475956965934
0.00117499229168114,0.135735476677704,1,6.81476239225911
0.00118450464567934,0.135735530247477,1,6.81476526074436
0.00119409400859005,0.135735584688099,1,6.81476817586096
0.00120376100385228,0.135735640013727,1,6.81477113836696
0.0012135062599522,0.135735696238746,1,6.81477414903274
0.00122333041046402,0.135735753377778,1,6.81477720864119
0.00123323409409112,0.135735811445682,1,6.81478031798787
0.00124321795470765,0.135735870457555,1,6.81478347788138
0.00125328264140034,0.135735930428743,1,6.81478668914338
0.00126342880851072,0.135735991374841,1,6.81478995260888
0.00127365711567764,0.135736053311696,1,6.81479326912654
0.00128396822788018,0.135736116255414,1,6.81479663955874
0.00129436281548089,0.135736180222361,1,6.81480006478192
0.00130484155426934,0.135736245229172,1,6.81480354568676
0.00131540512550606,0.135736311292749,1,6.8148070831784
0.00132605421596686,0.135736378430271,1,6.81481067817673
0.00133678951798747,0.135736446659196,1,6.81481433161652
0.00134761172950852,0.135736515997265,1,6.8148180444478
0.00135852155412096,0.135736586462508,1,6.81482181763603
0.00136951970111177,0.135736658073247,1,6.81482565216236
0.0013806068855101,0.135736730848104,1,6.81482954902387
0.00139178382813373,0.135736804806,1,6.81483350923388
0.00140305125563594,0.135736879966168,1,6.81483753382215
0.00141440990055278,0.135736956348151,1,6.81484162383519
0.00142586050135065,0.135737033971809,1,6.81484578033654
0.00143740380247435,0.135737112857328,1,6.81485000440697
0.00144904055439544,0.135737193025218,1,6.81485429714487
0.00146077151366109,0.135737274496324,1,6.81485865966648
0.00147259744294318,0.135737357291832,1,6.81486309310618
0.00148451911108798,0.13573744143327,1,6.81486759861674
0.00149653729316606,0.135737526942515,1,6.81487217736978
0.00150865277052271,0.135737613841802,1,6.81487683055585
0.00152086633082875,0.135737702153727,1,6.81488155938486
0.00153317876813171,0.135737791901253,1,6.81488636508646
0.00154559088290748,0.135737883107714,1,6.81489124891024
0.00155810348211234,0.135737975796826,1,6.8148962121261
0.00157071737923542,0.13573806999269,1,6.81490125602462
0.0015834333943516,0.135738165719799,1,6.81490638191723
0.00159625235417481,0.135738263003041,1,6.81491159113688
0.00160917509211179,0.135738361867713,1,6.81491688503803
0.00162220244831628,0.13573846233952,1,6.8149222649972
0.0016353352697436,0.135738564444586,1,6.81492773241328
0.00164857441020578,0.135738668209461,1,6.81493328870789
0.00166192073042701,0.135738773661123,1,6.81493893532579
0.00167537509809962,0.135738880826991,1,6.81494467373519
0.00168893838794052,0.13573898973493,1,6.81495050542814
0.00170261148174801,0.135739100413255,1,6.81495643192106
0.00171639526845917,0.135739212890745,1,6.81496245475485
0.0017302906442076,0.135739327196644,1,6.81496857549555
0.00174429851238172,0.135739443360672,1,6.81497479573466
0.00175841978368348,0.135739561413032,1,6.81498111708952
0.00177265537618758,0.135739681384419,1,6.81498754120377
0.00178700621540116,0.135739803306026,1,6.81499406974767
0.00180147323432395,0.135739927209552,1,6.81500070441883
0.00181605737350894,0.135740053127212,1,6.81500744694226
0.00183075958112354,0.135740181091745,1,6.81501429907112
0.00184558081301122,0.13574031113642,1,6.81502126258703
0.00186052203275363,0.135740443295052,1,6.81502833930049
0.00187558421173328,0.135740577601999,1,6.81503553105155
0.00189076832919665,0.135740714092181,1,6.81504283971011
0.0019060753723179,0.135740852801085,1,6.81505026717643
0.00192150633626303,0.135740993764774,1,6.81505781538171
0.00193706222425457,0.135741137019898,1,6.81506548628852
0.00195274404763682,0.135741282603703,1,6.81507328189124
0.00196855282594159,0.135741430554037,1,6.81508120421685
0.00198448958695448,0.135741580909368,1,6.8150892553251
0.00200055536678172,0.135741733708786,1,6.81509743730925
0.00201675120991751,0.135741888992015,1,6.81510575229671
0.00203307816931193,0.13574204679943,1,6.81511420244923
0.0020495373064394,0.135742207172056,1,6.81512278996391
0.00206612969136771,0.135742370151589,1,6.81513151707342
0.00208285640282755,0.135742535780399,1,6.8151403860468
0.00209971852828265,0.135742704101547,1,6.81514939918995
0.00211671716400053,0.135742875158795,1,6.81515855884615
0.0021338534151237,0.135743048996613,1,6.81516786739686
0.00215112839574156,0.135743225660193,1,6.81517732726228
0.0021685432289628,0.135743405195466,1,6.81518694090182
0.00218609904698845,0.135743587649107,1,6.81519671081488
0.00220379699118545,0.135743773068547,1,6.81520663954159
0.00222163821216089,0.135743961501991,1,6.81521672966322
0.0022396238698368,0.135744152998426,1,6.8152269838031
0.00225775513352553,0.135744347607637,1,6.81523740462709
0.00227603318200585,0.135744545380213,1,6.81524799484447
0.0022944592035995,0.13574474636757,1,6.81525875720849
0.0023130343962485,0.135744950621958,1,6.81526969451711
0.00233175996759301,0.135745158196474,1,6.81528080961383
0.00235063713504986,0.135745369145082,1,6.81529210538832
0.00236966712589169,0.135745583522619,1,6.81530358477721
0.00238885117732672,0.135745801384814,1,6.81531525076487
0.00240819053657923,0.135746022788302,1,6.81532710638412
0.0024276864609706,0.135746247790639,1,6.81533915471711
0.00244734021800108,0.135746476450314,1,6.81535139889603
0.00246715308543219,0.135746708826768,1,6.81536384210401
0.00248712635136979,0.135746944980407,1,6.81537648757589
0.00250726131434783,0.13574718497262,1,6.81538933859904
0.00252755928341275,0.135747428865791,1,6.8154023985143
0.00254802157820863,0.13574767672332,1,6.81541567071673
0.00256864952906292,0.135747928609635,1,6.81542915865663
0.002589444477073,0.135748184590211,1,6.81544286584034
0.00261040777419332,0.135748444731589,1,6.81545679583114
0.00263154078332332,0.135748709101389,1,6.8154709522502
0.00265284487839603,0.13574897776833,1,6.81548533877759
0.00267432144446738,0.135749250802248,1,6.81549995915313
0.00269597187780627,0.135749528274112,1,6.81551481717742
0.00271779758598533,0.135749810256046,1,6.8155299167128
0.00273979998797246,0.135750096821344,1,6.81554526168437
0.00276198051422303,0.135750388044493,1,6.81556085608099
0.00278434060677294,0.135750684001187,1,6.81557670395639
0.00280688171933232,0.135750984768353,1,6.81559280943006
0.00282960531738006,0.135751290424165,1,6.81560917668849
0.00285251287825912,0.135751601048067,1,6.81562580998617
0.00287560589127251,0.135751916720797,1,6.81564271364673
0.00289888585778017,0.1357522375244,1,6.815659892064
0.00292235429129655,0.135752563542256,1,6.81567734970325
0.00294601271758903,0.1357528948591,1,6.81569509110224
0.00296986267477709,0.135753231561042,1,6.8157131208725
0.00299390571343235,0.135753573735592,1,6.81573144370046
0.00301814339667932,0.135753921471681,1,6.81575006434862
0.00304257730029708,0.135754274859684,1,6.81576898765697
0.00306720901282168,0.135754633991446,1,6.81578821854402
0.00309204013564946,0.135754998960299,1,6.81580776200828
0.00311707228314113,0.135755369861098,1,6.81582762312935
0.00314230708272674,0.135755746790233,1,6.81584780706946
0.00316774617501149,0.135756129845661,1,6.81586831907464
0.00319339121388238,0.135756519126932,1,6.81588916447612
0.00321924386661572,0.135756914735211,1,6.81591034869172
0.00324530581398558,0.135757316773306,1,6.81593187722737
0.003271578750373,0.135757725345696,1,6.81595375567833
0.00329806438387618,0.135758140558555,1,6.81597598973081
0.00332476443642155,0.135758562519784,1,6.8159985851633
0.00335168064387566,0.135758991339034,1,6.81602154784829
0.00337881475615808,0.135759427127736,1,6.81604488375355
0.00340616853735517,0.135759869999134,1,6.8160685989438
0.00343374376583475,0.13576032006831,1,6.81609269958225
0.00346154223436172,0.135760777452212,1,6.81611719193226
0.00348956575021463,0.13576124226969,1,6.81614208235892
0.00351781613530314,0.135761714641525,1,6.81616737733062
0.00354629522628654,0.135762194690454,1,6.81619308342096
0.00357500487469309,0.135762682541214,1,6.81621920731012
0.0036039469470404,0.135763178320562,1,6.8162457557869
0.00363312332495683,0.135763682157317,1,6.81627273575029
0.00366253590530376,0.135764194182385,1,6.8163001542114
0.00369218660029898,0.135764714528804,1,6.81632801829509
0.00372207733764093,0.135765243331766,1,6.81635633524204
0.00375221006063408,0.135765780728662,1,6.81638511241043
0.00378258672831527,0.135766326859112,1,6.81641435727799
0.00381320931558105,0.135766881865002,1,6.81644407744384
0.00384407981331609,0.135767445890525,1,6.8164742806305
0.00387520022852263,0.135768019082211,1,6.81650497468595
0.00390657258445091,0.135768601588971,1,6.81653616758557
0.00393819892073078,0.135769193562134,1,6.81656786743418
0.00397008129350424,0.135769795155481,1,6.81660008246837
0.00400222177555915,0.135770406525297,1,6.81663282105829
0.00403462245646401,0.135771027830399,1,6.81666609171005
0.00406728544270374,0.135771659232182,1,6.81669990306796
0.00410021285781671,0.135772300894663,1,6.81673426391656
0.00413340684253274,0.13577295298452,1,6.8167691831831
0.00416686955491232,0.135773615671137,1,6.81680466993972
0.00420060317048688,0.135774289126647,1,6.81684073340587
0.00423460988240025,0.135774973525976,1,6.81687738295067
0.00426889190155123,0.135775669046891,1,6.81691462809534
0.00430345145673733,0.135776375870042,1,6.81695247851573
0.0043382907947997,0.135777094179013,1,6.81699094404466
0.00437341218076915,0.135777824160365,1,6.81703003467464
0.00440881789801347,0.13577856600369,1,6.81706976056036
0.00444451024838583,0.135779319901654,1,6.8171101320214
0.00448049155237445,0.135780086050049,1,6.81715115954476
0.00451676414925349,0.135780864647846,1,6.8171928537878
0.00455333039723509,0.135781655897245,1,6.8172352255807
0.0045901926736227,0.135782460003724,1,6.81727828592955
0.00462735337496566,0.135783277176098,1,6.81732204601904
0.00466481491721497,0.13578410762657,1,6.81736651721533
0.00470257973588042,0.135784951570782,1,6.81741171106921
0.00474065028618884,0.135785809227881,1,6.81745763931875
0.00477902904324381,0.135786680820564,1,6.81750431389259
0.00481771850218653,0.135787566575143,1,6.81755174691303
0.00485672117835806,0.135788466721601,1,6.81759995069894
0.00489603960746281,0.135789381493652,1,6.81764893776923
0.00493567634573345,0.1357903111288,1,6.81769872084591
0.00497563397009708,0.135791255868404,1,6.81774931285734
0.00501591507834275,0.135792215957736,1,6.81780072694183
0.00505652228929035,0.135793191646046,1,6.81785297645072
0.0050974582429609,0.135794183186629,1,6.81790607495201
0.00513872560074817,0.135795190836884,1,6.8179600362339
0.00518032704559168,0.135796214858387,1,6.81801487430823
0.00522226528215118,0.135797255516958,1,6.81807060341416
0.00526454303698246,0.135798313082723,1,6.81812723802188
0.00530716305871459,0.135799387830191,1,6.81818479283631
0.00535012811822866,0.135800480038323,1,6.81824328280091
0.00539344100883792,0.135801589990602,1,6.81830272310152
0.00543710454646936,0.135802717975107,1,6.81836312917037
0.0054811215698468,0.135803864284588,1,6.81842451668995
0.00552549494067543,0.135805029216542,1,6.8184869015971
0.00557022754382788,0.135806213073288,1,6.81855030008721
0.00561532228753178,0.135807416162046,1,6.81861472861823
0.00566078210355879,0.135808638795017,1,6.81868020391509
0.00570660994741527,0.135809881289461,1,6.81874674297401
0.00575280879853436,0.135811143967782,1,6.81881436306665
0.00579938166046975,0.135812427157607,1,6.8188830817449
0.00584633156109091,0.135813731191877,1,6.81895291684522
0.00589366155277994,0.135815056408924,1,6.81902388649323
0.00594137471263004,0.135816403152567,1,6.81909600910846
0.00598947414264556,0.135817771772195,1,6.81916930340909
0.00603796296994364,0.135819162622856,1,6.81924378841677
0.00608684434695757,0.135820576065354,1,6.8193194834615
0.00613612145164168,0.135822012466338,1,6.81939640818663
0.00618579748767801,0.135823472198396,1,6.819474582554
0.00623587568468455,0.135824955640154,1,6.81955402684888
0.0062863592984252,0.135826463176369,1,6.81963476168549
0.00633725161102152,0.135827995198033,1,6.81971680801207
0.00638855593116599,0.135829552102469,1,6.81980018711635
0.00644027559433723,0.135831134293436,1,6.81988492063115
0.00649241396301678,0.135832742181232,1,6.81997103053976
0.00654497442690774,0.135834376182801,1,6.82005853918177
0.00659796040315516,0.135836036721836,1,6.82014746925871
0.00665137533656814,0.135837724228892,1,6.82023784383996
0.00670522269984386,0.135839439141497,1,6.82032968636863
0.00675950599379332,0.13584118190426,1,6.82042302066773
0.00681422874756894,0.13584295296899,1,6.82051787094606
0.006869394518894,0.135844752794808,1,6.82061426180473
0.00692500689429393,0.135846581848268,1,6.82071221824325
0.00698106948932956,0.135848440603476,1,6.82081176566611
0.00703758594883204,0.13585032954221,1,6.82091292988922
0.00709455994713995,0.135852249154048,1,6.82101573714657
0.00715199518833808,0.135854199936485,1,6.82112021409711
0.00720989540649827,0.135856182395071,1,6.82122638783138
0.00726826436592224,0.135858197043533,1,6.82133428587861
0.0073271058613862,0.135860244403913,1,6.82144393621375
0.00738642371838769,0.135862325006693,1,6.82155536726469
0.00744622179339418,0.135864439390941,1,6.82166860791956
0.00750650397409388,0.135866588104441,1,6.82178368753409
0.00756727417964843,0.135868771703839,1,6.82190063593922
0.00762853636094773,0.135870990754782,1,6.82201948344875
0.0076902945008668,0.135873245832064,1,6.82214026086704
0.00775255261452471,0.135875537519773,1,6.82226299949702
0.00781531474954562,0.135877866411441,1,6.82238773114818
0.00787858498632195,0.135880233110196,1,6.82251448814462
0.00794236743827963,0.135882638228913,1,6.82264330333362
0.00800666625214554,0.135885082390376,1,6.82277421009373
0.00807148560821713,0.135887566227434,1,6.82290724234351
0.00813682972063413,0.135890090383161,1,6.82304243455027
0.00820270283765263,0.135892655511026,1,6.82317982173874
0.00826910924192116,0.135895262275052,1,6.82331943950017
0.00833605325075921,0.135897911349996,1,6.82346132400128
0.00840353921643786,0.135900603421508,1,6.82360551199381
0.00847157152646274,0.135903339186317,1,6.82375204082362
0.00854015460385935,0.135906119352405,1,6.8239009484404
0.0086092929074605,0.135908944639186,1,6.82405227340741
0.00867899093219629,0.13591181577769,1,6.82420605491121
0.00874925320938629,0.135914733510752,1,6.82436233277175
0.00882008430703416,0.135917698593197,1,6.82452114745264
0.00889148883012463,0.135920711792035,1,6.82468254007131
0.00896347142092288,0.135923773886656,1,6.82484655240966
0.00903603675927636,0.135926885669028,1,6.82501322692459
0.00910918956291901,0.135930047943897,1,6.82518260675903
0.00918293458777803,0.135933261528995,1,6.82535473575276
0.00925727662828307,0.135936527255244,1,6.82552965845372
0.00933222051767786,0.13593984596697,1,6.82570742012932
0.00940777112833455,0.135943218522116,1,6.82588806677796
0.0094839333720704,0.135946645792461,1,6.82607164514088
0.00956071220046713,0.135950128663839,1,6.82625820271384
0.00963811260519288,0.135953668036367,1,6.82644778775949
0.00971613961832666,0.13595726482467,1,6.82664044931942
0.00979479831268559,0.135960919958116,1,6.82683623722683
0.00987409380215466,0.135964634381049,1,6.82703520211908
0.00995403124201917,0.135968409053028,1,6.82723739545063
0.0100346158292999,0.135972244949074,1,6.82744286950614
0.0101158528030912,0.135976143059909,1,6.82765167741373
0.0101977474449012,0.135980104392218,1,6.82786387315843
0.0102803050789954,0.13598412996889,1,6.82807951159607
0.0103635310727429,0.135988220829287,1,6.82829864846697
0.0104474308369654,0.135992378029502,1,6.82852134041025
0.0105320098262886,0.135996602642629,1,6.82874764497814
0.0106172735394972,0.136000895759027,1,6.82897762065059
0.0107032275198921,0.136005258486602,1,6.82921132685017
0.0107898773556513,0.136009691951083,1,6.82944882395697
0.0108772286801926,0.136014197296307,1,6.82969017332392
0.0109652871725401,0.136018775684507,1,6.8299354372925
0.0110540585576935,0.1360234282966,1,6.83018467920836
0.0111435486070002,0.136028156332494,1,6.83043796343733
0.0112337631385307,0.136032961011379,1,6.83069535538181
0.0113247080174565,0.136037843572039,1,6.8309569214972
0.0114163891564316,0.136042805273165,1,6.83122272930869
0.011508812515977,0.136047847393666,1,6.83149284742836
0.0116019841048683,0.136052971232991,1,6.8317673455725
0.0116959099805258,0.136058178111458,1,6.83204629457915
0.011790596249409,0.136063469370583,1,6.83232976642593
0.0118860490674132,0.136068846373412,1,6.83261783424835
0.0119822746402699,0.136074310504871,1,6.83291057235797
0.0120792792239501,0.136079863172103,1,6.83320805626133
0.012177069125071,0.136085505804826,1,6.83351036267877
0.0122756507013062,0.136091239855687,1,6.83381756956397
0.0123750303617991,0.136097066800627,1,6.83412975612319
0.0124752145675793,0.136102988139247,1,6.83444700283548
0.0125762098319827,0.136109005395179,1,6.83476939147279
0.0126780227210752,0.136115120116477,1,6.83509700512029
0.0127806598540793,0.136121333875988,1,6.83542992819758
0.0128841279038047,0.136127648271752,1,6.83576824647949
0.0129884335970818,0.136134064927397,1,6.83611204711774
0.0130935837151994,0.136140585492542,1,6.83646141866276
0.0131995850943453,0.136147211643208,1,6.83681645108577
0.013306444626051,0.13615394508223,1,6.8371772358013
0.0134141692576393,0.136160787539683,1,6.83754386569004
0.0135227659926765,0.136167740773308,1,6.83791643512202
0.0136322418914273,0.13617480656895,1,6.83829503998014
0.0137426040713143,0.136181986740993,1,6.83867977768409
0.0138538597073802,0.136189283132816,1,6.83907074721459
0.0139660160327544,0.136196697617244,1,6.8394680491381
0.0140790803391236,0.136204232097007,1,6.83987178563183
0.0141930599772055,0.136211888505216,1,6.84028206050901
0.0143079623572268,0.136219668805831,1,6.84069897924488
0.014423794949405,0.13622757499415,1,6.84112264900272
0.0145405652844341,0.136235609097298,1,6.84155317866052
0.014658280953974,0.136243773174719,1,6.84199067883795
0.0147769496111443,0.136252069318691,1,6.8424352619237
0.0148965789710218,0.136260499654831,1,6.84288704210338
0.0150171768111418,0.136269066342617,1,6.84334613538769
0.0151387509720044,0.136277771575916,1,6.8438126596411
0.0152613093575835,0.136286617583524,1,6.84428673461095
0.015384859935841,0.136295606629701,1,6.84476848195705
0.0155094107392451,0.136304741014733,1,6.84525802528147
0.0156349698652918,0.136314023075485,1,6.84575549015925
0.0157615454770323,0.136323455185972,1,6.84626100416906
0.0158891458036027,0.136333039757935,1,6.84677469692463
0.0160177791407599,0.136342779241428,1,6.84729670010667
0.0161474538514202,0.136352676125412,1,6.84782714749498
0.0162781783662036,0.136362732938351,1,6.84836617500146
0.0164099611839816,0.136372952248836,1,6.84891392070316
0.0165428108724297,0.136383336666195,1,6.84947052487626
0.0166767360685846,0.136393888841124,1,6.85003613003026
0.0168117454794054,0.136404611466331,1,6.85061088094272
0.0169478478823403,0.13641550727718,1,6.85119492469463
0.0170850521258965,0.136426579052346,1,6.85178841070627
0.0172233671302159,0.136437829614489,1,6.85239149077346
0.0173628018876552,0.136449261830924,1,6.85300431910455
0.01750336546337,0.136460878614312,1,6.85362705235787
0.0176450669959044,0.136472682923352,1,6.85425984967963
0.0177879156977856,0.136484677763493,1,6.85490287274257
0.0179319208561219,0.136496866187643,1,6.85555628578502
0.0180770918332072,0.136509251296903,1,6.85622025565073
0.0182234380671297,0.136521836241298,1,6.85689495182891
0.0183709690723849,0.136534624220532,1,6.85758054649528
0.0185196944404947,0.136547618484738,1,6.85827721455346
0.018669623840631,0.13656082233525,1,6.85898513367714
0.0188207670202438,0.136574239125388,1,6.85970448435254
0.0189731338056957,0.136587872261239,1,6.86043544992194
0.0191267341029,0.136601725202471,1,6.86117821662743
0.0192815778979652,0.136615801463133,1,6.86193297365558
0.0194376752578439,0.136630104612491,1,6.86269991318265
0.0195950363309877,0.13664463827586,1,6.86347923042025
0.0197536713480067,0.136659406135448,1,6.86427112366211
0.0199135906223344,0.136674411931222,1,6.8650757943311
0.0200748045508988,0.136689659461778,1,6.86589344702711
0.0202373236147981,0.136705152585219,1,6.86672428957563
0.0204011583799816,0.136720895220061,1,6.86756853307682
0.0205663194979376,0.136736891346129,1,6.86842639195568
0.020732817706385,0.136753145005488,1,6.86929808401247
0.020900663829972,0.136769660303372,1,6.87018383047411
0.0210698687809795,0.136786441409125,1,6.87108385604639
0.0212404435600306,0.13680349255717,1,6.87199838896646
0.0214123992568061,0.13682081804797,1,6.87292766105673
0.0215857470507649,0.136838422249019,1,6.87387190777887
0.0217604982118714,0.136856309595839,1,6.87483136828904
0.0219366641013278,0.136874484592985,1,6.87580628549369
0.0221142561723131,0.136892951815082,1,6.87679690610596
0.0222932859707273,0.136911715907849,1,6.87780348070332
0.0224737651359423,0.136930781589162,1,6.8788262637855
0.0226557054015585,0.136950153650113,1,6.87986551383365
0.0228391185961678,0.136969836956092,1,6.88092149336993
0.0230240166441225,0.136989836447883,1,6.88199446901822
0.0232104115663104,0.137010157142766,1,6.88308471156551
0.0233983154809368,0.137030804135647,1,6.88419249602407
0.0235877406043116,0.137051782600187,1,6.88531810169469
0.0237786992516445,0.13707309778996,1,6.88646181223047
0.0239712038378445,0.137094755039616,1,6.88762391570168
0.0241652668783283,0.13711675976606,1,6.88880470466148
0.0243609009898327,0.137139117469654,1,6.89000447621233
0.024558118891236,0.137161833735419,1,6.89122353207366
0.024756933404384,0.137184914234268,1,6.89246217864996
0.0249573574549243,0.137208364724247,1,6.89372072710006
0.0251594040731461,0.137232191051788,1,6.89499949340742
0.0253630863948276,0.137256399152981,1,6.89629879845098
0.0255684176620901,0.137280995054866,1,6.89761896807735
0.0257754112242586,0.137305984876734,1,6.89896033317355
0.02598408053873,0.137331374831446,1,6.90032322974099
0.026194439171848,0.137357171226766,1,6.90170799897031
0.0264065007997846,0.137383380466717,1,6.90311498731707
0.0266202792094301,0.137410009052944,1,6.90454454657856
0.0268357882992886,0.1374370635861,1,6.90599703397149
0.0270530420803822,0.137464550767242,1,6.90747281221073
0.0272720546771616,0.137492477399248,1,6.90897224958909
0.0274928403284242,0.137520850388253,1,6.91049572005783
0.0277154133882405,0.137549676745092,1,6.91204360330855
0.0279397883268864,0.137578963586768,1,6.91361628485585
0.0281659797317847,0.137608718137934,1,6.91521415612102
0.0283940023084533,0.137638947732388,1,6.91683761451698
0.0286238708814609,0.137669659814594,1,6.91848706353388
0.0288556003953913,0.137700861941207,1,6.92016291282619
0.0290892059158146,0.137732561782625,1,6.92186557830036
0.029324702630267,0.137764767124555,1,6.92359548220405
0.0295621058492378,0.137797485869592,1,6.92535305321598
0.0298014310071653,0.137830726038823,1,6.92713872653695
0.0300426936634398,0.137864495773435,1,6.92895294398233
0.0302859095034155,0.137898803336356,1,6.93079615407503
0.0305310943394298,0.1379336571139,1,6.93266881213991
0.0307782641118319,0.137969065617435,1,6.93457138039927
0.0310274348900188,0.138005037485063,1,6.93650432806938
0.0312786228734801,0.138041581483327,1,6.93846813145807
0.0315318443928511,0.138078706508921,1,6.94046327406344
0.0317871159109747,0.138116421590429,1,6.94249024667388
0.0320444540239715,0.138154735890071,1,6.94454954746882
0.0323038754623189,0.138193658705476,1,6.94664168212094
0.0325653970919388,0.138233199471461,1,6.94876716389942
0.0328290359152942,0.138273367761833,1,6.9509265137742
0.0330948090724943,0.138314173291206,1,6.95312026052143
0.0333627338424092,0.138355625916836,1,6.95534894083019
0.0336328276437929,0.138397735640469,1,6.95761309941012
0.0339051080364161,0.138440512610205,1,6.95991328910035
0.0341795927222076,0.138483967122384,1,6.9622500709794
0.0344562995464054,0.138528109623483,1,6.96462401447649
0.0347352464987164,0.138572950712024,1,6.96703569748372
0.0350164517144866,0.138618501140513,1,6.96948570646948
0.0352999334758797,0.138664771817376,1,6.97197463659309
0.0355857102130658,0.138711773808922,1,6.97450309182052
0.0358738005054197,0.138759518341319,1,6.97707168504106
0.0361642230827288,0.138808016802582,1,6.97968103818547
0.0364569968264106,0.13885728074458,1,6.98233178234508
0.0367521407707406,0.138907321885051,1,6.98502455789191
0.0370496741040893,0.138958152109636,1,6.98776001460016
0.0373496161701702,0.139009783473928,1,6.99053881176865
0.0376519864692972,0.13906222820553,1,6.99336161834445
0.0379568046596523,0.13911549870613,1,6.99622911304759
0.0382640905585636,0.139169607553582,1,6.99914198449696
0.0385738641437941,0.139224567504014,1,7.00210093133714
0.03888614555484,0.139280391493932,1,7.00510666236657
0.0392009550942404,0.139337092642343,1,7.00815989666659
0.0395183132288971,0.139394684252893,1,7.01126136373171
0.0398382405914052,0.139453179816011,1,7.01441180360086
0.0401607579813948,0.139512593011062,1,7.01761196698974
0.0404858863668828,0.139572937708516,1,7.02086261542427
0.0408136468856362,0.139634227972124,1,7.02416452137498
0.0411440608465467,0.139696478061099,1,7.02751846839252
0.0414771497310157,0.139759702432311,1,7.03092525124416
0.0418129351943512,0.139823915742489,1,7.03438567605131
0.0421514390671752,0.13988913285043,1,7.03790056042795
0.0424926833568436,0.139955368819213,1,7.04147073362021
0.0428366902488763,0.14002263891842,1,7.04509703664671
0.0431834821084004,0.140090958626369,1,7.04878032243995
0.0435330814816033,0.140160343632336,1,7.05252145598871
0.0438855110971994,0.140230809838802,1,7.05632131448121
0.0442407938679069,0.140302373363686,1,7.06018078744919
0.0445989528919383,0.140375050542593,1,7.06410077691291
0.0449600114545014,0.140448857931054,1,7.06808219752703
0.0453239930293136,0.140523812306773,1,7.0721259767272
0.0456909212801278,0.140599930671877,1,7.07623305487759
0.046060820062271,0.140677230255158,1,7.08040438541901
0.0464337134241949,0.140755728514317,1,7.08464093501809
0.0468096256090399,0.140835443138208,1,7.08894368371685
0.0471885810562108,0.140916392049077,1,7.09331362508319
0.0475706044029659,0.140998593404793,1,7.097751766362
0.0479557204860185,0.141082065601081,1,7.10225912862688
0.0483439543431522,0.141166827273743,1,7.10683674693254
0.048735331214848,0.141252897300871,1,7.11148567046767
0.0491298765459258,0.141340294805058,1,7.11620696270856
0.0495276159871982,0.141429039155591,1,7.12100170157296
0.0499285753971387,0.141519149970638,1,7.1258709795747
0.0503327808435624,0.141610647119424,1,7.13081590397851
0.0507402586053209,0.14170355072439,1,7.13583759695552
0.051151035174011,0.141797881163335,1,7.14093719573878
0.0515651372556965,0.141893659071555,1,7.1461158527794
0.0519825917726449,0.141990905343943,1,7.15137473590305
0.0524034258650778,0.142089641137094,1,7.1567150284661
0.052827666892935,0.142189887871371,1,7.16213792951292
0.0532553424376533,0.142291667232956,1,7.1676446539325
0.0536864803039601,0.142395001175887,1,7.17323643261549
0.0541211085216805,0.142499911924049,1,7.17891451261154
0.0545592553475602,0.142606421973161,1,7.18468015728629
0.0550009492671021,0.142714554092719,1,7.19053464647848
0.0554462189964184,0.142824331327918,1,7.19647927665701
0.0558950934840979,0.142935777001538,1,7.20251536107784
0.0563476019130872,0.1430489147158,1,7.2086442299407
0.0568037737025889,0.143163768354186,1,7.21486723054547
0.0572636385099738,0.143280362083216,1,7.2211857274485
0.0577272262327089,0.1433987203542,1,7.22760110261834
0.0581945670103016,0.143518867904934,1,7.23411475559112
0.0586656912262587,0.143640829761365,1,7.24072810362553
0.0591406295100621,0.143764631239205,1,7.24744258185723
0.0596194127391598,0.143890297945497,1,7.25425964345264
0.0601020720409738,0.144017855780141,1,7.26118075976211
0.0605886387949234,0.14414733093736,1,7.2682074204723
0.0610791446344653,0.144278749907113,1,7.27534113375798
0.0615736214491506,0.144412139476462,1,7.28258342643271
0.0620721013866976,0.144547526730871,1,7.28993584409877
0.0625746168550822,0.144684939055448,1,7.29739995129604
0.0630812005246445,0.144824404136129,1,7.30497733164997
0.0635918853302131,0.144965949960793,1,7.31266958801814
0.0641067044732463,0.145109604820308,1,7.32047834263595
0.0646256914239905,0.145255397309517,1,7.32840523726081
0.0651488799236562,0.145403356328138,1,7.33645193331509
0.0656763039866118,0.1455535110816,1,7.3446201120277
0.066207997902595,0.1457058910818,1,7.3529114745741
0.0667439962389419,0.145860526147778,1,7.36132774221468
0.0672843338428345,0.146017446406307,1,7.36987065643177
0.0678290458435664,0.146176682292404,1,7.37854197906472
0.068378167654826,0.146338264549749,1,7.38734349244314
0.068931734977,0.146502224231014,1,7.3962769995186
0.0694897837994932,0.146668592698099,1,7.40534432399385
0.0700523504030693,0.14683740162227,1,7.4145473104507
0.0706194713622089,0.147008682984203,1,7.42388782447508
0.0711911835474879,0.147182469073914,1,7.43336775278061
0.0717675241279743,0.147358792490598,1,7.44298900332928
0.0723485305736446,0.147537686142353,1,7.45275350545025
0.07293424065782,0.147719183245789,1,7.46266320995611
0.0735246924596224,0.147903317325529,1,7.47272008925649
0.0741199243664497,0.148090122213593,1,7.48292613746924
0.0747199750764715,0.148279632048653,1,7.49328337052908
0.0753248836011454,0.14847188127518,1,7.50379382629316
0.0759346892677529,0.148666904642445,1,7.51445956464415
0.0765494317219563,0.148864737203407,1,7.52528266759022
0.0771691509303763,0.149065414313458,1,7.53626523936231
0.0777938871831903,0.149268971629033,1,7.54740940650807
0.0784236810967519,0.149475445106087,1,7.55871731798281
0.0790585736162311,0.14968487099842,1,7.57019114523732
0.0796986060182772,0.149897285855862,1,7.58183308230235
0.0803438199137014,0.150112726522306,1,7.59364534586967
0.0809942572501823,0.150331230133591,1,7.60563017536996
0.0816499603149936,0.150552834115222,1,7.61778983304699
0.0823109717377527,0.15077757617994,1,7.63012660402832
0.0829773344931926,0.151005494325125,1,7.64264279639237
0.0836490919039557,0.15123662683003,1,7.65534074123186
0.0843262876434102,0.15147101225285,1,7.66822279271347
0.0850089657384898,0.151708689427615,1,7.68129132813354
0.0856971705725559,0.151949697460909,1,7.69454874797025
0.0863909468882829,0.152194075728409,1,7.70799747593139
0.0870903397905676,0.15244186387124,1,7.72163995899846
0.087795394749461,0.152693101792143,1,7.73547866746679
0.0885061576031251,0.152947829651455,1,7.7495160949812
0.0892226745608124,0.1532060878629,1,7.76375475856775
0.0899449922058705,0.153467917089168,1,7.77819719866133
0.0906731574987708,0.153733358237317,1,7.79284597912883
0.091407217780161,0.15400245245395,1,7.80770368728818
0.0921472207739435,0.154275241120203,1,7.82277293392286
0.0928932145903777,0.154551765846509,1,7.83805635329233
0.093645247729208,0.154832068467158,1,7.85355660313769
0.0944033690828169,0.155116191034638,1,7.86927636468327
0.0951676279394036,0.155404175813755,1,7.88521834263348
0.0959380739861886,0.155696065275528,1,7.90138526516526
0.0967147573126438,0.155991902090868,1,7.9177798839161
0.097497728413749,0.156291729124009,1,7.93440497396738
0.0982870381932753,0.156595589425728,1,7.95126333382327
0.0990827379670937,0.156903526226309,1,7.96835778538502
0.0998848794665118,0.157215582928284,1,7.9856911739207
0.100693514841637,0.157531803098918,1,8.00326636803042
0.101508696664767,0.157852230462461,1,8.02108625960677
0.102330477933808,0.158176908892142,1,8.03915376379101
0.10315891207572,0.158505882401918,1,8.05747181892443
0.103994052949988,0.158839195137964,1,8.0760433864953
0.10483595485213,0.159176891369903,1,8.09487145108118
0.105684672517218,0.159519015481789,1,8.11395902028681
0.106540261123446,0.159865611962808,1,8.1333091246774
0.107402776295708,0.160216725397724,1,8.15292481770758
0.108272274109224,0.160572400457052,1,8.17280917564578
0.109148811093176,0.160932681886965,1,8.19296529749421
0.11003244423439,0.161297614498911,1,8.21339630490456
0.11092323098104,0.161667243158969,1,8.23410534208934
0.111821229246378,0.162041612776912,1,8.25509557572883
0.112726497412507,0.162420768294997,1,8.27637019487389
0.113639094334169,0.162804754676456,1,8.29793241084475
0.114559079342577,0.16319361689371,1,8.31978545712518
0.115486512249268,0.163587399916284,1,8.34193258925323
0.116421453349997,0.163986148698434,1,8.36437708470749
0.117363963428651,0.164389908166465,1,8.38712224278964
0.118314103761204,0.164798723205772,1,8.41017138450298
0.119271936119701,0.165212638647549,1,8.43352785242754
0.120237522776272,0.165631699255218,1,8.45719501059097
0.121210926507183,0.166055949710544,1,8.48117624433613
0.122192210596917,0.166485434599432,1,8.50547496018523
0.123181438842284,0.166920198397422,1,8.53009458570002
0.124178675556577,0.167360285454864,1,8.5550385693393
0.125183985573745,0.167805739981781,1,8.58031038031261
0.126197434252612,0.168256606032401,1,8.60591350843103
0.127219087481126,0.168712927489386,1,8.63185146395467
0.128249011680643,0.169174748047715,1,8.65812777743754
0.129287273810244,0.169642111198256,1,8.68474599956917
0.130333941371088,0.170115060211003,1,8.71170970101365
0.131389082410804,0.17059363811798,1,8.73902247224599
0.132452765527909,0.171077887695813,1,8.76668792338591
0.133525059876274,0.171567851447968,1,8.79470968402899
0.134606035169616,0.172063571586642,1,8.82309140307592
0.13569576168603,0.172565090014323,1,8.85183674855899
0.136794310272563,0.173072448304997,1,8.88094940746678
0.137901752349813,0.173585687685018,1,8.91043308556678
0.139018159916578,0.17410484901362,1,8.94029150722604
0.140143605554534,0.174629972763088,1,8.97052841523004
0.141278162432955,0.175161098998568,1,9.00114757059983
0.14242190431347,0.175698267357524,1,9.03215275240778
0.143574905554856,0.17624151702884,1,9.06354775759157
0.144737241117876,0.176790886731554,1,9.0953364007671
0.145908986570152,0.177346414693243,1,9.12752251403981
0.147090218091073,0.17790813862802,1,9.16010994681531
0.148281012476756,0.17847609571419,1,9.19310256560838
0.149481447145032,0.179050322571517,1,9.22650425385145
0.15069160014048,0.179630855238122,1,9.26031891170211
0.151911550139505,0.180217729147015,1,9.29455045584969
0.153141376455451,0.180810979102232,1,9.32920281932143
0.154381159043753,0.181410639254615,1,9.36427995128766
0.155630978507143,0.182016743077191,1,9.39978581686695
0.156890916100885,0.18262932334017,1,9.43572439693038
0.158161053738059,0.183248412085566,1,9.47209968790578
0.159441473994887,0.183874040601415,1,9.5089157015815
0.1607322601161,0.184506239395608,1,9.54617646490997
0.162033496020352,0.185145038169333,1,9.58388601981106
0.163345266305675,0.185790465790112,1,9.62204842297542
0.16466765625498,0.186442550264447,1,9.66066774566773
0.166000751841599,0.187101318710058,1,9.69974807352974
0.167344639734876,0.187766797327724,1,9.73929350638369
0.168699407305804,0.188439011372716,1,9.77930815803522
0.170065142632699,0.189117985125824,1,9.81979615607694
0.171441934506935,0.189803741863972,1,9.86076164169153
0.172829872438709,0.190496303830424,1,9.9022087694553
0.174229046662864,0.191195692204578,1,9.94414170714163
0.175639548144754,0.191901927071347,1,9.98656463552442
0.177061468586161,0.192615027390115,1,10.0294817481819
0.178494900431252,0.19333501096329,1,10.0728972512999
0.179939936872594,0.194061894404428,1,10.1168153634759
0.18139667185721,0.194795693105941,1,10.1612403155222
0.182865200092687,0.195536421206386,1,10.2061763502694
0.184345617053333,0.196284091557329,1,10.2516277223701
0.185838018986386,0.197038715689795,1,10.2975986981011
0.187342502918271,0.197800303780291,1,10.3440935551671
0.188859166660905,0.198568864616407,1,10.3911165825022
0.19038810881806,0.199344405562008,1,10.438672080072
0.191929428791772,0.200126932521986,1,10.4867643586752
0.193483226788801,0.20091644990661,1,10.5353977397431
0.195049603827152,0.201712960595458,1,10.5845765551401
0.196628661742637,0.202516465900924,1,10.6343051469618
0.198220503195496,0.203326965531321,1,10.6845878673324
0.199825231677076,0.204144457553568,1,10.7354290782012
0.201442951516552,0.204968938355474,1,10.7868331511366
0.203073767887718,0.205800402607624,1,10.8388044671193
0.204717786815819,0.206638843224854,1,10.8913474163337
0.206375115184445,0.207484251327341,1,10.9444663979562
0.208045860742482,0.208336616201307,1,10.9981658199422
0.209730132111114,0.209195925259332,1,11.0524500988104
0.21142803879089,0.210062164000306,1,11.1073236594236
0.213139691168835,0.210935315969001,1,11.1627909347676
0.214865200525637,0.211815362715294,1,11.218856365726
0.21660467904287,0.212702283753032,1,11.2755244008515
0.218358239810298,0.21359605651857,1,11.3327994961339
0.22012599683322,0.214496656328972,1,11.3906861147629
0.221908065039887,0.215404056339899,1,11.449188726888
0.223704560288971,0.216318227503196,1,11.5083118093718
0.225515599377096,0.217239138524189,1,11.5680598455394
0.227341300046436,0.218166755818717,1,11.6284373249222
0.229181780992365,0.219101043469894,1,11.6894487429949
0.231037161871177,0.22004196318464,1,11.7510986009081
0.232907563307865,0.220989474250002,1,11.8133914052118
0.234793106903962,0.221943533489257,1,11.8763316675745
0.236693915245447,0.222904095217852,1,11.9399239044929
0.238610111910714,0.223871111199187,1,12.0041726369947
0.24054182147861,0.224844530600265,1,12.0690823903331
0.24248916953653,0.225824299947244,1,12.134657693672
0.244452282688584,0.226810363080911,1,12.200903079763
0.246431288563827,0.227802661112112,1,12.2678230846112
0.248426315824557,0.22880113237717,1,12.3354222471327
0.250437494174681,0.229805712393318,1,12.4037051087998
0.252464954368146,0.230816333814191,1,12.472676213276
0.25450882821744,0.231832926385409,1,12.5423401060391
0.256569248602162,0.232855416900285,1,12.6127013339919
0.258646349477661,0.233883729155722,1,12.6837644450595
0.260740265883745,0.234917783908294,1,12.7555339877752
0.26285113395346,0.235957498830628,1,12.8280145108497
0.26497909092194,0.23700278846806,1,12.9012105627282
0.267124275135332,0.238053564195668,1,12.9751266911309
0.269286826059784,0.239109734175712,1,13.0497674425781
0.271466884290521,0.240171203315537,1,13.1251373618991
0.273664591560979,0.241237873226007,1,13.2012409917236
0.275880090752022,0.242309642180515,1,13.2780828719561
0.278113525901229,0.24338640507464,1,13.3556675392307
0.280365042212264,0.244468053386521,1,13.4339995263483
0.282634786064309,0.245554475137998,1,13.5130833616927
0.284922905021585,0.246645554856624,1,13.5929235686268
0.287229547842946,0.247741173538572,1,13.6735246648676
0.289554864491548,0.248841208612569,1,13.7548911618388
0.291899006144599,0.249945533904888,1,13.8370275640007
0.294262125203191,0.251054019605509,1,13.9199383681574
0.296644375302202,0.252166532235531,1,14.0036280627377
0.299045911320291,0.253282934615902,1,14.0881011270533
0.301466889389963,0.254403085837585,1,14.173362030529
0.303907466907719,0.255526841233242,1,14.2594152319071
0.306367802544292,0.256654052350524,1,14.3462651784237
0.308848056254963,0.257784566927077,1,14.4339163049568
0.311348389289956,0.258918228867366,1,14.5223730331445
0.313868964204927,0.260054878221423,1,14.6116397704732
0.316409944871527,0.261194351165613,1,14.7017209093345
0.318971496488059,0.262336479985552,1,14.7926208260496
0.321553785590219,0.263481093061267,1,14.884343879861
0.324156980061919,0.264628014854733,1,14.9768944118895
0.326781249146208,0.265777065899898,1,15.0702767440567
0.329426763456268,0.266928062795308,1,15.1644951779709
0.332093694986511,0.26808081819947,1,15.259553993776
0.33478221712376,0.269235140829077,1,15.3554574489625
0.337492504658521,0.270390835460209,1,15.4522097771387
0.340224733796346,0.271547702932658,1,15.5498151867624
0.34297908216929,0.272705540157488,1,15.6482778598304
0.34575572884746,0.273864140127982,1,15.7476019505259
0.348554854350656,0.275023291934108,1,15.8477915838227
0.351376640660105,0.276182780780614,1,15.9488508540436
0.354221271230297,0.277342388008926,1,16.0507838233742
0.357088931000911,0.278501891122959,1,16.1535945203286
0.359979806408833,0.279661063818986,1,16.2572869381675
0.362894085400285,0.280819676019704,1,16.3618650332663
0.365831957443038,0.281977493912631,1,16.4673327234332
0.368793613538733,0.283134279992975,1,16.5736938861748
0.371779246235299,0.284289793111099,1,16.6809523569088
0.374789049639468,0.285443788524729,1,16.7891119271224
0.377823219429398,0.286596017956032,1,16.8981763424749
0.380881952867393,0.287746229653684,1,17.0081493008427
0.383965448812729,0.288894168460073,1,17.1190344503077
0.387073907734582,0.290039575883755,1,17.2308353870835
0.390207531725059,0.291182190177262,1,17.3435556533835
0.393366524512341,0.292321746420418,1,17.4571987352239
0.396551091473924,0.293457976609234,1,17.5717680601657
0.399761439649975,0.294590609750527,1,17.6872669949889
0.402997777756789,0.295719371962323,1,17.8036988433031
0.406260316200361,0.296843986580173,1,17.9210668430877
0.409549267090063,0.297964174269451,1,18.0393741641646
0.412864844252438,0.299079653143717,1,18.1586239055995
0.416207263245094,0.300190138889218,1,18.2788190930311
0.419576741370729,0.301295344895591,1,18.3999626759279
0.422973497691249,0.302394982392818,1,18.5220575247678
0.426397753042013,0.303488760594479,1,18.645106428144
0.429849730046193,0.304576386847333,1,18.7691120897912
0.433329653129245,0.305657566787256,1,18.8940771255337
0.436837748533501,0.306732004501527,1,19.0200040601525
0.440374244332875,0.307799402697487,1,19.1468953241699
0.443939370447695,0.308859462877525,1,19.2747532505518
0.447533358659647,0.309911885520379,1,19.4035800713239
0.451156442626847,0.3109563702687,1,19.5333779141023
0.454808857899031,0.311992616122827,1,19.6641487985368
0.458490841932869,0.313020321640677,1,19.7958946326641
0.462202634107401,0.314039185143689,1,19.9286172091718
0.465944475739604,0.31504890492868,1,20.0623182015699
0.469716610100076,0.316049179485514,1,20.1969991602703
0.473519282428857,0.317039707720422,1,20.3326615085704
0.477352739951367,0.318020189184834,1,20.4693065385434
0.481217231894485,0.318990324309505,1,20.60693540683
0.485113009502749,0.319949814643781,1,20.7455491303335
0.48904032605469,0.320898363099761,1,20.8851485818151
0.492999436879299,0.321835674201119,1,21.0257344853905
0.496990599372628,0.322761454336343,1,21.1673074119232
0.501014073014524,0.32367541201611,1,21.3098677743184
0.505070119385497,0.324577258134496,1,21.4534158227124
0.509159002183727,0.325466706233727,1,21.5979516395585
0.513280987242209,0.326343472772116,1,21.743475134609
0.517436342546036,0.327207277394857,1,21.8899860397917
0.52162533824982,0.328057843207293,1,22.0374839039808
0.525848246695256,0.328894897050278,1,22.1859680876617
0.53010534242883,0.329718169777236,1,22.3354377574888
0.534396902219665,0.330527396532476,1,22.4858918807376
0.538723205077517,0.331322317030357,1,22.6373292196484
0.543084532270915,0.332102675834826,1,22.789748325664
0.547481167345445,0.332868222638877,1,22.9431475335605
0.551913396142186,0.333618712543453,1,23.0975249554702
0.556381506816292,0.334353906335294,1,23.2528784747998
0.560885789855729,0.335073570763238,1,23.4092057400421
0.565426538100157,0.335777478812453,1,23.5665041584823
0.570004046759971,0.336465409976102,1,23.724770889801
0.574618613435493,0.33713715052388,1,23.8840028395734
0.57927053813632,0.337792493766933,1,24.0441966526671
0.583960123300829,0.338431240318589,1,24.2053487065396
0.588687673815839,0.339053198350388,1,24.3674551044368
0.593453497036433,0.339658183842856,1,24.5305116684956
0.59825790280594,0.340246020830495,1,24.6945139327507
0.603101203476082,0.340816541640459,1,24.8594571360515
0.607983713927275,0.341369587124378,1,25.0253362148866
0.612905751589107,0.341905006882808,1,25.1921457961253
0.61786763646097,0.342422659481807,1,25.3598801896735
0.622869691132867,0.342922412661114,1,25.528533381051
0.627912240806387,0.343404143533459,1,25.6980990238934
0.632995613315842,0.343867738774507,1,25.8685704323825
0.638120139149584,0.344313094803,1,26.0399405736094
0.643286151471491,0.344740117950618,1,26.2122020598768
0.648493986142629,0.345148724621178,1,26.3853471409438
0.653743981743082,0.345538841438724,1,26.5593676962204
0.65903647959397,0.345910405384161,1,26.7342552269175
0.664371823779637,0.346263363920057,1,26.9100008481581
0.669750361170023,0.346597675103287,1,27.0865952810582
0.67517244144321,0.346913307685217,1,27.2640288447836
0.680638417108163,0.347210241199146,1,27.44229144859
0.686148643527643,0.347488466034764,1,27.6213725838576
0.691703478941312,0.347747983499407,1,27.8012613161246
0.697303284489025,0.347988805865924,1,27.9819462771336
0.702948424234306,0.348210956406991,1,28.1634156568971
0.708639265188016,0.34841446941578,1,28.3456571957942
0.714376177332221,0.348599390212856,1,28.5286581767099
0.720159533644237,0.348765775139271,1,28.7124054172269
0.725989710120885,0.34891369153583,1,28.8968852618832
0.731867085802933,0.349043217708535,1,29.082083574508
0.737792042799738,0.349154442880257,1,29.2679857306479
0.743764966314091,0.349247467128704,1,29.4545766100991
0.749786244667259,0.349322401310812,1,29.6418405895585
0.755856269324229,0.349379366973689,1,29.8297615354094
0.761975434919166,0.349418496252287,1,30.0183227966565
0.768144139281058,0.349439931754019,1,30.2075071980284
0.774362783459591,0.349443826430538,1,30.3972970332613
0.780631771751216,0.349430343436957,1,30.5876740585849
0.786951511725437,0.349399655978795,1,30.7786194864251
0.793322414251308,0.349351947146959,1,30.9701139793451
0.799744893524145,0.349287409741126,1,31.1621376442415
0.806219367092452,0.349206246081865,1,31.3546700268178
0.812746255885072,0.349108667811901,1,31.5476901063523
0.819325984238547,0.348994895686935,1,31.7411762907867
0.825958979924714,0.348865159356428,1,31.9351064121496
0.832645674178507,0.348719697134815,1,32.1294577223439
0.839386501726,0.348558755763587,1,32.3242068893166
0.846181900812665,0.348382590164734,1,32.5193299936342
0.853032313231866,0.348191463186016,1,32.7148025254897
0.859938184353586,0.347985645338573,1,32.9105993821613
0.866899963153375,0.347765414527357,1,33.106694865951
0.873918102241541,0.34753105577492,1,33.3030626826235
0.88099305789258,0.347282860939049,1,33.4996759403752
0.888125290074835,0.347021128424775,1,33.6965071493528
0.895315262480405,0.34674616289128,1,33.893528221752
0.902563442555289,0.346458274954206,1,34.0907104725185
0.909870301529772,0.346157780883898,1,34.2880246206776
0.917236314449071,0.345845002300076,1,34.4854407913193
0.924661960204211,0.345520265863465,1,34.6829285182614
0.932147721563161,0.345183902964863,1,34.88045674742
0.939694085202226,0.34483624941216,1,35.0779938409097
0.94730154173768,0.344477645115784,1,35.2755075818979
0.954970585757668,0.344108433773053,1,35.4729651802416
0.962701715854358,0.343728962551894,1,35.6703332789261
0.970495434656357,0.343339581774395,1,35.8675779613324
0.978352248861393,0.342940644600618,1,36.0646647593544
0.986272669269249,0.342532506713111,1,36.2615586623903
0.994257210814977,0.342115526002526,1,36.4582241272254
1.00230639260238,0.341690062254745,1,36.6546250888324
1.01042073793774,0.341256476839912,1,36.8507249721028
1.01860077436388,0.340815132403713,1,37.0464867045315
1.02684703369442,0.340366392561287,1,37.2418727298697
1.03516005204838,0.339910621594093,1,37.4368450227618
1.04354036988501,0.339448184150047,1,37.6313651043803
1.05198853203896,0.338979444947261,1,37.8253940590714
1.06050508775566,0.338504768481642,1,38.01889255202
1.06909059072708,0.338024518738655,1,38.2118208479459
1.07774559912768,0.337539058909493,1,38.404138830834
1.08647067565072,0.337048751111892,1,38.5958060247065
1.09526638754485,0.336553956115839,1,38.7867816154369
1.10413330665098,0.336055033074369,1,38.9770244736059
1.11307200943943,0.33555233925965,1,39.1664931783985
1.12208307704748,0.335046229804551,1,39.3551460425352
1.13116709531708,0.334537057449852,1,39.5429411382299
1.14032465483296,0.33402517229726,1,39.7298363241637
1.14955635096105,0.333510921568362,1,39.9157892734625
1.15886278388715,0.332994649369671,1,40.100757502661
1.16824455865599,0.332476696463854,1,40.2846984016316
1.17770228521052,0.331957400047271,1,40.4675692644605
1.18723657843162,0.331437093533915,1,40.6493273212397
1.196848058178,0.33091610634584,1,40.8299297707517
1.20653734932659,0.330394763710153,1,41.0093338140095
1.21630508181309,0.329873386462635,1,41.187496688619
1.22615189067297,0.329352290858059,1,41.3643757039269
1.23607841608273,0.328831788387242,1,41.5399282769088
1.24608530340153,0.328312185600885,1,41.7141119687528
1.25617320321316,0.327793783940227,1,41.8868845220947
1.2663427713683,0.327276879574553,1,42.0582038988453
1.2765946690272,0.326761763245562,1,42.2280283185626
1.28692956270265,0.326248720118626,1,42.3963162973062
1.29734812430331,0.325738029640939,1,42.5630266869159
1.30785103117737,0.32522996540657,1,42.7281187146486
1.31843896615665,0.324724795028414,1,42.8915520231095
1.32911261760091,0.324222780017034,1,43.0532867104067
1.33987267944269,0.323724175666396,1,43.2132833704582
1.35071985123233,0.323229230946473,1,43.3715031333781
1.36165483818355,0.322738188402706,1,43.5279077058668
1.37267835121923,0.322251284062297,1,43.6824594115245
1.38379110701763,0.32176874734732,1,43.8351212310124
1.39499382805904,0.321290800994612,1,43.9858568419781
1.4062872426727,0.320817660982413,1,44.1346306586641
1.41767208508414,0.320349536463735,1,44.2814078711163
1.42914909546299,0.319886629706401,1,44.426154483908
1.440719019971,0.319429136039737,1,44.5688373542974
1.45238261081064,0.318977243807854,1,44.70942422973
1.46414062627396,0.318531134329489,1,44.8478837846079
1.47599383079187,0.318090981864347,1,44.9841856562358
1.48794299498388,0.317656953585893,1,45.1183004798653
1.4999888957082,0.317229209560536,1,45.2501999227537
1.5121323161122,0.316807902733167,1,45.3798567171575
1.52437404568338,0.316393178918948,1,45.5072446921803
1.53671488030065,0.31598517680133,1,45.6323388044003
1.54915562228612,0.315584027936206,1,45.7551151672021
1.56169708045722,0.315189856762131,1,45.8755510787376
1.57434007017931,0.314802780616543,1,45.9936250484539
1.58708541341869,0.314422909757893,1,46.1093168221142
1.59993393879601,0.314050347393608,1,46.2226074052545
1.61288648164017,0.313685189713804,1,46.3334790850154
1.62594388404263,0.313327525930642,1,46.4419154502939
1.63910699491214,0.312977438323259,1,46.5479014101635
1.65237667002994,0.312635002288148,1,46.6514232105194
1.6657537721054,0.312300286394895,1,46.7524684489014
1.67923917083208,0.311973352447178,1,46.8510260874635
1.69283374294433,0.311654255548894,1,46.9470864640528
1.70653837227424,0.311343044175317,1,47.0406413013733
1.7203539498091,0.311039760249153,1,47.1316837142112
1.73428137374936,0.310744439221386,1,47.2202082147068
1.74832154956701,0.310457110156764,1,47.3062107156564
1.76247539006444,0.310177795823817,1,47.3896885318452
1.77674381543379,0.309906512789245,1,47.4706403794042
1.79112775331676,0.309643271516564,1,47.549066373198
1.80562813886497,0.309388076468841,1,47.6249680222537
1.82024591480069,0.309140926215383,1,47.6983482232451
1.83498203147818,0.308901813542222,1,47.769211252052
1.84983744694544,0.30867072556625,1,47.8375627534212
1.86481312700654,0.308447643852835,1,47.903409728759
1.87991004528435,0.308232544536762,1,47.9667605220898
1.89512918328392,0.308025398446323,1,48.0276248042205
1.91047153045619,0.307826171230418,1,48.0860135551572
1.92593808426241,0.307634823488453,1,48.1419390448193
1.94152985023894,0.307451310902898,1,48.1954148121062
1.95724784206263,0.307275584374315,1,48.2464556423726
1.97309308161673,0.307107590158682,1,48.295077543372
1.98906659905733,0.306947270006834,1,48.3412977197322
2.00516943288031,0.306794561305837,1,48.3851345460284
2.0214026299889,0.306649397222124,1,48.4266075385258
2.03776724576168,0.306511706846205,1,48.4657373256592
2.05426434412127,0.306381415338768,1,48.502545617329
2.07089499760343,0.306258444077995,1,48.5370551730843
2.08766028742684,0.306142710807898,1,48.5692897692742
2.10456130356336,0.306034129787512,1,48.5992741652449
2.12159914480891,0.305932611940746,1,48.6270340686626
2.1387749188549,0.305838065006725,1,48.6525961000437
2.15608974236026,0.305750393690438,1,48.6759877565715
2.17354474102402,0.305669499813511,1,48.6972373752842
2.19114104965849,0.305595282464941,1,48.7163740957108
2.20887981226306,0.305527638151613,1,48.7334278220401
2.22676218209858,0.305466460948417,1,48.7484291849004
2.24478932176229,0.305411642647823,1,48.7614095028307
2.26296240326347,0.305363072908724,1,48.7724007435197
2.28128260809959,0.305320639404397,1,48.7814354848932
2.29975112733314,0.305284227969428,1,48.7885468761196
2.31836916166905,0.305253722745436,1,48.793768598613
2.33713792153279,0.305229006325453,1,48.7971348271022
2.35605862714901,0.305209959896804,1,48.798680190834
2.37513250862094,0.305196463382369,1,48.798439734983
2.39436080601029,0.305188395580052,1,48.7964488823268
2.41374476941791,0.305185634300362,1,48.7927433952524
2.43328565906507,0.305188056501949,1,48.787359338154
2.45298474537537,0.305195538424991,1,48.7803330402754
2.47284330905736,0.305207955722309,1,48.7717010590564
2.49286264118777,0.305225183588087,1,48.7615001440279
2.51304404329547,0.305247096884109,1,48.7497672013107
2.53338882744608,0.305273570263399,1,48.7365392587576
2.5538983163273,0.305304478291163,1,48.7218534317846
2.57457384333485,0.305339695562964,1,48.7057468899284
2.59541675265918,0.305379096820019,1,48.6882568241673
2.61642839937291,0.305422557061561,1,48.6694204150385
2.63761014951883,0.305469951654176,1,48.6492748015803
2.65896338019882,0.305521156438065,1,48.6278570511299
2.68048947966327,0.305576047830145,1,48.6052041299972
2.70218984740145,0.305634502923967,1,48.581352875038
2.7240658942324,0.305696399586365,1,48.5563399661445
2.74611904239671,0.305761616550816,1,48.5302018996693
2.76835072564895,0.305830033507469,1,48.5029749627953
2.7907623893509,0.305901531189797,1,48.4746952088631
2.81335549056553,0.30597599145786,1,48.4453984336613
2.83613149815172,0.306053297378149,1,48.4151201526898
2.85909189285972,0.306133333299995,1,48.3838955793941
2.88223816742749,0.306215984928537,1,48.3517596043758
2.90557182667769,0.30630113939423,1,48.3187467755752
2.92909438761552,0.306388685318914,1,48.2848912794259
2.95280737952738,0.306478512878428,1,48.2502269229722
2.97671234408028,0.306570513861782,1,48.2147871169475
3.00081083542203,0.306664581726914,1,48.1786048598
3.02510442028234,0.306760611653035,1,48.1417127226604
3.04959467807464,0.30685850058959,1,48.1041428352352
3.07428320099879,0.30695814730187,1,48.0659268726168
3.09917159414457,0.307059452413293,1,48.027096042993
3.12426147559604,0.307162318444398,1,47.9876810762426
3.14955447653674,0.307266649848597,1,47.9477122133986
3.17505224135575,0.30737235304471,1,47.9072191969633
3.20075642775457,0.307479336446355,1,47.866231262055
3.22666870685493,0.307587510488216,1,47.8247771283687
3.2527907633074,0.307696787649267,1,47.7828849929308
3.27912429540095,0.307807082472996,1,47.7405825236252
3.30567101517332,0.307918311584684,1,47.6978968534728
3.33243264852235,0.308030393705815,1,47.6548545756407
3.35941093531822,0.308143249665675,1,47.61148173916
3.38660762951648,0.308256802410202,1,47.5678038453302
3.41402449927217,0.308370977008169,1,47.5238458447878
3.44166332705473,0.308485700654754,1,47.4796321352163
3.46952590976386,0.308600902672592,1,47.4351865596745
3.49761405884643,0.308716514510368,1,47.3905324055225
3.52592960041413,0.308832469739029,1,47.3456924039208
3.5544743753623,0.308948704045708,1,47.300688729879
3.58325023948954,0.309065155225416,1,47.2555430028367
3.61225906361841,0.309181763170603,1,47.2102762877467
3.64150273371703,0.309298469858656,1,47.1649090966461
3.6709831510217,0.309415219337429,1,47.1194613906886
3.7007022321605,0.30953195770887,1,47.0739525826177
3.73066190927794,0.309648633110846,1,47.0284015396597
3.76086413016048,0.309765195697235,1,46.9828265868175
3.7913108583633,0.309881597616385,1,46.9372455105413
3.82200407333782,0.309997792987995,1,46.8916755627582
3.85294577056047,0.310113737878543,1,46.8461334652412
3.88413796166242,0.3102293902753,1,46.8006354142975
3.91558267456034,0.310344710059044,1,46.7551970857583
3.94728195358824,0.310459658975548,1,46.7098336402496
3.97923785963041,0.310574200605908,1,46.6645597287302
4.01145247025537,0.310688300335817,1,46.6193894982741
4.04392787985098,0.310801925323846,1,46.5743365980859
4.07666619976054,0.310915044468817,1,46.5294141857298
4.10966955842014,0.311027628376347,1,46.4846349335547
4.14294010149697,0.311139649324636,1,46.4400110353051
4.17647999202884,0.311251081229575,1,46.3955542128982
4.21029141056481,0.311361899609252,1,46.351275723354
4.24437655530697,0.311472081547921,1,46.3071863658677
4.27873764225331,0.311581605659506,1,46.2632964890045
4.31337690534184,0.311690452050719,1,46.2196159980114
4.34829659659578,0.311798602283841,1,46.1761543622274
4.38349898627002,0.311906039339252,1,46.1329206225829
4.41898636299867,0.312012747577754,1,46.0899233991792
4.45476103394389,0.312118712702764,1,46.0471708989292
4.49082532494586,0.312223921722429,1,46.0046709232598
4.52718158067401,0.312328362911725,1,45.9624308758556
4.56383216477945,0.312432025774586,1,45.9204577704403
4.60077946004863,0.312534901006139,1,45.8787582385856
4.63802586855826,0.312636980455065,1,45.8373385375362
4.67557381183149,0.312738257086168,1,45.796204558045
4.71342573099534,0.312838724943167,1,45.7553618322109
4.75158408693936,0.312938379111798,1,45.7148155413077
4.79005136047569,0.313037215683218,1,45.6745705236011
4.8288300525003,0.3131352317178,1,45.6346312821461
4.86792268415562,0.313232425209322,1,45.5950019925539
4.9073317969944,0.313328795049611,1,45.5556865107284
4.94705995314498,0.313424340993665,1,45.5166883805626
4.98710973547785,0.313519063625284,1,45.4780108415892
5.02748374777359,0.313612964323248,1,45.4396568365813
5.06818461489212,0.313706045228067,1,45.4016290190987
5.10921498294339,0.313798309209322,1,45.3639297609729
5.15057751945938,0.313889759833636,1,45.3265611597288
5.19227491356753,0.313980401333288,1,45.2895250459364
5.23430987616559,0.314070238575484,1,45.252822990492
5.27668514009784,0.314159277032319,1,45.2164563118205
5.31940346033281,0.314247522751433,1,45.1804260830012
5.36246761414231,0.314334982327383,1,45.1447331388078
5.40588040128206,0.314421662873741,1,45.1093780826648
5.44964464417369,0.314507571995925,1,45.0743612935141
5.49376318808822,0.314592717764783,1,45.0396829325909
5.53823890133107,0.314677108690929,1,45.0053429501057
5.58307467542852,0.314760753699834,1,44.9713410918306
5.6282734253157,0.314843662107684,1,44.9376769055889
5.67383808952611,0.314925843598013,1,44.904349747644
5.71977163038263,0.315007308199088,1,44.8713587889872
5.76607703419018,0.31508806626208,1,44.8387030215234
5.81275731142981,0.31516812843999,1,44.8063812641526
5.85981549695445,0.315247505667344,1,44.7743921687455
5.90725465018618,0.31532620914065,1,44.7427342260138
5.9550778553152,0.315404250299607,1,44.7114057712725
6.00328822150028,0.315481640809072,1,44.6804049900949
6.05188888307094,0.315558392541754,1,44.6497299238584
6.10088299973121,0.315634517561663,1,44.6193784751811
6.15027375676503,0.315710028108262,1,44.5893484132494
6.20006436524339,0.315784936581359,1,44.5596373790349
6.25025806223304,0.31585925552668,1,44.5302428904021
6.30085811100697,0.315932997622151,1,44.5011623471048
6.35186780125658,0.316006175664859,1,44.4723930356732
6.4032904493055,0.316078802558673,1,44.4439321341906
6.45512939832528,0.316150891302533,1,44.4157767169595
6.50738801855264,0.316222454979366,1,44.3879237590597
6.5600697075087,0.316293506745647,1,44.3603701407955
6.61317789021976,0.316364059821547,1,44.3331126520345
6.66671601944003,0.316434127481705,1,44.3061479964386
6.72068757587607,0.316503723046562,1,44.2794727955867
6.77509606841312,0.31657285987427,1,44.2530835929911
6.82994503434323,0.316641551353146,1,44.2269768580059
6.88523803959517,0.316709810894664,1,44.2011489896323
6.94097867896634,0.31677765192696,1,44.175596320217
6.99717057635642,0.316845087888839,1,44.1503151190489
7.05381738500302,0.31691213222427,1,44.1253015958506
7.11092278771915,0.31697879837734,1,44.1005519041712
7.16849049713269,0.31704509978767,1,44.0760621446756
7.22652425592773,0.317111049886257,1,44.0518283683366
7.28502783708792,0.317176662091739,1,44.0278465795273
7.34400504414174,0.317241949807057,1,44.0041127390174
7.40345971140979,0.317306926416512,1,43.9806227668732
7.46339570425412,0.317371605283181,1,43.9573725452629
7.52381691932944,0.317435999746693,1,43.9343579211703
7.58472728483652,0.317500123121343,1,43.911574709015
7.64613076077758,0.317563988694525,1,43.8890186931834
7.70803133921369,0.317627609725478,1,43.8666856304716
7.77043304452438,0.317690999444315,1,43.8445712524391
7.83333993366922,0.317754171051346,1,43.8226712676793
7.8967560964516,0.317817137716647,1,43.8009813640038
7.96068565578463,0.317879912579886,1,43.7794972105453
8.02513276795918,0.31794250875039,1,43.7582144597794
8.0901016229141,0.318004939307423,1,43.7371287494663
8.1555964445086,0.318067217300679,1,43.7162357045169
8.22162149079689,0.318129355750975,1,43.6955309387803
8.28818105430498,0.318191367651117,1,43.6750100567593
8.35527946230978,0.318253265966946,1,43.6546686552523
8.42292107712042,0.318315063638544,1,43.6345023249244
8.49111029636188,0.318376773581579,1,43.6145066518098
8.55985155326084,0.318438408688801,1,43.594677218747
8.62914931693396,0.318499981831648,1,43.575009606748
8.6990080926784,0.318561505861985,1,43.555499396304
8.76943242226473,0.318622993613937,1,43.5361421686293
8.84042688423224,0.318684457905821,1,43.5169335068456
8.91199609418655,0.318745911542166,1,43.4978689971059
8.98414470509972,0.318807367315812,1,43.4789442296649
9.05687740761276,0.318868838010073,1,43.4601547998916
9.13019893034057,0.318930336400967,1,43.441496309232
9.20411404017939,0.318991875259491,1,43.4229643661181
9.27862754261669,0.319053467353947,1,43.4045545868295
9.35374428204358,0.319115125452303,1,43.3862625963067
9.42946914206979,0.319176862324577,1,43.3680840289191
9.50580704584116,0.319238690745259,1,43.3500145291898
9.58276295635973,0.319300623495729,1,43.3320497524774
9.66034187680636,0.319362673366704,1,43.3141853656184
9.73854885086602,0.319424853160671,1,43.2964170475327
9.81738896305574,0.319487175694329,1,43.2787404897893
9.89686733905512,0.319549653801021,1,43.2611513971419
9.97698914603958,0.319612300333139,1,43.2436454880283
10.0577595930163,0.319675128164529,1,43.2262184950412
10.139183931163,0.319738150192854,1,43.2088661653681
10.221267454169,0.319801379341936,1,43.1915842612065
10.3040154985798,0.319864828564057,1,43.174368560152
10.3874334441436,0.319928510842226,1,43.1572148555636
10.4715267141616,0.319992439192397,1,43.1401189569075
10.5563007758401,0.320056626665634,1,43.1230766900814
10.6417611406461,0.320121086350232,1,43.1060838977209
10.7279133646656,0.320185831373767,1,43.0891364394897
10.814763048965,0.320250874905095,1,43.0722301923562
10.902315839955,0.320316230156272,1,43.0553610508582
10.9905774297578,0.320381910384414,1,43.0385249273563
11.0795535565772,0.320447928893466,1,43.0217177522804
11.1692500050717,0.320514299035906,1,43.0049354743689
11.2596726067303,0.320581034214355,1,42.9881740609035
11.350827240252,0.320648147883093,1,42.9714294979423
11.4427198319278,0.320715653549499,1,42.9546977905514
11.535356356026,0.320783564775365,1,42.9379749630389
11.6287428351806,0.320851895178135,1,42.9212570591919
11.7228853407829,0.320920658432017,1,42.904540142519
11.8177899933763,0.320989868268987,1,42.8878202965012
11.9134629630538,0.321059538479676,1,42.8710936248518
12.0099104698599,0.321129682914132,1,42.8543562517883
12.1071387841942,0.321200315482456,1,42.837604322319
12.2051542272196,0.321271450155299,1,42.8208340025452
12.3039631712731,0.321343100964219,1,42.8040414799824
12.4035720402798,0.321415282001895,1,42.7872229639022
12.5039873101711,0.321488007422183,1,42.7703746856975
12.6052155093052,0.321561291440015,1,42.7534928992732
12.7072632188919,0.321635148331129,1,42.7365738814653
12.8101370734203,0.321709592431624,1,42.7196139324903
12.9138437610901,0.321784638137337,1,42.7026093764284
13.0183900242466,0.321860299903019,1,42.6855565617422
13.1237826598188,0.321936592241324,1,42.6684518618339
13.2300285197614,0.322013529721577,1,42.6512916756448
13.3371345115004,0.322091126968336,1,42.6340724282986
13.4451075983821,0.32216939865971,1,42.6167905717931
13.5539548001256,0.322248359525454,1,42.5994425857409
13.6636831932795,0.322328024344798,1,42.5820249781665
13.7742999116818,0.32240840794402,1,42.564534286358
13.8858121469236,0.322489525193746,1,42.546967077782
13.998227148817,0.322571391005948,1,42.5293199510612
14.111552225866,0.322654020330654,1,42.5115895370214
14.225794745742,0.322737428152322,1,42.4937724998099
14.3409621357626,0.322821629485892,1,42.4758655380909
14.4570618833745,0.322906639372477,1,42.4578653863207
14.5741015366405,0.322992472874684,1,42.4397688161089
14.6920887047298,0.323079145071546,1,42.4215726376684
14.8110310584131,0.323166671053047,1,42.4032737013611
14.9309363305612,0.323255065914202,1,42.384868899342
15.0518123166476,0.3233443447487,1,42.3663551673104
15.1736668752555,0.323434522642049,1,42.3477294863698
15.2965079285884,0.323525614664227,1,42.3289888850064
15.4203434629857,0.323617635861796,1,42.3101304411892
15.5451815294413,0.323710601249453,1,42.2911512846003
15.6710302441275,0.323804525800984,1,42.2720485990016
15.7978977889225,0.323899424439603,1,42.2528196247444
15.9257924119422,0.323995312027615,1,42.2334616614313
16.0547224280766,0.324092203355389,1,42.2139720707364
16.1846962195303,0.324190113129592,1,42.1943482793938
16.3157222363676,0.324289055960641,1,42.1745877823627
16.4478089970617,0.324389046349328,1,42.1546881461785
16.5809650890484,0.324490098672575,1,42.1346470124997
16.7151991692849,0.324592227168269,1,42.1144621018625
16.8505199648121,0.324695445919108,1,42.0941312176522
16.9869362733223,0.324799768835425,1,42.0736522503042
17.1244569637308,0.324905209636908,1,42.0530231817483
17.2630909767531,0.325011781833161,1,42.0322420901071
17.4028473254854,0.325119498703032,1,42.0113071546645
17.5437350959913,0.325228373272643,1,41.9902166611186
17.6857634478922,0.325338418292022,1,41.9689690071346
17.8289416149626,0.325449646210279,1,41.947562708215
17.9732789057308,0.325562069149219,1,41.9259964039042
18.1187847040838,0.325675698875294,1,41.904268864348
18.2654684698776,0.325790546769805,1,41.8823789972257
18.4133397395519,0.325906623797228,1,41.8603258550797
18.5624081267505,0.326023940471562,1,41.8381086430614
18.7126833229461,0.326142506820552,1,41.8157267271225
18.8641750980704,0.326262332347681,1,41.7931796426735
19.0168933011491,0.32638342599176,1,41.7704671037393
19.1708478609426,0.326505796083971,1,41.7475890126417
19.3260487865912,0.326629450302204,1,41.7245454702395
19.482506168266,0.326754395622505,1,41.7013367867605
19.6402301778248,0.326880638267434,1,41.6779634932617
19.7992310694735,0.327008183651149,1,41.6544263537556
19.9595191804325,0.327137036320976,1,41.630726378045
20.1211049316092,0.327267199895247,1,41.6068648353104
20.2839988282751,0.327398676997131,1,41.5828432684963
20.4482114607491,0.327531469184205,1,41.5586635095494
20.6137535050858,0.327665576873457,1,41.5343276955614
20.7806357237695,0.327800999261416,1,41.5098382858759
20.9488689664142,0.32793773423905,1,41.485198080223
21.118464170469,0.328075778301085,1,41.4604102379479
21.2894323619287,0.328215126449333,1,41.4354782984069
21.4617846560511,0.32835577208961,1,41.4104062026098
21.6355322580795,0.328497706921772,1,41.385198316192
21.8106864639712,0.32864092082238,1,41.3598594538077
21.987258661132,0.328785401719447,1,41.3343949050419
22.165260329156,0.328931135458685,1,41.3088104619472
22.3447030405729,0.329078105660614,1,41.2831124483184
22.5255984615994,0.329226293567859,1,41.2573077508301
22.7079583528983,0.32937567788188,1,41.2314038521677
22.8917945703429,0.32952623458834,1,41.2054088662985
23.0771190657875,0.329677936770228,1,41.1793315760361
23.2639438878451,0.329830754407795,1,41.1531814730695
23.4522811826701,0.329984654164265,1,41.1269688006368
23.6421431947482,0.330139599156211,1,41.1007045990448
23.8335422676926,0.33029554870736,1,41.0744007542471
24.0264908450462,0.330452458084513,1,41.0480700497161
24.2210014710909,0.330610278214124,1,41.0217262218617
24.4170867916629,0.330768955377971,1,40.995384019274
24.614759554975,0.330928430886181,1,40.9690592660884
24.8140326124455,0.331088640725747,1,40.9427689298035
25.0149189195332,0.331249515182477,1,40.9165311939053
25.2174315365806,0.331410978434135,1,40.8903655356884
25.4215836296621,0.33157294811231,1,40.8642928096984
25.6273884714405,0.331735334830348,1,40.8383353372593
25.8348594420295,0.331898041674372,1,40.8125170025912
26.0440100298641,0.332060963654201,1,40.7868633560756
26.2548538325773,0.332223987110598,1,40.7614017252722
26.4674045578839,0.332386989074984,1,40.7361613343532
26.6816760244719,0.332549836577339,1,40.7111734326849
26.8976821629011,0.332712385897608,1,40.6864714333537
27.1154370165082,0.33287448175545,1,40.6620910625176
27.3349547423206,0.333035956432659,1,40.6380705205451
27.556249611976,0.333196628821995,1,40.6144506560049
27.7793360126509,0.333356303395545,1,40.5912751536715
28.0042284479955,0.333514769085017,1,40.5685907378352
28.2309415390768,0.333671798065572,1,40.5464473923311
28.4594900253294,0.333827144433964,1,40.5248985988519
28.6898887655133,0.333980542770742,1,40.5040015952693
28.9221527386804,0.334131706575235,1,40.4838176558689
29.1562970451479,0.334280326560833,1,40.4644123956056
29.3923369074803,0.334426068796739,1,40.4458561007086
29.6302876714792,0.334568572680925,1,40.4282240882145
29.8701648071805,0.334707448727356,1,40.4115970972837
30.1119839098607,0.334842276148785,1,40.396061715464
30.3557607010504,0.334972600214349,1,40.3817108434096
30.6015110295567,0.335097929359038,1,40.3686442019458
30.8492508724934,0.335217732019592,1,40.3569688857996
31.0989963363199,0.335331433168703,1,40.3467999687879
31.3507636578881,0.335438410516363,1,40.3382611657889
31.6045692054981,0.33553799034393,1,40.3314855574098
31.8604294799626,0.335629442932831,1,40.3266163839185
32.1183611156796,0.335711977545883,1,40.3238079157377
32.3783808817133,0.335784736914867,1,40.3232264086035
32.6405056828852,0.33584679118336,1,40.3250511523872
32.9047525608724,0.335897131248754,1,40.32947562356
33.1711386953162,0.335934661442075,1,40.33670875237
33.4396814049384,0.335958191478535,1,40.3469763169828
33.7103981486675,0.335966427605908,1,40.3605224781361
33.9833065267741,0.335957962871836,1,40.3776114692564
34.2584242820144,0.335931266425294,1,40.3985294584884
34.5357693007845,0.335884671761843,1,40.4235866006839
34.8153596142828,0.335816363817458,1,40.4531192990549
35.0972133996824,0.335724364811909,1,40.4874926979016
35.3813489813129,0.335606518740878,1,40.5271034294996
35.6677848318515,0.335460474416789,1,40.5723826398207
35.9565395735246,0.335283666963269,1,40.6237993191303
36.2476319793175,0.335073297678601,1,40.6818639644994
36.5410809741959,0.334826312201928,1,40.7471326016497
36.8369056363357,0.334539376944941,1,40.8202111929969
37.1351251983634,0.334208853795381,1,40.901760456814
37.4357590486068,0.333830773161546,1,40.9925011184843
37.7388267323548,0.333400805515784,1,41.0932196080025
38.0443479531291,0.332914231717611,1,41.2047742070585
38.3523425739646,0.332365912564373,1,41.3281016326137
38.6628306187004,0.331750258242339,1,41.4642240197503
38.9758322732826,0.331061198650676,1,41.6142562318513
39.2913678870758,0.330292155965451,1,41.7794133770166
39.6094579741865,0.329436021326043,1,41.9610183408954
39.930123214797,0.328485138192437,1,42.1605090509836
40.2533844565089,0.32743129577413,1,42.3794450568727
40.5792627157,0.326265737009865,1,42.6195128331385
40.9077791788892,0.324979186924545,1,42.8825289712313
41.2389552041148,0.323561908847081,1,43.1704401043669
41.572812322323,0.32200379797408,1,43.4853179806778
41.9093722387671,0.320294524123412,1,43.8293475352377
42.2486568344193,0.318423738215341,1,44.2048050769057
42.5906881673929,0.316381359958736,1,44.6140227647203
42.9354884743766,0.314157967212436,1,45.0593343674278
43.2830801720801,0.311745310184367,1,45.5429958594682
43.6334858586911,0.309136975438956,1,46.0670727232292
43.9867283153455,0.306329224704287,1,46.6332839873297
44.3428305076071,0.303322030390227,1,47.2427912504007
44.7018155869619,0.300120321742812,1,47.8959196549076
45.0637068923228,0.29673544035272,1,48.5917977671603
45.4285279515466,0.293186778588747,1,49.3279058708238
45.7963024829641,0.289503536682046,1,50.0995292250379
46.167054396922,0.285726481616706,1,50.8991269962331
46.5408077973373,0.281909523771937,1,51.7156518728501
46.9175869832646,0.278120849730919,1,52.5338922942677
47.2974164504755,0.274443273149188,1,53.3339586322683
47.6803208930515,0.270973411150326,1,54.0910903632749
48.0663252049891,0.267819293284572,1,54.7760068161642
48.4554544818188,0.265096102720106,1,55.35603031397
48.8477340222363,0.262919969402658,1,55.797139846793
49.2431893297469,0.261400090381012,1,56.066936455036
49.6418461143245,0.260629898647025,1,56.1382262930652
50.0437302940819,0.260678426328709,1,55.9926265523563
50.4488679969571,0.261583249609366,1,55.6234063014178
50.8572855624109,0.263346314718844,1,55.0368240773362
51.2690095431402,0.265933481269629,1,54.2515599811495
51.6840667068035,0.26927788989743,1,53.2963543732259
52.1024840377617,0.273286497835439,1,52.2064416454559
52.5242887388323,0.277848575669934,1,51.0196087763571
52.9495082330576,0.282844765663498,1,49.7726510989411
53.3781701654885,0.288155458822779,1,48.4987266416608
53.8103024049808,0.293667630340548,1,47.2257789881402
54.2459330460073,0.299279721878569,1,45.9759338143513
54.685090410485,0.304904548768584,1,44.7656300329895
55.1278030496154,0.310470477240903,1,43.606212612978
55.5740997457415,0.315921253404022,1,42.5047502139931
56.0240095142187,0.321214897133693,1,41.4649055320109
56.4775616053012,0.326322036849458,1,40.487751572254
56.9347855060437,0.33122398924435,1,39.5724793617362
57.3957109422183,0.335910806489126,1,38.7169785583441
57.8603678802477,0.340379437737784,1,37.9182940020795
58.3287865291527,0.344632089507551,1,37.1729722778303
58.8009973425162,0.34867482285528,1,36.4773165189219
59.277031020464,0.352516393199552,1,35.8275678630802
59.7569185116595,0.35616731861856,1,35.2200301509513
60.2406910153166,0.359639151553957,1,34.6511518523434
60.7283799832281,0.362943924339808,1,34.1175765013485
61.2200171218097,0.36609373860238,1,33.6161704573487
61.7156343941625,0.369100470635742,1,33.144034718443
62.2152640221499,0.371975568146301,1,32.6985058189558
62.7189384884932,0.374729917483279,1,32.2771495108537
63.2266905388836,0.377373764146764,1,31.8777499061486
63.7385531841099,0.379916672724052,1,31.4982959858423
64.2545597022062,0.382367515327355,1,31.136966807427
64.7747436406142,0.384734480060143,1,30.7921163219916
65.2991388183651,0.387025093046911,1,30.4622584066552
65.827779328278,0.389246249168772,1,30.1460524992191
66.3606995391757,0.391404247912739,1,29.8422900670986
66.8979340981205,0.393504831723799,1,29.5498820346657
67.4395179326655,0.395553224999579,1,29.2678472192865
67.9854862531261,0.397554172434484,1,28.995301777021
68.5358745548692,0.399511975843097,1,28.7314496271526
69.0907186206198,0.401430528903866,1,28.4755738052707
69.6500545227891,0.403313349489541,1,28.2270286838082
70.213918625818,0.405163609411295,1,27.985232994037
70.7823475885425,0.406984161514819,1,27.7496635825892
71.3553783665763,0.408777564141534,1,27.5198498372552
71.9330482147139,0.410546103015858,1,27.29536872009
72.5153946893525,0.412291810647377,1,27.0758403501051
73.1024556509332,0.414016483350419,1,26.8609240825179
73.6942692664034,0.415721695986883,1,26.6503150363881
74.2908740116972,0.417408814534391,1,26.4437410272485
74.8923086742376,0.419079006573412,1,26.2409598658996
75.498612355458,0.420733249775697,1,26.0417569887823
76.1098244733437,0.422372338463976,1,25.8459433891686
76.725984764996,0.423996888300992,1,25.6533538217639
77.3471332892138,0.425607339156316,1,25.4638452560809
77.9733104290997,0.427203956194579,1,25.2772955559923
78.6045568946846,0.42878682923183,1,25.0936023639994
79.240913725574,0.430355870422752,1,24.9126821686551
79.8824222936176,0.431910810377606,1,24.7344695317497
80.529124305597,0.433451192875424,1,24.558916447602
81.181061805939,0.43497636845622,1,24.3859917988985
81.8382771794484,0.436485487366741,1,24.2156808602687
82.5008131540631,0.43797749264312,1,24.0479847794049
83.1687128036327,0.439451114604943,1,23.8829199317968
83.8420195507184,0.440904868811176,1,23.7205169924083
84.5207771694167,0.442337060751804,1,23.5608194854571
85.2050297882047,0.443745802478555,1,23.4038814453653
85.8948218928089,0.44512904942906,1,23.2497636217307
86.5901983290984,0.446484670540812,1,23.0985273468676
87.291204305999,0.447810572470029,1,22.9502246887269
87.9978853984338,0.449104911090283,1,22.8048827264014
88.7102875502857,0.45036644331513,1,22.6624785358407
89.4284570773836,0.451595104301182,1,22.5228994827222
90.152440670515,0.452792946612793,1,22.3858802559507
90.88228539846,0.453965660287728,1,22.2509030966339
91.6180387110529,0.455125022084013,1,22.1170400196657
92.3597484422661,0.456292817691665,1,21.9827046103664
93.1074628133198,0.45750705271465,1,21.8452662558936
93.8612304358184,0.458831575511031,1,21.7004654718964
94.6211003149089,0.460370358605041,1,21.5415717601715
95.3871218524687,0.462286911118936,1,21.3582939444313
96.1593448503166,0.464825775454588,1,21.135703857597
96.9378195134502,0.468323149961394,1,20.8540727084528
97.7225964533111,0.473173750570856,1,20.4916653514924
98.5137266910737,0.479699809435017,1,20.0334062658885
99.3112616609643,0.487894848163785,1,19.4858411280652
100.115253213603,0.49716708845251,1,18.8895840406817
100.925753619375,0.506395951092876,1,18.3121265314383
101.742815571832,0.514440070927531,1,17.8172417181691
102.566492191112,0.520685165015895,1,17.4357990980295
103.3968370274,0.52514778103037,1,17.1623276428289
104.233904064403,0.528207419472307,1,16.971483534942
105.077747722864,0.530316507147062,1,16.8350058394632
105.928422864097,0.531851266625392,1,16.7301823878669
106.785984793556,0.53307723158126,1,16.6414863016823
107.650489264432,0.534165168926386,1,16.5592902252409
108.521992481272,0.535218250220388,1,16.4780381968437
109.400551103639,0.536295549783762,1,16.3947452951744
110.286222249794,0.537428791521644,1,16.3079664901948
111.179063500406,0.538633289973736,1,16.2171442443202
112.079132902301,0.53991478292875,1,16.1222135987774
112.986488972231,0.541273590435541,1,16.0233694250397
113.901190700682,0.542707104641553,1,15.9209319576875
114.823297555707,0.544211259819809,1,15.8152706736769
115.752869486794,0.545781386574617,1,15.7067623839398
116.689966928762,0.547412696831912,1,15.5957691950274
117.634650805689,0.549100548798544,1,15.482627888034
118.586982534876,0.550840581788165,1,15.3676457553239
119.547024030838,0.552628774994963,1,15.2510999956453
120.514837709331,0.554461462703829,1,15.1332389810491
121.490486491407,0.556335325400676,1,15.014284423052
122.474033807505,0.55824736837769,1,14.8944338858254
123.46554360158,0.560194894667622,1,14.7738633412625
124.465080335254,0.562175476260535,1,14.6527296053684
125.472708992008,0.564186925816462,1,14.5311725792769
126.488495081411,0.56622727004222,1,14.409317266021
127.512504643373,0.568294725278856,1,14.28727556069
128.544804252445,0.570387675483385,1,14.1651478255244
129.585461022141,0.57250465258279,1,14.0430242681051
130.634542609305,0.574644319068365,1,13.92098614319
131.692117218509,0.576805452645564,1,13.7991067988237
132.758253606487,0.578986932735415,1,13.6774525861967
133.833021086605,0.581187728623782,1,13.5560836510092
134.916489533366,0.583406889065284,1,13.4350546221736
136.008729386957,0.585643533164531,1,13.3144152117781
137.109811657823,0.587896842374956,1,13.1942107384362
138.219807931287,0.590166053473462,1,13.0744825845174
139.338790372205,0.592450452386023,1,12.955268596305
140.466831729655,0.594749368755076,1,12.8366034348578
141.604005341668,0.597062171153565,1,12.7185188842536
142.750385139995,0.599388262862979,1,12.6010441229422
143.906045654914,0.601727078143735,1,12.4842059631238
145.071062020079,0.604078078935753,1,12.3680290623707
146.245509977397,0.606440751935423,1,12.2525361111161
147.42946588196,0.608814606002301,1,12.1377479991261
148.623006707006,0.611199169855136,1,12.0236839636366
149.826210048919,0.613593990022092,1,11.9103617214691
151.039154132284,0.615998629014752,1,11.79779758712
152.261917814963,0.61841266369935,1,11.6860065785516
153.494580593225,0.620835683842212,1,11.575002512178
154.737222606918,0.623267290809259,1,11.4647980883451
155.989924644673,0.625707096402031,1,11.3554049684295
157.252768149161,0.628154721814884,1,11.2468338445385
158.525835222385,0.630609796699917,1,11.139094502666
159.80920863102,0.633071958327829,1,11.0321958800499
161.102971811795,0.635540850834378,1,10.9261461173854
162.40720887691,0.638016124543314,1,10.8209526064653
163.722004619516,0.640497435357788,1,10.7166220337482
165.047444519217,0.642984444213127,1,10.613160420298
166.383614747635,0.645476816584774,1,10.5105731584797
167.730602174008,0.64797422204579,1,10.4088650457553
169.088494370839,0.650476333869093,1,10.3080403158808
170.45737961959,0.652982828670013,1,10.2081026677714
171.837346916419,0.655493386085345,1,10.1090552922698
173.228485977971,0.658007688485435,1,10.010900897027
174.630887247206,0.660525420716235,1,9.91364172968272
176.04464189928,0.663046269868598,1,9.81727959950723
177.469841847474,0.665569925072363,1,9.7218158976531
178.906579749169,0.668096077313026,1,9.62725161614673
180.354949011869,0.670624419269084,1,9.53358736573563
181.815043799277,0.673154645168224,1,9.44082339269602
183.286959037413,0.675686450660846,1,9.34895959469199
184.770790420785,0.678219532709442,1,9.2579955357704
186.266634418617,0.680753589492593,1,9.16793046056522
187.774588281112,0.683288320322413,1,9.07876330777705
189.294750045783,0.685823425574382,1,8.99049272298874
190.827218543818,0.688358606628662,1,8.90311707086954
192.372093406515,0.690893565822012,1,8.81663444681585
193.929475071751,0.693428006409531,1,8.73104268807304
195.499464790516,0.693713848817688,0.319,1.78845199737388
197.082164633495,0.692912276715651,0.316,1.75703746536811
198.677677497706,0.692036768151427,0.313,1.7263237772668
200.286107113184,0.691091247428247,0.31,1.69630308111574
201.907558049731,0.690078980028826,0.308,1.6715430425688
203.542135723711,0.689003431050105,0.306,1.64725218370233
205.189946404906,0.687867253536267,0.304,1.62342549751409
206.851097223421,0.686673233963381,0.302,1.60005801087163
208.525696176653,0.685423904738348,0.301,1.58135691115298
210.213852136311,0.684121132716136,0.299,1.558800162879
211.915674855492,0.682767237795253,0.298,1.54073182543269
213.63127497582,0.681364308586459,0.297,1.52293713667089
215.360764034637,0.679914101798589,0.296,1.50541346266987
217.104254472254,0.678418415857724,0.295,1.48815817396782
218.861859639264,0.676879086170065,0.294,1.47116864680285
220.633693803907,0.675296797952166,0.294,1.45813075879473
222.419872159503,0.673674089309256,0.293,1.44159276191417
224.220510831939,0.672011779725598,0.293,1.42887385962091
226.03572688722,0.670311812219199,0.292,1.41277950200151
227.865638339077,0.668574427569204,0.292,1.40037407668459
229.710364156645,0.666801864709937,0.292,1.38809622926353
231.570024272191,0.664995145223843,0.292,1.37594511173144
233.444739588916,0.663155295305697,0.292,1.36391986481096
235.334631988815,0.661283344069273,0.292,1.35201961867923
237.239824340596,0.65938032193485,0.292,1.34024349367212
239.160440507678,0.657447259098884,0.292,1.32859060096823
241.096605356231,0.655485184086586,0.292,1.31706004325315
243.048444763306,0.653495122387591,0.292,1.30565091536431
245.016085625011,0.651478095174395,0.292,1.29436230491686
246.999655864764,0.649435118102805,0.292,1.28319329291103
248.99928444161,0.647367200193217,0.292,1.27214295432111
251.015101358603,0.64527464767085,0.293,1.26404485453697
253.047237671259,0.643158289561112,0.293,1.25318098449329
255.09582549608,0.641019766288735,0.293,1.24243345972196
257.160998019135,0.638859268959413,0.294,1.23450807612697
259.242889504728,0.636677262353229,0.294,1.22394370218643
261.341635304121,0.634475789118632,0.294,1.21349328170411
263.457371864336,0.632253608452408,0.295,1.20573889803663
265.590236737027,0.630013459496843,0.295,1.19546815764729
267.740368587419,0.627754470048168,0.296,1.18781668528078
269.907907203326,0.625478657925264,0.296,1.17772352932721
272.092993504239,0.623185386458282,0.297,1.17017454118243
274.295769550488,0.620876845547561,0.297,1.1602568124298
276.516378552475,0.618551759107071,0.298,1.15280979492756
278.754964879989,0.616212883350703,0.299,1.14539957516547
281.011674071587,0.61385884196161,0.299,1.13571963974113
283.286652844062,0.611491665209142,0.3,1.12841086626334
285.580049101975,0.60911173394744,0.3,1.11890114445939
287.892011947275,0.606718561404817,0.301,1.11169310632758
290.222691688993,0.604314303250679,0.302,1.10452215213135
292.572239853012,0.601898438279473,0.302,1.09524318368409
294.940809191919,0.599471454524706,0.303,1.08817215469937
297.328553694936,0.597034914023521,0.304,1.081138333335
299.735628597932,0.594588413625497,0.304,1.07208590931433
302.162190393513,0.592132265514212,0.305,1.06515105041192
304.608396841202,0.589668023140729,0.306,1.05825343800981
307.074406977686,0.587195899509525,0.306,1.04942320391991
309.560381127168,0.584715011861163,0.307,1.04262345403813
312.066480911777,0.582227424499597,0.308,1.03586091209347
314.592869262085,0.579733582872735,0.309,1.02913566717496
317.139710427697,0.577232974893456,0.309,1.020582488313
319.707169987928,0.574726173831921,0.31,1.01395368496805
322.29541486257,0.572214423673242,0.311,1.00736204502171
324.904613322743,0.569698142819422,0.312,1.00080762462911
327.534935001834,0.567176590266774,0.312,0.992524230322359
330.186550906528,0.564650769135641,0.313,0.98606462784224
332.859633427924,0.562121633244054,0.314,0.97964202737646
335.554356352742,0.559589574024993,0.315,0.973256455684016
338.270894874623,0.557053987255767,0.315,0.965235340336085
341.009425605519,0.554515544050693,0.316,0.958942788424316
343.770126587175,0.551975305471378,0.317,0.952686973927751
346.553177302703,0.54943363635511,0.318,0.946467897412535
349.358758688252,0.546890313524467,0.318,0.938701372980562
352.187053144771,0.544345160107783,0.319,0.932573368895613
355.038244549867,0.541799618095946,0.32,0.926481746657429
357.912518269762,0.53925402628983,0.321,0.920426483509324
360.810061171339,0.536708674499165,0.321,0.912906725489943
363.731061634299,0.534162249209963,0.322,0.906940460528805
366.675709563398,0.531616732439157,0.323,0.901010141755478
369.644196400802,0.529072437609704,0.324,0.895115725631669
372.636715138533,0.526529672273801,0.325,0.889257163267227
375.653460331008,0.523987478225861,0.325,0.882027213222586
378.694628107696,0.521446859508033,0.326,0.876255053613739
381.760416185865,0.518908628709466,0.327,0.870518271884696
384.851023883439,0.516373068837595,0.328,0.864816801097622
387.966652131954,0.513839617594608,0.328,0.857815982627198
391.107503489621,0.511308328991794,0.329,0.852198616584488
394.273782154499,0.508780491757644,0.33,0.846616043255177
397.465693977764,0.506256365019574,0.331,0.841068179486353
400.683446477099,0.50373560982261,0.331,0.834288455720615
403.927248850181,0.501217657315434,0.332,0.828822325397152
407.197311988284,0.498704120138796,0.333,0.823390348919687
410.493848489989,0.496195234143738,0.334,0.817992428456094
413.817072675003,0.493690634841009,0.334,0.811425755808143
417.167200598099,0.491189611948604,0.335,0.806107135235891
420.544450063156,0.488693871593976,0.336,0.800821981459095
423.949040637325,0.486203626870966,0.337,0.795570183220542
427.381193665299,0.48371817005929,0.337,0.789208528017782
430.841132283705,0.481237269986894,0.338,0.784033542577713
434.329081435614,0.478762425248113,0.339,0.77889129310612
437.845267885158,0.476293826598992,0.34,0.773781655910194
441.389920232281,0.473830043630054,0.34,0.767617006453469
444.963268927599,0.471372069662876,0.341,0.762581647979149
448.565546287376,0.468920831315826,0.342,0.757578254239648
452.196986508636,0.466476278675461,0.342,0.751562225287001
455.857825684385,0.464036479967351,0.343,0.746631064252457
459.54830181896,0.461603853940395,0.344,0.741731202083197
463.268654843505,0.459178552743928,0.345,0.736862495423122
467.019126631568,0.456759061713456,0.345,0.731029323672401
470.799961014825,0.454346136968831,0.346,0.726230247875615
474.611403798933,0.451940905729373,0.347,0.721461636201255
478.453702779515,0.449542715121396,0.347,0.71576617582839
482.327107758263,0.447150419549502,0.348,0.711065108709167
486.231870559183,0.444766134708715,0.349,0.706393797043939
490.168245044967,0.442389842362632,0.349,0.700831338353093
494.136487133493,0.440018944245367,0.35,0.696225469812398
498.136854814472,0.437656322836297,0.351,0.691648630817487
502.169608166212,0.43530207561918,0.352,0.687100651824786
506.235009372529,0.432953462143586,0.352,0.681700981991591
510.333322739797,0.430613062592811,0.353,0.677215755211604
514.464814714125,0.428281235472836,0.354,0.672758637471092
518.629753898684,0.425955236353402,0.354,0.66748125724278
522.828411071172,0.423637458798629,0.355,0.663084747800168
527.061059201407,0.421328400511926,0.356,0.658715578629743
531.327973469089,0.419025043946015,0.356,0.653555862746874
535.629431281677,0.416730130092371,0.357,0.649245139562379
539.965712292436,0.414443970825487,0.357,0.644168167893005
544.33709841861,0.412163176401857,0.358,0.639914313465723
548.743873859751,0.40989120894477,0.359,0.635686407085403
553.186325116201,0.407627371664413,0.359,0.630719294106516
557.664741007712,0.405369438642281,0.36,0.626546063562921
562.179412692231,0.403120340289674,0.361,0.622397963675912
566.730633684818,0.400878404056107,0.361,0.617536137283925
571.318699876742,0.398643146734768,0.362,0.613440496880031
575.943909554709,0.396416678866547,0.363,0.609369149615361
580.606563420252,0.394196054040839,0.363,0.604608046389572
585.306964609293,0.391983124373992,0.364,0.600586916706821
590.045418711838,0.389778498012652,0.364,0.595896815050244
594.822233791851,0.387578812530452,0.365,0.591924282036069
599.637720407286,0.385387698256324,0.366,0.587974535093259
604.492191630263,0.383203028580785,0.366,0.583377441879519
609.385963067443,0.381024669944694,0.367,0.579474005563188
614.319352880526,0.378854692483208,0.368,0.575592461961872
619.29268180695,0.376688933419673,0.368,0.571083818599287
624.306273180741,0.374531109968599,0.369,0.567246268080322
629.360452953524,0.372379518964897,0.369,0.562800155163192
634.455549715731,0.370233352746018,0.37,0.559004931534502
639.591894717946,0.368095102603164,0.371,0.555229999751882
644.769821892456,0.365960295299238,0.371,0.550864614873711
649.989667874954,0.363832908055642,0.372,0.547129638153993
655.251772026422,0.36171070682508,0.372,0.542821470753058
660.556476455202,0.359593554709708,0.373,0.539124749334411
665.90412603923,0.357483250034178,0.373,0.534871639626565
671.295068448464,0.355375651676832,0.374,0.531211460098813
676.729654167483,0.353275034463332,0.375,0.52756919162297
682.208236518274,0.351177699669949,0.375,0.523385881939713
687.731171683206,0.349085563313041,0.376,0.519777699496781
693.298818728181,0.346998089621455,0.376,0.515644108763083
698.911539625983,0.34491361673692,0.377,0.512068259469634
704.569699279812,0.342835101238786,0.377,0.50798221463063
710.273665546999,0.340757418735608,0.378,0.504436929569291
716.023809262934,0.338685459795941,0.379,0.500907052489023
721.820504265165,0.336615079986842,0.379,0.496879745110008
727.664127417709,0.334548550465261,0.38,0.4933778841331
733.555058635552,0.332484596343341,0.38,0.489392716546175
739.493680909343,0.330422482511595,0.381,0.485917059203008
745.480380330305,0.328363847328548,0.381,0.481971827371243
751.515546115323,0.326305077964936,0.382,0.478520543600138
757.599570632258,0.324250446594714,0.383,0.475082046178706
763.732849425456,0.322194040622504,0.383,0.471184273879253
769.915781241454,0.320141098203041,0.384,0.467767507407171
776.148768054918,0.318086954702482,0.384,0.463904155373094
782.432215094763,0.316034486667278,0.385,0.460507245248838
788.76653087051,0.313981283602992,0.385,0.456676060413686
795.152127198837,0.311928017165912,0.386,0.453297114278514
801.589419230357,0.309874368809002,0.386,0.449495826670912
808.078825476607,0.307818973012482,0.387,0.44613293457004
814.620767837254,0.305763428997884,0.387,0.442359255634223
821.215671627531,0.303704514961154,0.388,0.439010490362774
827.863965605879,0.301645559404191,0.388,0.435262111270333
834.566082001833,0.299581680815922,0.389,0.431925528936961
841.322456544116,0.297517731515923,0.389,0.42820011889867
848.133528488963,0.295447385424012,0.39,0.424873759747227
854.999740648693,0.293376645569467,0.391,0.421554156747881
861.921539420481,0.291298421150109,0.391,0.417850853876942
868.899374815392,0.289218941312688,0.392,0.414538665586587
875.933700487634,0.287131458947321,0.392,0.410852443893325
883.024973764047,0.285041606223883,0.393,0.407545683163317
890.173655673848,0.282943050164472,0.393,0.403874124205146
897.380210978585,0.280841141920585,0.394,0.400570794948587
904.645108202373,0.278729629257945,0.394,0.396911452052785
911.968819662343,0.276613936333427,0.395,0.393609552185741
919.351821499347,0.274487517611455,0.395,0.389959949295899
926.794593708925,0.272356268373866,0.396,0.38665747442756
934.297620172496,0.270212928710114,0.396,0.383015105209209
941.861388688832,0.268064062077365,0.396,0.37938303454974
949.486391005764,0.265901974967957,0.397,0.376072380554428
957.173122852146,0.263733037929606,0.397,0.372443656451113
964.9220839701,0.261550676573275,0.398,0.369127213269721
972.733778147489,0.259359493095076,0.398,0.36549924413322
980.608713250685,0.257154972796581,0.399,0.362175026211678
988.547401257578,0.254939310207121,0.399,0.358545189120948
996.55035829086,0.252710736306063,0.4,0.355211237504463
1004.61810465159,0.250468310557897,0.4,0.351576879988361
1012.75116485301,0.248213791159861,0.401,0.348231274204103
1020.95006765465,0.245942273741474,0.401,0.344589717325705
1029.21534609671,0.243658925755465,0.401,0.340950715473935
1037.5475375347,0.241356962200265,0.402,0.337579133348312
1045.94718367439,0.239040903267749,0.402,0.333928737456212
1054.41483060703,0.236708151795926,0.403,0.330540617434214
1062.95102884484,0.234356970666291,0.403,0.326876087173981
1071.5563333568,0.231990781931319,0.403,0.323210299275397
1080.23130360475,0.229602951924524,0.404,0.319788342353354
1088.97650357974,0.227197916653631,0.404,0.316104116020549
1097.79250183872,0.224774790126197,0.405,0.312661229559441
1106.67987154148,0.222328504792148,0.405,0.308955818824026
1115.63919048792,0.219863910070117,0.405,0.305245157164444
1124.67104115564,0.217378727159852,0.406,0.301761387055851
1133.77601073777,0.214869217895014,0.406,0.298025231733023
1142.95469118117,0.212339397583239,0.406,0.294281336397241
1152.20767922492,0.209788407992997,0.407,0.290752850182742
1161.53557643908,0.207210156762199,0.407,0.286979225948797
1170.93898926384,0.204609626933452,0.407,0.283195341732604
1180.41852904894,0.201986135646479,0.407,0.279400278569104
1189.97481209338,0.19933764025259,0.408,0.275801426699009
1199.60845968555,0.196661306644267,0.408,0.271971013641377
1209.32009814357,0.193960173798058,0.408,0.268126914140356
1219.11035885602,0.191233599309641,0.408,0.264268197695841
1228.97987832301,0.188480953491902,0.408,0.260393930099576
1238.92929819754,0.185700598974531,0.409,0.256695220550917
1248.95926532723,0.182890680140261,0.409,0.252779219066443
1259.07043179635,0.180053252913347,0.409,0.248845375820566
1269.26345496825,0.177187812663011,0.409,0.244892818928246
1279.53899752808,0.174293893473234,0.409,0.240920696543046
1289.89772752585,0.171371075241982,0.409,0.236928183892179
1300.34031841991,0.168418991847156,0.409,0.232914491688617
1310.86744912069,0.165437340553693,0.409,0.228878876177165
1321.47980403488,0.162425892868017,0.409,0.224820651121741
1332.17807310988,0.159384507084319,0.409,0.220739202102134
1342.96295187868,0.156313142813043,0.409,0.216634003562373
1353.8351415051,0.153211877837292,0.409,0.212504639142504
1364.79534882933,0.150080927709623,0.409,0.208350825934596
1375.84428641392,0.146920668582152,0.409,0.204172443436234
1386.98267259009,0.143731047200139,0.408,0.199817767659744
1398.21123150444,0.140507710602347,0.408,0.195584672831678
1409.53069316601,0.137256104084146,0.408,0.191326083792778
1420.94179349378,0.133977418148754,0.408,0.187042737595087
1432.44527436445,0.130670802937865,0.407,0.18259276970666
1444.04188366077,0.127331086147481,0.407,0.178249957795557
1455.73237532004,0.12396810653612,0.407,0.173884423112642
1467.51750938323,0.120575689460187,0.406,0.169354885931693
1479.39805204436,0.11715736752171,0.406,0.164930358238259
1491.37477570027,0.113713977600522,0.405,0.160350624015194
1503.44845900091,0.110246229738868,0.405,0.155869454747782
1515.61988689989,0.106752749941678,0.404,0.151234378668344
1527.88985070559,0.103242276419696,0.403,0.146581783224296
1540.25914813254,0.0997047812956726,0.403,0.142010149904826
1552.72858335329,0.096148372400772,0.402,0.137296872568489
1565.29896705074,0.0925761316353402,0.401,0.132561665737109
1577.9711164708,0.0889885769468432,0.4,0.127803027848682
1590.74585547554,0.0853865538607089,0.399,0.123019796279588
1603.62401459674,0.0817713295043118,0.398,0.118211283037564
1616.6064310899,0.078144715064529,0.397,0.113377455665259
1629.69394898867,0.0745092265449625,0.396,0.108519179642705
1642.88741915971,0.0708682975621812,0.395,0.103638545099989
1656.18769935804,0.0672265634391423,0.394,0.098739310000292
1669.59565428276,0.0635902437120863,0.393,0.0938275053608767
1683.11215563331,0.0599502542001616,0.391,0.0888053282851309
1696.73808216612,0.0563183413034601,0.39,0.083852361672267
1710.47431975172,0.0527025375985909,0.388,0.0788184563692828
1724.32176143241,0.0490944390746837,0.387,0.0738393747532244
1738.28130748022,0.0455064027553612,0.385,0.0687853618650255
1752.35386545551,0.0419510946570258,0.383,0.0637463196090855
1766.54035026596,0.0384131830120093,0.382,0.0587544617761283
1780.84168422602,0.034904926083393,0.38,0.053702601750268
1795.25879711692,0.0314373405624923,0.378,0.0486669860635805
1809.79262624709,0.0280152904345838,0.376,0.0436515635268617
1824.44411651309,0.0246472329919662,0.374,0.0386659735159086
1839.21422046107,0.0213388360697222,0.371,0.0336784765880903
1854.10389834867,0.0180614954615023,0.369,0.0287193567652201
1869.11411820748,0.0148734814958168,0.367,0.0238355782915895
1884.24585590593,0.0117745070791619,0.364,0.0190018001018665
1899.50009521279,0.00873087009534941,0.362,0.0142105205584121
1914.87782786108,0.00578655230403435,0.359,0.00949086635833563
1930.38005361258,0.00307676484408746,0.356,0.00508699016159904
1946.00778032282,0.000883395851213097,0.354,0.00147472852265341
1961.76202400658,0.00250957217207119,0.351,0.00422625394854855
1977.64380890397,0.00495689488349644,0.348,0.00842409882389505
1993.65416754703,0.00731897274265362,0.345,0.0125569497115429
2009.79414082682,0.00951876683986111,0.341,0.0164696890433486
2026.06477806113,0.0115256767593182,0.338,0.0201470721279151
2042.46713706267,0.0134079847823416,0.335,0.0236877014819526
2059.00228420788,0.0151097727279573,0.331,0.0269490101050375
2075.6712945062,0.0165981341542356,0.328,0.0299431523667438
2092.47525167003,0.0178801130825689,0.324,0.032586922147093
2109.41524818514,0.0189637465146826,0.32,0.034928485789501
2126.4923853817,0.0197825285888916,0.317,0.0368985746383029
2143.7077735059,0.0203382225006723,0.313,0.0383655412584188
2161.0625317921,0.0206286157901581,0.309,0.0393684277376997
2178.55778853565,0.0206336317331582,0.305,0.0398521227425856
2196.19468116618,0.0203377458292001,0.301,0.0397669984623341
2213.9743563216,0.0196932515815052,0.296,0.038919828774984
2231.89796992262,0.0186847084567553,0.292,0.037406104054734
2249.9666872479,0.0173281104245635,0.288,0.0351515010301553
2268.18168300982,0.0155902855392988,0.283,0.0319872371139664
2286.54414143084,0.0133808761750646,0.279,0.027833085382794
2305.05525632052,0.0108177028668664,0.274,0.022765709318353
2323.7162311531,0.00765603800840877,0.27,0.0163408491582368
2342.52827914574,0.00417213886009228,0.265,0.00901106924589515
2361.49262333744,0.000508909710433255,0.261,0.00111502215551774
2380.61049666849,0.00480229463678252,0.256,0.0106470440754481
2399.88314206069,0.0101074283446033,0.252,0.0227325498406926
2419.31181249812,0.0159676488425436,0.247,0.0363291973268934
2438.8977711086,0.0225725565121252,0.242,0.0519351089115153
2458.64229124585,0.0298038046733992,0.238,0.0695174025741296
2478.54665657221,0.0378153342041919,0.233,0.0891170636871319
2498.61216114214,0.0465512424722887,0.229,0.111105103474649
2518.84010948637,0.056110744505011,0.225,0.135539064624051
2539.23181669665,0.0664955906320623,0.22,0.161895735501881
2559.7886085113,0.0777292538975617,0.216,0.191152672372794
2580.51182140139,0.0898561943140926,0.212,0.222921527537969
2601.4028026576,0.102899139147738,0.209,0.258060645996655
2622.46291047787,0.116854784901754,0.205,0.294720022732401
2643.69351405564,0.131766114323403,0.201,0.333547883821802
2665.0959936689,0.147610154755231,0.198,0.375616105600973
2686.67174076992,0.164396893870605,0.195,0.419544382359234
2708.42215807571,0.182107492973482,0.193,0.466722922521259
2730.34865965925,0.200700566418431,0.19,0.513092135536885
2752.45267104134,0.220147536799166,0.188,0.56197230946102
2774.73562928337,0.240390333939359,0.186,0.61079856681315
2797.19898308069,0.261354186702981,0.185,0.661549204767488
2819.84419285682,0.282961619907111,0.184,0.711122136926946
2842.67273085842,0.305115344892061,0.183,0.758684393658743
2865.68608125093,0.327713330918287,0.183,0.806871950019264
2888.88574021513,0.350640891943282,0.183,0.85191304630875
2912.27321604441,0.37378283467191,0.183,0.893139188752228
2935.85002924277,0.397018361827019,0.184,0.93393123923422
2959.61771262377,0.420232445899212,0.185,0.970214046908351
2983.57781141006,0.443309815524331,0.187,1.00582179737825
3007.73188333398,0.466144927063265,0.189,1.03659430144049
3032.08149873869,0.488637381582358,0.191,1.06244517427857
3056.6282406804,0.510703853022304,0.193,1.08344566139315
3081.37370503119,0.532264594672737,0.196,1.10404804531694
3106.3195005828,0.553258400633532,0.199,1.12020137587726
3131.46724915125,0.573632290708717,0.203,1.13640915227707
3156.8185856822,0.5933430719222,0.206,1.14450322610704
3182.37515835737,0.612363198365797,0.21,1.1532175725171
3208.13862870155,0.630671375536507,0.214,1.15867628030968
3234.11067169074,0.64825553054542,0.218,1.1612315204746
3260.29297586098,0.665112059988216,0.222,1.16123159459072
3286.68724341813,0.681241992971458,0.227,1.1627224402941
3313.29519034861,0.69665408945386,0.231,1.15847072626301
3340.11854653082,0.711359999976671,0.236,1.15608558571613
3367.15905584778,0.725376697505688,0.241,1.1521042080002
3394.41847630035,0.738722228170145,0.245,1.14346859080746
3421.89858012163,0.751416856658848,0.25,1.1370607061527
3449.60115389212,0.763483984646631,0.255,1.12967125811641
3477.5279986559,0.774947061902369,0.26,1.12146042114673
3505.68093003771,0.785830248708003,0.265,1.11256867514497
3534.06177836102,0.796158028885886,0.27,1.10311844279923
3562.67238876697,0.805954832229941,0.276,1.09587648272236
3591.51462133436,0.815244550474447,0.281,1.08551594406159
3620.59035120061,0.824051477803132,0.286,1.07487601809988
3649.9014686836,0.832398935908634,0.291,1.06402402446251
3679.44987940466,0.84030957421666,0.296,1.05301727342185
3709.23750441235,0.847805293003034,0.301,1.04190437008041
3739.26628030746,0.854906606705776,0.307,1.03286439135873
3769.53815936883,0.861634303552033,0.312,1.02157702157393
3800.05510968034,0.868007886460558,0.317,1.01029121251146
3830.81911525882,0.873703309813228,0.191,0.851370617317267
3861.83217618305,0.872864295234964,0.195,0.845420508316546
3893.09630872381,0.871848794456902,0.2,0.839696877825988
3924.61354547494,0.870667553708784,0.204,0.8335985519792
3956.38593548549,0.869332112356494,0.209,0.827705256688592
3988.41554439296,0.867850300277888,0.213,0.821498225961704
4020.70445455755,0.866231085653393,0.218,0.815472282213469
4053.25476519761,0.864482657803847,0.223,0.809384466847439
4086.06859252603,0.862612028937835,0.228,0.803241988833561
4119.14806988789,0.860625869722756,0.233,0.797051467207985
4152.49534789915,0.858530512935014,0.238,0.790818977118906
4186.11259458642,0.856331960630171,0.243,0.784550093572835
4220.00199552799,0.854034301246271,0.249,0.778385004708619
4254.16575399583,0.851644092486966,0.254,0.772045186368594
4288.60609109892,0.849165578018623,0.26,0.765800649347679
4323.32524592758,0.846603015221596,0.265,0.759408470680623
4358.32547569911,0.843960694047776,0.271,0.753102426116276
4393.60905590448,0.841243188132019,0.277,0.746769319805742
4429.17828045629,0.838452836378609,0.282,0.740321981306843
4465.03546183794,0.83559426799753,0.288,0.733950266369057
4501.18293125388,0.832670805847298,0.294,0.7275620488429
4537.62303878129,0.829685541070469,0.3,0.721160470391261
4574.35815352278,0.826641451406816,0.306,0.714748496192079
4611.39066376045,0.823541337472933,0.311,0.708265573003228
4648.72297711114,0.82038789535013,0.317,0.701844772462753
4686.35752068297,0.817184004939481,0.323,0.69542137848609
4724.29674123315,0.813932191463643,0.329,0.688997747873352
4762.54310532705,0.810634880851939,0.335,0.68257611134205
4801.09909949849,0.807294403177006,0.341,0.676158581786881
4839.96723041153,0.803912921910931,0.348,0.669790376559279
4879.1500250233,0.800492519704717,0.354,0.663384148530815
4918.65003074839,0.797035380797499,0.36,0.656987894633641
4958.46981562442,0.793543498526088,0.366,0.650603330589225
4998.61196847899,0.790018787842456,0.372,0.644232088236997
5039.07909909802,0.786463089012455,0.378,0.637875721215646
5079.87383839539,0.782878171217755,0.384,0.631535710259768
5120.998838584,0.779265736047571,0.39,0.625213468133577
5162.45677334823,0.775627420871115,0.396,0.618910344223266
5204.25033801768,0.771964802085221,0.402,0.612627628808998
5246.38224974252,0.768279398234423,0.408,0.606366557036827
5288.85524767004,0.764572673003176,0.414,0.600128312610091
5331.67209312277,0.760846038081683,0.42,0.593914031218819
5374.83556977805,0.757100855908303,0.426,0.587724803724878
5418.34848384891,0.753338442292582,0.432,0.58156167911952
5462.21366426659,0.749560068923783,0.438,0.575425667269084
5506.43396286443,0.745766965770347,0.444,0.569317741463659
5551.01225456329,0.741960323376046,0.45,0.56323884078256
5595.95143755845,0.738141295058769,0.456,0.557189872289603
5641.254433508,0.734310999017872,0.462,0.551171713070316
5686.92418772287,0.73047052035591,0.468,0.545185212122364
5732.96366935823,0.726620608001691,0.473,0.53921427117952
5779.37587160657,0.722762267204861,0.479,0.533293166704736
5826.16381189231,0.718896742145007,0.485,0.527405983142731
5873.33053206791,0.715025002564194,0.491,0.521553475410933
5920.87909861173,0.711147496178309,0.496,0.515721205420073
5968.81260282727,0.707265176824189,0.502,0.50993930598079
6017.13416104429,0.703379331958227,0.508,0.504194104972599
6065.84691482126,0.699489946750513,0.513,0.498471820661374
6114.95403114975,0.695598446463785,0.519,0.492800710789047
6164.45870266023,0.691705200869499,0.524,0.487154709936055
6214.36414782964,0.687811078461803,0.53,0.481559787465352
6264.67361119072,0.683916542472359,0.535,0.475991500854025
6315.39036354283,0.680022706189165,0.541,0.470474775081284
6366.51770216466,0.67612933420332,0.546,0.464985577202467
6418.05895102865,0.672237865031228,0.551,0.459537158900706
6470.01746101695,0.668348739120644,0.557,0.454140196424851
6522.39661013943,0.664461836848213,0.562,0.448772684825292
6575.19980375318,0.660578336067895,0.567,0.443446603842794
6628.43047478396,0.65669868484403,0.572,0.438162112465221
6682.09208394941,0.652823325547965,0.577,0.432919370163704
6736.18811998395,0.648952695708394,0.582,0.427718536906361
6790.72209986571,0.645087228823596,0.587,0.422559773161283
6845.69756904508,0.641227355137493,0.592,0.41744323989013
6901.11810167529,0.637373502381268,0.597,0.41236909853346
6956.98730084476,0.633526096482285,0.602,0.407337510988876
7013.30879881129,0.629685562241934,0.607,0.402348639582922
7070.08625723831,0.625852323983957,0.612,0.397402647037555
7127.32336743282,0.622026806174766,0.617,0.392499696432004
7185.02385058548,0.618209426012728,0.621,0.387632398379094
7243.1914580125,0.614399875064792,0.626,0.382815282082173
7301.82997139948,0.610599218074118,0.631,0.378041574250704
7360.94320304736,0.606807864410908,0.635,0.373304423287184
7420.53499612018,0.603025216723831,0.64,0.368616903665299
7480.60922489501,0.599252657010153,0.645,0.363973175113453
7541.16979501382,0.595489618284757,0.649,0.359365716117977
7602.22064373731,0.591737163993841,0.654,0.354808582469375
7663.76574020104,0.587994671057495,0.658,0.350287869282536
7725.80908567334,0.584263276300863,0.662,0.345811051392342
7788.35471381552,0.580542693404202,0.667,0.341383293764225
7851.40669094413,0.576833180567884,0.671,0.336992675385336
7914.96911629522,0.573135295866455,0.675,0.332645502522759
7979.04612229098,0.569449191677217,0.679,0.328341594251677
8043.6418748083,0.565774898525094,0.684,0.324085934471974
8108.76057344966,0.562112539471944,0.688,0.319867578501922
8174.40645181619,0.558462561697126,0.692,0.315692120241739
8240.58377778279,0.554825142688496,0.696,0.311559407452032
8307.29685377578,0.551200466569445,0.7,0.307469294914849
8374.55001705243,0.547588724203415,0.704,0.303421644108999
8442.34763998311,0.543990113297281,0.708,0.299416322899467
8510.69413033537,0.540404820580773,0.711,0.295448738364935
8579.59393156072,0.536832648126875,0.715,0.291527333399578
8649.05152308334,0.533274135933068,0.719,0.287647786574488
8719.07142059136,0.529729509907673,0.723,0.283809990564299
8789.6581763305,0.526199003270123,0.727,0.280013843007477
8860.81637939989,0.522682137752993,0.73,0.27625456785278
8932.55065605058,0.519179624307628,0.734,0.272540513126252
9004.86566998624,0.515691693457136,0.737,0.268863816109989
9077.7661226663,0.512217770837756,0.741,0.265231088694912
9151.25675361174,0.508758992025603,0.744,0.261635784086302
9225.34234071309,0.505314316378804,0.748,0.258083673192014
9300.02770054118,0.501884965229598,0.751,0.254568644908809
9375.31768866021,0.498470251712968,0.755,0.251096489799763
9451.21719994339,0.495070662004308,0.758,0.247660685998315
9527.73116889132,0.491686509436764,0.761,0.244264567926716
9604.86456995261,0.488317249084045,0.765,0.240910299837874
9682.62241784744,0.484963367579642,0.768,0.237591836657071
9761.00976789355,0.481625062122667,0.771,0.234312152834902
9840.03171633478,0.478302361050265,0.774,0.231070928074408
9919.69340067262,0.474995299743732,0.777,0.227867850788661
10000,0.471703870430186,0.781,0.224705263258423
