frequency_Hz,normalized_voltage_margin,normalized_angle_schur_margin,normalized_angle_pivot_margin,normalized_voltage_schur_margin,normalized_total_sigma_min,relative_factorization_residual
0.001,0.46944039183744,0.880196718371011,0.469437931121061,0.880201332217354,0.413199892366116,1.85037586152468e-16
0.00100809567353382,0.469440404082938,0.880196676038421,0.469437903362963,0.880201364891609,0.413199883271935,1.85037503238177e-16
0.0010162568869976,0.469440416527509,0.880196633017633,0.469437875153604,0.880201398097047,0.413199874029909,1.85037596875821e-16
0.00102448417098122,0.46944042917439,0.880196589297461,0.469437846485647,0.880201431842305,0.413199864637634,1.85037867066567e-16
0.00103277806037004,0.469440442026869,0.880196544866535,0.469437817351638,0.880201466136156,0.413199855092669,3.70075083552225e-16
0.00104113909437969,0.469440455088288,0.880196499713299,0.469437787743999,0.880201500987521,0.413199845392529,1.80700708389394e-19
0.00104956781659108,0.469440468362044,0.880196453826013,0.469437757655031,0.880201536405464,0.413199835534694,3.70075062311557e-16
0.0010580647749858,0.469440481851589,0.880196407192741,0.469437727076909,0.880201572399192,0.413199825516598,1.85037889945297e-16
0.00106663052198171,0.469440495560432,0.880196359801357,0.469437696001681,0.88020160897807,0.413199815335637,1.85037542968548e-16
0.00107526561446888,0.469440509492137,0.880196311639536,0.469437664421265,0.880201646151609,0.413199804989164,1.80700731464209e-19
0.00108397061384575,0.469440523650327,0.880196262694753,0.469437632327448,0.880201683929474,0.413199794474485,3.61401474938516e-19
0.0010927460860557,0.469440538038684,0.88019621295428,0.469437599711885,0.880201722321494,0.413199783788869,1.80700743571932e-19
0.00110159260162376,0.46944055266095,0.88019616240518,0.469437566566092,0.88020176133765,0.413199772929535,1.80700749773816e-19
0.00111051073569377,0.469440567520927,0.880196111034309,0.469437532881451,0.88020180098809,0.413199761893659,1.80700756076526e-19
0.00111950106806574,0.46944058262248,0.880196058828307,0.469437498649201,0.880201841283126,0.413199750678372,0
0.00112856418323356,0.469440597969537,0.880196005773597,0.469437463860439,0.880201882233235,0.413199739280755,1.80700768991e-19
0.00113770067042298,0.469440613566087,0.880195951856382,0.469437428506119,0.880201923849069,0.413199727697846,1.80700775606123e-19
0.00114691112362992,0.469440629416188,0.88019589706264,0.469437392577046,0.880201966141449,0.413199715926632,1.85037689337463e-16
0.00115619614165913,0.469440645523961,0.880195841378122,0.469437356063877,0.880202009121376,0.413199703964051,1.8503769633339e-16
0.00116555632816306,0.469440661893594,0.880195784788345,0.469437318957115,0.880202052800024,0.413199691806993,1.8070079610377e-19
0.00117499229168114,0.469440678529346,0.880195727278595,0.469437281247111,0.880202097188755,0.413199679452295,0
0.00118450464567934,0.469440695435542,0.880195668833914,0.469437242924058,0.880202142299112,0.413199666896745,1.80700810330273e-19
0.00119409400859005,0.469440712616578,0.880195609439104,0.46943720397799,0.880202188142825,0.413199654137076,0
0.00120376100385228,0.469440730076924,0.880195549078718,0.469437164398778,0.880202234731818,0.413199641169972,1.85037997754615e-16
0.0012135062599522,0.469440747821118,0.880195487737059,0.469437124176129,0.880202282078207,0.413199627992059,1.85037740763125e-16
0.00122333041046402,0.469440765853777,0.880195425398175,0.469437083299582,0.880202330194305,0.41319961459991,1.85038013293263e-16
0.00123323409409112,0.469440784179588,0.880195362045854,0.469437041758508,0.880202379092623,0.413199600990042,1.80700847970263e-19
0.00124321795470765,0.469440802803319,0.880195297663619,0.469436999542103,0.880202428785881,0.413199587158916,1.85037676410222e-16
0.00125328264140034,0.469440821729812,0.880195232234729,0.469436956639389,0.880202479286999,0.413199573102934,1.85038037561431e-16
0.00126342880851072,0.469440840963989,0.880195165742168,0.469436913039208,0.880202530609114,0.413199558818441,0
0.00127365711567764,0.469440860510852,0.880195098168644,0.469436868730221,0.88020258276557,0.413199544301722,1.85037701473815e-16
0.00128396822788018,0.469440880375484,0.880195029496584,0.469436823700905,0.880202635769932,0.413199529549001,1.85037710101447e-16
0.00129436281548089,0.469440900563051,0.880194959708128,0.46943677793955,0.880202689635984,0.413199514556442,1.85037718869339e-16
0.00130484155426934,0.469440921078804,0.880194888785128,0.469436731434255,0.880202744377736,0.413199499320146,1.80700906034933e-19
0.00131540512550606,0.469440941928076,0.88019481670914,0.469436684172926,0.880202800009423,0.413199483836149,1.8070091487799e-19
0.00132605421596686,0.469440963116291,0.880194743461419,0.469436636143272,0.880202856545514,0.413199468100425,0
0.00133678951798747,0.469440984648958,0.880194669022917,0.469436587332803,0.88020291400071,0.413199452108881,0
0.00134761172950852,0.469441006531676,0.880194593374275,0.469436537728823,0.880202972389954,0.413199435857359,1.80700942279122e-19
0.00135852155412096,0.469441028770138,0.88019451649582,0.469436487318435,0.880203031728431,0.413199419341631,3.70075946152734e-16
0.00136951970111177,0.469441051370124,0.880194438367559,0.469436436088527,0.880203092031573,0.413199402557403,1.85037784368158e-16
0.0013806068855101,0.469441074337514,0.880194358969174,0.469436384025777,0.880203153315061,0.413199385500309,1.85037882576287e-16
0.00139178382813373,0.46944109767828,0.880194278280017,0.469436331116645,0.880203215594835,0.413199368165912,1.80700980938315e-19
0.00140305125563594,0.46944112139849,0.880194196279104,0.469436277347371,0.88020327888709,0.413199350549706,1.80700990999085e-19
0.00141440990055278,0.469441145504315,0.88019411294511,0.469436222703973,0.880203343208287,0.413199332647107,1.85037825252776e-16
0.00142586050135065,0.469441170002023,0.880194028256362,0.46943616717224,0.880203408575153,0.41319931445346,1.80701011613961e-19
0.00143740380247435,0.469441194897984,0.880193942190837,0.469436110737729,0.880203475004687,0.413199295964034,0
0.00144904055439544,0.469441220198674,0.880193854726153,0.469436053385764,0.880203542514167,0.413199277174019,1.85037945927178e-16
0.00146077151366109,0.46944124591067,0.880193765839563,0.469435995101431,0.880203611121148,0.413199258078529,1.85038662956279e-16
0.00147259744294318,0.46944127204066,0.880193675507953,0.469435935869572,0.880203680843472,0.413199238672597,1.85038674305203e-16
0.00148451911108798,0.469441298595439,0.880193583707828,0.469435875674782,0.880203751699271,0.413199218951176,0
0.00149653729316606,0.469441325581912,0.880193490415319,0.469435814501408,0.880203823706974,0.413199198909137,1.80701077602272e-19
0.00150865277052271,0.469441353007098,0.88019339560616,0.46943575233354,0.880203896885306,0.413199178541268,1.85038003609083e-16
0.00152086633082875,0.469441380878128,0.880193299255697,0.469435689155011,0.8802039712533,0.41319915784227,1.85038015714159e-16
0.00153317876813171,0.469441409202251,0.880193201338874,0.469435624949391,0.880204046830294,0.413199136806762,0
0.00154559088290748,0.469441437986832,0.880193101830225,0.469435559699982,0.880204123635944,0.413199115429271,3.70076301618043e-16
0.00155810348211234,0.469441467239356,0.880193000703873,0.469435493389815,0.880204201690223,0.413199093704238,0
0.00157071737923542,0.469441496967432,0.880192897933519,0.469435426001645,0.880204281013433,0.413199071626013,3.61402300589253e-19
0.0015834333943516,0.469441527178788,0.880192793492436,0.469435357517948,0.880204361626202,0.413199049188853,1.80701163108649e-19
0.00159625235417481,0.469441557881283,0.880192687353463,0.469435287920912,0.880204443549493,0.413199026386923,0
0.00160917509211179,0.4694415890829,0.880192579488998,0.469435217192439,0.880204526804614,0.413199003214292,3.61402378730084e-19
0.00162220244831628,0.469441620791754,0.880192469870989,0.469435145314135,0.880204611413214,0.413198979664934,0
0.0016353352697436,0.469441653016089,0.88019235847093,0.469435072267307,0.880204697397298,0.413198955732724,7.22804865928342e-19
0.00164857441020578,0.469441685764287,0.88019224525985,0.469434998032958,0.880204784779228,0.413198931411437,1.85038412832817e-16
0.00166192073042701,0.469441719044864,0.880192130208306,0.469434922591782,0.880204873581729,0.413198906694748,0
0.00167537509809962,0.469441752866474,0.880192013286379,0.46943484592416,0.880204963827895,0.413198881576228,1.85038089045336e-16
0.00168893838794052,0.469441787237912,0.880191894463662,0.469434768010153,0.880205055541195,0.413198856049345,1.85038103973781e-16
0.00170261148174801,0.469441822168116,0.880191773709254,0.469434688829499,0.880205148745482,0.413198830107458,1.85038119144922e-16
0.00171639526845917,0.469441857666171,0.880191650991751,0.469434608361606,0.880205243464995,0.413198803743822,1.85038487494601e-16
0.0017302906442076,0.469441893741308,0.88019152627924,0.469434526585547,0.880205339724367,0.413198776951579,3.61402637170189e-19
0.00174429851238172,0.469441930402908,0.880191399539288,0.469434443480055,0.880205437548631,0.41319874972376,0
0.00175841978368348,0.469441967660504,0.880191270738934,0.469434359023518,0.880205536963229,0.413198722053285,3.61402699875627e-19
0.00177265537618758,0.469442005523786,0.880191139844683,0.469434273193971,0.880205637994015,0.413198693932956,0
0.00178700621540116,0.469442044002601,0.880191006822495,0.469434185969093,0.880205740667263,0.413198665355459,0
0.00180147323432395,0.469442083106953,0.880190871637776,0.4694340973262,0.880205845009676,0.413198636313362,3.61402797808648e-19
0.00181605737350894,0.469442122847014,0.880190734255369,0.469434007242239,0.88020595104839,0.413198606799112,1.85038602670413e-16
0.00183075958112354,0.469442163233116,0.880190594639547,0.469433915693783,0.880206058810981,0.413198576805031,1.85038267279171e-16
0.00184558081301122,0.469442204275762,0.880190452754001,0.469433822657023,0.880206168325475,0.413198546323319,1.85039696829908e-16
0.00186052203275363,0.469442245985625,0.880190308561833,0.469433728107764,0.880206279620353,0.413198515346047,1.85038656153276e-16
0.00187558421173328,0.469442288373553,0.880190162025543,0.469433632021416,0.880206392724559,0.413198483865159,1.85038674563671e-16
0.00189076832919665,0.469442331450567,0.880190013107025,0.469433534372992,0.88020650766751,0.413198451872467,3.61403008478673e-19
0.0019060753723179,0.46944237522787,0.880189861767548,0.469433435137095,0.880206624479095,0.413198419359649,7.2280609123013e-19
0.00192150633626303,0.469442419716847,0.880189707967758,0.469433334287919,0.880206743189696,0.413198386318249,1.8503837867786e-16
0.00193706222425457,0.469442464929066,0.880189551667655,0.469433231799236,0.880206863830184,0.413198352739673,1.85038751247346e-16
0.00195274404763682,0.469442510876285,0.880189392826593,0.469433127644392,0.880206986431935,0.413198318615188,1.85038771203717e-16
0.00196855282594159,0.469442557570452,0.880189231403263,0.4694330217963,0.880207111026833,0.413198283935918,1.85038791484527e-16
0.00198448958695448,0.46944260502371,0.880189067355685,0.469432914227434,0.880207237647281,0.413198248692842,7.22806481103646e-19
0.00200055536678172,0.469442653248399,0.880188900641198,0.469432804909817,0.88020736632621,0.413198212876796,1.85038833040644e-16
0.00201675120991751,0.46944270225706,0.880188731216445,0.469432693815021,0.880207497097084,0.413198176478461,3.61403323035476e-19
0.00203307816931193,0.469442752062438,0.880188559037365,0.469432580914153,0.880207629993914,0.413198139488372,1.85039934752805e-16
0.0020495373064394,0.469442802677483,0.880188384059183,0.469432466177851,0.88020776505126,0.413198101896908,0
0.00206612969136771,0.469442854115359,0.880188206236391,0.469432349576277,0.880207902304248,0.41319806369429,1.85038567351321e-16
0.00208285640282755,0.469442906389442,0.880188025522746,0.469432231079107,0.880208041788573,0.413198024870582,3.61403496202626e-19
0.00209971852828265,0.469442959513325,0.880187841871252,0.469432110655523,0.880208183540512,0.413197985415687,0
0.00211671716400053,0.469443013500823,0.880187655234147,0.469431988274208,0.880208327596927,0.413197945319341,1.85038989510793e-16
0.0021338534151237,0.469443068365975,0.880187465562895,0.469431863903334,0.880208473995285,0.413197904571116,3.61403633609004e-19
0.00215112839574156,0.469443124123049,0.880187272808169,0.469431737510557,0.880208622773659,0.413197863160413,1.85038684625094e-16
0.0021685432289628,0.469443180786544,0.880187076919842,0.469431609063005,0.880208773970743,0.413197821076461,3.61403728976736e-19
0.00218609904698845,0.469443238371195,0.880186877846971,0.469431478527275,0.880208927625858,0.413197778308314,1.85038734247197e-16
0.00220379699118545,0.469443296891977,0.880186675537784,0.469431345869418,0.880209083778965,0.413197734844846,1.85039112598011e-16
0.00222163821216089,0.469443356364108,0.88018646993967,0.469431211054934,0.880209242470674,0.413197690674754,1.85038785495876e-16
0.0022396238698368,0.469443416803052,0.880186260999159,0.469431074048762,0.880209403742258,0.413197645786548,1.85038811746776e-16
0.00225775513352553,0.469443478224529,0.880186048661914,0.469430934815272,0.880209567635658,0.413197600168553,1.85038838424451e-16
0.00227603318200585,0.469443540644508,0.880185832872715,0.469430793318253,0.880209734193498,0.413197553808902,0
0.0022944592035995,0.469443604079222,0.880185613575443,0.469430649520907,0.880209903459094,0.413197506695538,1.85040304817324e-16
0.0023130343962485,0.469443668545168,0.880185390713068,0.469430503385837,0.880210075476469,0.413197458816205,7.22808285500282e-19
0.00233175996759301,0.469443734059108,0.880185164227632,0.469430354875038,0.880210250290359,0.413197410158449,1.85039302476818e-16
0.00235063713504986,0.469443800638081,0.880184934060235,0.469430203949887,0.880210427946228,0.413197360709615,0
0.00236966712589169,0.469443868299398,0.880184700151018,0.469430050571132,0.88021060849028,0.413197310456839,0
0.00238885117732672,0.469443937060655,0.880184462439151,0.469429894698886,0.880210791969469,0.413197259387051,3.61404370537384e-19
0.00240819053657923,0.469444006939732,0.880184220862815,0.469429736292611,0.880210978431513,0.413197207486966,1.85039421000186e-16
0.0024276864609706,0.469444077954802,0.880183975359185,0.46942957531111,0.880211167924906,0.413197154743084,1.85039098911318e-16
0.00244734021800108,0.46944415012433,0.880183725864414,0.469429411712516,0.88021136049893,0.413197101141686,7.22809102568711e-19
0.00246715308543219,0.469444223467085,0.880183472313619,0.469429245454284,0.880211556203668,0.413197046668829,0
0.00248712635136979,0.469444298002138,0.88018321464086,0.469429076493175,0.880211755090017,0.413196991310343,3.61404676732946e-19
0.00250726131434783,0.469444373748871,0.880182952779128,0.469428904785246,0.880211957209705,0.41319693505183,3.61404740990976e-19
0.00252755928341275,0.469444450726982,0.880182686660321,0.469428730285843,0.880212162615295,0.413196877878654,7.22809612587386e-19
0.00254802157820863,0.469444528956488,0.880182416215233,0.469428552949583,0.880212371360209,0.413196819775944,0
0.00256864952906292,0.469444608457733,0.88018214137353,0.469428372730346,0.880212583498737,0.413196760728586,1.0842148203042e-18
0.002589444477073,0.469444689251388,0.880181862063737,0.469428189581262,0.880212799086049,0.41319670072122,3.61405008641191e-19
0.00261040777419332,0.469444771358465,0.880181578213217,0.469428003454701,0.880213018178215,0.413196639738237,1.85039753021496e-16
0.00263154078332332,0.469444854800314,0.880181289748149,0.469427814302257,0.880213240832216,0.413196577763773,1.85040848063357e-16
0.00265284487839603,0.469444939598633,0.880180996593517,0.469427622074735,0.880213467105959,0.413196514781708,1.85040884895556e-16
0.00267432144446738,0.469445025775474,0.88018069867308,0.469427426722144,0.88021369705829,0.413196450775658,1.8503986352704e-16
0.00269597187780627,0.469445113353244,0.880180395909361,0.469427228193678,0.880213930749017,0.413196385728973,1.85040960366117e-16
0.00271779758598533,0.469445202354719,0.880180088223623,0.469427026437706,0.880214168238916,0.413196319624733,0
0.00273979998797246,0.469445292803041,0.880179775535849,0.469426821401756,0.880214409589754,0.413196252445742,1.85039979510408e-16
0.00276198051422303,0.469445384721731,0.880179457764719,0.469426613032506,0.880214654864298,0.413196184174524,3.61405598633905e-19
0.00278434060677294,0.469445478134692,0.880179134827594,0.469426401275763,0.880214904126341,0.413196114793319,0
0.00280688171933232,0.469445573066212,0.88017880664049,0.469426186076456,0.88021515744071,0.41319604428408,1.85040101243152e-16
0.00282960531738006,0.46944566954098,0.880178473118056,0.469425967378617,0.880215414873285,0.413195972628463,3.61405840258165e-19
0.00285251287825912,0.46944576758408,0.880178134173558,0.46942574512537,0.880215676491022,0.41319589980783,0
0.00287560589127251,0.469445867221009,0.880177789718848,0.469425519258913,0.880215942361958,0.413195825803236,1.85040229010291e-16
0.00289888585778017,0.469445968477675,0.880177439664346,0.469425289720503,0.880216212555244,0.413195750595429,3.61406093859955e-19
0.00292235429129655,0.469446071380408,0.880177083919015,0.469425056450444,0.880216487141149,0.413195674164846,3.61406181157352e-19
0.00294601271758903,0.469446175955968,0.880176722390341,0.46942481938807,0.880216766191088,0.413195596491602,3.61406269874026e-19
0.00296986267477709,0.469446282231546,0.880176354984301,0.469424578471725,0.880217049777638,0.413195517555493,7.22812720066104e-19
0.00299390571343235,0.469446390234778,0.880175981605348,0.469424333638755,0.880217337974552,0.413195437335983,1.85040456184487e-16
0.00301814339667932,0.469446499993749,0.88017560215638,0.469424084825484,0.880217630856785,0.413195355812203,1.85041562662372e-16
0.00304257730029708,0.469446611536999,0.880175216538715,0.469423831967204,0.880217928500512,0.413195272962944,0
0.00306720901282168,0.469446724893534,0.88017482465207,0.469423574998151,0.880218230983142,0.413195188766655,1.85040248610542e-16
0.00309204013564946,0.46944684009283,0.880174426394527,0.469423313851495,0.880218538383347,0.41319510320143,1.85041710388501e-16
0.00311707228314113,0.469446957164842,0.880174021662516,0.469423048459318,0.880218850781076,0.41319501624501,3.61406932616927e-19
0.00314230708272674,0.469447076140013,0.88017361035078,0.469422778752598,0.880219168257577,0.413194927874772,3.61407033550852e-19
0.00316774617501149,0.46944719704928,0.880173192352351,0.469422504661192,0.880219490895421,0.413194838067728,1.85040806632715e-16
0.00319339121388238,0.469447319924082,0.880172767558525,0.469422226113814,0.880219818778522,0.413194746800512,0
0.00321924386661572,0.469447444796372,0.880172335858826,0.469421943038022,0.880220151992155,0.41319465404938,7.22814692611513e-19
0.00324530581398558,0.46944757169862,0.880171897140986,0.469421655360193,0.880220490622985,0.413194559790203,1.44562981586197e-18
0.003271578750373,0.469447700663823,0.88017145129091,0.469421363005511,0.880220834759084,0.413194463998457,7.22815126751166e-19
0.00329806438387618,0.469447831725516,0.880170998192648,0.469421065897939,0.880221184489956,0.413194366649222,3.70082164627724e-16
0.00332476443642155,0.46944796491778,0.880170537728366,0.469420763960208,0.880221539906563,0.41319426771717,1.44563115024449e-18
0.00335168064387566,0.469448100275248,0.880170069778313,0.46942045711379,0.880221901101342,0.413194167176561,1.85042257770417e-16
0.00337881475615808,0.469448237833116,0.880169594220792,0.469420145278882,0.880222268168235,0.41319406500124,3.70081811553951e-16
0.00340616853735517,0.469448377627153,0.880169110932128,0.469419828374381,0.880222641202712,0.413193961164622,0
0.00343374376583475,0.46944851969371,0.880168619786635,0.469419506317868,0.880223020301794,0.413193855639691,0
0.00346154223436172,0.469448664069726,0.880168120656583,0.469419179025584,0.880223405564081,0.413193748398994,1.8504109092147e-16
0.00348956575021463,0.469448810792744,0.880167613412165,0.469418846412406,0.880223797089773,0.413193639414629,0
0.00351781613530314,0.469448959900915,0.880167097921465,0.469418508391828,0.880224194980703,0.413193528658239,7.22817263368834e-19
0.00354629522628654,0.469449111433011,0.880166574050423,0.469418164875938,0.880224599340358,0.413193416101009,0
0.00357500487469309,0.469449265428434,0.880166041662797,0.469417815775395,0.880225010273907,0.413193301713652,1.85042763883881e-16
0.0036039469470404,0.469449421927225,0.880165500620133,0.469417460999405,0.880225427888231,0.413193185466408,0
0.00363312332495683,0.469449580970078,0.880164950781723,0.469417100455696,0.880225852291946,0.413193067329029,1.85042900948806e-16
0.00366253590530376,0.469449742598348,0.880164392004575,0.4694167340505,0.880226283595437,0.413192947270779,1.85041559407439e-16
0.00369218660029898,0.469449906854061,0.880163824143368,0.46941636168852,0.880226721910882,0.413192825260419,1.85043042506909e-16
0.00372207733764093,0.469450073779927,0.880163247050423,0.469415983272912,0.880227167352283,0.413192701266202,7.22819153382721e-19
0.00375221006063408,0.469450243419351,0.880162660575657,0.469415598705257,0.880227620035496,0.413192575255866,0
0.00378258672831527,0.469450415816441,0.880162064566548,0.469415207885535,0.880228080078262,0.413192447196623,7.22819733751643e-19
0.00381320931558105,0.469450591016024,0.880161458868095,0.469414810712102,0.880228547600235,0.413192317055153,1.85041927944228e-16
0.00384407981331609,0.469450769063655,0.880160843322775,0.469414407081659,0.880229022723014,0.413192184797592,0
0.00387520022852263,0.46945095000563,0.880160217770507,0.469413996889229,0.880229505570177,0.413192050389526,1.85042083884006e-16
0.00390657258445091,0.469451133888996,0.880159582048605,0.469413580028126,0.88022999626731,0.413191913795982,1.85042163760545e-16
0.00393819892073078,0.469451320761565,0.880158935991739,0.469413156389932,0.88023049494204,0.413191774981416,1.85047891890781e-16
0.00397008129350424,0.469451510671928,0.880158279431892,0.469412725864466,0.880231001724074,0.413191633909706,1.85042327430826e-16
0.00400222177555915,0.469451703669464,0.880157612198314,0.469412288339753,0.880231516745222,0.413191490544146,1.85043823023321e-16
0.00403462245646401,0.469451899804355,0.880156934117481,0.469411843702,0.880232040139441,0.413191344847428,7.22822251822466e-19
0.00406728544270374,0.469452099127598,0.880156245013044,0.469411391835562,0.880232572042865,0.413191196781638,1.85043994808691e-16
0.00410021285781671,0.469452301691021,0.880155544705792,0.469410932622916,0.880233112593843,0.413191046308248,3.70088165603582e-16
0.00413340684253274,0.469452507547291,0.880154833013598,0.469410465944627,0.88023366193297,0.4131908933881,7.2282328307316e-19
0.00416686955491232,0.469452716749933,0.880154109751373,0.469409991679316,0.880234220203131,0.413190737981401,0
0.00420060317048688,0.469452929353343,0.880153374731021,0.469409509703633,0.880234787549533,0.413190580047708,1.85044355458591e-16
0.00423460988240025,0.469453145412799,0.880152627761386,0.469409019892223,0.880235364119744,0.413190419545923,1.85048684533744e-16
0.00426889190155123,0.469453364984478,0.880151868648206,0.46940852211769,0.88023595006373,0.413190256434276,7.22824738034263e-19
0.00430345145673733,0.46945358812547,0.880151097194059,0.469408016250568,0.880236545533899,0.413190090670321,1.85043229869823e-16
0.0043382907947997,0.469453814893795,0.880150313198316,0.469407502159288,0.880237150685134,0.413189922210917,1.85043328378927e-16
0.00437341218076915,0.469454045348411,0.880149516457084,0.469406979710138,0.880237765674839,0.413189751012226,1.44565178507588e-18
0.00440881789801347,0.46945427954924,0.880148706763155,0.469406448767234,0.880238390662976,0.413189577029692,0
0.00444451024838583,0.469454517557174,0.880147883905955,0.469405909192483,0.880239025812107,0.413189400218037,0
0.00448049155237445,0.469454759434096,0.880147047671482,0.469405360845545,0.880239671287441,0.413189220531245,0
0.00451676414925349,0.469455005242894,0.88014619784226,0.4694048035838,0.880240327256871,0.413189037922551,7.2282752139446e-19
0.00455333039723509,0.469455255047479,0.880145334197273,0.469404237262307,0.880240993891019,0.413188852344429,0
0.0045901926736227,0.4694555089128,0.880144456511914,0.469403661733771,0.880241671363285,0.41318866374858,1.85045476047136e-16
0.00462735337496566,0.469455766904862,0.880143564557925,0.469403076848499,0.880242359849886,0.41318847208592,7.22828813884391e-19
0.00466481491721497,0.469456029090743,0.880142658103334,0.469402482454366,0.880243059529903,0.413188277306563,1.85049937270183e-16
0.00470257973588042,0.46945629553861,0.880141736912402,0.469401878396773,0.880243770585336,0.413188079359814,0
0.00474065028618884,0.469456566317739,0.880140800745553,0.469401264518606,0.880244493201135,0.413187878194153,7.22830170450867e-19
0.00477902904324381,0.469456841498531,0.880139849359319,0.469400640660199,0.880245227565266,0.413187673757218,0
0.00481771850218653,0.469457121152531,0.880138882506272,0.469400006659287,0.880245973868746,0.4131874659958,1.44566222397839e-18
0.00485672117835806,0.469457405352448,0.880137899934962,0.469399362350969,0.880246732305701,0.41318725485582,1.85044888133403e-16
0.00489603960746281,0.469457694172171,0.880136901389853,0.46939870756766,0.880247503073413,0.41318704028232,1.85045013605077e-16
0.00493567634573345,0.469457987686791,0.880135886611251,0.469398042139052,0.880248286372374,0.413186822219448,1.85046552893904e-16
0.00497563397009708,0.469458285972619,0.880134855335241,0.469397365892067,0.880249082406332,0.413186600610442,7.22833088679916e-19
0.00501591507834275,0.469458589107206,0.880133807293619,0.469396678650814,0.880249891382352,0.413186375397616,7.22833603102594e-19
0.00505652228929035,0.469458897169363,0.880132742213819,0.46939598023654,0.880250713510867,0.413186146522347,7.2283412588979e-19
0.0050974582429609,0.469459210239182,0.880131659818844,0.469395270467586,0.880251549005728,0.413185913925055,7.22834657177536e-19
0.00513872560074817,0.469459528398058,0.880130559827192,0.46939454915934,0.880252398084267,0.413185677545192,1.85047222240753e-16
0.00518032704559168,0.469459851728705,0.880129441952788,0.469393816124186,0.88025326096735,0.413185437321223,1.85047362710519e-16
0.00522226528215118,0.469460180315185,0.880128305904903,0.46939307117146,0.880254137879434,0.413185193190614,1.85046093680084e-16
0.00526454303698246,0.469460514242924,0.880127151388082,0.469392314107397,0.880255029048626,0.413184945089809,1.85046238754028e-16
0.00530716305871459,0.469460853598737,0.880125978102068,0.469391544735079,0.880255934706745,0.41318469295422,1.85047797973423e-16
0.00535012811822866,0.469461198470849,0.880124785741719,0.469390762854388,0.880256855089375,0.413184436718206,1.8504653601713e-16
0.00539344100883792,0.46946154894892,0.880123573996935,0.469389968261952,0.880257790435936,0.41318417631506,1.85052335374243e-16
0.00543710454646936,0.469461905124065,0.880122342552573,0.469389160751091,0.880258740989741,0.413183911676986,1.85052490121408e-16
0.0054811215698468,0.469462267088883,0.880121091088367,0.469388340111764,0.880259706998057,0.413183642735086,1.85052647384847e-16
0.00552549494067543,0.469462634937473,0.880119819278845,0.469387506130516,0.880260688712175,0.413183369419339,1.85048571892893e-16
0.00557022754382788,0.469463008765466,0.880118526793241,0.46938665859042,0.880261686387474,0.413183091658585,1.85052969624917e-16
0.00561532228753178,0.469463388670048,0.880117213295412,0.469385797271021,0.880262700283482,0.413182809380504,7.22841748321934e-19
0.00566078210355879,0.469463774749982,0.880115878443751,0.46938492194828,0.88026373066395,0.4131825225116,7.22842403553914e-19
0.00570660994741527,0.469464167105636,0.880114521891097,0.469384032394514,0.88026477779692,0.413182230977179,1.85053472902089e-16
0.00575280879853436,0.46946456583901,0.880113143284644,0.469383128378338,0.880265841954792,0.413181934701332,3.70098821629014e-16
0.00579938166046975,0.469464971053761,0.880111742265851,0.469382209664605,0.880266923414395,0.413181633606913,1.44568886774736e-18
0.00584633156109091,0.46946538285523,0.880110318470345,0.469381276014343,0.880268022457063,0.413181327615519,0
0.00589366155277994,0.46946580135047,0.880108871527834,0.469380327184695,0.880269139368704,0.413181016647472,1.44569168608376e-18
0.00594137471263004,0.469466226648273,0.880107401062,0.469379362928853,0.880270274439875,0.413180700621796,0
0.00598947414264556,0.4694666588592,0.88010590669041,0.469378382995997,0.880271427965861,0.413180379456193,0
0.00603796296994364,0.469467098095607,0.880104388024412,0.469377387131229,0.880272600246747,0.413180053067031,0
0.00608684434695757,0.469467544471676,0.880102844669037,0.469376375075502,0.880273791587502,0.41317972136931,7.22848801499943e-19
0.00613612145164168,0.469467998103445,0.880101276222892,0.469375346565561,0.880275002298052,0.413179384276648,3.70099686476654e-16
0.00618579748767801,0.469468459108835,0.880099682278059,0.469374301333866,0.880276232693365,0.413179041701256,1.85051102402435e-16
0.00623587568468455,0.469468927607687,0.880098062419988,0.46937323910853,0.880277483093532,0.413178693553915,1.44570229807794e-18
0.0062863592984252,0.469469403721786,0.88009641622739,0.469372159613242,0.88027875382385,0.413178339743954,7.22851957138739e-19
0.00633725161102152,0.469469887574897,0.880094743272124,0.469371062567197,0.880280045214909,0.413177980179222,1.85050311265192e-16
0.00638855593116599,0.469470379292794,0.880093043119089,0.469369947685024,0.880281357602671,0.413177614766068,0
0.00644027559433723,0.469470879003298,0.880091315326111,0.469368814676714,0.880282691328569,0.413177243409318,1.85050742052728e-16
0.00649241396301678,0.469471386836303,0.880089559443826,0.469367663247537,0.880284046739584,0.413176866012244,0
0.00654497442690774,0.469471902923816,0.880087775015565,0.469366493097973,0.880285424188345,0.413176482476545,1.44571239816524e-18
0.00659796040315516,0.469472427399988,0.880085961577231,0.469365303923629,0.880286824033214,0.413176092702316,1.44571417861236e-18
0.00665137533656814,0.469472960401149,0.880084118657186,0.469364095415164,0.880288246638382,0.413175696588025,1.85057293707655e-16
0.00670522269984386,0.469473502065844,0.880082245776119,0.469362867258204,0.880289692373966,0.413175294030487,1.85051881835529e-16
0.00675950599379332,0.469474052534869,0.880080342446929,0.469361619133263,0.880291161616103,0.413174884924835,1.44571969557035e-18
0.00681422874756894,0.469474611951307,0.880078408174596,0.469360350715659,0.880292654747046,0.413174469164492,1.85052364120443e-16
0.006869394518894,0.469475180460567,0.880076442456049,0.469359061675431,0.880294172155268,0.413174046641147,1.85058258432476e-16
0.00692500689429393,0.469475758210418,0.880074444780038,0.469357751677249,0.880295714235561,0.413173617244721,1.44572548608883e-18
0.00698106948932956,0.469476345351032,0.880072414627002,0.469356420380331,0.880297281389138,0.413173180863342,1.44572747937915e-18
0.00703758594883204,0.469476942035018,0.880070351468932,0.469355067438352,0.88029887402374,0.413172737383318,1.85059023945747e-16
0.00709455994713995,0.469477548417467,0.880068254769235,0.469353692499356,0.880300492553739,0.413172286689099,1.85053640158392e-16
0.00715199518833808,0.469478164655988,0.88006612398259,0.469352295205661,0.880302137400249,0.413171828663256,1.85053907951202e-16
0.00720989540649827,0.46947879091075,0.880063958554814,0.469350875193768,0.880303808991233,0.413171363186443,1.44573578202491e-18
0.00726826436592224,0.469479427344524,0.880061757922711,0.469349432094266,0.880305507761619,0.41317089013737,2.89147588551889e-18
0.0073271058613862,0.469480074122726,0.880059521513929,0.469347965531736,0.880307234153405,0.41317040939277,1.44574013863496e-18
0.00738642371838769,0.469480731413458,0.880057248746809,0.469346475124653,0.880308988615786,0.413169920827368,1.85060670733533e-16
0.00744622179339418,0.469481399387554,0.880054939030236,0.469344960485287,0.880310771605259,0.413169424313843,1.85060961031291e-16
0.00750650397409388,0.46948207821862,0.880052591763481,0.469343421219602,0.880312583585749,0.413168919722802,1.85078197104937e-16
0.00756727417964843,0.469482768083087,0.880050206336052,0.469341856927151,0.880314425028732,0.413168406922742,1.44574928512231e-18
0.00762853636094773,0.469483469160248,0.880047782127528,0.469340267200975,0.880316296413347,0.413167885780014,1.44575166546742e-18
0.0076902945008668,0.469484181632308,0.8800453185074,0.469338651627498,0.880318198226536,0.413167356158791,1.85062170210141e-16
0.00775255261452471,0.469484905684435,0.880042814834909,0.469337009786413,0.880320130963156,0.413166817921032,1.44575654293013e-18
0.00781531474954562,0.4694856415048,0.880040270458878,0.469335341250581,0.880322095126121,0.413166270926444,1.85057157288687e-16
0.00787858498632195,0.469486389284635,0.880037684717538,0.46933364558591,0.880324091226523,0.413165715032447,1.85080070929664e-16
0.00794236743827963,0.469487149218276,0.880035056938365,0.469331922351253,0.88032611978377,0.413165150094136,1.85057812564399e-16
0.00800666625214554,0.469487921503213,0.880032386437899,0.469330171098283,0.880328181325723,0.413164575964242,1.85080736944493e-16
0.00807148560821713,0.469488706340149,0.880029672521564,0.469328391371383,0.880330276388829,0.413163992493094,1.85064136779937e-16
0.00813682972063413,0.469489503933041,0.880026914483494,0.469326582707524,0.880332405518262,0.41316339952858,0
0.00820270283765263,0.469490314489163,0.880024111606344,0.469324744636145,0.880334569268072,0.413162796916108,0
0.00826910924192116,0.469491138219152,0.880021263161106,0.469322876679032,0.880336768201316,0.413162184498564,1.44577770560232e-18
0.00833605325075921,0.46949197533707,0.880018368406918,0.469320978350191,0.880339002890219,0.413161562116269,0
0.00840353921643786,0.46949282606045,0.880015426590872,0.469319049155723,0.880341273916312,0.413160929606941,1.85060279940154e-16
0.00847157152646274,0.469493690610363,0.880012436947818,0.469317088593694,0.880343581870592,0.41316028680565,2.89157274570882e-18
0.00854015460385935,0.469494569211467,0.880009398700164,0.469315096154006,0.880345927353671,0.413159633544775,1.44578935642983e-18
0.0086092929074605,0.469495462092069,0.880006311057675,0.469313071318263,0.880348310975932,0.41315896965396,0
0.00867899093219629,0.469496369484185,0.880003173217266,0.469311013559636,0.880350733357695,0.413158294960069,0
0.00874925320938629,0.469497291623597,0.879999984362795,0.469308922342726,0.880353195129369,0.41315760928714,0
0.00882008430703416,0.469498228749916,0.879996743664848,0.469306797123423,0.880355696931625,0.41315691245634,1.44580178400094e-18
0.00889148883012463,0.469499181106646,0.879993450280526,0.469304637348769,0.880358239415558,0.413156204285919,1.85063042336992e-16
0.00896347142092288,0.469500148941243,0.879990103353223,0.469302442456806,0.880360823242859,0.413155484591158,1.85069110658548e-16
0.00903603675927636,0.469501132505181,0.879986702012405,0.469300211876436,0.880363449085987,0.413154753184324,1.8506953823441e-16
0.00910918956291901,0.469502132054019,0.879983245373384,0.469297945027272,0.880366117628342,0.413154009874619,1.44581504013148e-18
0.00918293458777803,0.469503147847465,0.879979732537083,0.469295641319482,0.880368829564449,0.413153254468131,1.85087356258432e-16
0.00925727662828307,0.469504180149442,0.87997616258981,0.46929330015364,0.880371585600136,0.413152486767781,1.85087805083018e-16
0.00933222051767786,0.469505229228162,0.879972534603013,0.469290920920568,0.880374386452714,0.413151706573274,1.85071319233098e-16
0.00940777112833455,0.469506295356188,0.879968847633041,0.469288503001175,0.880377232851172,0.413150913681043,1.8507178273663e-16
0.0094839333720704,0.469507378810512,0.879965100720902,0.469286045766301,0.880380125536361,0.413150107884198,1.44583286001518e-18
0.00956071220046713,0.469508479872619,0.879961292892005,0.469283548576547,0.880383065261191,0.41314928897247,2.8916731995944e-18
0.00963811260519288,0.469509598828567,0.879957423155917,0.469281010782114,0.880386052790826,0.413148456732154,0
0.00971613961832666,0.469510735969059,0.879953490506095,0.469278431722628,0.880389088902884,0.413147610946059,1.44584426287058e-18
0.00979479831268559,0.469511891589514,0.879949493919631,0.469275810726972,0.880392174387638,0.413146751393441,1.85068568084349e-16
0.00987409380215466,0.469513065990149,0.879945432356983,0.469273147113111,0.880395310048226,0.413145877849954,0
0.00995403124201917,0.469514259476056,0.879941304761707,0.469270440187911,0.880398496700858,0.413144990087587,1.85075245403109e-16
0.0100346158292999,0.469515472357277,0.879937110060176,0.46926768924696,0.88040173517503,0.4131440878746,1.85075772779651e-16
0.0101158528030912,0.469516704948888,0.879932847161307,0.469264893574385,0.880405026313738,0.41314317097547,1.85076308736282e-16
0.0101977474449012,0.469517957571081,0.879928514956276,0.469262052442667,0.880408370973704,0.413142239150825,0
0.0102803050789954,0.469519230549244,0.879924112318226,0.469259165112445,0.880411770025593,0.41314129215738,1.85077406950895e-16
0.0103635310727429,0.469520524214047,0.879919638101975,0.469256230832331,0.880415224354244,0.413140329747874,1.85094912079705e-16
0.0104474308369654,0.469521838901527,0.879915091143722,0.469253248838709,0.880418734858901,0.413139351671005,1.85095483829012e-16
0.0105320098262886,0.469523174953176,0.879910470260738,0.469250218355536,0.880422302453446,0.413138357671364,1.44588651783453e-18
0.0106172735394972,0.469524532716028,0.879905774251062,0.469247138594144,0.88042592806664,0.413137347489365,1.44589113059964e-18
0.0107032275198921,0.469525912542751,0.879901001893186,0.469244008753028,0.880429612642364,0.413136320861179,1.85074664757564e-16
0.0107898773556513,0.469527314791734,0.879896151945741,0.469240828017643,0.880433357139864,0.413135277518663,1.44590058251326e-18
0.0108772286801926,0.469528739827185,0.879891223147167,0.469237595560186,0.880437162534006,0.41313421718929,1.85098485181652e-16
0.0109652871725401,0.469530188019223,0.879886214215393,0.469234310539386,0.880441029815527,0.413133139596076,1.44591034451979e-18
0.0110540585576935,0.46953165974397,0.879881123847495,0.469230972100277,0.880444959991293,0.413132044457504,0
0.0111435486070002,0.469533155383656,0.879875950719363,0.469227579373984,0.880448954084567,0.413130931487457,0
0.0112337631385307,0.469534675326712,0.879870693485354,0.469224131477487,0.880453013135271,0.413129800395135,1.44592559131986e-18
0.0113247080174565,0.469536219967871,0.879865350777942,0.4692206275134,0.880457138200262,0.413128650884979,1.85084795585491e-16
0.0114163891564316,0.469537789708272,0.87985992120736,0.469217066569729,0.880461330353603,0.413127482656598,1.44593617384402e-18
0.011508812515977,0.469539384955565,0.879854403361242,0.469213447719637,0.880465590686848,0.413126295404683,1.85080524110131e-16
0.0116019841048683,0.469541006124011,0.879848795804254,0.469209770021205,0.880469920309329,0.413125088818929,1.85086877404293e-16
0.0116959099805258,0.469542653634594,0.879843097077717,0.46920603251718,0.880474320348438,0.413123862583951,1.44595270222176e-18
0.011790596249409,0.46954432791513,0.879837305699233,0.469202234234732,0.88047879194993,0.413122616379205,1.85082674171418e-16
0.0118860490674132,0.469546029400374,0.879831420162293,0.469198374185195,0.88048333627822,0.413121349878897,1.44596417430229e-18
0.0119822746402699,0.469547758532134,0.87982543893589,0.46919445136381,0.880487954516682,0.413120062751898,1.44597005074453e-18
0.0120792792239501,0.469549515759386,0.879819360464119,0.469190464749466,0.880492647867968,0.41311875466166,1.85084930921487e-16
0.012177069125071,0.469551301538392,0.879813183165768,0.469186413304429,0.880497417554315,0.413117425266122,0
0.0122756507013062,0.469553116332811,0.879806905433912,0.469182295974074,0.880502264817868,0.41311607421762,1.44598826015352e-18
0.0123750303617991,0.469554960613826,0.879800525635492,0.46917811168661,0.880507190921003,0.413114701162797,1.85109891946019e-16
0.0124752145675793,0.469556834860263,0.87979404211089,0.469173859352795,0.880512197146658,0.413113305742507,0
0.0125762098319827,0.469558739558715,0.879787453173496,0.469169537865661,0.880517284798671,0.413111887591719,1.44600737321832e-18
0.0126780227210752,0.469560675203665,0.879780757109269,0.469165146100214,0.880522455202115,0.41311044633942,1.85089785951919e-16
0.0127806598540793,0.469562642297618,0.879773952176293,0.469160682913151,0.880527709703653,0.413108981608518,2.89204127874862e-18
0.0128841279038047,0.469564641351229,0.879767036604323,0.469156147142553,0.880533049671882,0.413107493015742,2.89205486967694e-18
0.0129884335970818,0.469566672883434,0.879760008594317,0.469151537607585,0.880538476497696,0.413105980171535,1.85114988544906e-16
0.0130935837151994,0.469568737421585,0.879752866317981,0.469146853108189,0.880543991594651,0.413104442679955,5.78416543763497e-18
0.0131995850943453,0.469570835501585,0.879745607917281,0.469142092424768,0.880549596399331,0.413102880138567,0
0.013306444626051,0.469572967668029,0.879738231503963,0.469137254317869,0.880555292371725,0.413101292138339,0
0.0134141692576393,0.46957513447434,0.879730735159064,0.469132337527857,0.880561080995612,0.413099678263528,0
0.0135227659926765,0.469577336482918,0.879723116932408,0.469127340774588,0.880566963778947,0.413098038091571,1.8511962958769e-16
0.0136322418914273,0.469579574265278,0.879715374842102,0.469122262757077,0.880572942254257,0.413096371192974,1.85188367855465e-16
0.0137426040713143,0.469581848402204,0.879707506874016,0.469117102153151,0.880579017979041,0.413094677131195,0
0.0138538597073802,0.469584159483894,0.879699510981262,0.46911185761911,0.88058519253618,0.413092955462529,1.85100005664094e-16
0.0139660160327544,0.469586508110115,0.879691385083659,0.469106527789373,0.880591467534348,0.413091205735986,2.89220356122146e-18
0.0140790803391236,0.469588894890357,0.879683127067191,0.469101111276122,0.880597844608438,0.413089427493176,1.85124660903851e-16
0.0141930599772055,0.469591320443989,0.879674734783455,0.469095606668937,0.880604325419986,0.413087620268179,2.89223629106148e-18
0.0143079623572268,0.469593785400421,0.879666206049109,0.469090012534433,0.880610911657612,0.413085783587427,2.89225305673154e-18
0.014423794949405,0.469596290399262,0.879657538645292,0.469084327415877,0.880617605037455,0.413083916969575,0
0.0145405652844341,0.469598836090493,0.879648730317055,0.469078549832816,0.880624407303628,0.413082019925369,1.85128988950744e-16
0.014658280953974,0.469601423134624,0.879639778772769,0.469072678280682,0.880631320228675,0.413080091957518,2.89230500952251e-18
0.0147769496111443,0.469604052202871,0.879630681683529,0.469066711230404,0.880638345614034,0.413078132560559,2.89232289412984e-18
0.0148965789710218,0.46960672397733,0.879621436682549,0.469060647128007,0.880645485290509,0.413076141220724,1.85132423513665e-16
0.0150171768111418,0.469609439151146,0.879612041364543,0.469054484394203,0.880652741118751,0.413074117415798,2.89235954179262e-18
0.0151387509720044,0.469612198428699,0.8796024932851,0.469048221423982,0.880660114989749,0.413072060614981,0
0.0152613093575835,0.46961500252578,0.879592789960049,0.469041856586188,0.880667608825319,0.413069970278746,3.70238164530651e-16
0.015384859935841,0.469617852169778,0.879582928864803,0.469035388223095,0.880675224578613,0.413067845858692,1.85114674037602e-16
0.0155094107392451,0.469620748099866,0.879572907433718,0.469028814649975,0.880682964234633,0.413065686797397,1.85138530927946e-16
0.0156349698652918,0.469623691067191,0.879562723059404,0.469022134154651,0.880690829810747,0.413063492528267,1.85139812733081e-16
0.0157615454770323,0.469626681835072,0.879552373092063,0.469015344997056,0.880698823357221,0.413061262475388,1.85118519318824e-16
0.0158891458036027,0.469629721179186,0.879541854838788,0.469008445408772,0.880706946957759,0.413058996053364,2.89249754776763e-18
0.0160177791407599,0.46963280988778,0.879531165562867,0.469001433592572,0.880715202730045,0.413056692667164,0
0.0161474538514202,0.469635948761865,0.879520302483067,0.468994307721946,0.880723592826306,0.413054351711958,1.85122555569602e-16
0.0162781783662036,0.469639138615425,0.87950926277291,0.468987065940623,0.880732119433869,0.413051972572957,0
0.0164099611839816,0.469642380275625,0.879498043559937,0.468979706362088,0.880740784775744,0.413049554625244,2.89258370580245e-18
0.0165428108724297,0.469645674583026,0.879486641924959,0.468972227069086,0.880749591111201,0.413047097233607,2.89260612958186e-18
0.0166767360685846,0.4696490223918,0.879475054901295,0.46896462611312,0.880758540736368,0.413044599752367,1.85218623389935e-16
0.0168117454794054,0.469652424569947,0.879463279474002,0.468956901513938,0.880767635984831,0.413042061525202,1.85129733056707e-16
0.0169478478823403,0.469655881999523,0.879451312579085,0.468949051259021,0.88077687922825,0.413039481884969,2.89267561668593e-18
0.0170850521258965,0.469659395576862,0.879439151102704,0.46894107330305,0.880786272876982,0.413036860153525,1.85132770422334e-16
0.0172233671302159,0.469662966212808,0.879426791880355,0.468932965567372,0.880795819380714,0.413034195641541,5.78544769752399e-18
0.0173628018876552,0.469666594832949,0.879414231696054,0.468924725939457,0.880805521229106,0.413031487648319,1.85135907570534e-16
0.01750336546337,0.469670282377853,0.879401467281489,0.468916352272341,0.880815380952451,0.413028735461596,0
0.0176450669959044,0.469674029803314,0.879388495315178,0.468907842384066,0.880825401122332,0.413025938357352,0
0.0177879156977856,0.46967783808059,0.879375312421594,0.468899194057108,0.880835584352305,0.413023095599618,0
0.0179319208561219,0.46968170819666,0.879361915170292,0.468890405037794,0.880845933298589,0.413020206440269,1.85345786474783e-16
0.0180770918332072,0.469685641154471,0.879348300075011,0.468881473035713,0.880856450660756,0.413017270118825,0
0.0182234380671297,0.469689637973196,0.879334463592765,0.468872395723114,0.880867139182449,0.413014285862241,2.89290548615055e-18
0.0183709690723849,0.469693699688501,0.879320402122922,0.468863170734296,0.880878001652103,0.413011252884695,2.89293315317867e-18
0.0185196944404947,0.469697827352801,0.879306112006264,0.468853795664988,0.88088904090368,0.413008170387381,1.85172121233914e-16
0.018669623840631,0.46970202203554,0.879291589524028,0.468844268071718,0.880900259817411,0.41300503755828,0
0.0188207670202438,0.469706284823457,0.879276830896946,0.468834585471173,0.88091166132056,0.413001853571947,1.85243593706411e-16
0.0189731338056957,0.469710616820865,0.879261832284253,0.468824745339545,0.880923248388196,0.412998617589281,1.85177698479418e-16
0.0191267341029,0.469715019149941,0.879246589782682,0.468814745111869,0.880935024043971,0.412995328757293,5.7861568031986e-18
0.0192815778979652,0.469719492951003,0.879231099425457,0.468804582181354,0.880946991360923,0.412991986208879,2.89310888724172e-18
0.0194376752578439,0.469724039382811,0.879215357181249,0.468794253898694,0.880959153462285,0.412988589062577,1.85183552948938e-16
0.0195950363309877,0.469728659622856,0.879199358953126,0.468783757571373,0.880971513522306,0.412985136422326,0
0.0197536713480067,0.469733354867667,0.87918310057749,0.46877309046296,0.880984074767093,0.412981627377222,1.85165014966665e-16
0.0199135906223344,0.469738126333113,0.879166577822984,0.46876224979239,0.880996840475459,0.412978061001263,0
0.0200748045508988,0.469742975254717,0.879149786389392,0.468751232733232,0.881009813979789,0.412974436353101,1.85191814131149e-16
0.0202373236147981,0.469747902887967,0.879132721906518,0.468740036412948,0.881022998666921,0.412970752475777,1.8517136175332e-16
0.0204011583799816,0.469752910508643,0.879115379933042,0.468728657912136,0.88103639797904,0.412967008396458,2.89333666749427e-18
0.0205663194979376,0.469757999413138,0.879097755955366,0.468717094263767,0.881050015414586,0.412963203126171,2.89337136436776e-18
0.020732817706385,0.46976317091879,0.879079845386433,0.4687053424524,0.881063854529179,0.412959335659531,2.89340662712542e-18
0.020900663829972,0.469768426364222,0.879061643564532,0.468693399413395,0.881077918936561,0.412955404974456,1.85202921401424e-16
0.0210698687809795,0.469773767109676,0.879043145752079,0.468681262032101,0.881092212309547,0.412951410031894,1.85205252723167e-16
0.0212404435600306,0.469779194537368,0.879024347134384,0.468668927143041,0.881106738380998,0.412947349775527,1.85207622073365e-16
0.0214123992568061,0.469784710051836,0.879005242818395,0.468656391529081,0.881121500944812,0.412943223131483,2.89355352448651e-18
0.0215857470507649,0.469790315080298,0.878985827831416,0.468643651920577,0.881136503856922,0.412939029008038,1.85212477359153e-16
0.0217604982118714,0.469796011073019,0.878966097119815,0.468630704994523,0.88115175103632,0.412934766295309,1.85192359461e-16
0.0219366641013278,0.469801799503675,0.878946045547701,0.468617547373669,0.881167246466091,0.412930433864949,1.85217492362442e-16
0.0221142561723131,0.469807681869734,0.878925667895584,0.468604175625637,0.881182994194474,0.412926030569832,0
0.0222932859707273,0.469813659692835,0.878904958859014,0.468590586262017,0.881198998335926,0.412921555243734,2.89375103603543e-18
0.0224737651359423,0.469819734519173,0.878883913047199,0.468576775737446,0.881215263072221,0.412917006701007,2.89379249291776e-18
0.0226557054015585,0.469825907919896,0.878862524981589,0.468562740448676,0.881231792653551,0.412912383736247,2.89383462635815e-18
0.0228391185961678,0.469832181491502,0.878840789094454,0.468548476733623,0.881248591399656,0.41290768512396,0
0.0230240166441225,0.469838556856246,0.878818699727427,0.468533980870407,0.88126566370097,0.412902909618217,0
0.0232104115663104,0.469845035662553,0.878796251130025,0.468519249076365,0.881283014019783,0.412898055952304,0
0.0233983154809368,0.469851619585435,0.87877343745815,0.468504277507057,0.88130064689143,0.412893122838372,1.85216649609288e-16
0.0235877406043116,0.469858310326916,0.878750252772564,0.468489062255254,0.881318566925491,0.412888108967067,1.85219573525961e-16
0.0237786992516445,0.469865109616468,0.87872669103733,0.468473599349903,0.881336778807014,0.412883013007171,1.85245153972412e-16
0.0239712038378445,0.469872019211444,0.87870274611825,0.468457884755087,0.881355287297765,0.412877833605223,1.85248174511709e-16
0.0241652668783283,0.469879040897527,0.878678411781243,0.46844191436895,0.881374097237487,0.412872569385133,1.85251244370951e-16
0.0243609009898327,0.469886176489185,0.878653681690737,0.468425684022625,0.881393213545192,0.412867218947806,0
0.024558118891236,0.469893427830126,0.878628549407999,0.468409189479128,0.881412641220465,0.412861780870735,8.68288710904095e-18
0.024756933404384,0.469900796793766,0.878603008389458,0.468392426432239,0.881432385344797,0.412856253707606,0
0.0249573574549243,0.469908285283706,0.878577051984999,0.468375390505369,0.881452451082934,0.412850635987884,0
0.0251594040731461,0.469915895234213,0.878550673436218,0.468358077250401,0.881472843684255,0.412844926216401,1.85244750745162e-16
0.0253630863948276,0.469923628610706,0.87852386587466,0.468340482146512,0.88149356848417,0.412839122872925,2.89450208708867e-18
0.0255684176620901,0.469931487410258,0.878496622320026,0.468322600598987,0.881514630905537,0.412833224411737,1.85342004462541e-16
0.0257754112242586,0.469939473662096,0.878468935678344,0.468304427937996,0.881536036460115,0.412827229261182,1.85345500432736e-16
0.02598408053873,0.469947589428116,0.878440798740116,0.468285959417363,0.881557790750025,0.412821135823227,0
0.026194439171848,0.469955836803405,0.878412204178437,0.468267190213312,0.881579899469253,0.412814942473001,1.85262226679268e-16
0.0264065007997846,0.469964217916766,0.878383144547074,0.468248115423188,0.88160236840516,0.412808647558335,1.85265895054016e-16
0.0266202792094301,0.469972734931257,0.878353612278524,0.468228730064161,0.881625203440038,0.412802249399287,5.78967573070491e-18
0.0268357882992886,0.469981390044737,0.878323599682033,0.46820902907191,0.881648410552671,0.412795746287659,1.85273412649988e-16
0.0270530420803822,0.469990185490418,0.878293098941584,0.468189007299276,0.881671995819939,0.412789136486509,1.85277263857763e-16
0.0272720546771616,0.469999123537429,0.878262102113854,0.468168659514907,0.881695965418438,0.412782418229652,1.85371625272721e-16
0.0274928403284242,0.470008206491387,0.878230601126139,0.468147980401863,0.881720325626138,0.412775589721149,1.85285156183626e-16
0.0277154133882405,0.470017436694974,0.878198587774238,0.468126964556216,0.881745082824054,0.412768649134794,1.85289199388934e-16
0.0279397883268864,0.470026816528532,0.878166053720308,0.468105606485612,0.881770243497964,0.41276159461358,1.85293308709606e-16
0.0281659797317847,0.470036348410653,0.878132990490687,0.468083900607817,0.881795814240138,0.41275442426917,0
0.0283940023084533,0.470046034798796,0.878099389473672,0.468061841249237,0.881821801751108,0.412747136181343,1.85301730065153e-16
0.0286238708814609,0.470055878189894,0.878065241917265,0.46803942264341,0.881848212841465,0.412739728397442,0
0.0288556003953913,0.470065881120988,0.878030538926887,0.468016638929479,0.881875054433682,0.412732198931803,5.79095091154092e-18
0.0290892059158146,0.470076046169858,0.877995271463048,0.467993484150635,0.881902333563976,0.412724545765181,0
0.029324702630267,0.470086375955673,0.877959430338981,0.467969952252536,0.881930057384196,0.412716766844158,1.85409881155362e-16
0.0295621058492378,0.470096873139641,0.877923006218236,0.467946037081695,0.88195823316374,0.412708860080546,5.79137558919563e-18
0.0298014310071653,0.470107540425681,0.877885989612237,0.467921732383852,0.881986868291516,0.412700823350774,3.70702639118044e-16
0.0300426936634398,0.470118380561096,0.877848370877798,0.467897031802303,0.882015970277921,0.412692654495267,0
0.0302859095034155,0.470129396337259,0.877810140214598,0.467871928876217,0.882045546756869,0.412684351317814,1.85428761846127e-16
0.0305310943394298,0.470140590590311,0.877771287662611,0.467846417038915,0.882075605487842,0.412675911584918,0
0.0307782641118319,0.47015196620187,0.877731803099503,0.46782048961612,0.882106154357982,0.412667333025143,0
0.0310274348900188,0.470163526099745,0.877691676237975,0.467794139824185,0.882137201384214,0.412658613328442,1.85443749285346e-16
0.0312786228734801,0.470175273258672,0.877650896623072,0.467767360768284,0.882168754715412,0.412649750145472,1.1584901540036e-17
0.0315318443928511,0.470187210701049,0.877609453629443,0.467740145440574,0.882200822634595,0.412640741086899,1.85454154428271e-16
0.0317871159109747,0.470199341497692,0.877567336458553,0.467712486718333,0.882233413561163,0.412631583722695,1.85459485170186e-16
0.0320444540239715,0.470211668768595,0.877524534135858,0.467684377362054,0.882266536053177,0.412622275581406,1.85736116991333e-16
0.0323038754623189,0.470224195683709,0.877481035507925,0.46765581001352,0.882300198809663,0.412612814149423,1.85470410085123e-16
0.0325653970919388,0.470236925463727,0.877436829239514,0.46762677719384,0.882334410672977,0.41260319687023,0
0.0328290359152942,0.47024986138088,0.877391903810595,0.46759727130145,0.882369180631187,0.412593421143639,1.854816959742e-16
0.0330948090724943,0.470263006759754,0.87734624751334,0.467567284610086,0.882404517820516,0.412583484325011,5.79365544530932e-18
0.0333627338424092,0.470276364978109,0.877299848449045,0.46753680926672,0.882440431527816,0.412573383724463,1.15876780136522e-17
0.0336328276437929,0.470289939467716,0.877252694525011,0.467505837289463,0.882476931193083,0.412563116606058,0
0.0339051080364161,0.470303733715205,0.877204773451373,0.467474360565425,0.882514026412027,0.412552680186981,5.79421520811765e-18
0.0341795927222076,0.470317751262926,0.877156072737875,0.467442370848554,0.88255172693867,0.412542071636697,0
0.0344562995464054,0.470331995709828,0.877106579690594,0.467409859757423,0.882590042688004,0.412531288076098,0
0.0347352464987164,0.470346470712336,0.877056281408605,0.467376818772991,0.882628983738683,0.412520326576623,1.85795517059288e-16
0.0350164517144866,0.470361179985265,0.877005164780601,0.467343239236316,0.882668560335771,0.412509184159375,5.79500534660101e-18
0.0352999334758797,0.470376127302721,0.876953216481447,0.467309112346244,0.882708782893529,0.412497857794208,1.15904220987341e-17
0.0355857102130658,0.470391316499041,0.876900422968681,0.467274429157039,0.882749661998256,0.412486344398804,1.86266642149514e-16
0.0358738005054197,0.470406751469727,0.876846770478962,0.467239180575993,0.882791208411179,0.412474640837729,1.85550779095519e-16
0.0361642230827288,0.470422436172403,0.876792245024451,0.467203357360982,0.882833433071385,0.412462743921473,1.85557694444484e-16
0.0364569968264106,0.470438374627789,0.876736832389143,0.467166950117987,0.882876347098819,0.412450650405465,0
0.0367521407707406,0.470454570920683,0.876680518125127,0.467129949298571,0.882919961797323,0.412438356989079,1.8557186765955e-16
0.0370496741040893,0.470471029200962,0.87662328754879,0.467092345197311,0.882964288657721,0.41242586031461,5.79651815088472e-18
0.0373496161701702,0.470487753684593,0.876565125736961,0.467054127949193,0.88300933936098,0.412413156966236,1.85495958180117e-16
0.0376519864692972,0.470504748654667,0.876506017522989,0.467015287526957,0.883055125781407,0.412400243468957,5.79698302319585e-18
0.0379568046596523,0.470522018462439,0.876445947492755,0.466975813738398,0.883101659989906,0.412387116287516,1.85873051707728e-16
0.0382640905585636,0.470539567528393,0.876384899980615,0.466935696223621,0.883148954257296,0.412373771825293,1.85880813878756e-16
0.0385738641437941,0.470557400343314,0.876322859065291,0.466894924452255,0.883197021057684,0.412360206423183,1.8588870364941e-16
0.03888614555484,0.470575521469378,0.876259808565672,0.466853487720608,0.883245873071896,0.412346416358448,5.79795949568696e-18
0.0392009550942404,0.470593935541266,0.876195732036565,0.466811375148788,0.883295523190976,0.412332397843547,5.798213729889e-18
0.0395183132288971,0.470612647267282,0.876130612764364,0.46676857567776,0.883345984519729,0.412318147024943,1.15969442913018e-17
0.0398382405914052,0.470631661430495,0.876064433762655,0.466725078066367,0.883397270380349,0.412303659981884,5.79873481255166e-18
0.0401607579813948,0.470650982889897,0.875997177767741,0.466680870888287,0.883449394316091,0.412288932725163,1.15980036027088e-17
0.0404858863668828,0.470670616581577,0.875928827234104,0.466635942528953,0.88350237009502,0.412273961195853,5.79927318402726e-18
0.0408136468856362,0.470690567519909,0.875859364329775,0.466590281182402,0.88355621171382,0.412258741264009,0
0.0411440608465467,0.470710840798765,0.875788770931647,0.466543874848089,0.883610933401673,0.412243268727353,0
0.0414771497310157,0.470731441592736,0.875717028620697,0.466496711327633,0.883666549624204,0.412227539309928,0
0.0418129351943512,0.470752375158379,0.875644118677132,0.466448778221515,0.883723075087501,0.412211548660725,1.85703541556164e-16
0.0421514390671752,0.470773646835476,0.875570022075459,0.466400062925712,0.883780524742202,0.412195292352282,0
0.0424926833568436,0.470795262048317,0.875494719479468,0.466350552628284,0.883838913787652,0.412178765879254,5.80099793887972e-18
0.0428366902488763,0.470817226306994,0.875418191237137,0.466300234305893,0.883898257676139,0.412161964656954,1.85732293614063e-16
0.0431834821084004,0.47083954520872,0.875340417375445,0.466249094720264,0.883958572117209,0.412144884019865,1.85742195288781e-16
0.0435330814816033,0.470862224439164,0.875261377595109,0.466197120414591,0.884019873082042,0.41212751922012,1.1603851703564e-17
0.0438855110971994,0.470885269773806,0.875181051265227,0.466144297709876,0.884082176807927,0.412109865425949,1.16044908247528e-17
0.0442407938679069,0.470908687079309,0.875099417417832,0.466090612701204,0.884145499802801,0.4120919177201,1.85772890858357e-16
0.0445989528919383,0.470932482314915,0.875016454742363,0.466036051253959,0.884209858849879,0.412073671098218,1.85692813959625e-16
0.0449600114545014,0.470956661533856,0.874932141580035,0.465980598999971,0.884275271012358,0.4120551204672,1.85703554479018e-16
0.0453239930293136,0.470981230884787,0.874846455918118,0.465924241333598,0.884341753638215,0.412036260643509,3.7183678471946e-16
0.0456909212801278,0.471006196613239,0.87475937538413,0.465866963407738,0.884409324365086,0.412017086351452,5.80392407499046e-18
0.046060820062271,0.471031565063093,0.874670877239921,0.465808750129777,0.884478001125234,0.411997592221429,1.16085532372038e-17
0.0464337134241949,0.471057342678075,0.874580938375666,0.465749586157463,0.884547802150606,0.411977772788138,1.16092699727213e-17
0.0468096256090399,0.471083536003269,0.874489535303755,0.465689455894711,0.884618745977983,0.411957622488748,5.80499927602047e-18
0.0471885810562108,0.471110151686652,0.874396644152588,0.465628343487331,0.884690851454221,0.411937135661025,1.16107391740524e-17
0.0475706044029659,0.471137196480656,0.874302240660255,0.465566232818689,0.88476413774159,0.411916306541428,5.80574602054476e-18
0.0479557204860185,0.471164677243741,0.874206300168126,0.465503107505289,0.884838624323211,0.411895129263159,1.85886816366698e-16
0.0483439543431522,0.471192600941998,0.874108797614318,0.465438950892274,0.884914331008582,0.411873597854173,0
0.048735331214848,0.471220974650774,0.87400970752707,0.46537374604886,0.884991277939223,0.411851706235144,5.80691309434472e-18
0.0491298765459258,0.471249805556312,0.873909004017994,0.465307475763679,0.885069485594404,0.411829448217389,5.80731506514237e-18
0.0495276159871982,0.471279100957417,0.873806660775221,0.465240122540046,0.885148974796992,0.411806817500749,1.86209787065849e-16
0.0499285753971387,0.471308868267154,0.873702651056432,0.465171668591149,0.885229766719404,0.411783807671419,0
0.0503327808435624,0.47133911501455,0.873596947681772,0.465102095835143,0.885311882889661,0.411760412199738,5.80856136005382e-18
0.0507402586053209,0.471369848846335,0.873489523026643,0.46503138589017,0.885395345197559,0.411736624437926,1.16179812660697e-17
0.051151035174011,0.471401077528703,0.873380349014386,0.464959520069284,0.885480175900961,0.411712437617776,1.16188540438815e-17
0.0515651372556965,0.471432808949086,0.873269397108829,0.464886479375295,0.885566397632188,0.41168784484829,1.86278623704044e-16
0.0519825917726449,0.471465051117968,0.87315663830672,0.464812244495513,0.885654033404546,0.411662839113271,1.16206432611101e-17
0.0524034258650778,0.47149781217071,0.87304204313003,0.464736795796411,0.885743106618964,0.411637413268856,1.16215601941635e-17
0.052827666892935,0.471531100369406,0.872925581618127,0.464660113318185,0.885833641070759,0.411611560040999,3.71919755087958e-16
0.0532553424376533,0.47156492410476,0.872807223319819,0.464582176769224,0.885925660956527,0.411585272022897,1.86337918085588e-16
0.0536864803039601,0.471599291897989,0.872686937285269,0.464502965520482,0.886019190881162,0.411558541672358,1.16244033447016e-17
0.0541211085216805,0.47163421240275,0.87256469205777,0.46442245859975,0.886114255865005,0.411531361309114,0
0.0545592553475602,0.471669694407093,0.872440455665379,0.464340634685829,0.886210881351134,0.411503723112074,1.86022053967547e-16
0.0550009492671021,0.471705746835439,0.872314195612425,0.464257472102599,0.886309093212784,0.411475619116514,0
0.0554462189964184,0.47174237875058,0.872185878870854,0.46417294881298,0.886408917760907,0.411447041211202,1.86054713982749e-16
0.0558950934840979,0.471779599355711,0.872055471871453,0.464087042412797,0.88651038175188,0.411417981135469,1.16294657894055e-17
0.0563476019130872,0.471817417996478,0.871922940494906,0.463999730124526,0.886613512395357,0.411388430476203,1.1630529368403e-17
0.0568037737025889,0.471855844163065,0.87178825006271,0.463910988790933,0.886718337362268,0.411358380664782,1.87554086297044e-16
0.0572636385099738,0.471894887492294,0.871651365327944,0.463820794868603,0.886824884792975,0.411327822973935,1.86486527211823e-16
0.0577272262327089,0.471934557769758,0.871512250465868,0.463729124421351,0.886933183305575,0.411296748514536,1.16338275786731e-17
0.0581945670103016,0.47197486493198,0.87137086906438,0.463635953113517,0.887043262004376,0.411265148232322,1.16349638306863e-17
0.0586656912262587,0.472015819068596,0.871227184114302,0.463541256203145,0.88715515048852,0.411233012904539,1.87626781664954e-16
0.0591406295100621,0.472057430424569,0.87108115799951,0.463445008535034,0.887268878860786,0.411200333136507,1.86560007116706e-16
0.0596194127391598,0.472099709402424,0.870932752486894,0.463347184533674,0.887384477736551,0.411167099358116,1.86215801425674e-16
0.0601020720409738,0.472142666564513,0.870781928716146,0.46324775819605,0.887501978252934,0.411133301820231,0
0.0605886387949234,0.472186312635308,0.870628647189388,0.463146703084318,0.887621412078111,0.411098930591024,1.16409359095017e-17
0.0610791446344653,0.472230658503718,0.870472867760614,0.463043992318356,0.887742811420813,0.411063975552214,1.16421908393747e-17
0.0615736214491506,0.472275715225437,0.870314549624956,0.462939598568174,0.887866209040015,0.411028426395231,1.16434667524166e-17
0.0620721013866976,0.472321494025317,0.870153651307778,0.462833494046195,0.8879916382548,0.410992272617274,1.16447640091177e-17
0.0625746168550822,0.472368006299766,0.869990130653574,0.462725650499395,0.888119132954439,0.410955503517302,1.86700912998893e-16
0.0630812005246445,0.47241526361918,0.869823944814687,0.4626160392013,0.888248727608645,0.410918108191905,2.32948480562748e-17
0.0635918853302131,0.472463277730395,0.869655050239837,0.462504630943842,0.888380457278047,0.410880075531105,0
0.0641067044732463,0.472512060559174,0.86948340266245,0.462391396029073,0.888514357624865,0.410841394214036,1.16501739128818e-17
0.0646256914239905,0.472561624212714,0.869308957088797,0.462276304260718,0.888650464923798,0.410802052704542,1.86425336442015e-16
0.0651488799236562,0.472611980982187,0.869131667785928,0.462159324935591,0.888788816073127,0.410762039246659,1.86812070489923e-16
0.0656763039866118,0.472663143345305,0.868951488269403,0.462040426834843,0.888929448606041,0.410721341859997,1.16544741096397e-17
0.066207997902595,0.472715123968914,0.86876837129082,0.461919578215062,0.889072400702197,0.410679948335011,0
0.0667439962389419,0.472767935711614,0.86858226882512,0.461796746799204,0.889217711199499,0.410637846228162,2.33149251830075e-17
0.0672843338428345,0.472821591626412,0.868393132057693,0.461671899767368,0.889365419606127,0.410595022856964,1.86907902224564e-16
0.0678290458435664,0.472876104963392,0.868200911371255,0.461545003747401,0.889515566112804,0.410551465294906,1.86932875441161e-16
0.068378167654826,0.472931489172424,0.868005556332502,0.461416024805328,0.889668191605313,0.410507160366268,1.86594182377169e-16
0.068931734977,0.472987757905892,0.867807015678546,0.461284928435615,0.88982333767727,0.410462094640799,1.86984090009438e-16
0.0694897837994932,0.473044925021457,0.867605237303113,0.461151679551252,0.889981046643161,0.410416254428274,1.1665384883967e-17
0.0700523504030693,0.473103004584836,0.867400168242509,0.461016242473657,0.890141361551641,0.410369625772923,1.87037044833129e-16
0.0706194713622089,0.473162010872618,0.867191754661349,0.460878580922398,0.890304326199112,0.410322194447719,1.8669990104909e-16
0.0711911835474879,0.473221958375107,0.866979941838047,0.460738658004719,0.890469985143584,0.410273945948537,0
0.0717675241279743,0.47328286179918,0.866764674150044,0.460596436204889,0.890638383718811,0.410224865488167,0
0.0723485305736446,0.473344736071187,0.866545895058807,0.460451877373342,0.890809568048746,0.410174937990181,1.88237559219538e-16
0.07293424065782,0.473407596339862,0.866323547094553,0.460304942715631,0.890983585062269,0.410124148082656,2.3351617446896e-17
0.0735246924596224,0.473471457979275,0.866097571840727,0.460155592781171,0.891160482508252,0.410072480091739,1.86842403772362e-16
0.0741199243664497,0.473536336591797,0.865867909918202,0.460003787451778,0.891340308970921,0.410019918035062,1.86872366783367e-16
0.0747199750764715,0.473602248011097,0.865634500969226,0.459849485930003,0.891523113885557,0.409966445614989,0
0.0753248836011454,0.473669208305161,0.865397283641075,0.459692646727244,0.891708947554525,0.409912046211705,1.8838858437997e-16
0.0759346892677529,0.473737233779336,0.865156195569449,0.459533227651642,0.891897861163645,0.409856702876125,1.87330148023743e-16
0.0765494317219563,0.473806340979404,0.864911173361562,0.459371185795758,0.892089906798914,0.409800398322644,2.33746731165027e-17
0.0771691509303763,0.473876546694665,0.864662152578963,0.45920647752402,0.892285137463596,0.409743114921694,1.16893735605496e-17
0.0777938871831903,0.47394786796106,0.864409067720047,0.459039058459937,0.892483607095668,0.409684834692124,1.16914451879757e-17
0.0784236810967519,0.474020322064308,0.86415185220228,0.45886888347308,0.892685370585657,0.409625539293393,2.33871041083003e-17
0.0790585736162311,0.474093926543061,0.863890438344104,0.458695906665817,0.892890483794857,0.409565210017562,1.8858741179444e-16
0.0796986060182772,0.474168699192091,0.863624757346552,0.458520081359814,0.893099003573958,0.4095038277811,0
0.0803438199137014,0.474244658065491,0.863354739274526,0.45834136008227,0.893310987782066,0.409441373116468,2.34001807967811e-17
0.0809942572501823,0.474321821479894,0.863080313037772,0.458159694551913,0.893526495306164,0.409377826163513,1.87602855334292e-16
0.0816499603149936,0.474400208017721,0.862801406371517,0.457975035664722,0.893745586080993,0.40931316666063,1.87274196419399e-16
0.0823109717377527,0.474479836530434,0.862517945816779,0.457787333479393,0.893968321109376,0.409247373935711,1.87311506144269e-16
0.0829773344931926,0.474560726141818,0.862229856700332,0.457596537202531,0.89419476248301,0.409180426896865,1.87715014145396e-16
0.0836490919039557,0.474642896251277,0.861937063114336,0.457402595173569,0.89442497340371,0.409112304022908,1.87753686652601e-16
0.0843262876434102,0.47472636653714,0.861639487895607,0.457205454849401,0.894659018205149,0.409042983353604,2.34284136733044e-17
0.0850089657384898,0.47481115695999,0.861337052604539,0.457005062788731,0.894896962375082,0.408972442479669,1.90734098667003e-16
0.0856971705725559,0.474897287766005,0.86102967750365,0.456801364636134,0.895138872578088,0.408900658532521,1.17192410673742e-17
0.0863909468882829,0.474984779490303,0.860717281535771,0.456594305105812,0.895384816678823,0.408827608173762,1.17218231833038e-17
0.0870903397905676,0.475073652960315,0.860399782301856,0.456383827965049,0.895634863765825,0.408753267584402,1.87591194838652e-16
0.087795394749461,0.475163929299149,0.860077096038397,0.456169876017359,0.895889084175857,0.408677612453806,3.76000113987312e-16
0.0885061576031251,0.475255629928981,0.859749137594466,0.455952391085315,0.89614754951883,0.408600617968357,1.88043624625462e-16
0.0892226745608124,0.475348776574442,0.859415820408351,0.455731313993056,0.896410332703305,0.40852225879983,1.17326035346854e-17
0.0899449922058705,0.475443391266013,0.859077056483784,0.455506584548466,0.8966775079626,0.408442509093474,1.17354157279774e-17
0.0906731574987708,0.475539496343427,0.858732756365767,0.455278141525021,0.896949150881511,0.40836134245578,1.17382764745652e-17
0.091407217780161,0.475637114459077,0.858382829115973,0.455045922643289,0.897225338423681,0.408278731941941,1.88225541027194e-16
0.0921472207739435,0.475736268581415,0.858027182287724,0.454809864552088,0.897506148959613,0.408194650042988,1.87906354994793e-16
0.0928932145903777,0.475836981998361,0.857665721900532,0.454569902809287,0.897791662295372,0.408109068672595,2.34943179552956e-17
0.093645247729208,0.475939278320704,0.8572983524142,0.454325971862241,0.898081959701968,0.408021959153543,0
0.0944033690828169,0.476043181485501,0.856924976702475,0.454078005027869,0.898377123945474,0.407933292203835,1.8805344202279e-16
0.0951676279394036,0.476148715759466,0.856545496026242,0.453825934472336,0.898677239317868,0.40784303792245,1.89568050604552e-16
0.0959380739861886,0.476255905742359,0.856159810006251,0.453569691190375,0.898982391668646,0.407751165774733,1.88522939306469e-16
0.0967147573126438,0.476364776370352,0.855767816595369,0.453309204984203,0.899292668437217,0.407657644577397,1.17630204443771e-17
0.097497728413749,0.476475352919391,0.855369412050361,0.45304440444204,0.899608158686106,0.407562442483147,0
0.0982870381932753,0.47658766100854,0.854964490903154,0.45277521691623,0.899928953134992,0.407465526964892,1.8868357878066e-16
0.0990827379670937,0.476701726603307,0.854552945931638,0.452501568500938,0.900255144195616,0.407366864799554,1.88739004776409e-16
0.0998848794665118,0.476817576018944,0.854134668129916,0.452223384009432,0.900586826007559,0.407266422051452,1.88795399737372e-16
0.100693514841637,0.476935235923734,0.853709546678077,0.451940586950936,0.900924094474957,0.407164164055252,1.17803128602746e-17
0.101508696664767,0.477054733342237,0.853277468911408,0.451653099507034,0.901267047304148,0.407060055398471,0
0.102330477933808,0.477176095658524,0.852838320289093,0.451360842507644,0.9016157840423,0.406954059903523,1.90070322094028e-16
0.10315891207572,0.477299350619357,0.852391984362348,0.451063735406521,0.90197040611705,0.406846140609294,1.8903103633825e-16
0.103994052949988,0.477424526337351,0.851938342742018,0.450761696256306,0.90233101687718,0.406736259752236,1.89092554827717e-16
0.10483595485213,0.477551651294086,0.851477275065592,0.450454641683099,0.902697721634375,0.406624378746962,1.88786791693058e-16
0.105684672517218,0.477680754343177,0.851008658963651,0.450142486860548,0.903070627706082,0.406510458166332,2.36062966220382e-17
0.106540261123446,0.477811864713298,0.850532370025728,0.449825145483454,0.903449844459535,0.406394457721014,2.36143845773511e-17
0.107402776295708,0.477945012011153,0.850048281765575,0.449502529740867,0.903835483356949,0.406276336238508,0
0.108272274109224,0.478080226224395,0.849556265585813,0.449174550288683,0.904227658001956,0.406156051641618,0
0.109148811093176,0.478217537724477,0.849056190741976,0.44884111622171,0.904626484187308,0.406033560926352,1.90587880023358e-16
0.11003244423439,0.478356977269449,0.848547924305921,0.448502135045216,0.905032079943886,0.405908820139245,1.89185547523531e-16
0.11092323098104,0.478498576006675,0.848031331128596,0.448157512645934,0.905444565591084,0.405781784354078,0
0.111821229246378,0.478642365475485,0.847506273802165,0.447807153262518,0.905864063788584,0.405652407647982,1.89328092839185e-16
0.112726497412507,0.478788377609743,0.846972612621463,0.447450959455446,0.906290699589602,0.405520643076915,1.9087523753052e-16
0.113639094334169,0.478936644740329,0.84643020554478,0.447088832076346,0.906724600495634,0.405386442650484,1.89475764045483e-16
0.114559079342577,0.479087199597538,0.845878908153963,0.446720670236749,0.907165896512766,0.405249757306105,1.91026715839408e-16
0.115486512249268,0.479240075313371,0.845318573613813,0.446346371276257,0.907614720209611,0.405110536882475,0
0.116421453349997,0.479395305423738,0.844749052630784,0.445965830730101,0.908071206776907,0.404968730092349,1.91183665446899e-16
0.117363963428651,0.479552923870543,0.844170193410949,0.445578942296095,0.908535494088877,0.404824284494582,1.95628263474918e-16
0.118314103761204,0.479712965003656,0.843581841617237,0.445185597800974,0.909007722766373,0.404677146465449,0
0.119271936119701,0.479875463582771,0.842983840325926,0.444785687166087,0.909488036241899,0.404527261169188,1.89951576857609e-16
0.120237522776272,0.480040454779122,0.842376029982374,0.444379098372462,0.909976580826577,0.40437457252777,1.91514848311199e-16
0.121210926507183,0.480207974177077,0.841758248355976,0.443965717425205,0.910473505779118,0.404219023189868,1.90121841647636e-16
0.122192210596917,0.480378057775582,0.841130330494341,0.443545428317247,0.910978963376891,0.404060554499005,1.9020929078354e-16
0.123181438842284,0.480550741989453,0.840492108676669,0.443118112992401,0.91149310898916,0.403899106460853,1.96155023832442e-16
0.124178675556577,0.480726063650515,0.839843412366309,0.442683651307741,0.912016101152573,0.403734617709672,0
0.125183985573745,0.480904060008563,0.839184068162508,0.442241920995288,0.912548101648991,0.403567025473853,0
0.126197434252612,0.481084768732161,0.838513899751305,0.441792797622968,0.913089275585754,0.403396265540559,1.92058357288824e-16
0.127219087481126,0.481268227909242,0.837832727855583,0.44133615455487,0.913639791478472,0.403222272219422,2.38338696049461e-17
0.128249011680643,0.481454476047518,0.83714037018425,0.440871862910761,0.914199821336445,0.403044978305284,1.92253006244485e-16
0.129287273810244,0.481643552074692,0.836436641380545,0.440399791524855,0.914769540750826,0.402864315039951,1.90867638216733e-16
0.130333941371088,0.481835495338444,0.835721352969443,0.439919806903838,0.915349128985611,0.402680212072946,1.96846023211603e-16
0.131389082410804,0.482030345606197,0.834994313304155,0.439431773184115,0.915938769071605,0.402492597421211,1.92558567422575e-16
0.132452765527909,0.48222814306465,0.834255327511708,0.438935552088293,0.91653864790346,0.402301397427763,1.9117641599373e-16
0.133525059876274,0.482428928319059,0.833504197437583,0.438431002880861,0.91714895633993,0.40210653671925,1.92771767865706e-16
0.134606035169616,0.482632742392255,0.832740721589408,0.437917982323085,0.917769889307455,0.401907938162402,1.92881333018503e-16
0.13569576168603,0.482839626723404,0.831964695079675,0.437396344627084,0.918401645907233,0.401705522819321,4.78756534463077e-17
0.136794310272563,0.483049623166468,0.831175909567488,0.436865941409088,0.919044429525925,0.401499209901621,0
0.137901752349813,0.483262773988377,0.830374153199309,0.436326621641866,0.919698447950129,0.401288916723347,1.9322238172321e-16
0.139018159916578,0.48347912186689,0.829559210548696,0.435778231606311,0.920363913484811,0.401074558652674,4.79618318588491e-17
0.140143605554534,0.483698709888134,0.828730862555017,0.435220614842172,0.921041043075838,0.400856049062342,1.97874588026981e-16
0.141278162432955,0.483921581543792,0.827888886461126,0.43465361209793,0.921730058436814,0.400633299278797,0
0.14242190431347,0.484147780727958,0.827033055749987,0.434077061279795,0.922431186180387,0.400406218530018,1.92211733691694e-16
0.143574905554856,0.484377351733603,0.82616314008022,0.433490797399829,0.923144657954237,0.400174713891974,0
0.144737241117876,0.484610339248668,0.825278905220586,0.432894652523179,0.923870710581954,0.399938690233717,4.81165580756101e-17
0.145908986570152,0.484846788351752,0.824380112983354,0.432288455714411,0.924609586209011,0.399698050161033,1.92597097435546e-16
0.147090218091073,0.485086744507381,0.823466521156567,0.431672032982938,0.925361532454074,0.399452693958657,1.9866199193537e-16
0.148281012476756,0.485330253560841,0.822537883435188,0.431045207227543,0.926126802565893,0.399202519530997,1.98802049710066e-16
0.149481447145032,0.485577361732558,0.821593949351098,0.43040779817997,0.926905655586017,0.398947422341339,2.41255974615699e-17
0.15069160014048,0.485828115612005,0.820634464201946,0.429759622347603,0.927698356517609,0.398687295349499,2.41432354538745e-17
0.151911550139505,0.486082562151114,0.81965916897884,0.429100492955205,0.928505176500649,0.398422028947888,0
0.153141376455451,0.486340748657178,0.81866780029285,0.428430219885729,0.92932639299381,0.398151510895949,0
0.154381159043753,0.486602722785219,0.817660090300322,0.427748609620183,0.93016228996334,0.397875626252945,1.95092149629556e-16
0.155630978507143,0.486868532529804,0.816635766626998,0.427055465176562,0.931013158079259,0.397594257309039,1.95245590924481e-16
0.156890916100885,0.487138226216281,0.81559455229091,0.426350586047828,0.931879294919243,0.397307283514656,2.42366348620555e-17
0.158161053738059,0.487411852491418,0.814536165624049,0.425633768138951,0.932761005180552,0.397014581408074,2.42564105382013e-17
0.159441473994887,0.487689460313417,0.813460320192803,0.424904803703008,0.933658600900395,0.396716024541208,1.95723967759518e-16
0.1607322601161,0.487971098941292,0.812366724717141,0.424163481276338,0.934572401685149,0.396411483403561,2.42971229639037e-17
0.162033496020352,0.488256817923557,0.811255082988541,0.423409585612757,0.935502734948855,0.396100825344296,0
0.163345266305675,0.488546667086239,0.81012509378665,0.422642897616848,0.936449936161467,0.395783914492394,2.00708176585404e-16
0.16466765625498,0.488840696520149,0.808976450794676,0.42186319427631,0.937414349107332,0.395460611674868,2.4361225757528e-17
0.166000751841599,0.489138956567419,0.807808842513485,0.421070248593409,0.938396326154414,0.39513077433298,4.87668783660243e-17
0.167344639734876,0.489441497807248,0.806621952174419,0.420263829515497,0.939396228534808,0.394794256436453,2.44060915503897e-17
0.168699407305804,0.489748371040848,0.805415457650816,0.419443701864656,0.940414426637131,0.394450908395606,0
0.170065142632699,0.490059627275561,0.804189031368231,0.418609626266451,0.941451300311376,0.39410057697141,2.44527534307587e-17
0.171441934506935,0.490375317708092,0.802942340213353,0.417761359077818,0.942507239186901,0.393743105183402,2.09129732467138e-16
0.172829872438709,0.490695493706863,0.801675045441616,0.41689865231411,0.94358264300422,0.393378332215445,2.45012948455147e-17
0.174229046662864,0.491020206793428,0.800386802583509,0.416021253575324,0.94467792196133,0.393006093319285,2.45262977334799e-17
0.175639548144754,0.49134950862293,0.799077261349571,0.415128905971527,0.945793497075336,0.392626219715869,0
0.177061468586161,0.491683450963562,0.797746065534094,0.414221348047513,0.946929800560197,0.392238538494407,2.02673939479691e-16
0.178494900431252,0.492022085674995,0.796392852917517,0.413298313706734,0.94808727622145,0.391842872509136,4.92087478414288e-17
0.179939936872594,0.492365464685748,0.795017255167524,0.412359532134521,0.949266379868842,0.391439040273746,1.98585197910687e-16
0.18139667185721,0.492713639969449,0.793618897738866,0.41140472772065,0.950467579747824,0.391026855853459,2.03344175356645e-16
0.182865200092687,0.493066663519963,0.792197399771887,0.410433619981295,0.951691356990969,0.390606128754715,1.97498481589081e-16
0.184345617053333,0.49342458732534,0.7907523739898,0.409445923480415,0.952938206090391,0.39017666381245,2.47160965218451e-17
0.185838018986386,0.49378746334055,0.789283426594697,0.408441347750626,0.954208635392339,0.389738261074932,0
0.187342502918271,0.494155343458962,0.787790157162324,0.407419597213625,0.955503167615225,0.389290715686138,4.95509280039099e-17
0.188859166660905,0.494528279482528,0.786272158535641,0.406380371100228,0.956822340392381,0.388833817765644,0
0.19038810881806,0.494906323090629,0.784729016717177,0.405323363370087,0.958166706840972,0.388367352286022,2.48373229246501e-17
0.191929428791772,0.495289525807538,0.783160310760216,0.404248262631178,0.95953683615855,0.387891098947711,0
0.193483226788801,0.495677938968468,0.781565612658836,0.403154752059133,0.960933314248859,0.38740483205136,4.98035951298946e-17
0.195049603827152,0.496071613684147,0.779944487236823,0.402042509316514,0.962356744378554,0.386908320367625,0
0.196628661742637,0.49647060080388,0.778296492035515,0.400911206472131,0.963807747866696,0.386401327004424,1.99752158859245e-16
0.198220503195496,0.496874950877055,0.776621177200591,0.399760509920509,0.965286964808894,0.385883609271624,2.06185832171578e-16
0.199825231677076,0.497284714113046,0.77491808536786,0.398590080301637,0.966795054838204,0.385354918543185,0
0.201442951516552,0.497699940339462,0.77318675154809,0.397399572421109,0.968332697924932,0.384815000116747,2.0677633801955e-16
0.203073767887718,0.498120678958693,0.771426703010931,0.396188635170814,0.969900595217726,0.384263593070671,2.51122769898526e-17
0.204717786815819,0.498546978902709,0.769637459167978,0.394956911450319,0.971499469928422,0.383700430118552,2.02766092822486e-16
0.206375115184445,0.498978888586062,0.767818531455043,0.39370403808912,0.973130068263345,0.38312523746122,2.51886195231879e-17
0.208045860742482,0.499416455857034,0.765969423213697,0.392429645769921,0.974793160403891,0.382537734636241,0
0.209730132111114,0.499859727946884,0.764089629572142,0.391133358953162,0.976489541539472,0.381937634364967,0
0.21142803879089,0.500308751417146,0.762178637325508,0.389814795802976,0.97822003295606,0.381324642397147,2.02475980757599e-16
0.213139691168835,0.500763572104919,0.760235924815629,0.388473568114825,0.97998548318385,0.380698457353161,5.07031564763545e-17
0.214865200525637,0.501224235066098,0.758260961810413,0.387109281245049,0.981786769207743,0.380058770563908,2.53945929016984e-17
0.21660467904287,0.501690784516497,0.756253209382881,0.385721534042591,0.983624797744693,0.379405265908416,2.54385668195971e-17
0.218358239810298,0.502163263770804,0.754212119789977,0.384309918783191,0.985500506592173,0.378737619649231,2.54835260783442e-17
0.22012599683322,0.502641715179314,0.752137136351268,0.382874021106348,0.987414866052374,0.378055500265659,2.55294976520958e-17
0.221908065039887,0.503126180062396,0.750027693327627,0.381413419955399,0.98936888043705,0.37735856828494,2.06204411407264e-16
0.223704560288971,0.503616698642621,0.747883215800055,0.379927687521055,0.991363589658303,0.376646476111451,2.0499672244429e-16
0.225515599377096,0.50411330997451,0.745703119548733,0.378416389188801,0.993400070910974,0.37591886785403,2.05390160939965e-16
0.227341300046436,0.504616051871847,0.743486810932473,0.376879083490577,0.995479440452724,0.375175379151535,2.07394161633481e-16
0.229181780992365,0.505124960832489,0.741233686768708,0.375315322061185,0.997602855488343,0.374415636996765,2.0780913855411e-16
0.231037161871177,0.505640071960632,0.738943134214168,0.373724649599928,0.999771516165304,0.373639259558867,2.58282179285267e-17
0.232907563307865,0.506161418886469,0.736614530646424,0.372106603838001,1.00198666768813,0.372845856004384,2.07056911112701e-16
0.234793106903962,0.506689033683195,0.734247243546469,0.370460715512225,1.00424960255963,0.37203502631711,2.59372748207715e-17
0.236693915245447,0.507222946781284,0.731840630382523,0.368786508345723,1.00656166295787,0.371206361116895,0
0.238610111910714,0.507763186880013,0.729394038495261,0.367083499036237,1.00892424325801,0.370359441477637,2.6051540540411e-17
0.24054182147861,0.508309780856155,0.726906804984682,0.365351197252806,1.01133879270947,0.369493838744611,2.08885786121075e-16
0.24248916953653,0.508862753669798,0.724378256598822,0.363589105641585,1.013806818279,0.368609114351405,5.23426539251919e-17
0.244452282688584,0.509422128267238,0.721807709624569,0.361796719841691,1.01632988767157,0.367704819636649,2.62333943609176e-17
0.246431288563827,0.509987925480895,0.719194469780802,0.359973528511977,1.01890963254161,0.366780495660844,5.25939396404897e-17
0.248426315824557,0.510560163926192,0.716537832114131,0.358119013369771,1.0215477519083,0.365835673023509,2.63620994102307e-17
0.250437494174681,0.511138859895366,0.713837080897507,0.356232649242666,1.02424601578964,0.364869871680988,2.13076047443378e-16
0.252464954368146,0.511724027248146,0.711091489531979,0.35431390413455,1.02700626907095,0.363882600765187,0
0.25450882821744,0.512315677299254,0.708300320451922,0.352362239307201,1.0298304356252,0.362873358403605,0
0.256569248602162,0.512913818702693,0.705462825034029,0.350377109378841,1.03272052270332,0.361841631540994,2.19672017431785e-16
0.258646349477661,0.513518457332768,0.702578243510411,0.348357962441207,1.03567862561466,0.360786895763032,1.06851208620849e-16
0.260740265883745,0.514129596161797,0.699645804886167,0.346304240196824,1.03870693271898,0.359708615122421,5.35766613423684e-17
0.26285113395346,0.514747235134488,0.696664726861757,0.344215378118324,1.04180773075322,0.358606241967813,0
0.26497909092194,0.515371371038914,0.693634215760598,0.342090805631826,1.04498341051813,0.357479216776041,5.38904937125044e-17
0.267124275135332,0.516001997374076,0.690553466462263,0.339929946326595,1.0482364729519,0.35632696798812,0
0.269286826059784,0.51663910421401,0.687421662341703,0.337732218193389,1.05156953561997,0.355148911849523,5.42208190702657e-17
0.271466884290521,0.517282678068398,0.684237975214947,0.335497033894166,1.05498533965263,0.353944452255286,1.08785026505644e-16
0.273664591560979,0.517932701739661,0.681001565291716,0.333223801066061,1.0584867571646,0.352712980600477,1.09137517264441e-16
0.275880090752022,0.518589154176512,0.677711581135454,0.330911922662862,1.06207679919326,0.351453875636661,0
0.278113525901229,0.519252010323918,0.674367159631266,0.328560797337532,1.06575862419532,0.350166503334966,5.49355326769285e-17
0.280365042212264,0.519921240969489,0.670967425962287,0.326169819869674,1.06953554714475,0.348850216756416,1.55920987360113e-16
0.282634786064309,0.520596812586222,0.667511493595028,0.323738381642286,1.0734110492781,0.34750435593024,1.10644943204561e-16
0.284922905021585,0.521278687171636,0.663998464274287,0.321265871172589,1.07738878853689,0.346128247740883,1.24126707662364e-16
0.287229547842946,0.521966822083229,0.660427428028186,0.318751674702226,1.08147261076042,0.344721205824472,5.55111512312578e-17
0.289554864491548,0.522661169870291,0.656797463184002,0.316195176852754,1.08566656168652,0.343282530475589,1.57009245868378e-16
0.291899006144599,0.523361678102023,0.653107636395408,0.313595761352964,1.08997489982151,0.341811508565147,1.24126707662364e-16
0.294262125203191,0.524068289191984,0.649357002681818,0.310952811845356,1.09440211024539,0.340307413470295,1.24126707662364e-16
0.296644375302202,0.52478094021883,0.645544605480545,0.308265712779914,1.09895291942227,0.338769505017274,1.24126707662364e-16
0.299045911320291,0.525499562743364,0.641669476712513,0.305533850404305,1.10363231109085,0.337197029438188,5.55111512312578e-17
0.301466889389963,0.526224082621882,0.637730636862307,0.302756613860717,1.10844554331395,0.335589219342736,5.55111512312578e-17
0.303907466907719,0.526954419815813,0.633727095073362,0.299933396400787,1.1133981667707,0.333945293705945,1.57009245868378e-16
0.306367802544292,0.527690488197659,0.629657849259156,0.297063596731506,1.11849604437854,0.332264457873052,5.55111512312578e-17
0.308848056254963,0.528432195353217,0.625521886231289,0.294146620506603,1.1237453723364,0.330545903582685,1.11022302462516e-16
0.311348389289956,0.529179442380117,0.621318181845405,0.291181881979765,1.12915270268233,0.32878880900958,5.55111512312578e-17
0.313868964204927,0.529932123682642,0.617045701165932,0.288168805838207,1.13472496746125,0.326992338828107,1.57009245868378e-16
0.316409944871527,0.530690126762846,0.612703398650678,0.285106829237523,1.14046950459776,0.325155644297955,1.24126707662364e-16
0.318971496488059,0.531453332007971,0.608290218356406,0.281995404061613,1.14639408556721,0.323277863373368,2.28878339926112e-16
0.321553785590219,0.532221612474159,0.603805094166516,0.278833999434718,1.15250694495257,0.321358120837415,1.24126707662364e-16
0.324156980061919,0.532994833666448,0.599246950042108,0.275622104516363,1.15881681196531,0.31939552846282,1.24126707662364e-16
0.326781249146208,0.53377285331505,0.594614700297699,0.272359231614402,1.16533294399334,0.317389185200976,0
0.329426763456268,0.534555521147898,0.589907249903021,0.269044919656407,1.17206516221732,0.315338177400833,0
0.332093694986511,0.535342678659449,0.585123494812375,0.265678738065543,1.17902388930408,0.313241579059435,5.55111512312578e-17
0.33478221712376,0.536134158875708,0.580262322323158,0.262260291093967,1.18622018914227,0.311098452105991,1.11022302462516e-16
0.337492504658521,0.536929786115462,0.575322611465262,0.258789222674802,1.19366580852407,0.308907846721432,0
0.340224733796346,0.537729375747673,0.570303233423232,0.255265221863142,1.20137322059474,0.306668801695554,0
0.34297908216929,0.538532733944988,0.565203051993184,0.251688028947569,1.20935566978177,0.30438034482394,1.24126707662364e-16
0.34575572884746,0.53933965743331,0.560020924076664,0.248057442326612,1.21762721776878,0.302041493346994,1.24126707662364e-16
0.348554854350656,0.540149933237361,0.554755700213852,0.244373326259811,1.22620278988623,0.299651254433558,2.28878339926112e-16
0.351376640660105,0.540963338422152,0.54940622515872,0.240635619621042,1.23509822103571,0.297208625711774,5.55111512312578e-17
0.354221271230297,0.541779639830267,0.543971338499022,0.236844345803008,1.24433029993087,0.294712595849988,5.55111512312578e-17
0.357088931000911,0.542598593814841,0.538449875324299,0.232999623946919,1.25391681000009,0.292162145190741,5.55111512312578e-17
0.359979806408833,0.543419945968109,0.532840666945424,0.229101681701224,1.26387656472426,0.289556246441094,5.55111512312578e-17
0.362894085400285,0.544243430845362,0.527142541669589,0.225150869748635,1.274229434437,0.286893865422801,1.11022302462516e-16
0.365831957443038,0.545068771684141,0.521354325635147,0.221147678382756,1.28499636064152,0.284173961886163,1.24126707662364e-16
0.368793613538733,0.54589568011848,0.515474843711186,0.217092756465708,1.29619935263079,0.281395490391685,1.24126707662364e-16
0.371779246235299,0.546723855887948,0.509502920467408,0.212986933157741,1.30786145954695,0.278557401264112,1.24126707662364e-16
0.374789049639468,0.547552986541261,0.503437381220527,0.208831242880864,1.32000670886718,0.275658641623811,1.24126707662364e-16
0.377823219429398,0.548382747134175,0.497277053164312,0.204626954063072,1.33265999950808,0.272698156501033,1.11022302462516e-16
0.380881952867393,0.549212799921328,0.491020766591346,0.200375602310379,1.34584693410641,0.26967489003915,5.55111512312578e-17
0.383965448812729,0.550042794041702,0.484667356215731,0.196079028773351,1.35959357031423,0.266587786793706,1.24126707662364e-16
0.387073907734582,0.550872365197306,0.478215662607353,0.191739424616333,1.3739260648249,0.26343579313491,1.11022302462516e-16
0.390207531725059,0.55170113532464,0.471664533749896,0.187359382664355,1.38887017592469,0.260217858762185,0
0.393366524512341,0.552528712258503,0.46501282673671,0.182941957497974,1.40445058014298,0.256932938340521,2.77555756156289e-17
0.396551091473924,0.55335468938759,0.458259409620889,0.178490735492823,1.42068994544484,0.253579993269707,1.14439169963056e-16
0.399761439649975,0.554178645301348,0.451403163438592,0.174009916559699,1.43760768664766,0.250157993599142,1.14439169963056e-16
0.402997777756789,0.555000143427475,0.444442984427851,0.169504409631336,1.45521830753123,0.246665920102792,5.55111512312578e-17
0.406260316200361,0.555818731659387,0.43737778646895,0.164979944257487,1.47352920759718,0.243102766531162,1.24126707662364e-16
0.409549267090063,0.55663394197296,0.430206503777065,0.16044320099628,1.4925377988774,0.239467542059833,1.14439169963056e-16
0.412864844252438,0.557445290031765,0.422928093883457,0.155901963598999,1.51222773924676,0.235759273957445,1.24126707662364e-16
0.416207263245094,0.558252274779976,0.415541540948263,0.151365296228162,1.53256404394222,0.231977010499944,8.32667268468867e-17
0.419576741370729,0.559054378022064,0.408045859456144,0.14684374904199,1.55348678885542,0.228119824162733,1.11022302462516e-16
0.422973497691249,0.559851063988336,0.400440098356181,0.142349595288773,1.57490307347564,0.224186815128302,1.14439169963056e-16
0.426397753042013,0.560641778885306,0.392723345719686,0.137897102375458,1.59667687979831,0.220177115154074,1.38777878078145e-16
0.429849730046193,0.561425950429843,0.384894734004951,0.133502837896425,1.61861646732798,0.216089891854171,1.24126707662364e-16
0.433329653129245,0.562202987365939,0.376953446036863,0.12918600888573,1.64045901942264,0.211924353459809,1.14439169963056e-16
0.436837748533501,0.562972278962933,0.36889872183291,0.124968827981551,1.6618524594585,0.207679754136786,5.55111512312578e-17
0.440374244332875,0.563733194493901,0.360729866436786,0.120876892994779,1.68233476984349,0.203355399955768,0
0.443939370447695,0.564485082692911,0.352446258958106,0.116939555690637,1.7013118825173,0.198950655632773,5.55111512312578e-17
0.447533358659647,0.565227271189739,0.344047363064202,0.113190240676369,1.71803638743744,0.194464952184804,5.55111512312578e-17
0.451156442626847,0.565959065920623,0.335532739230478,0.109666655968166,1.73159101099783,0.189897795680669,2.77555756156289e-17
0.454808857899031,0.566679750513524,0.326902059133691,0.106410814307179,1.74088299688671,0.185248777312237,2.77555756156289e-17
0.458490841932869,0.567388585646365,0.318155122673245,0.103468762418752,1.74465781603861,0.180517585069718,1.14439169963056e-16
0.462202634107401,0.568084808376609,0.309291878237087,0.100889901878482,1.74154215743401,0.175704017380757,1.24126707662364e-16
0.465944475739604,0.56876763144055,0.300312447001465,0.0987257922688036,1.73012538312253,0.170807999173139,0
0.469716610100076,0.569436242520606,0.291217152282801,0.0970283697993818,1.70908365559828,0.165829600953469,2.77555756156289e-17
0.473519282428857,0.570089803478896,0.282006555265788,0.0958476041280841,1.67734043155,0.160769061671234,6.20633538311818e-17
0.477352739951367,0.570727449555369,0.272681498844477,0.0952287504420731,1.63424192435572,0.155626816376444,6.20633538311818e-17
0.481217231894485,0.571348288528707,0.263243161874865,0.0952095057168839,1.57971127852855,0.15040353000409,6.20633538311818e-17
0.485113009502749,0.571951399838283,0.253693126910069,0.0958174938136796,1.51433870048529,0.145100139065565,2.77555756156289e-17
0.48904032605469,0.572535833665418,0.244033465563043,0.0970685216262569,1.4393739732264,0.139717903648398,5.55111512312578e-17
0.492999436879299,0.573100609972275,0.234266847151076,0.0989659327681418,1.35661302069577,0.134258472998564,1.67110694432208e-16
0.496990599372628,0.573644717496732,0.224396678422707,0.101501159208743,1.26820196147977,0.128723969200998,1.14439169963056e-16
0.501014073014524,0.574167112701713,0.214427285257886,0.104655313931158,1.17640557976801,0.123117095260987,7.85046229341888e-17
0.505070119385497,0.57466671867755,0.204364151738932,0.108401473640916,1.08339188159159,0.117441276495133,5.7219584981528e-17
0.509159002183727,0.575142423996072,0.194214238650706,0.112707228326275,0.991070844797607,0.111700847992118,6.93889390390723e-17
0.513280987242209,0.575593081515367,0.183986413449327,0.117537122264308,0.901003058728254,0.105901306674258,4.16333634234434e-17
0.517436342546036,0.576017507134332,0.173692038902997,0.122854731793195,0.814373641109731,0.100049655257984,6.20633538311818e-17
0.52162533824982,0.576414478496452,0.163345790962983,0.128624261134972,0.732014925346916,0.0941548789125184,6.54613941668034e-17
0.525848246695256,0.576782733642571,0.152966812845493,0.134811647831189,0.654458408372062,0.0882286164696148,6.93889390390723e-17
0.53010534242883,0.577120969612839,0.14258036969614,0.141385238042023,0.581999382299981,0.0822861212067933,1.12957008997076e-16
0.534396902219665,0.577427840998494,0.132220259155194,0.148316122054593,0.514763046138321,0.0763476587802453,1.04083408558608e-17
0.538723205077517,0.577701958444728,0.121932376784489,0.15557822340057,0.452766276195707,0.0704405728662197,5.56194657756796e-17
0.543084532270915,0.577941887106526,0.111780057333247,0.163148223234479,0.39597352637549,0.0646023772760523,1.44888358379205e-16
0.547481167345445,0.57814614506019,0.101852135146494,0.171005384286848,0.344348334683541,0.0588854193010951,3.46944695195361e-17
0.551913396142186,0.578313201674119,0.0922750587332603,0.179131321313395,0.297903706953278,0.0533638846506991,9.43791607972383e-17
0.556381506816292,0.578441475943509,0.0832305982695591,0.187509750130471,0.256754809140356,0.0481440301067051,0
0.560885789855729,0.578529334794807,0.0749797114273782,0.196126235837517,0.221173686375772,0.0433779625751877,2.77555756156289e-17
0.565426538100157,0.578575091367143,0.0678881765798592,0.20496795250289,0.191631947764551,0.0392784079674407,5.0037075531084e-17
0.570004046759971,0.578577003279563,0.0624354452467699,0.214023460869769,0.16878389248776,0.0361237128093013,3.10316769155909e-17
0.574618613435493,0.578533270894637,0.0591646514014225,0.223282506892971,0.153297809904173,0.0342287192966059,5.0037075531084e-17
0.57927053813632,0.578442035591103,0.0585320735256057,0.232735841584417,0.145475709830619,0.0338574117575195,8.77708367144175e-17
0.583960123300829,0.578301378060462,0.0607060056569254,0.242375061280475,0.144843147403359,0.0351063667279462,3.46944695195361e-17
0.588687673815839,0.578109316645065,0.0654864513614495,0.252192466719068,0.150116806178237,0.0378583276460778,0
0.593453497036433,0.57786380573811,0.0724299674913466,0.262180938996052,0.159640349234799,0.0418546566640372,1.11886302282795e-16
0.59825790280594,0.577562734269234,0.0810453458752942,0.272333830400435,0.171880120419501,0.0468087715635307,7.85046229341888e-17
0.603101203476082,0.577203924302967,0.0909140711350993,0.282644868201754,0.185660397683501,0.0524759586335384,1.01031820261007e-16
0.607983713927275,0.576785129781315,0.10172104606093,0.29310806961324,0.200169128168876,0.0586711867537444,4.16333634234434e-17
0.612905751589107,0.576304035446148,0.113241296010874,0.303717666339236,0.214875271026629,0.0652614158702185,1.00074151062168e-16
0.61786763646097,0.575758255981821,0.12531658586213,0.314468037309661,0.229441629549547,0.0721520589215762,7.85046229341888e-17
0.622869691132867,0.575145335423735,0.137835038412393,0.32535364839394,0.243658492204312,0.0792751794008394,5.55111512312578e-17
0.627912240806387,0.574462746884136,0.150716287826366,0.336368998064193,0.257398551005557,0.0865808927049143,1.14439169963056e-16
0.632995613315842,0.573707892652483,0.163901347989151,0.347508568139672,0.270587564102775,0.0940314969577572,1.11022302462516e-16
0.638120139149584,0.572878104734083,0.177345842809604,0.35876677889059,0.283185501805389,0.101597550311235,0
0.643286151471491,0.571970645897378,0.191015487073833,0.370137947910504,0.295174413039214,0.109255251518022,5.55111512312578e-17
0.648493986142629,0.570982711307127,0.204883042815929,0.38161625228368,0.306550558546263,0.116984675287894,5.55111512312578e-17
0.653743981743082,0.569911430827681,0.218926241351581,0.393195693679207,0.317319262291309,0.124768567454406,7.85046229341888e-17
0.65903647959397,0.568753872087464,0.23312634203973,0.404870066098812,0.327491511037822,0.132591509720683,1.11022302462516e-16
0.664371823779637,0.567507044402378,0.247467115984824,0.416632926092041,0.33708169178233,0.140439331579328,1.24126707662364e-16
0.669750361170023,0.566167903661938,0.261934117431376,0.428477565332191,0.346106079203211,0.148298690163662,5.55111512312578e-17
0.67517244144321,0.564733358287192,0.276514152959285,0.440396985520314,0.354581823556629,0.156156766214635,0
0.680638417108163,0.563200276373486,0.291194888871593,0.452383875653705,0.362526276282599,0.164001041891028,2.48253415324727e-16
0.686148643527643,0.561565494133529,0.305964556739096,0.464430591760045,0.369956545802455,0.171819137492536,2.22044604925031e-16
0.691703478941312,0.559825825756305,0.320811729879185,0.476529139259169,0.376889211583439,0.179598691591923,1.11022302462516e-16
0.697303284489025,0.557978074794852,0.335725152050455,0.488671158171189,0.383340147804873,0.187327274001322,1.57009245868378e-16
0.702948424234306,0.556019047189847,0.350693605368731,0.500847911441805,0.389324423359108,0.194992324312694,2.22044604925031e-16
0.708639265188016,0.553945566025825,0.365705808357291,0.513050276702612,0.394856255241505,0.202581111009411,1.10273469940595e-16
0.714376177332221,0.5517544881019,0.380750337746318,0.52526874182453,0.399948999379111,0.210080707697845,0
0.720159533644237,0.549442722378328,0.395815569528539,0.537493404654882,0.404615167736112,0.217477984081489,9.92002703793528e-17
0.725989710120885,0.547007250333519,0.410889636115829,0.549713977351187,0.40886646383865,0.22475961004226,1.33291354382078e-16
0.731867085802933,0.544445148232575,0.425960397393875,0.561919795735153,0.412713831156111,0.231912071700314,2.00447035432117e-16
0.737792042799738,0.541753611267669,0.441015424150626,0.574099834086564,0.416167510374718,0.238921698658344,1.70684224434487e-16
0.743764966314091,0.538929979482446,0.456041992833733,0.586242725776029,0.419237102713177,0.245774701841017,8.13211670182447e-17
0.749786244667259,0.535971765337213,0.471027090922885,0.598336790095602,0.421931637202608,0.252457221443591,1.55109398793713e-16
0.755856269324229,0.532876682709621,0.485957432418973,0.610370065585019,0.424259640382769,0.258955384525507,0
0.761975434919166,0.529642677057704,0.500819483076793,0.622330350066764,0.426229207222484,0.265255371739448,1.41397647030767e-16
0.768144139281058,0.52626795640038,0.515599495057952,0.634205247494501,0.427848072303389,0.271343492585216,1.35144228990902e-16
0.774362783459591,0.522751022696701,0.530283550668415,0.645982221586605,0.429123680447895,0.277206268431152,0
0.780631771751216,0.519090703132442,0.544857614779983,0.657648656060483,0.430063256051412,0.282830522363207,1.23684780062602e-16
0.786951511725437,0.515286180754168,0.55930759542625,0.669191921107125,0.4306738704155,0.28820347471399,1.67478658071482e-16
0.793322414251308,0.51133702383077,0.57361941191951,0.68059944555288,0.430962506389067,0.293312842902479,1.60439792628555e-16
0.799744893524145,0.507243213274789,0.587779069664961,0.691858793953028,0.430936119622067,0.298146943992521,1.08732489069184e-16
0.806219367092452,0.503005167424964,0.601772740662613,0.702957747657028,0.430601695731593,0.302694798168777,0
0.812746255885072,0.498623763481512,0.615586848496286,0.713884388687489,0.429966302682815,0.306946231146941,1.41440273427042e-16
0.819325984238547,0.49410035490022,0.629208156425358,0.724627185094387,0.429037137704663,0.310891973395882,0
0.825958979924714,0.489436784093173,0.64262385703058,0.735175076293554,0.427821568098168,0.314523753966598,1.3030307265293e-16
0.832645674178507,0.484635389854337,0.655821661732758,0.745517556784689,0.426327165358183,0.317834386708774,1.76965266027947e-16
0.839386501726,0.479699009027007,0.668789888413903,0.755644756578789,0.424561732118604,0.320817846719432,1.20206843047123e-16
0.846181900812665,0.474630972055485,0.681517545334075,0.765547516655606,0.4225333215473,0.32346933501478,2.31016674618615e-16
0.853032313231866,0.469435092211472,0.693994409560877,0.775217457823757,0.420250248957271,0.325785329646456,7.85056921232478e-17
0.859938184353586,0.464115648450925,0.706211098216287,0.784647041471159,0.417721095560824,0.327763621791892,0
0.866899963153375,0.458677362032737,0.718159130996965,0.793829620869448,0.414954704467477,0.329403335725411,1.45163580083071e-16
0.873918102241541,0.453125367208081,0.729830982635868,0.802759481927312,0.411960169206269,0.330704932006712,1.3962551519505e-16
0.88099305789258,0.447465176460402,0.741220124236302,0.811431872564494,0.408746815230672,0.331670193687398,1.34325143860774e-16
0.888125290074835,0.441702640931937,0.752321052713669,0.819843020188132,0.405324175030566,0.332302195812323,0
0.895315262480405,0.43584390680581,0.763129307910531,0.827990137081411,0.401701957622518,0.33260525895774,1.75907312703043e-16
0.902563442555289,0.429895368516596,0.77364147729177,0.835871413845166,0.397890013309722,0.332584887980069,1.19721943012379e-16
0.909870301529772,0.423863619732333,0.783855188462193,0.843486001350467,0.393898294690853,0.332247697527555,0
0.917236314449071,0.4177554030847,0.793769090063744,0.85083398194981,0.389736814949307,0.331601326175755,0
0.924661960204211,0.411577559621389,0.803382821889623,0.85791633094393,0.385415604469577,0.330654341275077,1.06832670009173e-16
0.932147721563161,0.405336978917495,0.812696975287649,0.864734869501407,0.380944666806855,0.329416136738482,1.0287222950027e-16
0.939694085202226,0.399040550714747,0.821713045107349,0.871292210373215,0.376333934982243,0.327896826049128,1.40100259467116e-16
0.94730154173768,0.392695118864118,0.830433374570649,0.877591697832072,0.371593228994006,0.326107132735752,0
0.954970585757668,0.386307438234793,0.838861094514438,0.883637343298175,0.366732215330738,0.324058280456707,1.2994570215228e-16
0.962701715854358,0.37988413512748,0.847000058467157,0.889433758092697,0.361760369151838,0.321761884663721,1.25154788996093e-16
0.970495434656357,0.37343167159929,0.854854774986535,0.894986084695004,0.35668693967085,0.319229847597857,1.20542844257255e-16
0.978352248861393,0.366956313976903,0.862430338608781,0.900299927776828,0.351520919144381,0.31647425811773,8.20962194036462e-17
0.986272669269249,0.360464105709958,0.869732360649493,0.905381286155739,0.346271015739331,0.31350729758853,7.90709627384657e-17
0.994257210814977,0.3539608446018,0.87676690096214,0.910236486660176,0.340945630428594,0.310341152783462,1.52311414561757e-16
1.00230639260238,0.347452064353072,0.883540401610006,0.91487212073777,0.335552837954203,0.306987936478739,0
1.01042073793774,0.340943020267196,0.890059623250069,0.919294984475504,0.33010037179948,0.303459616168761,1.41271865016048e-16
1.01860077436388,0.334438678896525,0.896331584869594,0.923512022540943,0.324595613029743,0.299767951097016,0
1.02684703369442,0.327943711353948,0.902363507363988,0.927530276403698,0.319045582795093,0.295924437595312,1.31002043081824e-16
1.03516005204838,0.321462489976209,0.908162761302442,0.931356837059271,0.313456938238349,0.291940262551952,2.52270993213663e-16
1.04354036988501,0.314999088001066,0.913736819099163,0.934998802355998,0.307835971515654,0.287826264689231,0
1.05198853203896,0.308557281908873,0.919093211694748,0.938463238921498,0.302188611615026,0.283592903221427,1.16902328866738e-16
1.06050508775566,0.302140556078445,0.924239489755387,0.941757148598034,0.296520428647727,0.27925023338435,1.12522140676915e-16
1.06909059072708,0.295752109415237,0.929183189317335,0.944887439226301,0.290836640286804,0.274807888273779,1.08291088233931e-16
1.07774559912768,0.289394863625026,0.93393180173976,0.947860899563174,0.285142120034818,0.270275066399553,1.47365620221302e-16
1.08647067565072,0.28307147282661,0.938492747779808,0.95068417807962,0.27944140701674,0.265660524351122,0
1.09526638754485,0.276784334221068,0.942873355567898,0.953363765358484,0.273738717012717,0.260972573975644,1.36379399543151e-16
1.10413330665098,0.270535599561303,0.947080842237556,0.95590597979652,0.268037954467343,0.25621908348776,1.31159485609157e-16
1.11307200943943,0.264327187192883,0.951122298950607,0.958316956308975,0.26234272523608,0.251407481958042,8.9174957031624e-17
1.12208307704748,0.258160794464596,0.955004679053878,0.960602637736598,0.256656349854371,0.246544766661956,8.5723762393865e-17
1.13116709531708,0.25203791033389,0.958734789106001,0.962768768662439,0.250981877140015,0.24163751281068,8.23857742184412e-17
1.14032465483296,0.245959828018015,0.962319282521097,0.9648208913579,0.245322097963888,0.236691885227309,0
1.14955635096105,0.2399276575657,0.965764655588825,0.966764343592847,0.239679559047492,0.231713651575172,0
1.15886278388715,0.233942338246486,0.969077245646322,0.9686042580622,0.234056576667874,0.226708196787965,0
1.16824455865599,0.228004650675169,0.972263231196099,0.970345563200305,0.22845525017093,0.221680538393177,1.40169530399782e-16
1.17770228521052,0.222115228607178,0.975328633784122,0.971992985173912,0.222877475212772,0.216635342460087,1.34507102414863e-16
1.18723657843162,0.216274570357238,0.978279321473573,0.973551050864124,0.21732495666588,0.211576939941067,1.29026101493255e-16
1.196848058178,0.210483049808312,0.981121013771555,0.975024091666768,0.211799221141951,0.206509343209659,0
1.20653734932659,0.204740926990886,0.983859287887929,0.976416247959006,0.206301629097045,0.201436262630767,0
1.21630508181309,0.199048358224227,0.986499586227239,0.9777314740974,0.20083338649672,0.196361123027411,0
1.22615189067297,0.193405405821535,0.989047225035958,0.978973543828839,0.195395556029639,0.191287079934742,1.0879292008366e-16
1.23607841608273,0.18781204737025,0.991507404147856,0.980146056010787,0.18998906786778,0.18621703555577,1.04128730126852e-16
1.24608530340153,0.182268184607276,0.993885217789862,0.981252440551056,0.184614729980016,0.181153654354565,1.40872037877607e-16
1.25617320321316,0.176773651916947,0.996185666428859,0.982295964489776,0.179273238013776,0.176099378241947,9.52365271304209e-17
1.2663427713683,0.171328224487446,0.998413669655964,0.983279738157524,0.173965184766929,0.171056441326151,9.09988705461667e-17
1.2765946690272,0.165931626169445,1.00057408011798,0.984206721353629,0.168691069279254,0.166026884216972,8.68940737988193e-17
1.28692956270265,0.160583537089428,1.00267169851454,0.985079729497677,0.163451305580143,0.16101256788693,8.29177895856202e-17
1.29734812430331,0.155283601079888,1.00471128968197,0.985901439715121,0.158246231136974,0.156015187107435,7.90658445574451e-17
1.30785103117737,0.150031433000114,1.00669759977731,0.986674396824927,0.153076115057199,0.151036283492365,1.50668462890847e-16
1.31843896615665,0.144826626035218,1.00863537455426,0.987401019203267,0.147941166107294,0.146077258196462,1.43438203494576e-16
1.32911261760091,0.139668759078544,1.01052937867802,0.98808360450257,0.142841540623907,0.141139384332371,1.36433517915846e-16
1.33987267944269,0.134557404324908,1.01238441594742,0.98872433520986,0.137777350407744,0.136223819188873,1.29647304671092e-16
1.35071985123233,0.129492135231069,1.01420535016199,0.989325284032236,0.13274867071018,0.13133161635525,0
1.36165483818355,0.124472535037912,1.01599712616032,0.989888419100751,0.127755548447867,0.126463737884409,1.65043360768302e-16
1.37267835121923,0.119498206099435,1.01776479022208,0.990415608986801,0.122798010813991,0.121621066662706,1.56316737831338e-16
1.38379110701763,0.114568780331635,1.01951350850108,0.990908627527601,0.117876074499454,0.116804419200595,1.47862733342111e-16
1.39499382805904,0.109683931186594,1.02124858133556,0.991369158459311,0.112989755797627,0.112014559119616,1.39673155922341e-16
1.4062872426727,0.104843387683456,1.02297544999562,0.991798799858125,0.108139081948769,0.107252211694549,9.31543568386369e-17
1.41767208508414,0.100046951202972,1.02469969040732,0.992199068390996,0.103324104194263,0.102518079923882,1.96150098862329e-16
1.42914909546299,0.0952945159972409,1.02642698520001,0.992571403378825,0.0985449131701521,0.0978128627611424,0
1.440719019971,0.0905860947133708,1.02816306033928,0.992917170675871,0.0938016574950408,0.093137276364683,1.72987863274855e-16
1.45238261081064,0.0859218507276733,1.02991356443537,0.993237666369826,0.0890945667306907,0.088492079545822,0
1.46414062627396,0.0813021398111834,1.03168385553296,0.993534120307616,0.0844239803636649,0.0838781050634812,0
1.47599383079187,0.0767275647157872,1.03347863832291,0.993807699452363,0.079790385149965,0.0792962991043047,0
1.48794299498388,0.0721990478716076,1.03530135821632,0.994059511077273,0.0751944642050607,0.0747477723234001,0
1.4999888957082,0.0677179298261786,1.03715319684067,0.994290605802413,0.0706371628101357,0.0702338674026534,0
1.5121323161122,0.0632861048393949,1.03903140684466,0.994501980480454,0.0661197783771406,0.065756250544995,1.41525479973739e-16
1.52437404568338,0.0589062110244373,1.04092653671747,0.994694580937524,0.0616440859414585,0.0613170382328158,0
1.53671488030065,0.054581902047985,1.04281776180528,0.994869304575294,0.0572125169275911,0.0569189769287548,8.41654947040209e-17
1.54915562228612,0.0503182432038584,1.04466492889537,0.995027002840356,0.0528284195390146,0.0525657039586986,2.16720844391496e-16
1.56169708045722,0.0461223011166764,1.04639479526109,0.995168483566904,0.0484964472156239,0.0482621358339548,1.38702445291358e-16
1.57434007017931,0.0420040413367791,1.04787683349021,0.995294513198557,0.0442231532939188,0.044015061829776,1.76362246933202e-16
1.58708541341869,0.0379777255767184,1.04888001627484,0.995405818895035,0.0400179270251888,0.0398340774209898,1.11268538132869e-16
1.59993393879601,0.0340641336972464,1.04899473623612,0.99550309052925,0.035894511310716,0.0357330969428549,9.84084615667024e-17
1.61288648164017,0.0302941586541411,1.04749177097769,0.995586982580179,0.0318735403878685,0.0317328818989055,1.72329899770512e-16
1.62594388404263,0.026714659823609,1.04307497781042,0.995658115926691,0.0279869091176831,0.0278653932027238,1.66818869596958e-16
1.63910699491214,0.0233978060473815,1.03349221726909,0.995717079547328,0.0242854631580025,0.0241814504511405,0
1.65237667002994,0.0204547666482418,1.0151281437128,0.995764432130832,0.0208525316105888,0.0207642092977082,2.70252279066367e-17
1.6657537721054,0.0180507286625172,0.983419366589577,0.995800703601992,0.0178262940401256,0.017751436147773,0
1.67923917083208,0.0164046504842953,0.936547626659138,0.995826396567221,0.0154281273625612,0.0153637364772394,1.60341376025793e-16
1.69283374294433,0.0157364283215812,0.883686215926169,0.995841987684051,0.0139641278111116,0.0139060647956915,6.94219400052672e-17
1.70653837227424,0.0161495370267669,0.845774889636928,0.995847928958547,0.0137158219636864,0.0136588728965013,1.34489072273991e-16
1.7203539498091,0.0175517593745073,0.835537450758689,0.99584464897445,0.0147263454186437,0.0146651522841058,1.42403079808458e-16
1.73428137374936,0.0197196064179039,0.846072777997795,0.99583255405768,0.016754043754682,0.0166842221830191,1.19831599227606e-16
1.74832154956701,0.0224205984900153,0.86480281909857,0.995812029379651,0.0194709405068355,0.0193893967800423,4.57815039449676e-17
1.76247539006444,0.0254760028962717,0.884127622041548,0.995783440002664,0.0226194139759384,0.0225240378598042,7.21217569246445e-17
1.77674381543379,0.028764832587177,0.901228991296086,0.995747131870496,0.0260344220210256,0.0259237010573423,1.63737559271659e-16
1.79112775331676,0.0322085748361003,0.915566125840061,0.995703432747133,0.0296163286292567,0.0294890800815181,6.68021577255875e-17
1.80562813886497,0.035756381154542,0.927388277348692,0.995652653106439,0.0333048364001989,0.0331600487231339,0
1.82024591480069,0.0393748135676865,0.937128567408866,0.995595086975409,0.0370625198068988,0.0368992626306772,1.81836227819436e-16
1.83498203147818,0.0430414083623491,0.945200985125143,0.995531012733524,0.0408654085758307,0.0406827815852659,4.42176561368131e-17
1.84983744694544,0.0467407335698745,0.951948553377511,0.995460693870566,0.0446976701135636,0.0444947737056457,4.77023647798667e-17
1.86481312700654,0.0504619628018592,0.957641528084005,0.995384379705157,0.0485485528535266,0.0483244711676906,0
1.87991004528435,0.0541973571677912,0.962489185395376,0.995302306066133,0.0524105790100958,0.0521643701510096,5.44153286627302e-17
1.89512918328392,0.0579412949819683,0.966653114225382,0.995214695938768,0.0562784426969688,0.0560091332365712,1.63012676649918e-16
1.91047153045619,0.0616896375048833,0.970258573131587,0.995121760077749,0.0601483175866,0.0598548996624929,0
1.92593808426241,0.0654393050863574,0.973403360241708,0.995023697588701,0.0640174094519635,0.0636988394629426,6.37841828310037e-17
1.94152985023894,0.0691879879084033,0.976164500701222,0.994920696479947,0.0678836593811776,0.0675388576711287,6.67157955241168e-17
1.95724784206263,0.0729339446779804,0.978603223649299,0.994812934186117,0.0717455422247035,0.0713733933753313,1.39104869927671e-16
1.97309308161673,0.0766758599636406,0.980768657523892,0.994700578065128,0.0756019267499671,0.0752012802410297,0
1.98906659905733,0.0804127413880551,0.982700582287632,0.994583785869941,0.0794519767042733,0.0790216477853865,7.49456661622239e-17
2.00516943288031,0.0841438443942133,0.984431491563892,0.994462706196482,0.0832950795708868,0.0828338502429154,7.7505334641965e-17
2.0214026299889,0.08786861640637,0.985988149316939,0.994337478908972,0.0871307944347214,0.0866374144735567,0
2.03776724576168,0.0915866548439299,0.98739277463994,0.994208235543896,0.0909588132679934,0.0904320012463384,1.84161767903068e-16
2.05426434412127,0.0952976751717943,0.988663951154045,0.994075099693739,0.0947789317931493,0.0942173760711409,1.69316222801938e-16
2.07089499760343,0.0990014863187641,0.989817330952599,0.993938187371567,0.0985910272826112,0.0979933869483793,1.94254849342084e-16
2.08766028742684,0.102697971571712,0.990866184041801,0.993797607357475,0.102395041451827,0.101759947200095,8.90075390827493e-17
2.10456130356336,0.106387073585815,0.991821830647225,0.993653461527857,0.106190967139429,0.105517022081084,1.82125003636723e-16
2.12159914480891,0.110068782521718,0.992693983996855,0.9935058451684,0.109978837836275,0.109264618235167,0
2.1387749188549,0.113743126581726,0.99349102413871,0.993354847271684,0.113758719380882,0.113002775316418,0
2.15608974236026,0.117410164403631,0.994220218219591,0.993200550820157,0.117530703318864,0.116731559274577,9.67722570993923e-17
2.17354474102402,0.121069978905328,0.994887898890835,0.993043033055288,0.121294901552543,0.12045105693188,0
2.19114104965849,0.124722672271659,0.995499609730195,0.992882365733597,0.125051441999583,0.124161371570943,1.41731043642551e-16
2.20887981226306,0.128368361847341,0.996060224503361,0.992718615370255,0.128800465047291,0.127862619320791,1.44023667810658e-16
2.22676218209858,0.13200717675375,0.99657404554059,0.992551843470892,0.132542120639097,0.131554926177877,0
2.24478932176229,0.135639255087805,0.997044885335271,0.992382106752229,0.136276565866929,0.135238425535982,1.0488707633192e-16
2.26296240326347,0.139264741591914,0.997476134582718,0.9922094573521,0.140003962971166,0.138913256126764,1.06316469123471e-16
2.28128260809959,0.142883785707333,0.997870819197351,0.992033943029423,0.143724477670989,0.142579560293795,1.07685445806707e-16
2.29975112733314,0.146496539941326,0.99823164832223,0.991855607354615,0.147438277764204,0.146237482539133,1.08995691553827e-16
2.31836916166905,0.150103158492497,0.998561054938359,0.991674489890951,0.151145531948018,0.149887168293847,2.20497706959588e-16
2.33713792153279,0.153703796089555,0.998861230363958,0.991490626367317,0.154846408821969,0.153528762873624,0
2.35605862714901,0.157298607007331,0.99913415368479,0.991304048842801,0.158541076041735,0.157162410588066,5.62951623878511e-17
2.37513250862094,0.160887744230668,0.999381616960023,0.991114785863512,0.162229699598526,0.160788253978295,1.13681739659824e-16
2.39436080601029,0.164471358742129,0.99960524689198,0.99092286261204,0.165912443203415,0.164406433162085,0
2.41374476941791,0.168049598913847,0.999806523523536,0.990728301049902,0.169589467759754,0.168017085269578,5.7856707096702e-17
2.43328565906507,0.171622609987215,0.999986796427003,0.990531120053325,0.17326093090979,0.171620343955556,2.91641398762539e-16
2.45298474537537,0.175190533626986,1.00014729876775,0.990331335542702,0.176926986644013,0.175216338976711,1.31428370415364e-16
2.47284330905736,0.178753507538555,1.00028915956066,0.990128960606013,0.18058778496371,0.17880519582426,5.92022076406251e-17
2.49286264118777,0.182311665139102,1.00041341438425,0.98992400561652,0.184243471588809,0.182387035403887,5.96059010098428e-17
2.51304404329547,0.185865135274746,1.00052101477429,0.989716478344994,0.187894187704358,0.18596197375625,5.99882781588684e-17
2.53338882744608,0.189414041977131,1.00061283648274,0.989506384066753,0.191540069740077,0.189530121812397,1.34946628158323e-16
2.5538983163273,0.192958504253893,1.00068968675882,0.989293725663734,0.195181249178278,0.19309158517928,1.35710495490597e-16
2.57457384333485,0.196498635908314,1.00075231078484,0.989078503721862,0.198817852386177,0.196646463951314,0
2.59541675265918,0.200034545384157,1.00080139737889,0.988860716623895,0.202450000469235,0.200194852544516,1.22633883142187e-16
2.61642839937291,0.203566335632313,1.00083758406041,0.988640360637997,0.206077809142647,0.203736839550274,0
2.63761014951883,0.20709410399635,1.00086146155991,0.988417430002194,0.209701388618538,0.207272507606227,1.74991832716192e-16
2.65896338019882,0.2106179421145,1.000873577843,0.988191917004925,0.213320843506777,0.210801933282069,1.3890192032646e-16
2.68048947966327,0.214137935835956,1.00087444170859,0.987963812061854,0.216936272727592,0.214325186978442,6.23519774417398e-17
2.70218984740145,0.21765416514967,1.00086452601298,0.987733103789097,0.220547769434475,0.217842332837277,6.25689164187963e-17
2.7240658942324,0.221166704124078,1.00084427056445,0.987499779073044,0.224155420946007,0.221353428662207,6.2770140880135e-17
2.74611904239671,0.224675620856402,1.00081408472693,0.987263823136891,0.227759308685493,0.224858525847855,1.25912269355574e-16
2.76835072564895,0.228180977430387,1.00077434976629,0.987025219604052,0.231359508127401,0.228357669316933,6.312736909194e-17
2.7907623893509,0.23168282988144,1.00072542096839,0.986783950558559,0.234956088749736,0.231850897464252,6.32843031388788e-17
2.81335549056553,0.235181228168323,1.00066762955429,0.986539996602581,0.238549113991642,0.235338242106863,1.41827941974332e-16
2.83613149815172,0.23867621615065,1.00060128441484,0.986293336911182,0.242138641215541,0.238819728439615,0
2.85909189285972,0.242167831571528,1.00052667368415,0.986043949284425,0.245724721673308,0.242295374995564,1.80096464258462e-16
2.88223816742749,0.245656106044787,1.00044406616894,0.985791810196919,0.24930740047595,0.245765193610675,6.37778034623284e-17
2.90557182667769,0.249141065046319,1.00035371264891,0.985536894844924,0.25288671656641,0.249229189392388,1.27739424891958e-16
2.92909438761552,0.252622727909093,1.00025584706127,0.985279177191088,0.256462702695109,0.25268736069164,0
2.95280737952738,0.256101107821498,1.00015068758127,0.985018630006914,0.260035385397937,0.256139699077995,0
2.97671234408028,0.259576211828686,1.0000384376089,0.98475522491304,0.263604784976407,0.259586189317595,6.40762302581892e-17
3.00081083542203,0.263048040836667,0.999919286671169,0.984488932417403,0.267170915479759,0.263026809353648,1.28246475026342e-16
3.02510442028234,0.266516589618899,0.999793411248008,0.984219721951374,0.270733784688811,0.266461530289264,1.43465949901601e-16
3.04959467807464,0.269981846825203,0.999660975529022,0.983947561903918,0.274293394101386,0.26989031637241,0
3.07428320099879,0.273443794992812,0.999522132107714,0.98367241965386,0.277849738919197,0.27331312498284,6.42036918713585e-17
3.09917159414457,0.276902410559426,0.999377022618863,0.983394261600318,0.281402808036048,0.276729906620866,1.81617358821486e-16
3.12426147559604,0.280357663878151,0.999225778324283,0.98311305319135,0.284952584027279,0.280140604897823,1.28420339485487e-16
3.14955447653674,0.283809519234212,0.999068520651615,0.982828758950896,0.288499043140369,0.28354515652817,6.42002098378195e-17
3.17505224135575,0.287257934863384,0.998905361690308,0.982541342504053,0.292042155286647,0.286943491323119,0
3.20075642775457,0.290702862972041,0.998736404648574,0.982250766600737,0.295581884034057,0.290335532185743,0
3.22666870685493,0.294144249758794,0.998561744274676,0.981956993137797,0.299118186600958,0.293721195107507,1.43379152261027e-16
3.2527907633074,0.297582035437673,0.998381467245626,0.981659983179612,0.302651013850938,0.297100389166204,1.28158553178895e-16
3.27912429540095,0.301016154262821,0.998195652526039,0.981359696977231,0.306180310288641,0.300473016525255,1.28060340748055e-16
3.30567101517332,0.304446534554672,0.998004371699673,0.981056093986103,0.309706014056605,0.303838972434379,6.39740491990767e-17
3.33243264852235,0.307873098727628,0.997807689275888,0.98074913288243,0.313228056933136,0.307198145231622,1.2782233537197e-16
3.35941093531822,0.311295763319191,0.997605662973133,0.980438771578203,0.316746364331226,0.310550416346769,6.38417736110524e-17
3.38660762951648,0.314714439020588,0.997398343981305,0.980124967234958,0.320260855298559,0.31389566030614,1.42585352321798e-16
3.41402449927217,0.318129030708882,0.997185777204706,0.97980767627629,0.323771442518645,0.317233744738816,0
3.44166332705473,0.321539437480579,0.996968001487169,0.979486854399182,0.327278032313109,0.320564530384321,1.271937893653e-16
3.46952590976386,0.324945552686758,0.996745049820776,0.979162456584173,0.330780524645207,0.323887871101803,1.27007594298342e-16
3.49761405884643,0.328347263969743,0.996516949539484,0.97883443710443,0.33427881312461,0.327203613880764,0
3.52592960041413,0.331744453301333,0.996283722498863,0.978502749533751,0.337772785013521,0.330511598853402,1.26603401565164e-16
3.5544743753623,0.335136997022641,0.996045385243052,0.978167346753546,0.341262321234202,0.333811659308616,1.26386233108883e-16
3.58325023948954,0.338524765885548,0.995801949159961,0.977828180958853,0.344747296377965,0.337103621707748,1.78416547463431e-16
3.61225906361841,0.341907625095826,0.995553420625649,0.977485203663413,0.348227578715709,0.340387305702142,0
3.64150273371703,0.345285434357958,0.995299801138758,0.977138365703873,0.351703030210088,0.343662524152585,1.25679179966556e-16
3.6709831510217,0.348658047921683,0.995041087445806,0.97678761724315,0.355173506529376,0.346929083150723,1.2542623389059e-16
3.7007022321605,0.352025314630329,0.994777271658091,0.976432907773007,0.35863885706313,0.35018678204254,1.25165258319634e-16
3.73066190927794,0.355387077970956,0.994508341360894,0.976074186115902,0.36209892493973,0.35343541345399,1.76630464407241e-16
3.76086413016048,0.358743176126353,0.99423427971563,0.975711400426146,0.365553547045881,0.356674763318882,0
3.7913108583633,0.362093442028945,0.993955065555567,0.97534449819044,0.369002554048188,0.359904610909121,0
3.82200407333782,0.365437703416634,0.99367067347565,0.974973426227833,0.372445770416871,0.363124728867402,0
3.85294577056047,0.368775782890639,0.993381073916985,0.974598130689172,0.375883014451743,0.36633488324248,1.23751713300094e-16
3.88413796166242,0.372107497975366,0.99308623324646,0.97421855705609,0.379314098310535,0.369534833527121,0
3.91558267456034,0.375432661180359,0.992786113831984,0.973834650139609,0.382738828039662,0.372724332698849,1.23141478602381e-16
3.94728195358824,0.378751080064375,0.992480674113775,0.97344635407841,0.386157003607549,0.375903127263612,1.22827942268308e-16
3.97923785963041,0.382062557301643,0.992169868672107,0.973053612336839,0.389568418940599,0.379070957302501,1.22509163246978e-16
4.01145247025537,0.385366890750324,0.991853648291917,0.972656367702731,0.392972861961913,0.382227556521621,0
4.04392787985098,0.38866387352325,0.991531960024642,0.972254562285104,0.39637011463287,0.385372652305277,0
4.07666619976054,0.391953294060974,0.991204747247626,0.971848137511813,0.399759952997657,0.388505965772582,1.71860900469395e-16
4.10966955842014,0.395234936207172,0.99087194972144,0.971437034127226,0.403142147230862,0.39162721183763,1.71384099489967e-16
4.14294010149697,0.398508579286454,0.990533503645433,0.971021192190024,0.40651646168823,0.394736099273375,1.20845730453272e-16
4.17647999202884,0.401773998184624,0.990189341711802,0.970600551071176,0.409882654960679,0.397832330779352,1.20500853882825e-16
4.21029141056481,0.405030963431434,0.989839393158497,0.970175049452204,0.413240479931682,0.400915603053372,1.20152453661894e-16
4.24437655530697,0.408279241285881,0.989483583821196,0.969744625323801,0.416589683838113,0.403985606867352,1.19800747638527e-16
4.27873764225331,0.411518593824088,0.989121836184653,0.969309215984907,0.419930008334664,0.407042027147408,1.68922078549671e-16
4.31337690534184,0.414748779029818,0.988754069433639,0.968868758042325,0.423261189561911,0.410084543058366,1.19088257603809e-16
4.34829659659578,0.417969550887649,0.98838019950374,0.968423187410973,0.426582958218151,0.413112828092823,1.1872787778563e-16
4.38349898627002,0.421180659478881,0.988000139132219,0.96797243931487,0.429895039635084,0.416126550164934,2.64672188069396e-16
4.41898636299867,0.424381851080181,0.987613797909189,0.967516448288957,0.433197153857434,0.419125371709029,0
4.45476103394389,0.427572868265045,0.987221082329281,0.967055148181841,0.43648901572662,0.422108949783252,1.66357475479137e-16
4.49082532494586,0.430753450008078,0.986821895844038,0.966588472159572,0.439770334968527,0.425076936178332,1.17263231726827e-16
4.52718158067401,0.433923331792163,0.986416138915206,0.966116352710562,0.44304081628549,0.428028977531647,1.16892182857754e-16
4.56383216477945,0.437082245718536,0.986003709069119,0.965638721651729,0.446300159452564,0.430964715446736,0
4.60077946004863,0.440229920619814,0.985584500952357,0.965155510135995,0.449548059418154,0.433883786618375,1.16145396727498e-16
4.63802586855826,0.443366082175997,0.985158406388846,0.964666648661228,0.45278420640907,0.436785822963371,0
4.67557381183149,0.446490453033499,0.984725314438561,0.964172067080737,0.456008286040101,0.439670451757228,0
4.71342573099534,0.449602752927205,0.984285111457985,0.96367169461543,0.459219979428132,0.442537295776771,1.62656940398632e-16
4.75158408693936,0.452702698805619,0.983837681162484,0.963165459867739,0.462418963310913,0.445385973448918,0
4.79005136047569,0.455790004959099,0.983382904690714,0.962653290837409,0.465604910170485,0.448216099005674,0
4.8288300525003,0.458864383151221,0.982920660671222,0.962135114939272,0.46877748836135,0.451027282645491,0
4.86792268415562,0.46192554275328,0.982450825291337,0.961610859023089,0.471936362243402,0.453819130701109,1.60510720135345e-16
4.9073317969944,0.464973190881959,0.981973272368484,0.961080449395575,0.475081192319669,0.456591245813973,1.13117641293526e-16
4.94705995314498,0.46800703254016,0.981487873424022,0.960543811844697,0.478211635378894,0.459343227115329,1.59433965846894e-16
4.98710973547785,0.471026770761031,0.980994497759711,0.960000871666345,0.481327344642968,0.462074670414096,1.12355925211171e-16
5.02748374777359,0.474032106755179,0.980493012536884,0.959451553693461,0.484427969919248,0.464785168391592,1.1197501302434e-16
5.06818461489212,0.477022740061071,0.97998328285843,0.958895782327722,0.487513157757746,0.467474310803172,1.11594209316061e-16
5.10921498294339,0.479998368698632,0.979465171853631,0.95833348157385,0.490582551613207,0.470141684686868,0
5.15057751945938,0.482958689326024,0.978938540765939,0.957764575076642,0.493635792012056,0.472786874579048,0
5.19227491356753,0.48590339739959,0.978403249043735,0.957188986160769,0.496672516724193,0.475409462737148,1.56204792904823e-16
5.23430987616559,0.488832187336953,0.977859154434111,0.956606637873435,0.499692360939621,0.47800902936949,1.10074099900429e-16
5.27668514009784,0.49174475268324,0.977306113079709,0.956017453029936,0.502694957449853,0.4805851528722,1.09695323075167e-16
5.31940346033281,0.494640786280401,0.976743979618636,0.955421354262175,0.505679936834062,0.483137410073211,0
5.36246761414231,0.497519980439579,0.976172607287469,0.954818264070191,0.508646927649901,0.485665376483314,1.08939886456979e-16
5.40588040128206,0.500382027116494,0.975591848027331,0.954208104876699,0.511595556628941,0.488168626554242,1.08563389805163e-16
5.44964464417369,0.503226618089779,0.975001552593043,0.953590799084711,0.514525448876625,0.490646733943681,0
5.49376318808822,0.506053445142213,0.974401570665303,0.952966269138215,0.517436228076655,0.49309927178716,1.07813224506995e-16
5.53823890133107,0.508862200244771,0.973791750965862,0.952334437585937,0.520327516699701,0.495525812976697,1.07439700783204e-16
5.58307467542852,0.511652575743408,0.973171941375642,0.951695227148165,0.523198936216311,0.49792593044606,1.07067308150862e-16
5.6282734253157,0.51442426454851,0.972541989055709,0.951048560786625,0.526050107313893,0.500299197462528,1.50891088592873e-16
5.67383808952611,0.517176960326873,0.971901740571038,0.950394361777369,0.52888065011761,0.502645187924926,0
5.71977163038263,0.519910357696129,0.971251042016957,0.949732553786626,0.531690184415036,0.504963476667775,0
5.76607703419018,0.522624152421488,0.970589739148163,0.949063060949566,0.534478329884401,0.507253639771302,1.05590315220038e-16
5.81275731142981,0.525318041614644,0.969917677510159,0.9483858079519,0.537244706326207,0.509515254877061,1.0522450493764e-16
5.85981549695445,0.527991723934728,0.969234702573006,0.947700720114211,0.539988933898048,0.511747901508885,0
5.90725465018618,0.530644899791124,0.968540659867181,0.947007723478943,0.542710633352376,0.513951161398849,1.04497385479883e-16
5.9550778553152,0.533277271547988,0.967835395121396,0.9463067448999,0.545409426276998,0.516124618817907,1.47270789505279e-16
6.00328822150028,0.535888543730282,0.967118754402174,0.94559771213413,0.548084935338032,0.518267860910826,1.03776589057583e-16
6.05188888307094,0.538478423231127,0.966390584254964,0.944880553936055,0.550736784525081,0.520380478035021,2.31251185144141e-16
6.10088299973121,0.541046619520254,0.965650731846578,0.944155200153662,0.553364599398297,0.52246206410285,1.03062469599293e-16
6.15027375676503,0.543592844853346,0.964899045108699,0.943421581826581,0.555968007337075,0.524512216926915,0
6.20006436524339,0.546116814482015,0.964135372882216,0.942679631285854,0.558546637790037,0.526530538567866,1.44752318638897e-16
6.25025806223304,0.548618246864166,0.963359565062091,0.941929282255178,0.561100122525981,0.52851663568419,0
6.30085811100697,0.551096863874488,0.962571472742482,0.941170469953389,0.563628095885435,0.530470119883429,0
6.35186780125658,0.553552391014782,0.961770948361825,0.940403131197951,0.566130195032472,0.532390608074243,2.26532457116492e-16
6.4032904493055,0.55598455762385,0.960957845847535,0.939627204509177,0.568606060206393,0.53427772281871,1.00963198300821e-16
6.45512939832528,0.558393097086612,0.960132020760025,0.938842630214928,0.571055334972893,0.536131092684217,0
6.50738801855264,0.560777747042161,0.95929333043567,0.938049350555476,0.573477666474299,0.537950352594286,1.41815429730969e-16
6.5600697075087,0.563138249590414,0.958441634128389,0.937247309788265,0.575872705678472,0.539735144177637,0
6.61317789021976,0.565474351497012,0.957576793149455,0.936436454292222,0.578240107625928,0.541485116114776,9.96020608108342e-17
6.66671601944003,0.567785804396122,0.956698671005185,0.935616732671328,0.580579531674751,0.54319992448138,9.92668018653652e-17
6.72068757587607,0.57007236499079,0.955807133532108,0.934788095857097,0.582890641742846,0.544879233087716,9.89335926242717e-17
6.77509606841312,0.572333795250452,0.95490204902923,0.933950497209632,0.585173106547061,0.546522713813333,1.3944492213693e-16
6.82994503434323,0.57456986260525,0.95398328838701,0.933103892616906,0.587426599838726,0.548130046936229,0
6.88523803959517,0.576780340136745,0.953050725212639,0.932248240591924,0.589650800635128,0.549700921455717,9.79464250318728e-17
6.94097867896634,0.578965006764654,0.952104235951233,0.931383502367396,0.591845393446447,0.551235035408162,9.76215689568306e-17
6.99717057635642,0.581123647429215,0.951143700002541,0.930509641987581,0.594010068497681,0.552732096174796,1.37601328292208e-16
7.05381738500302,0.583256053268771,0.95016899983277,0.929626626396928,0.596144521945062,0.554191820780797,9.69782247925145e-17
7.11092278771915,0.58536202179219,0.949180021081137,0.928734425525157,0.5982484560865,0.555613936184808,1.36697535881147e-16
7.16849049713269,0.587441357045722,0.948176652660764,0.927833012368443,0.600321579565575,0.55699817955811,0
7.22652425592773,0.589493869773893,0.947158786853541,0.926922363066329,0.602363607568593,0.558344298552639,9.60292527017225e-17
7.28502783708792,0.591519377574046,0.946126319398581,0.926002456974046,0.60437426201425,0.559652051557072,0
7.34400504414174,0.59351770504416,0.945079149573926,0.925073276729897,0.606353271735447,0.560921207940204,0
7.40345971140979,0.595488683923553,0.944017180271154,0.924134808317387,0.608300372652803,0.562151548280893,9.5099662225923e-17
7.46339570425412,0.597432153226105,0.942940318062561,0.923187041121788,0.610215307939431,0.563342864583824,9.47941178266886e-17
7.52381691932944,0.599347959365668,0.941848473260629,0.922229967980852,0.612097828176571,0.564494960480428,0
7.58472728483652,0.601235956273294,0.940741559969474,0.921263585229382,0.613947691499657,0.565607651414277,9.41895074619119e-17
7.64613076077758,0.603096005505969,0.939619496128027,0.920287892737422,0.61576466373445,0.566680764810344,0
7.70803133921369,0.604927976346557,0.938482203544708,0.919302893941811,0.617548518522876,0.567714140227558,9.35935201205507e-17
7.77043304452438,0.606731745894644,0.937329607923374,0.918308595870907,0.619299037438214,0.568707629494091,9.32987505677341e-17
7.83333993366922,0.60850719914803,0.936161638880364,0.917305009162261,0.621016010089348,0.56966109682492,9.30061233300626e-17
7.8967560964516,0.610254229074619,0.934978229952487,0.916292148073112,0.622699234213759,0.570574418921208,0
7.96068565578463,0.611972736674497,0.93377931859582,0.915270030483537,0.624348515759043,0.571447485051131,2.06673655779555e-16
8.02513276795918,0.613662631031981,0.932564846175233,0.914238677892161,0.625963668952684,0.572280197111828,0
8.0901016229141,0.61532382935751,0.93133475794458,0.913198115404334,0.627544516359925,0.573072469672208,1.29905263488864e-16
8.1555964445086,0.616956257019197,0.930089003017524,0.912148371712745,0.629090888929545,0.573824229996408,9.15748604598769e-17
8.22162149079689,0.618559847563972,0.928827534329004,0.911089479070425,0.630602626027425,0.574535418047768,9.12949176039133e-17
8.28818105430498,0.620134542728215,0.927550308587397,0.910021473256171,0.63207957545782,0.57520598647326,9.10170523157987e-17
8.35527946230978,0.621680292437844,0.926257286217436,0.908944393532427,0.633521593472259,0.575835900568339,1.8148250390181e-16
8.42292107712042,0.623197054797836,0.924948431294007,0.907858282595688,0.63492854476607,0.576425138222304,0
8.49111029636188,0.624684796071211,0.923623711466969,0.906763186519542,0.636300302462537,0.576973689844279,1.27556111640022e-16
8.55985155326084,0.626143490647521,0.92228309787717,0.905659154690481,0.637636748084749,0.57748155827002,8.99261023418448e-17
8.62914931693396,0.627573121000926,0.920926565063878,0.90454623973664,0.63893777151522,0.577948758649801,8.96584198905293e-17
8.6990080926784,0.628973677637988,0.919554090863872,0.903424497449673,0.640203270943431,0.578375318317706,1.26420408055681e-16
8.76943242226473,0.63034515903531,0.918165656302464,0.902293986699977,0.641433152801429,0.578761276642737,1.99298523081048e-16
8.84042688423224,0.631687571567223,0.916761245476758,0.901154769345518,0.642627331687701,0.579106684862156,1.98713203020129e-16
8.91199609418655,0.63300092942371,0.915340845431482,0.900006910134538,0.64378573027956,0.579411605897613,1.77214840406219e-16
8.98414470509972,0.634285254518827,0.913904446027759,0.898850476602441,0.644908279234294,0.579676114154605,1.76699025460682e-16
9.05687740761276,0.63554057638987,0.912452039805178,0.89768553896319,0.645994917079392,0.579900295305895,1.96983063295437e-16
9.13019893034057,0.636766932087608,0.910983621837602,0.896512169995542,0.647045590092182,0.580084246059588,8.78393737940301e-17
9.20411404017939,0.63796436605789,0.909499189583115,0.895330444924505,0.648060252169222,0.580228073912556,1.95850712638819e-16
9.27862754261669,0.639132930014962,0.907998742728565,0.894140441298382,0.649038864685852,0.580331896890009,8.73366654182721e-17
9.35374428204358,0.640272682806898,0.906482283029164,0.892942238861811,0.649981396346315,0.580395843272005,8.70880440279709e-17
9.42946914206979,0.641383690273501,0.904949814143605,0.891735919425191,0.650887823024871,0.580420051307744,2.45624047471832e-16
9.50580704584116,0.64246602509709,0.903401341465197,0.89052156673093,0.651758127598377,0.580404668918524,1.93634888686226e-16
9.58276295635973,0.643519766646629,0.901836871949496,0.889299266316933,0.652592299770814,0.580349853390265,8.63528405514585e-17
9.66034187680636,0.644545000815582,0.900256413938941,0.888069105377764,0.653390335890224,0.580255771056508,1.92550604517875e-16
9.73854885086602,0.645541819854008,0.898659976984983,0.886831172623905,0.654152238758605,0.580122596972847,0
9.81738896305574,0.646510322195307,0.897047571668213,0.885585558139577,0.654878017435248,0.579950514583734,1.91481501538598e-16
9.89686733905512,0.647450612278128,0.895419209416993,0.884332353239522,0.65556768703407,0.579739715382629,8.53965555495327e-17
9.97698914603958,0.648362800363885,0.893774902325078,0.883071650325208,0.656221268515456,0.579490398566445,1.70323203472628e-16
10.0577595930163,0.649247002350384,0.892114662968713,0.881803542740865,0.656838788473171,0.57920277068526,0
10.139183931163,0.650103339582027,0.890438504223694,0.880528124629777,0.657420278916861,0.578877045288249,3.38785812182804e-16
10.221267454169,0.650931938657091,0.88874643908285,0.879245490791241,0.657965777050703,0.578513442566785,1.88872175002759e-16
10.3040154985798,0.651732931232533,0.887038480474407,0.877955736538584,0.658475325048725,0.578112188995637,8.42374699419357e-17
10.3874334441436,0.652506453826831,0.885314641081678,0.876658957558637,0.658948969827346,0.577673516973179,0
10.4715267141616,0.653252647621298,0.88357493316448,0.875355249773013,0.659386762815646,0.577197664461508,1.8734768369691e-16
10.5563007758401,0.653971658260341,0.881819368382722,0.874044709201576,0.65978875972389,0.576684874627335,1.86845997229319e-16
10.6417611406461,0.654663635651113,0.880047957622503,0.872727431828401,0.660155020310816,0.576135395484484,1.86347442138359e-16
10.7279133646656,0.655328733762993,0.878260710825127,0.871403513470582,0.660485608150176,0.575549479538817,0
10.814763048965,0.655967110427324,0.876457636819358,0.870073049650164,0.660780590397001,0.574927383436355,0
10.902315839955,0.656578927137799,0.874638743157225,0.868736135469477,0.661040037554073,0.574269367615323,0
10.9905774297578,0.657164348851923,0.87280403595371,0.867392865490155,0.66126402323903,0.57357569596285,0
11.0795535565772,0.657723543793896,0.870953519730553,0.866043333616052,0.661452623952544,0.572846635476946,0
11.1692500050717,0.658256683259291,0.86908719726445,0.86468763298029,0.661605918847981,0.57208245593441,3.28108352209513e-16
11.2596726067303,0.658763941421873,0.86720506943987,0.863325855836625,0.661723989502924,0.571283429565237,1.63626180215421e-16
11.350827240252,0.659245495142869,0.865307135106662,0.861958093455303,0.661806919692934,0.570449830734048,3.26400994415369e-16
11.4427198319278,0.659701523783003,0.863393390942673,0.860584436023571,0.661854795167891,0.569581935629056,8.13885316213863e-17
11.535356356026,0.66013220901758,0.861463831321496,0.859204972550952,0.661867703431248,0.568680021959007,0
11.6287428351806,0.660537734654859,0.859518448185486,0.857819790779414,0.661845733522479,0.567744368658501,8.09683420614967e-17
11.7228853407829,0.660918286457998,0.857557230924158,0.856428977098503,0.661788975803036,0.56677525560206,1.61519608356149e-16
11.8177899933763,0.661274051970754,0.855580166258032,0.855032616465522,0.661697521746031,0.56577296332726,0
11.9134629630538,0.661605220347165,0.853587238128008,0.853630792330794,0.661571463729913,0.564737772767208,0
12.0099104698599,0.661911982185386,0.851578427590282,0.85222358656804,0.661410894836335,0.563669964992598,0
12.1071387841942,0.662194529365841,0.849553712716846,0.850811079409887,0.661215908652396,0.562569820963535,7.99352568528954e-17
12.2051542272196,0.662453054893836,0.847513068501557,0.849393349388494,0.660986599077451,0.561437621291305,0
12.3039631712731,0.662687752746756,0.845456466771756,0.847970473281268,0.660723060134603,0.560273646010187,0
12.4035720402798,0.662898817725957,0.843383876105395,0.846542526061645,0.660425385787044,0.559078174359401,0
12.5039873101711,0.663086445313418,0.841295261753631,0.845109580854867,0.660093669759305,0.557851484575237,3.16497782332451e-16
12.6052155093052,0.663250831533259,0.839190585568796,0.843671708898688,0.659728005363548,0.556593853693387,0
12.7072632188919,0.663392172818141,0.837069805937671,0.842228979508941,0.659328485330938,0.555305557361451,1.57446993723713e-16
12.8101370734203,0.663510665880611,0.834932877719956,0.840781460049854,0.65889520164816,0.553986869661583,1.75585030369545e-16
12.9138437610901,0.6636065075894,0.832779752191833,0.839329215909026,0.658428245399107,0.552638062943188,7.83251408801539e-17
13.0183900242466,0.66367989485069,0.830610376994485,0.83787231047694,0.657927706611762,0.551259407665592,1.74696936293145e-16
13.1237826598188,0.663731024494336,0.828424696087451,0.836410805130895,0.657393674110276,0.549851172250533,1.74254739539834e-16
13.2300285197614,0.663760093165026,0.826222649706658,0.834944759223217,0.656826235372215,0.548413622944346,7.77318349136999e-17
13.3371345115004,0.663767297218354,0.824004174326997,0.833474230073634,0.656225476390976,0.546947023689672,7.75350469148883e-17
13.4451075983821,0.663752832621755,0.821769202629258,0.831999272965631,0.655591481543305,0.545451636006492,0
13.5539548001256,0.663716894860255,0.819517663471286,0.830519941146681,0.654924333461885,0.543927718882294,1.72496362820553e-16
13.6636831932795,0.663659678846964,0.817249481863165,0.829036285832158,0.654224112912908,0.542375528671156,0
13.7742999116818,0.663581378838257,0.81496457894626,0.827548356212807,0.653490898678592,0.540795319001499,1.7162224769947e-16
13.8858121469236,0.663482188353549,0.812662871975947,0.826056199465581,0.652724767444527,0.539187340692281,0
13.998227148817,0.663362300099581,0.810344274307829,0.824559860767708,0.651925793691775,0.537551841677367,0
14.111552225866,0.663221905899126,0.808008695387273,0.823059383313812,0.651094049593615,0.535889066937814,1.52334813476846e-16
14.225794745742,0.663061196624018,0.805656040742066,0.821554808335918,0.65022960491685,0.534199258441803,1.51945961447393e-16
14.3409621357626,0.662880362132387,0.803286211978006,0.820046175126186,0.64933252692752,0.532482655091934,0
14.4570618833745,0.662679591210009,0.800899106777255,0.818533521062212,0.648402880300946,0.530739492679613,1.51168903565449e-16
14.5741015366405,0.662459071515648,0.798494618899237,0.817016881634719,0.647440727035953,0.52897000384623,1.50780538659084e-16
14.6920887047298,0.662218989530266,0.796072638183928,0.815496290477489,0.64644612637316,0.527174418050854,0
14.8110310584131,0.661959530510004,0.793633050557326,0.813971779399372,0.645419134717184,0.525352961544149,7.50018675789907e-17
14.9309363305612,0.66168087844279,0.791175738038933,0.81244337841821,0.644359805562654,0.523505857348224,2.99230268365174e-16
15.0518123166476,0.66138321600847,0.788700578751064,0.810911115796531,0.643268189423864,0.52163332524212,0
15.1736668752555,0.661066724542319,0.786207446929804,0.80937501807885,0.642144333767949,0.519735581752665,1.66404962912354e-16
15.2965079285884,0.660731584001831,0.783696212937434,0.807835110130435,0.64098828295143,0.517812840150387,0
15.4203434629857,0.660377972936637,0.781166743276161,0.806291415177396,0.639800078159988,0.515865310450226,0
15.5451815294413,0.66000606846145,0.778618900602974,0.804743954847945,0.638579757351324,0.513893199416745,0
15.6710302441275,0.659616046231892,0.776052543745469,0.803192749214698,0.637327355200957,0.511896710573589,1.47275533148195e-16
15.7978977889225,0.659208080423101,0.773467527718473,0.801637816837887,0.636042903050826,0.509876044216896,0
15.9257924119422,0.658782343710965,0.770863703741309,0.800079174809347,0.634726428860528,0.507831397432415,0
16.0547224280766,0.658339007255901,0.76824091925556,0.798516838797154,0.633377957161082,0.505762964116066,1.46096793047328e-16
16.1846962195303,0.657878240689017,0.765599017943151,0.796950823090793,0.631997509011039,0.503670934997679,1.45701980841449e-16
16.3157222363676,0.65740021210057,0.762937839744649,0.795381140646756,0.630585101954829,0.501555497667683,7.2653036298402e-17
16.4478089970617,0.656905088030593,0.76025722087759,0.793807803134426,0.629140749983172,0.499416836606487,0
16.5809650890484,0.65639303346157,0.757556993854715,0.792230820982164,0.627664463495442,0.497255133216324,1.61567775153062e-16
16.7151991692849,0.655864211813055,0.754836987501995,0.790650203423503,0.62615624926382,0.495070565855337,1.44110878091946e-16
16.8505199648121,0.655318784938124,0.75209702697628,0.789065958543311,0.624616110399114,0.492863309873672,1.43709688573009e-16
16.9869362733223,0.654756913121554,0.749336933782468,0.78747809332388,0.623044046318108,0.490633537651379,0
17.1244569637308,0.654178755079609,0.746556525790062,0.785886613690811,0.62144005271229,0.488381418637901,7.14512860854925e-17
17.2630909767531,0.653584467961359,0.743755617248993,0.784291524558625,0.619804121517852,0.486107119392955,1.4249645916438e-16
17.4028473254854,0.652974207351405,0.740934018804589,0.78269282987602,0.618136240886804,0.483810803628618,1.42088517552886e-16
17.5437350959913,0.652348127273927,0.738091537511579,0.781090532670684,0.616436395159093,0.481492632252412,0
17.6857634478922,0.651706380197953,0.735227976847015,0.779484635093602,0.614704564835579,0.479152763411233,1.4126676741839e-16
17.8289416149626,0.65104911704377,0.732343136722008,0.777875138462781,0.612940726551761,0.476791352535928,1.40852766244824e-16
17.9732789057308,0.650376487190368,0.72943681349216,0.776262043306312,0.61114485305211,0.474408552386367,0
18.1187847040838,0.649688638483849,0.726508799966604,0.774645349404738,0.609316913164897,0.472004513096838,1.40018023553664e-16
18.2654684698776,0.648985717246703,0.723558885415523,0.773025055832622,0.607456871777379,0.469579382221618,0
18.4133397395519,0.648267868287878,0.720586855576078,0.771401160999296,0.60556468981124,0.467133304780569,1.5560085136914e-16
18.5624081267505,0.647535234913562,0.717592492656617,0.769773662688712,0.60364032419815,0.464666423304611,6.93737835848211e-17
18.7126833229461,0.646787958938599,0.714575575339081,0.768142558098349,0.601683727855324,0.462178877880939,6.91593930506242e-17
18.8641750980704,0.646026180698468,0.711535878779506,0.766507843877129,0.599694849660974,0.459670806197852,0
19.0168933011491,0.645250039061747,0.708473174606521,0.764869516162284,0.597673634429516,0.457142343589058,1.37452662319692e-16
19.1708478609426,0.644459671443002,0.705387230917755,0.763227570615137,0.595620022886434,0.454593623077345,0
19.3260487865912,0.643655213816018,0.702277812274037,0.761582002455747,0.593533951642661,0.45202477541749,1.36574422398257e-16
19.482506168266,0.642836800727328,0.699144679691315,0.75993280649638,0.591415353168384,0.449435929138298,1.36130492141262e-16
19.6402301778248,0.642004565309957,0.695987590630187,0.75827997717376,0.589264155766132,0.446827210583658,1.51698441091632e-16
19.7992310694735,0.641158639297322,0.692806298982935,0.756623508580058,0.587080283543042,0.444198743952512,1.35232467823048e-16
19.9595191804325,0.640299153037239,0.689600555057987,0.754963394492591,0.58486365638218,0.441550651337639,0
20.1211049316092,0.639426235505975,0.686370105561691,0.753299628402181,0.582614189912801,0.438883052763151,1.34320153955131e-16
20.2839988282751,0.638540014322271,0.683114693577299,0.751632203540142,0.580331795479418,0.436196066220602,1.49658193077187e-16
20.4482114607491,0.637640615761308,0.679834058541076,0.749961112903865,0.578016380109575,0.43348980770364,1.33392648219817e-16
20.6137535050858,0.636728164768542,0.676527936215397,0.748286349280948,0.57566784648018,0.430764391241079,1.32922910925744e-16
20.7806357237695,0.635802784973362,0.673196058658775,0.746607905271857,0.573286092882298,0.42801992892834,1.48082515170217e-16
20.9488689664142,0.63486459870252,0.66983815419264,0.744925773311056,0.570871013184255,0.425256530957147,1.47547930530344e-16
21.118464170469,0.633913726993278,0.666453947364836,0.743239945686602,0.568422496792937,0.422474305643425,1.31488349780646e-16
21.2894323619287,0.632950289606231,0.66304315890966,0.741550414558137,0.565940428613162,0.4196733594533,1.3100131283792e-16
21.4617846560511,0.631974405037742,0.659605505704349,0.739857171973262,0.563424689004961,0.416853797027125,1.30509647295138e-16
21.6355322580795,0.630986190531962,0.656140700721901,0.738160209882243,0.560875153738687,0.414015721201484,1.45359208713966e-16
21.8106864639712,0.629985762092362,0.652648452980077,0.73645952015102,0.558291693947744,0.411159233029055,6.47559656046827e-17
21.987258661132,0.628973234492751,0.649128467486492,0.734755094572464,0.555674176078864,0.408284431796302,6.45028135954021e-17
22.165260329156,0.627948721287727,0.645580445179628,0.733046924875872,0.553022461839744,0.405391415038909,1.28494187543101e-16
22.3447030405729,0.626912334822499,0.642004082865647,0.731335002734612,0.550336408143906,0.40248027855488,1.27977481475576e-16
22.5255984615994,0.625864186242066,0.638399073150869,0.729619319771922,0.547615867052638,0.399551116415257,1.27455376502235e-16
22.7079583528983,0.624804385499669,0.634765104369747,0.727899867564779,0.54486068571386,0.396604020972373,6.34638691993492e-17
22.8917945703429,0.6237330413645,0.631101860508216,0.726176637645814,0.542070706297739,0.393639082865584,1.26394431157864e-16
23.0771190657875,0.622650261428605,0.627409021122242,0.724449621503224,0.53924576592893,0.39065639102443,6.29276584721316e-17
23.2639438878451,0.621556152112939,0.623686261251409,0.722718810578602,0.536385696615226,0.387656032669131,3.81116265072567e-16
23.4522811826701,0.620450818672523,0.619933251327406,0.720984196262671,0.533490325172503,0.384638093308408,1.24759106831658e-16
23.6421431947482,0.619334365200664,0.616149657077212,0.719245769888834,0.53055947314574,0.381602656734522,1.24201725689853e-16
23.8335422676926,0.618206894632179,0.61233513942084,0.717503522724494,0.527592956725977,0.37854980501552,1.23637966988496e-16
24.0264908450462,0.617068508745586,0.608489354363443,0.71575744596009,0.524590586663001,0.375479618484615,1.37593852529268e-16
24.2210014710909,0.615919308164199,0.604611952881612,0.71400753069576,0.521552168173594,0.372392175726648,0
24.4170867916629,0.614759392356097,0.600702580803692,0.712253767925596,0.518477500845167,0.369287553561617,2.43813875399331e-16
24.614759554975,0.613588859632898,0.596760878683921,0.710496148519394,0.515366378534561,0.366165827025193,6.06580850224484e-17
24.8140326124455,0.612407807147301,0.592786481670221,0.708734663201838,0.512218589261859,0.363027069346224,2.488670774957e-16
25.0149189195332,0.611216330889342,0.588779019365459,0.70696930252905,0.509033915099012,0.35987135192118,0
25.2174315365806,0.610014525681299,0.584738115681978,0.705200056862408,0.505812132053066,0.356698744285518,1.33605509765569e-16
25.4215836296621,0.608802485171233,0.580663388689249,0.703426916339567,0.502553009943842,0.353509314081964,0
25.6273884714405,0.607580301825049,0.57655445045444,0.70164987084259,0.49925631227583,0.350303127025684,0
25.8348594420295,0.606348066917104,0.572410906875757,0.699868909963113,0.49592179610418,0.347080246866382,1.176160162262e-16
26.0440100298641,0.605105870519229,0.568232357508382,0.698084022964437,0.49254921189454,0.343840735347303,2.33943714318701e-16
26.2548538325773,0.603853801488182,0.564018395382865,0.696295198740478,0.489138303376625,0.340584652161207,2.6009807217034e-16
26.4674045578839,0.602591947451432,0.559768606815846,0.694502425771465,0.48568880739134,0.337312054903335,0
26.6816760244719,0.60132039479125,0.555482571212957,0.692705692076306,0.482200453731278,0.334022999021434,0
26.8976821629011,0.600039228627044,0.551159860863859,0.69090498516151,0.478672964974523,0.330717537762939,1.27802903066793e-16
27.1154370165082,0.598748532795892,0.546800040729294,0.689100291966594,0.475106056311569,0.327395722119399,0
27.3349547423206,0.597448389831235,0.54240266822014,0.687291598805861,0.471499435365316,0.324057600768288,5.64631021484107e-17
27.556249611976,0.596138880939669,0.537967292968473,0.685478891306468,0.467852802004062,0.320703220012369,1.12220086023815e-16
27.7793360126509,0.594820085975808,0.533493456590651,0.683662154342686,0.464165848147444,0.317332623716782,1.11504357490455e-16
28.0042284479955,0.593492083415177,0.528980692442539,0.681841371966283,0.460438257565354,0.313945853244126,1.5666490830312e-16
28.2309415390768,0.592154950325102,0.524428525367006,0.680016527332916,0.456669705669864,0.310542947387766,2.20086534923004e-16
28.4594900253294,0.590808762333567,0.519836471433932,0.678187602624504,0.452859859300284,0.30712394230373,1.22198315350133e-16
28.6898887655133,0.589453593596017,0.515204037673013,0.676354578967469,0.449008376501495,0.303688871441535,2.17082587856058e-16
28.9221527386804,0.588089516760108,0.510530721799759,0.674517436346827,0.445114906295812,0.300237765474409,2.15548894071004e-16
29.1562970451479,0.586716602928374,0.505816011935186,0.672676153516061,0.441179088448695,0.296770652229391,5.34983684796337e-17
29.3923369074803,0.585334921618849,0.50105938631982,0.670830707902767,0.437200553228715,0.2932875566179,1.18744088318778e-16
29.6302876714792,0.583944540723635,0.496260313022758,0.668981075510045,0.433178921162309,0.289788500567442,1.17849540841832e-16
29.8701648071805,0.582545526465476,0.49141824964674,0.667127230813678,0.42911380278398,0.286273502955203,2.09192366977732e-16
30.1119839098607,0.581137943352365,0.486532643030263,0.665269146655096,0.425004798382726,0.282742579544398,0
30.3557607010504,0.579721854130284,0.481602928948102,0.663406794130234,0.42085149774568,0.279195742924369,2.05874620292403e-16
30.6015110295567,0.578297319734126,0.476628531811725,0.661540142474356,0.416653479900076,0.275633002455532,5.10448017601414e-17
30.8492508724934,0.576864399236969,0.471608864371417,0.659669158943009,0.412410312854948,0.272054364220447,5.06146934206029e-17
31.0989963363199,0.575423149797794,0.466543327422198,0.657793808689272,0.408121553344142,0.268459830982425,0
31.3507636578881,0.573973626607861,0.46143130951595,0.655914054637557,0.403786746572512,0.264849402153284,2.05063492098102e-16
31.6045692054981,0.572515882835932,0.456272186682588,0.654029857354255,0.399405425967536,0.261223073772063,2.0320956357905e-16
31.8604294799626,0.571049969572607,0.45106532216346,0.652141174915571,0.394977112938851,0.257580838496702,9.76582759184582e-17
32.1183611156796,0.56957593577405,0.445810066160741,0.650247962773012,0.390501316648698,0.253922685610995,1.99417317591222e-16
32.3783808817133,0.568093828205462,0.440505755607036,0.648350173617031,0.385977533796664,0.250248601049341,9.57908330269066e-17
32.6405056828852,0.566603691384695,0.435151713960072,0.646447757239441,0.381405248422619,0.246558567442154,2.1205900086012e-16
32.9047525608724,0.565105567526463,0.429747251028025,0.644540660395314,0.376783931732377,0.242852564185129,2.09890362249827e-16
33.1711386953162,0.563599496487665,0.424291662831807,0.642628826665201,0.372113041951203,0.23913056753592,0
33.4396814049384,0.562085515714428,0.418784231511494,0.640712196318621,0.367392024211054,0.235392550742209,4.59404544200456e-17
33.7103981486675,0.560563660191537,0.413224225285082,0.638790706179917,0.362620310478306,0.231638484205618,9.08652320653005e-17
33.9833065267741,0.559033962394999,0.407610898468792,0.636864289497726,0.357797319529576,0.227868335686394,4.4916830955885e-17
34.2584242820144,0.557496452248611,0.401943491569492,0.634932875819468,0.352922456984453,0.224082070554411,1.77571762150384e-16
34.5357693007845,0.555951157085456,0.396221231461082,0.632996390872451,0.347995115405009,0.220279652092613,4.38607833456334e-17
34.8153596142828,0.554398101615407,0.390443331658369,0.63105475645337,0.343014674473481,0.216461041859795,3.46561561535347e-16
35.0972133996824,0.55283730789978,0.384608992703698,0.629107890328195,0.337980501260976,0.212626200120359,8.55420183434163e-17
35.3813489813129,0.551268795334439,0.378717402683631,0.627155706144653,0.33289195060188,0.208775086349593,1.68852222881478e-16
35.6677848318515,0.549692580642752,0.372767737895342,0.625198113359753,0.327748365590705,0.204907659824051,3.35762097836546e-16
35.9565395735246,0.548108677879944,0.366759163684943,0.623235017185045,0.322549078220394,0.201023880307708,6.68573692436581e-16
36.2476319793175,0.546517098450513,0.360690835483109,0.62126631855256,0.31729341018387,0.19712370884592,1.81053784687305e-16
36.5410809741959,0.544917851140518,0.354561900066735,0.619291914104636,0.311980673863634,0.193207108680664,0
36.8369056363357,0.543310942166686,0.348371497079515,0.617311696211134,0.306610173537931,0.18927404630229,1.61978957882113e-16
37.1351251983634,0.541696375244416,0.342118760848994,0.61532555301777,0.301181206836147,0.185324492655011,3.11778897771751e-16
37.4357590486068,0.540074151676881,0.335802822543132,0.613333368529606,0.295693066481072,0.181358424515685,3.06745839950666e-16
37.7388267323548,0.538444270467575,0.329422812716043,0.611335022733988,0.290145042361573,0.177375826068266,3.01630509301695e-16
38.0443479531291,0.536806728458725,0.32297786430016,0.609330391767451,0.284536423986091,0.173376690699555,3.67677903525851e-17
38.3523425739646,0.535161520498128,0.316467116111513,0.60731934813137,0.278866503375849,0.169361023045895,3.61123426243097e-17
38.6628306187004,0.533508639637013,0.309889716945853,0.605301760961298,0.273134578466643,0.165328841325281,1.46148139621675e-16
38.9758322732826,0.531848077361568,0.303244830357052,0.603277496355104,0.267339957100438,0.161280179995233,2.97066191751007e-16
39.2913678870758,0.530179823860848,0.296531640225918,0.601246417765125,0.261481961703032,0.157215092784145,2.7476715251226e-16
39.6094579741865,0.528503868333645,0.289749357248198,0.599208386459572,0.255559934762681,0.15313365615286,1.49284627031056e-16
39.930123214797,0.526820199336942,0.28289722649643,0.5971632620584,0.249573245247867,0.149035973254717,0
40.2533844565089,0.525128805178342,0.275974536242771,0.595110903148689,0.243521296131596,0.144922178476813,1.42872095719865e-16
40.5792627157,0.52342967435472,0.268980628271188,0.593051167984356,0.237403533226715,0.140792442663716,1.87275344698412e-16
40.9077791788892,0.521722796039061,0.261914909960338,0.590983915274633,0.231219455584212,0.136646979148827,2.43727561460899e-16
41.2389552041148,0.52000816061706,0.254776868486572,0.588909005065187,0.224968627767565,0.132486050749477,4.79013939533157e-16
41.572812322323,0.518285760274658,0.247566087585475,0.58682629971512,0.218650694395854,0.128309977922461,1.29406316178799e-16
41.9093722387671,0.516555589637087,0.240282267426932,0.584735664972171,0.212265397452646,0.124119148330055,3.42491945624518e-16
42.2486568344193,0.514817646459375,0.232925248313166,0.58263697114738,0.205812596995697,0.11991402813755,3.67028265327628e-16
42.5906881673929,0.51307193236746,0.225495039115572,0.580530094389222,0.199292296086779,0.115695175458302,2.12384518016475e-16
42.9354884743766,0.511318453648214,0.217991851644058,0.578414918055685,0.192704671008882,0.11146325649055,5.14535596810347e-17
43.2830801720801,0.509557222085621,0.210416142520712,0.576291334181074,0.186050108175212,0.107219065064826,6.05667560447293e-16
43.6334858586911,0.507788255839293,0.202768664648579,0.574159245032377,0.179329249596875,0.102963546560765,1.98289044193596e-16
43.9867283153455,0.506011580360252,0.195050531086002,0.572018564747846,0.172543049417359,0.0986978274849342,1.91202538963218e-16
44.3428305076071,0.504227229337597,0.187263295145581,0.569869221048139,0.16569284492013,0.0944232524678849,0
44.7018155869619,0.502435245668316,0.179409051965636,0.567711157007795,0.158780446688026,0.0901414310994738,3.45556156200053e-16
45.0637068923228,0.500635682441026,0.171490568850449,0.565544332872183,0.151808254416808,0.0858542979686443,1.69328059712283e-16
45.4285279515466,0.498828603923005,0.163511454647611,0.563368727902323,0.14477940753117,0.0815641906472874,4.96498669346488e-16
45.7963024829641,0.497014086538405,0.155476382798732,0.561184342227163,0.137697983639977,0.0772739523750071,3.01630773267328e-16
46.167054396922,0.495192219824202,0.147391389204259,0.558991198680239,0.130569263658086,0.0729870692030297,1.06657491701946e-16
46.5408077973373,0.493363107349107,0.139264275860113,0.556789344594981,0.123400091162032,0.0687078558810687,4.51768734115516e-16
46.9175869832646,0.491526867579616,0.13110516623967,0.554578853530619,0.116199366916055,0.0644417116852897,7.757539145841e-16
47.2974164504755,0.489683634676445,0.122927281654376,0.55235982689857,0.108978740216137,0.0601954780814098,2.55170332377832e-16
47.6803208930515,0.487833559203996,0.1147480442518,0.550132395457614,0.101753591137801,0.0559779468390531,6.79930585211231e-16
48.0663252049891,0.485976808735243,0.106590669772058,0.5478967206451,0.0945444489534197,0.0518005935367767,6.26654368737419e-16
48.4554544818188,0.484113568334515,0.0984865038522058,0.545652995711042,0.0873790727576819,0.0476786528126823,9.25869345120633e-16
48.8477340222363,0.482244040901242,0.0904784967659794,0.543401446622338,0.080295546076123,0.0436327158950958,3.96993648689593e-16
49.2431893297469,0.48036844735874,0.0826264216261062,0.541142332705536,0.0733469245861777,0.0396911258673412,8.3760346549584e-16
49.6418461143245,0.47848702667368,0.0750147187030226,0.538875946998704,0.06660822385724,0.0358935697089717,3.9822719414123e-16
50.0437302940819,0.476600035693932,0.067764090422331,0.536602616286018,0.0601867507422574,0.0322963679140498,1.07344684860232e-15
50.4488679969571,0.474707748795054,0.0610477202389669,0.534322700792732,0.0542365611655938,0.0289798258437102,1.17403776704348e-15
50.8572855624109,0.472810457328774,0.0551108103525465,0.53203659352311,0.0489758933196671,0.0260569674465469,1.97277114210653e-16
51.2690095431402,0.470908468870259,0.0502847878062339,0.529744719229786,0.0446998933141382,0.0236795324332995,9.22718927796313e-16
51.6840667068035,0.469002106264877,0.0469719536441895,0.52744753300957,0.0417670835785316,0.022029945194501,5.04643903853237e-16
52.1024840377617,0.467091706479237,0.0455640040863867,0.525145518527938,0.0405269923704109,0.0212825684227372,3.64462151485896e-16
52.5242887388323,0.465177619265589,0.0462942139017106,0.522839185882089,0.0411886346510881,0.0215350322085697,5.567637126389e-16
52.9495082330576,0.463260205653016,0.0491225385201621,0.520529069120315,0.043718052741044,0.0227565172970485,3.12140305753721e-15
53.3781701654885,0.461339836282978,0.0537688649242738,0.518215723443276,0.0478675544162666,0.024805719341286,1.13052533091223e-15
53.8103024049808,0.459416889610844,0.0598558575652466,0.51589972212031,0.0533025910434635,0.0274987919076154,6.83500807974972e-16
54.2459330460073,0.457491749998524,0.0670317042317348,0.513581653160983,0.0597109563505909,0.0306664516743597,2.10665061260881e-15
54.685090410485,0.455564805726437,0.0750196582557261,0.511262115788287,0.0668469557660045,0.0341763160389335,1.17425266112291e-15
55.1278030496154,0.453636446955445,0.0836185104517571,0.508941716765169,0.074531921301598,0.0379324039810418,7.00888212955829e-16
55.5740997457415,0.451707063671107,0.0926862977647886,0.506621066630039,0.0826397837823274,0.0418670554058785,3.89362736329744e-16
56.0240095142187,0.449777043643465,0.102123279297958,0.504300775899626,0.0910819670421323,0.0459327066498114,8.34358188460059e-16
56.4775616053012,0.447846770435698,0.111858755671994,0.501981451298686,0.099795684368526,0.0500955824726583,6.87042411286494e-16
56.9347855060437,0.44591662149415,0.121841857203751,0.499663692075759,0.108735756034544,0.0543313093208692,3.75064481305622e-16
57.3957109422183,0.443986966350714,0.132035341539832,0.497348086462349,0.117869098800259,0.0586219707413504,6.07324482767637e-16
57.8603678802477,0.442058164966192,0.142411455558167,0.495035208329647,0.127171048957564,0.0629541467142076,3.28302909126955e-16
58.3287865291527,0.440130566240297,0.152949162780003,0.492725614092386,0.136622898617404,0.0673176016203421,7.06867643169648e-16
58.8009973425162,0.438204506710451,0.163632265645308,0.49041983990373,0.146210227267909,0.071704396249016,2.39713962683892e-16
59.277031020464,0.436280309457572,0.17444811616694,0.488118399178574,0.155921756347807,0.0761082781056033,8.1007726693405e-16
59.7569185116595,0.434358283232934,0.185386717123576,0.485821780475407,0.165748551053409,0.0805242561839862,2.89436550340341e-16
60.2406910153166,0.43243872181582,0.196440085679857,0.483530445759274,0.175683455529663,0.0849482995647877,6.56170373026342e-16
60.7283799832281,0.430521903607494,0.207601795716738,0.481244829060661,0.185720687033165,0.0893771202843042,5.4279975269072e-16
61.2200171218097,0.428608091462925,0.218866643505569,0.478965335537521,0.19585553984307,0.0938080143578184,4.1365356406809e-16
61.7156343941625,0.426697532757917,0.230230399621349,0.476692340940395,0.206084165922403,0.0982387434842988,2.70510002827259e-16
62.2152640221499,0.424790459685985,0.241689621890023,0.474426191473939,0.216403409906669,0.102667445583995,1.27305473301707e-16
62.7189384884932,0.422887089776435,0.253241512019109,0.472167204042242,0.22681068297739,0.107092566028345,1.89101840539317e-16
63.2266905388836,0.420987626622823,0.264883803814259,0.469915666860257,0.237303864848055,0.11151280389859,1.40204357511791e-16
63.7385531841099,0.419092260809312,0.276614674445073,0.467671840409651,0.247881226256156,0.115927069286218,0
64.2545597022062,0.417201171021379,0.288432672667517,0.465435958714291,0.25854136652897,0.120334448797714,0
64.7747436406142,0.415314525326906,0.300336659607823,0.463208230908698,0.269283162301746,0.124734177223292,4.80438624075799e-16
65.2991388183651,0.413432482613907,0.312325758905043,0.460988843071775,0.280105724528955,0.129125613888384,1.86657680064545e-16
65.827779328278,0.411555194171926,0.324399313854285,0.45877796029829,0.291008361682707,0.13350822260254,1.73836695898199e-16
66.3606995391757,0.409682805405489,0.336556849796581,0.456575728981531,0.301990547571736,0.137881554403097,2.02142309076311e-16
66.8979340981205,0.407815457669865,0.348798040435267,0.454382279282507,0.313051892602574,0.14224523249446,3.38645687437589e-16
67.4395179326655,0.405953290221747,0.361122677071448,0.452197727763717,0.324192117584988,0.146598938930839,2.17986440106701e-16
67.9854862531261,0.40409644228024,0.37353063997678,0.450022180168904,0.335411029386653,0.150942402697278,2.26044885485619e-16
68.5358745548692,0.402245055196781,0.386021871283221,0.447855734334268,0.346708497887827,0.155275388921484,2.34195199274632e-16
69.0907186206198,0.400399274736187,0.398596348883917,0.445698483221171,0.358084433790668,0.159597689005612,2.4243813913128e-16
69.6500545227891,0.398559253475071,0.4112540609183,0.443550518065533,0.369538766909911,0.163909111508189,1.58603709755399e-16
70.213918625818,0.396725153328253,0.423994980466364,0.441411931644732,0.381071424619555,0.168209473635928,4.17955539380331e-16
70.7823475885425,0.394897148218656,0.436819040108092,0.439282821668926,0.392682310159406,0.172498593226296,2.67730537098897e-16
71.3553783665763,0.393075426911543,0.449726106018259,0.437163294310414,0.404371280519427,0.176776281116393,0
71.9330482147139,0.391260196039843,0.462715951267616,0.435053467891853,0.416138123621932,0.18104233380373,2.85069544546035e-16
72.5153946893525,0.389451683353955,0.475788227990643,0.432953476762087,0.427982534513226,0.185296526310951,1.31429133465735e-16
73.1024556509332,0.387650141236799,0.488942438059526,0.430863475397119,0.439904090259092,0.18953860517044,3.0279724010886e-16
73.6942692664034,0.385855850533313,0.502177901874495,0.428783642773441,0.451902223213305,0.193768281446818,1.39444961881085e-16
74.2908740116972,0.384069124753162,0.515493724842923,0.426714187072033,0.463976192295541,0.197985223716169,1.43519114483373e-16
74.8923086742376,0.382290314716434,0.528888761074719,0.424655350783734,0.476125051875795,0.202189050921239,1.47637680242198e-16
75.498612355458,0.380519813724819,0.542361573769626,0.422607416301212,0.488347617816583,0.206379325022318,2.14678735109296e-16
76.1098244733437,0.378758063355519,0.555910391715013,0.420570712099346,0.500642430173429,0.210555543365186,1.56008514837804e-16
76.725984764996,0.377005559992193,0.569533061252214,0.418545619625382,0.513007711999569,0.214717130691459,1.13321543907151e-16
77.3471332892138,0.375262862227129,0.583226993008888,0.416532581043025,0.525441323645293,0.218863430724637,8.22788857231008e-17
77.9733104290997,0.373530599291657,0.596989102640718,0.414532108001422,0.537940711891034,0.222993697279976,2.67052904157842e-16
78.6045568946846,0.371809480697996,0.610815744787023,0.412544791631376,0.550502853213455,0.227107084871423,8.66422832582801e-17
79.240913725574,0.370100307305219,0.624702639438425,0.410571314007729,0.563124190469356,0.231202638830542,1.77713863669197e-16
79.8824222936176,0.368403984054389,0.638644789965745,0.408612461359055,0.575800562313773,0.235279285018959,2.73279771636365e-16
80.529124305597,0.366721534652141,0.652636392209337,0.406669139353675,0.58852712478066,0.239335819320844,9.33509634473733e-17
81.181061805939,0.365054118515369,0.666670734342965,0.404742390843664,0.601298264701829,0.243370897265565,9.56296841584041e-17
81.8382771794484,0.36340305031754,0.68074008780983,0.402833416503603,0.6141075051089,0.247383024383522,1.95857952558354e-16
82.5008131540631,0.361769822490312,0.694835590646644,0.400943598852946,0.626947403593247,0.251370548288187,3.61450437402001e-16
83.1687128036327,0.360156131016905,0.708947126227948,0.399074530189523,0.639809446011381,0.255331654077811,1.45080047638147e-16
83.8420195507184,0.358563904778129,0.723063203297853,0.397228044967123,0.652683940272441,0.25926436557586,2.34663232089862e-16
84.5207771694167,0.356995338530352,0.737170847785457,0.395406257086473,0.665559918800987,0.263166556359876,2.39974884274654e-16
85.2050297882047,0.35545292922476,0.751255524410379,0.393611602372178,0.678425064552486,0.267035976747952,1.09712544709608e-16
85.8948218928089,0.353939514677907,0.765301118240993,0.391846886064991,0.691265685668229,0.270870306372676,3.54558362455759e-16
86.5901983290984,0.352458312332488,0.779290026046324,0.390115334269189,0.704066780436529,0.274667247397828,1.14545039477234e-16
87.291204305999,0.351012953587097,0.793203439202698,0.388420646606494,0.71681226119798,0.278424681989982,4.67932620868581e-16
87.9978853984338,0.349607505202576,0.807021951856798,0.386767044219191,0.729485449831842,0.282140931232369,2.67064307825388e-16
88.7102875502857,0.348246462357888,0.820726712869245,0.385159301636221,0.742070029479081,0.285815174319333,1.21899524947874e-16
89.4284570773836,0.346934685850557,0.834301479032768,0.38360274091879,0.754551755390521,0.289448121532888,4.48449770720416e-16
90.152440670515,0.345677234922787,0.847736155143004,0.382103148483921,0.766921422177812,0.293043090053908,2.8369069927158e-16
90.88228539846,0.344479010678305,0.861032780314718,0.380666542972485,0.779179903776948,0.296607720324404,1.29381059393459e-16
91.6180387110529,0.343344061834221,0.87421552809952,0.379298665858725,0.791346601909842,0.300156710336238,0
92.3597484422661,0.342274296136741,0.88734725936708,0.378003967171429,0.80347346854959,0.303716158628734,1.34487609431291e-16
93.1074628133198,0.341267158775999,0.900556658137487,0.376783687922424,0.815668039489716,0.307330412039388,1.37115399668727e-16
93.8612304358184,0.340311547145136,0.914082080849491,0.37563235864208,0.82813069746193,0.311072687151535,0
94.6211003149089,0.339380807177422,0.928340627754795,0.37453160498865,0.841213364603942,0.315060991583017,2.0180382129462e-16
95.3871218524687,0.338421183784835,0.944031801742676,0.37343962429167,0.855507394220066,0.319480359876287,0
96.1593448503166,0.337334048990566,0.962278591240284,0.372274456343437,0.871962413506444,0.324609333440023,2.11078553122135e-16
96.9378195134502,0.335952160272597,0.984780131688309,0.370890599232042,0.892012397508182,0.33083901263422,1.53272134568979e-16
97.7225964533111,0.33401782322013,1.01387245517888,0.369055117433784,0.917617598304838,0.338651470501699,7.9040786729925e-17
98.5137266910737,0.33118931862626,1.05225059530234,0.36644651574996,0.95100960905315,0.348494157682259,1.63911484155277e-16
99.3112616609643,0.327126778740072,1.10199430251629,0.362724743606415,0.99384410004085,0.360491846372066,8.54217789022371e-17
100.115253213603,0.321695734499561,1.16283563963581,0.357714468401326,1.04574821048396,0.374079265194908,8.93158608008939e-17
100.925753619375,0.315198852434648,1.23068148738303,0.351630524186617,1.10317326242652,0.387909392535697,0
101.742815571832,0.308378623890756,1.29831395054306,0.345109744028018,1.1601302958694,0.400372269446638,9.70532434579826e-17
102.566492191112,0.302067622586582,1.35866735668434,0.338913802082325,1.21095516263437,0.410409418319634,2.24147101552308e-16
103.3968370274,0.29678444350885,1.40800706881874,0.333554348951097,1.25279312258993,0.417874594375897,1.45435993359015e-16
104.233904064403,0.292625360095506,1.44642578863474,0.32916900062733,1.2858466819294,0.423260867250667,2.09906328762463e-16
105.077747722864,0.289417181999503,1.47622812476597,0.325640157846588,1.31201810821949,0.427245783858178,3.01914681851364e-16
105.928422864097,0.286904725736321,1.50018968001875,0.322759500247418,1.33353629674199,0.430411508698237,1.08347233010297e-16
106.785984793556,0.284857421608005,1.52063935813296,0.320327918769555,1.35225617678685,0.433165406753406,1.09864959151331e-16
107.650489264432,0.283102278022142,1.5392347287113,0.31819060688515,1.3694962977529,0.435760858108962,1.11358748331e-16
108.521992481272,0.281521041378077,1.55705228371426,0.316238510659279,1.38611511759752,0.43834298039135,0
109.400551103639,0.28003694306536,1.57475156669006,0.314398711033993,1.40264129383021,0.44098861482327,0
110.286222249794,0.27860170438284,1.59271874035218,0.312623859115786,1.4193867253755,0.443734155664606,1.1598611958402e-16
111.179063500406,0.277185678538387,1.6111693537929,0.310883770427451,1.43652745190685,0.44659307057134,2.3522961755029e-16
112.079132902301,0.275771097532635,1.63021569150161,0.309159483879931,1.45415681517609,0.449566370460323,1.68703592410712e-16
112.986488972231,0.274347661762812,1.64990899609338,0.307439283213044,1.47231892576975,0.452648675199649,0
113.901190700682,0.27290972506753,1.67026531528795,0.305716099656843,1.49102925392783,0.455831647985067,2.74556079574557e-16
114.823297555707,0.27145451684284,1.69128110231997,0.303985835119652,1.51028712997428,0.459105894475695,1.76209635408279e-16
115.752869486794,0.269981023887948,1.71294253300505,0.302246283612485,1.53008325989824,0.462461978921919,1.41380944988079e-16
116.689966928762,0.268489288212173,1.7352310077456,0.300496437385582,1.55040419848806,0.465890938153309,6.41755846916313e-17
117.634650805689,0.266979966521692,1.758126348759,0.298736039796039,1.57123497403612,0.469384513732583,1.30285936716645e-16
118.586982534876,0.26545405452131,1.78160860970413,0.296965296653526,1.59256059325954,0.472935229016036,2.64515406229369e-16
119.547024030838,0.26391271529374,1.80565905342333,0.295184689730856,1.61436687017261,0.476536383683676,1.50112909851915e-16
120.514837709331,0.262357173582175,1.83026063454645,0.293394856433808,1.6366408492463,0.480182006998326,6.81533929022192e-17
121.490486491407,0.260788651882669,1.85539819115178,0.291596512506957,1.65937098772562,0.483866792976014,6.91908756029549e-17
122.474033807505,0.259208333065426,1.88105846928265,0.289790402841998,1.68254719769725,0.487586030221359,1.40488987987863e-16
123.46554360158,0.257617339786689,1.90723005520866,0.287977270685928,1.70616080919779,0.491335533184075,2.57125622355283e-16
124.465080335254,0.256016724459359,1.93390326047213,0.286157838907703,1.73020449153951,0.495111578167349,1.44796923545199e-16
125.472708992008,0.25440746578247,1.96106998650543,0.28433279915634,1.7546721551972,0.498910845488907,2.07883995531332e-16
126.488495081411,0.252790469258799,1.98872358443085,0.282502806159626,1.77955884746238,0.502730368134313,7.46124054220716e-17
127.512504643373,0.251166570049995,2.01685871882804,0.280668475341094,1.80486064944715,0.506567486683467,2.14228283866098e-16
128.544804252445,0.24953653711358,2.04547124010519,0.278830382545511,1.83057457857182,0.51041981002127,7.68840443550662e-17
129.585461022141,0.247901077952288,2.07455806761403,0.276989065069557,1.85669849857426,0.514285181236134,7.8040915297073e-17
130.634542609305,0.24626084355717,2.10411708417581,0.275145023465263,1.88323103782251,0.518161648092188,1.58423110218111e-16
131.692117218509,0.24461643328906,2.13414704184177,0.273298723765128,1.91017151597963,0.522047437489732,1.60791575947361e-16
132.758253606487,0.242968399548809,2.16464747825564,0.271450599899467,1.93751987865904,0.525940933379138,8.15934535144993e-17
133.833021086605,0.241317252154949,2.19561864276426,0.269601056158299,1.96527663949859,0.529840657652051,1.65608809097358e-16
134.916489533366,0.239663462390972,2.22706143134245,0.267750469604967,1.99344282899074,0.533745253592925,8.40285051281387e-17
136.008729386957,0.238007466711767,2.2589773293984,0.265899192385525,2.02201994938701,0.537653471529426,8.52656288297314e-17
137.109811657823,0.23634967011549,2.29136836157267,0.264047553902314,2.05100993501771,0.541564156370771,0
138.219807931287,0.234690449196821,2.32423704771217,0.262195862836483,2.08041511741032,0.545476236767461,1.75556957494356e-16
139.338790372205,0.233030154902872,2.35758636427854,0.260344409014647,2.11023819464399,0.549388715664726,2.51882712931166e-16
140.466831729655,0.231369115015302,2.39141971052969,0.258493465121601,2.14048220443454,0.553300662055405,2.02011034440705e-16
141.604005341668,0.22970763638273,2.42574087888905,0.256643288265127,2.17115050049911,0.557211203766568,9.16426624366422e-17
142.750385139995,0.228046006926946,2.46055402898749,0.254794121401308,2.20224673180284,0.561119521138606,2.6291824332869e-16
143.906045654914,0.226384497445189,2.49586366492698,0.252946194629949,2.2337748243369,0.565024841476202,2.10818523869556e-16
145.071062020079,0.224723363229169,2.53167461537145,0.251099726370166,2.26573896512131,0.568926434168185,2.70449654218357e-16
146.245509977397,0.223062845519816,2.56799201612145,0.249254924426133,2.298143588164,0.57282360638822,2.74266900722855e-16
147.42946588196,0.221403172814965,2.60482129487288,0.247411986952683,2.33099336214109,0.576715699300841,4.91648108445096e-17
148.623006707006,0.219744562045508,2.64216815789929,0.245571103329829,2.36429317959431,0.580602084708166,0
149.826210048919,0.21808721963399,2.68003857842993,0.24373245495476,2.39804814746605,0.584482162081614,1.13020498117126e-16
151.039154132284,0.216431342448056,2.71843878652662,0.241896215959095,2.43226357881644,0.588355355930821,1.02485782131827e-16
152.261917814963,0.214777118659928,2.75737526028585,0.240062553858591,2.46694498558577,0.592221113468364,1.46929187096053e-16
153.494580593225,0.213124728521773,2.79685471821636,0.238231630141788,2.5020980722834,0.596078902534699,1.48937959495806e-16
154.737222606918,0.211474345065784,2.83688411266009,0.23640360080351,2.53772873049831,0.59992820975232,1.92440778539777e-16
155.989924644673,0.209826134736803,2.87747062414188,0.234578616828546,2.57384303414016,0.603768538882387,1.08190218002808e-16
157.252768149161,0.208180257964418,2.91862165654706,0.232756824630284,2.61044723533081,0.607599409360502,1.22586595617331e-16
158.525835222385,0.206536869680742,2.96034483303836,0.230938366448642,2.6475477608753,0.611420354991301,2.48450713079997e-16
159.80920863102,0.204896119789338,3.00264799263514,0.229123380711147,2.68515120925087,0.615230922784184,0
161.102971811795,0.203258153590173,3.04553918738638,0.227312002360637,2.72326434805919,0.619030671914671,1.27539937060479e-16
162.40720887691,0.201623112164961,3.08902668007724,0.225504363152741,2.76189411189315,0.62281917279777,1.29215519678276e-16
163.722004619516,0.199991132726732,3.1331189424168,0.223700591925873,2.80104760057653,0.626596006261517,5.85416613728035e-17
165.047444519217,0.198362348937093,3.1778246536595,0.221900814846325,2.84073207773775,0.630360762810101,0
166.383614747635,0.19673689119422,3.22315269961954,0.22010515563065,2.88095496968497,0.634113041967404,1.20134051474267e-16
167.730602174008,0.195114886894369,3.26911217204085,0.21831373574739,2.92172386455249,0.637852451692755,1.21675097783787e-16
169.088494370839,0.193496460669296,3.3157123682907,0.216526674599972,2.96304651169174,0.641578607861659,1.3777134576664e-16
170.45737961959,0.191881734601814,3.36296279134764,0.214744089692385,3.00493082128362,0.645291133805142,0
171.837346916419,0.190270828421448,3.41087315005755,0.212966096779129,3.04738486415048,0.648989659901923,1.26359497826609e-16
173.228485977971,0.188663859681912,3.45945335963582,0.211192810000745,3.09041687174932,0.652673823218452,0
174.630887247206,0.187060943922023,3.50871354239392,0.20942434200614,3.13403523632867,0.65634326719219,1.83186191403423e-16
176.04464189928,0.185462194811452,3.55866402867234,0.207660804062765,3.17824851123399,0.659997641354137,1.46611236768298e-16
177.469841847474,0.183867724282597,3.60931535796336,0.205902306155634,3.22306541134771,0.66363660108695,1.48411694182723e-16
178.906579749169,0.182277642649718,3.66067828020846,0.204148957076061,3.26849481365127,0.66725980741542,1.34363188844036e-16
180.354949011869,0.180692058716373,3.71276375725725,0.202400864500916,3.31454575789774,0.670866926826347,1.35992132250237e-16
181.815043799277,0.179111079872122,3.76558296447493,0.200658135063128,3.36122744738449,0.67445763111517,6.88150675067044e-17
183.286959037413,0.177534812179308,3.81914729248802,0.198920874414082,3.40854924981656,0.678031597256972,1.55716469035969e-16
184.770790420785,0.175963360450715,3.8734683490577,0.197189187278528,3.45652069825177,0.681588507299676,1.05699527150654e-16
186.266634418617,0.174396828318794,3.92855796107175,0.195463177502538,3.50515149211961,0.685128048277461,1.59428239214506e-16
187.774588281112,0.172835318297095,3.98442817664653,0.193742948095011,3.55445149830641,0.688649912142614,7.2134814647248e-17
189.294750045783,0.171278931834489,4.04109126733109,0.192028601263194,3.60443075229968,0.692153795714149,3.11750551121616e-16
190.827218543818,0.169727769362714,4.09855973040636,0.190320238442625,3.65509945938528,0.695639400641717,1.52183417634097e-16
192.372093406515,0.168181930337719,4.15684629127271,0.188617960321893,3.70646799589152,0.699106433383434,1.49336555655035e-16
193.929475071751,0.166641513275271,4.21596390591928,0.18692186686258,3.75854691047363,0.702554605196311,4.67069292548779e-16
195.499464790516,0.165106615781217,4.27592576346961,0.185232057314684,3.81134692543426,0.705983632138185,1.70783636154744e-16
197.082164633495,0.16357733457679,4.33674528879786,0.183548630227875,3.86487893807376,0.709393235080004,3.11350664051279e-16
198.677677497706,0.162053765519307,4.39843614521002,0.181871683458809,3.91915402206599,0.712783139727506,1.61007330156196e-16
200.286107113184,0.160536003618574,4.46101223718571,0.180201314174819,3.97418342885438,0.716153076651346,1.97417424777162e-16
201.907558049731,0.159024143049309,4.52448771317503,0.178537618854188,4.02997858906365,0.719502781324785,2.25814066174157e-16
203.542135723711,0.157518277159853,4.5888769684461,0.17688069328326,4.08655111392289,0.722831994168159,0
205.189946404906,0.156018498477431,4.65419464797883,0.175230632550584,4.14391279669517,0.726140460599353,1.01984888369688e-16
206.851097223421,0.154524898710204,4.72045564940012,0.173587531038308,4.20207561410956,0.729427931089563,1.84403918048692e-16
208.525696176653,0.153037568746349,4.78767512595603,0.17195148241102,4.2610517277909,0.732694161223683,1.78037802156464e-16
210.213852136311,0.151556598650366,4.85586848951701,0.170322579602192,4.32085348568323,0.73593891176469,6.31777321805064e-17
211.915674855492,0.150082077656821,4.92505141361116,0.168700914798424,4.38149342346265,0.739161948721426,6.38443376113357e-17
213.63127497582,0.148614094161718,4.99523983648143,0.167086579421644,4.44298426593472,0.742363043419214,1.72034628044033e-16
215.360764034637,0.147152735711673,5.06644996416224,0.165479664109415,4.50533892841257,0.745541972572783,2.17278661983976e-16
217.104254472254,0.145698088991064,5.13869827357111,0.1638802586935,4.56857051807111,0.748698518360994,6.58560988887136e-17
218.861859639264,0.14425023980732,5.21200151561014,0.162288452176838,4.63269233527254,0.751832468502879,0
220.633693803907,0.142809273074498,5.28637671827338,0.160704332709043,4.69771787485908,0.754943616334572,4.48042975003989e-17
222.419872159503,0.141375272795302,5.36184118975467,0.159127987560593,4.76366082740794,0.758031760886654,1.35768268994674e-16
224.220510831939,0.139948322041683,5.43841252155105,0.157559503095805,4.8305350804436,0.761096706961549,1.82835713080305e-16
226.03572688722,0.138528502934148,5.51610859155672,0.155998964744737,4.89835471960289,0.764138265210546,1.90333933743611e-16
227.865638339077,0.137115896619926,5.59494756714166,0.154446456974122,4.96713402974754,0.767156252210102,1.92208998642061e-16
229.710364156645,0.135710583250085,5.67494790821029,0.152902063257467,5.03688749601916,0.770150490537066,1.8975807187957e-16
231.570024272191,0.134312641955755,5.7561283702331,0.151365866044408,5.10762980483105,0.773120808842482,8.31769203875668e-17
233.444739588916,0.132922150823547,5.83850800724629,0.149837946729444,5.17937584479176,0.776067041923676,1.92322248221716e-16
235.334631988815,0.131539186870286,5.92210617481226,0.148318385620144,5.25214070755438,0.778989030794304,3.95473769200034e-16
237.239824340596,0.130163826017176,6.00694253293476,0.146807261904939,5.32593968858562,0.781886622752097,1.97136539973919e-16
239.160440507678,0.128796143063481,6.09303704892179,0.145304653620586,5.40078828784906,0.784759671444023,1.98987868479977e-16
241.096605356231,0.127436211659841,6.18041000018852,0.14381063761941,5.47670221039557,0.787608036928619,1.86834859587147e-17
243.048444763306,0.126084104281305,6.26908197699318,0.142325289536411,5.55369736685511,0.790431585735254,2.10723937817294e-16
245.016085625011,0.12473989220019,6.35907388509751,0.140848683756324,5.63178987382259,0.793230190920107,2.10013400622259e-16
246.999655864764,0.123403645458841,6.45040694834355,0.139380893380736,5.71099605413095,0.796003732118632,2.26205115986902e-16
248.99928444161,0.122075432842386,6.54310271113788,0.137921990195313,5.7913324370046,0.798752095594347,2.13025825840328e-16
251.015101358603,0.120755321851574,6.63718304083423,0.136472044637258,5.87281575808482,0.801475174283745,9.77402348356712e-17
253.047237671259,0.119443378675767,6.73267013000459,0.135031125763048,5.95546295932038,0.804172867837163,2.1852210242569e-16
255.09582549608,0.118139668166177,6.82958649858869,0.133599301216543,6.03929118871442,0.806845082655473,4.24470225330971e-16
257.160998019135,0.116844253809415,6.92795499591106,0.132176637197544,6.12431779991962,0.809491731922434,4.2812985044298e-16
259.242889504728,0.115557197701417,7.02779880255482,0.13076319843085,6.21056035167318,0.812112735632611,2.16013239838021e-16
261.341635304121,0.114278560521844,7.12914143207976,0.129359048135922,6.29803660706182,0.81470802061471,6.80491699073684e-17
263.457371864336,0.113008401508982,7.23200673257313,0.127964247997172,6.38676453260872,0.817277520550284,5.49016716585734e-17
265.590236737027,0.111746778435244,7.33641888801959,0.126578858134982,6.47676229717144,0.819821175987666,2.25314810262743e-16
267.740368587419,0.110493747583314,7.44240241947672,0.125202937077497,6.56804827064165,0.822338934351107,1.15088276239351e-16
269.907907203326,0.109249363722988,7.54998218604248,0.123836541733236,6.66064102243633,0.824830749945038,2.29075224762354e-16
272.092993504239,0.108013680088783,7.65918338559892,0.122479727364608,6.75455931976921,0.827296583953406,1.14382419386962e-16
274.295769550488,0.106786748358353,7.77003155531675,0.121132547562359,6.84982212569188,0.829736404434069,1.43027323280374e-17
276.516378552475,0.105568618631761,7.8825525719046,0.119795054221003,6.94644859689295,0.832150186308202,4.32539536294134e-17
278.754964879989,0.104359339411665,7.99677265158556,0.118467297515297,7.04445808124371,0.834537911344739,1.17169898584623e-16
281.011674071587,0.103158957584445,8.11271834978303,0.11714932587779,7.14387011507747,0.836899568139816,8.78890695883615e-17
283.286652844062,0.10196751840232,8.23041656049716,0.115841185977489,7.24470442019078,0.839235152091255,1.21739603593954e-16
285.580049101975,0.100785065466493,8.34989451535243,0.114542922699683,7.34698090055317,0.841544665368107,1.48778768235292e-17
287.892011947275,0.0996116407113541,8.47117978229523,0.113254579126958,7.4507196387119,0.84382811687528,1.23631410455717e-16
290.222691688993,0.0984472843897716,8.59430026392099,0.111976196521432,7.55594089187859,0.846085522213318,1.24575393719272e-16
292.572239853012,0.0972920350595049,8.71928419540744,0.110707814308233,7.66266508768282,0.848316903633368,1.21770318304076e-16
294.940809191919,0.0961459295707604,8.84616014203125,0.109449470060266,7.7709128195786,0.850522289987405,6.13416495973259e-17
297.328553694936,0.0950090030549089,8.97495699624382,0.108201199484262,7.88070484188883,0.852701716673805,2.49113159702047e-16
299.735628597932,0.0938812889143924,9.1057039742803,0.106963036408151,7.99206206447219,0.85485522557834,6.22522750542898e-17
302.162190393513,0.0927628188138276,9.23843061227601,0.10573501276976,8.10500554699679,0.856982865010678,2.58544799478384e-16
304.608396841202,0.0916536226723248,9.37316676186246,0.104517158606861,8.21955649280467,0.859084689636518,1.3020659597774e-16
307.074406977686,0.0905537286570317,9.50994258521427,0.103309502048573,8.33573624235024,0.861160760405443,3.18058448390899e-17
309.560381127168,0.089463163177905,9.64878854951791,0.102112069308117,8.45356626619651,0.863211144474622,3.20314625303028e-17
312.066480911777,0.0883819508837237,9.78973542083046,0.100924884676952,8.573068157551,0.865235915128487,6.45131436749402e-17
314.592869262085,0.0873101146593344,9.93281425729741,0.0997479705202594,8.69426362432474,0.867235151694508,3.24811538588963e-17
317.139710427697,0.0862476756241388,10.0780564016956,0.098581347273806,8.81717448069582,0.869208939455215,1.63525950878765e-16
319.707169987928,0.0851946531318129,10.2254934732669,0.0974250334421656,8.94182263815935,0.871157369556588,9.87859885820271e-17
322.29541486257,0.0841510647712529,10.3751573588081,0.0962790455982901,9.06823009604603,0.873080538913002,3.3151554485874e-17
324.904613322743,0.0831169263687434,10.5270802029787,0.0951433983844305,9.19641893148964,0.874978550108837,1.33495392522986e-16
327.534935001834,0.0820922519913305,10.6812943977897,0.0940181045143871,9.32641128882536,0.876851511296942,1.34382109556001e-16
330.186550906528,0.0810770539513913,10.8378325712342,0.0929031747770797,9.45822936839924,0.878699536094103,3.38165763752674e-17
332.859633427924,0.0800713428123838,10.9967275750182,0.0917986180414197,9.59189541476955,0.880522743473674,6.80739594624365e-17
335.554356352742,0.0790751273957541,11.1580124713518,0.0907044412624607,9.72743170428104,0.882321257655557,1.41244085795801e-16
338.270894874623,0.0780884147889888,11.3217205187567,0.0896206494888151,9.86486053199176,0.88409520799368,1.37903163148744e-16
341.009425605519,0.077111210354783,11.4878851568463,0.088547245871304,10.0042041979336,0.885844728861162,1.38776681814672e-16
343.770126587175,0.0761435177413044,11.6565399900335,0.08748423167282,10.1454849926869,0.887569959533338,1.74559242157203e-16
346.553177302703,0.0751853388935265,11.82771877012,0.0864316062793766,10.2887251822484,0.8892710440688,7.02576241426552e-17
349.358758688252,0.0742366740656008,12.0014553777202,0.0853893672123093,10.4339469921758,0.890948131188666,0
352.187053144771,0.0732975218342431,12.1777838024697,0.0843575101416058,10.5811725909864,0.892601374154215,7.1121097017314e-17
355.038244549867,0.0723678791130958,12.3567381219726,0.0833360289003234,10.7304240727941,0.894230930643093,1.78876493914309e-16
357.912518269762,0.0714477411680429,12.5383524794335,0.082324915500069,10.8817234391635,0.895836962624257,1.48387642726486e-16
360.810061171339,0.0705371016334354,12.722661059927,0.0813241601475004,11.0350925801649,0.89741963623182,1.49266778109377e-16
363.731061634299,0.0696359525291948,12.9096980652502,0.0803337512618135,11.190553254611,0.898979121638,1.50142703464302e-16
366.675709563398,0.0687442842787624,13.0994976873082,0.0793536754931809,11.34812706946,0.900515592925308,7.32532204908523e-17
369.644196400802,0.0678620857278478,13.2920940799795,0.0783839177420984,11.5078354583663,0.902029227958185,1.47349882374011e-16
372.636715138533,0.0669893441639477,13.4875213294069,0.0774244611796038,11.6696996593661,0.903520208254226,0
375.653460331008,0.0661260453365912,13.6858134226634,0.0764752872683281,11.8337406916805,0.904988718855167,7.45135499213271e-17
378.694628107696,0.0652721734782683,13.8870042147378,0.0755363757843327,11.9999793316245,0.906434948197811,0
381.760416185865,0.0644277113260098,14.0911273937883,0.0746077048397,12.1684360876082,0.907859087985024,1.68477942677905e-16
384.851023883439,0.0635926401435667,14.2982164446114,0.0736892509058257,12.3391311742201,0.909261333056999,1.51518372350119e-16
387.966652131954,0.0627669397441573,14.5083046102731,0.0727809888373804,12.5120844853812,0.91064188126289,1.7032371307505e-16
391.107503489621,0.0619505885137325,14.7214248518536,0.0718828918968895,12.6873155665637,0.912000933333018,1.71240992021544e-16
394.273782154499,0.0611435634347213,14.9376098062531,0.0709949317798952,12.8648435860657,0.913338692751755,1.72154510206767e-16
397.465693977764,0.0603458401102138,15.1568917420114,0.0701170786406564,13.0446873053392,0.914655365631241,1.73064253189412e-16
400.683446477099,0.059557392788536,15.3793025130944,0.0692493011183405,13.2268650483679,0.915951160586081,2.20056842062441e-16
403.927248850181,0.0587781943881799,15.6048735106023,0.0683915663636735,13.4113946700938,0.91722628860914,1.74872367643846e-16
407.197311988284,0.0580082165230415,15.8336356123573,0.0675438400659971,13.5982935238967,0.918480962948562,1.75770722022528e-16
410.493848489989,0.0572474295279279,16.065619130331,0.0667060864806991,13.7875784281284,0.919715398986151,0
413.817072675003,0.0564958024842924,16.3008537558745,0.0658782684569739,13.9792656317112,0.920929814117222,0
417.167200598099,0.0557533032461538,16.53936850272,0.0650603474658711,14.1733707788105,0.922124427632033,1.7844291951447e-16
420.544450063156,0.0550198984661639,16.7811916477221,0.0642522836285977,14.3699088725923,0.923299460598906,0
423.949040637325,0.05429555362178,17.0263506693176,0.0634540357450308,14.5688942380873,0.924455135749162,1.61180546699777e-16
427.381193665299,0.0535802330415059,17.2748721836823,0.0626655613224072,14.7703404841753,0.925591677363922,0
430.841132283705,0.0528738999311627,17.5267818785717,0.0618868166041525,14.9742604647196,0.926709311162915,1.62743295709861e-16
434.329081435614,0.0521765164001521,17.7821044448389,0.0611177565988124,15.1806662388747,0.927808264195356,1.82820459406956e-16
437.845267885158,0.0514880434876787,18.0408635056265,0.0603583351090569,15.3895690306009,0.92888876473297,1.64292511269827e-16
441.389920232281,0.0508084411888914,18.3030815432415,0.0596085047607193,15.600979187421,0.929951042165269,8.253103613202e-17
444.963268927599,0.0501376684809185,18.5687798237254,0.0588682170318439,15.8149061384602,0.930995326897113,8.29141436603963e-17
448.565546287376,0.0494756833487567,18.837978319143,0.0581374222817092,16.0313583518114,0.932021850248664,0
452.196986508636,0.0488224428109881,19.1106956276218,0.0574160697797987,16.2503432912791,0.933030844357766,1.67350745549489e-16
455.857825684385,0.0481779029452949,19.3869488911833,0.0567041077346954,16.4718673725523,0.93402254208482,8.40535128888119e-17
459.54830181896,0.0475420189137438,19.6667537114187,0.0560014833228699,16.6959359188684,0.934997176920211,1.88791257459484e-16
463.268654843505,0.0469147449878153,19.9501240630724,0.055308142717344,16.9225531162306,0.935954982894319,8.480489646315e-17
467.019126631568,0.0462960345731538,20.2370722056068,0.0546240311162055,17.1517219682498,0.936896194490181,8.51781630872806e-17
470.799961014825,0.045685840234015,20.5276085928386,0.053949092770953,17.3834442506836,0.937821046558817,0
474.611403798933,0.0450841137173941,20.821741780744,0.0532832710146575,17.6177204657545,0.938729774237276,1.71839818634075e-16
478.453702779515,0.0444908059768112,21.1194783335496,0.0526265082899189,17.8545497963317,0.939622612869422,0
482.327107758263,0.043905867195744,21.4208227282355,0.0519787461766082,18.0939300600662,0.940499797929481,8.66553652094323e-17
486.231870559183,0.0433292468106904,21.7257772575942,0.0513399254193811,18.3358576635761,0.941361564948386,8.70207713143991e-17
490.168245044967,0.0427608935338489,22.0343419320058,0.050709985954952,18.580327556784,0.942208149442923,0
494.136487133493,0.0422007553754121,22.3465143800993,0.0500888669391239,18.8273331875092,0.9430397868477,1.9620829964852e-16
498.136854814472,0.041648779665461,22.6622897484961,0.0494765067735625,19.0768664564309,0.943856712449952,1.9701524095908e-16
502.169608166212,0.0411049130754604,22.9816606008379,0.0488728431323176,19.3289176725328,0.944659161327176,1.97818881667635e-16
506.235009372529,0.0405691016393525,23.3046168163242,0.0482778129880844,19.583475509153,0.94544736828762,8.88252342494947e-17
510.333322739797,0.0400412907742476,23.6311454880013,0.0476913526382063,19.8405269607634,0.946221567813608,1.99416422778491e-16
514.464814714125,0.0395214253007196,23.9612308210571,0.0471133977304248,20.1000573006045,0.946981994007709,8.95368156859072e-17
518.629753898684,0.0390094494627096,24.2948540313984,0.0465438832883754,20.3620500393108,0.947728880541742,1.79780988408975e-16
522.828411071172,0.038505306947048,24.6319932447994,0.0459827437368412,20.6264868846595,0.948462460608612,9.02427905380252e-17
527.061059201407,0.0380089409026083,24.9726233969287,0.0454299129267709,20.8933477025799,0.949182966876956,2.02573726449512e-16
531.327973469089,0.0375202939591054,25.3167161345782,0.0448853241600698,21.1626104795658,0.9498906314486,2.03355437640198e-16
535.629431281677,0.0370393082455589,25.664239718429,0.044348910214181,21.4342512866268,0.950585685818805,9.12915865750236e-17
539.965712292436,0.0365659254084401,26.015158927708,0.0438206033664669,21.7082442449259,0.951268360839286,1.29596488212776e-16
544.33709841861,0.0361000866295279,26.369434967099,0.0433003354184109,21.9845614932401,0.951938886683977,9.19842444380436e-17
548.743873859751,0.0356417326435012,26.7270253762826,0.0427880377196579,22.2631731573866,0.952597492817534,2.06453191279381e-16
553.186325116201,0.0351908037552941,27.0878839424957,0.0422836411919102,22.5440473217554,0.95324440796655,1.31057808820557e-16
557.664741007712,0.0347472398572525,27.451960616502,0.041787076352707,22.8271500030811,0.953879860093445,1.31541433634367e-16
562.179412692231,0.0343109804461208,27.8192014323781,0.0412982733391055,23.1124451265908,0.954504076373023,9.33546183548498e-17
566.730633684818,0.0338819646399048,28.1895484315204,0.0408171619312956,23.3998945046531,0.955117283171659,0
571.318699876742,0.0334601311946449,28.5629395912842,0.0403436715761681,23.6894578180547,0.955719706029087,1.32982281745057e-16
575.943909554709,0.0330454185211501,28.9393087586619,0.0398777314108721,23.981092600018,0.956311569642769,0
580.606563420252,0.032637764701736,29.3185855894079,0.0394192702863886,24.2747542230688,0.956893097854803,9.47061990315211e-17
585.306964609293,0.0322371075070164,29.7006954930108,0.0389682167911501,24.5703958888566,0.957464513641348,2.12518843136007e-16
590.045418711838,0.0318433844128044,30.0855595839022,0.0385244992747437,24.8679686210122,0.958026039104532,1.9075072624388e-16
594.822233791851,0.031456532617171,30.473094639285,0.0380880458717264,25.1674212611254,0.958577895466807,1.91416721874638e-16
599.637720407286,0.0310764890577244,30.8632130639394,0.0376587845255919,25.4687004679065,0.959120303067732,1.3582153650766e-16
604.492191630263,0.0307031904291648,31.255822862355,0.0372366430129223,25.7717507195828,0.959653481363128,9.63712885583924e-17
609.385963067443,0.0303365732011757,31.650827618506,0.0368215489677607,26.0765143195711,0.9601776489266,2.16230585281722e-16
614.319352880526,0.0299765736367164,32.0481264835642,0.0364134299062446,26.3829314054431,0.960693023453362,9.70302552646673e-17
619.29268180695,0.0296231278107764,32.4476141718127,0.0360122132515355,26.6909399611917,0.961199821766368,9.73583003069574e-17
624.306273180741,0.0292761716296597,32.8491809649859,0.0356178263590833,27.0004758327827,0.961698259824679,1.38148032445322e-16
629.360452953524,0.0289356408508633,33.2527127252254,0.0352301965422656,27.3114727469578,0.962188552734053,2.19160607622383e-16
634.455549715731,0.0286014711036173,33.6580909167985,0.0348492510984373,27.6238623332397,0.962670914759734,0
639.591894717946,0.0282735979101554,34.0651926366762,0.0344749173354329,27.93757414906,0.963145559341371,1.39528152154704e-16
644.769821892456,0.0279519567077816,34.4738906540241,0.0341071225985563,28.2525357079189,0.96361269911008,1.39985703538621e-16
649.989667874954,0.0276364828718016,34.8840534585988,0.0337457942980987,28.5686725104555,0.964072545907578,9.9307522816813e-17
655.251772026422,0.0273271117393876,35.2955453179917,0.0333908599374222,28.8859080782884,0.964525310807381,2.81794395095015e-16
660.556476455202,0.0270237786344399,35.7082263436034,0.0330422471416448,29.2041639904634,0.964971204138014,1.41351177188333e-16
665.90412603923,0.0267264188935147,36.1219525651633,0.0326998836869648,29.5233599223188,0.965410435508224,0
671.295068448464,0.0264349678928797,36.5365760135572,0.0323636975306607,29.843413686558,0.965843213834144,1.42255683822847e-16
676.729654167483,0.0261493610767612,36.9519448116496,0.0320336168418006,30.1642412762924,0.966269747368378,1.00908549367816e-16
682.208236518274,0.0258695339868438,37.3679032727306,0.0317095700326962,30.4857569097982,0.966690243730997,1.4315567835839e-16
687.731171683206,0.0255954222930802,37.7842920061469,0.0313914857911328,30.8078730767042,0.967104909942383,1.43604011502729e-16
693.298818728181,0.0253269618258676,38.2009480296109,0.0310792931134106,31.1305005853055,0.967513952457908,2.27765019260592e-16
698.911539625983,0.0250640886096438,38.6177048876214,0.0307729213382227,31.4535486106799,0.967917577204419,1.44497389070824e-16
704.569699279812,0.0248067388979518,39.0343927753613,0.0304723001814049,31.7769247432585,0.968315989618484,2.04979568941081e-16
710.273665546999,0.0245548492100202,39.4508386673811,0.0301773597715806,32.1005350374839,0.968709394686379,1.02803716677889e-16
716.023809262934,0.024308356368901,39.8668664503203,0.0298880306867302,32.424284060175,0.969097996985769,1.45829289829535e-16
721.820504265165,0.0240671975412038,40.2822970588613,0.0296042439917095,32.7480749381934,0.969482000729065,1.46271078254354e-16
727.664127417709,0.0238313102784604,40.6969486140681,0.0293259312767397,33.0718094049984,0.969861609808415,2.31971676044964e-16
733.555058635552,0.0236006325601493,41.1106365632153,0.0290530246968927,33.3953878456605,0.970237027842283,0
739.493680909343,0.0233751028384065,41.5231738201741,0.0287854570125925,33.7187093398933,0.970608458223599,1.04361766034991e-16
745.480380330305,0.0231546600844405,41.9343709054015,0.0285231616311499,34.0416717026568,0.970976104169422,0
751.515546115323,0.0229392438366697,42.3440360845434,0.0282660726493512,34.3641715218749,0.971340168772079,1.48463351219768e-16
757.599570632258,0.0227287942505905,42.7519755046617,0.028014124897115,34.6861041928107,0.971700855051742,2.10574094171984e-16
763.732849425456,0.0225232521503831,43.15799332708,0.0277672539822333,35.0073639486404,0.972058366010375,1.49332194384911e-16
769.915781241454,0.0223225590822538,43.5618918558528,0.0275253963362113,35.3278438867658,0.972412904687027,1.05899703295959e-16
776.148768054918,0.0221266573695097,43.9634716608769,0.0272884892612155,35.6474359904174,0.972764674214373,0
782.432215094763,0.0219354901693554,44.3625316946849,0.0270564709781453,35.9660311451003,0.973113877876477,2.13017620508066e-16
788.76653087051,0.0217490015313967,44.7588694019998,0.0268292806758346,36.2835191494523,0.973460719167678,1.06811967969163e-16
795.152127198837,0.0215671364578314,45.1522808211712,0.0266068585613955,36.5997887200949,0.973805401852524,1.51482290341901e-16
801.589419230357,0.0213898409653006,45.5425606766769,0.0263891459117089,36.9147274900793,0.974148130026673,1.07415336302863e-16
808.078825476607,0.0212170621483722,45.9295024619326,0.0261760851260723,37.228222000547,0.974489108178636,0
814.620767837254,0.0210487482446206,46.3128985117396,0.0259676197800089,37.5401576852547,0.974828541252271,2.16029060811849e-16
821.215671627531,0.0208848487012637,46.6925400637865,0.025763694680244,37.8504188476371,0.975166634709873,1.53176946393279e-16
827.863965605879,0.0207253142433125,47.0682173087184,0.0255642559208537,38.1588886301187,0.975503594595709,0
834.566082001833,0.0205700969431857,47.4397194284056,0.0253692509405893,38.4654489754188,0.975839627599835,1.08904730741404e-16
841.322456544116,0.0204191502917356,47.8068346221572,0.0251786285813807,38.7699805796351,0.976174941121977,2.18397937513114e-16
848.133528488963,0.0202724292706297,48.1693501207569,0.0249923391480222,39.0723628369345,0.976509743335245,1.09491862134018e-16
854.999740648693,0.0201298904260259,48.5270521883446,0.0248103344690403,39.3724737757314,0.976844243249415,2.45483025170951e-16
861.921539420481,0.0199914919434766,48.8797261123029,0.0246325679587474,39.6701899862793,0.977178650773446,2.46131498173244e-16
868.899374815392,0.0198571937239939,49.2271561814768,0.0244589946804785,39.9653865396631,0.977513176776886,3.48994674392766e-16
875.933700487634,0.0197269574612011,49.5691256532056,0.0242895714110118,40.2579368982363,0.97784803314972,1.56480792713322e-16
883.024973764047,0.0196007467194961,49.9054167098231,0.0241242567061712,40.547712817611,0.978183432860154,1.56883998075742e-16
890.173655673848,0.0194785270131437,50.2358104054524,0.0239630109676044,40.8345842403791,0.97851959000977,1.11217045127007e-16
897.380210978585,0.0193602658862134,50.5600866040986,0.0238057965107354,41.1184191818116,0.978856719885326,3.34495362208521e-16
904.645108202373,0.0192459329932729,50.8780239102287,0.0236525776338801,41.3990836078599,0.979195039006399,1.11777865837508e-16
911.968819662343,0.0191355001807435,51.1893995932036,0.0235033206885168,41.6764413058651,0.979534765167897,1.58469947816373e-16
919.351821499347,0.0190289415688186,51.4939895071176,0.0233579941506989,41.9503537484609,0.9798761174763,1.58858989813396e-16
926.794593708925,0.0189262336338408,51.7915680077819,0.0232165686935909,42.2206799512468,0.980219316378237,3.18489465889988e-16
934.297620172496,0.0188273552910284,52.0819078687621,0.0230790172611086,42.4872763248971,0.980564583679792,1.12873334986154e-16
941.861388688832,0.0187322879774329,52.3647801985684,0.0229453151426347,42.7499965224676,0.980912142554556,1.60005608960438e-16
949.486391005764,0.0186410157350052,52.6399543612537,0.022815440048777,43.0086912827564,0.981262217538085,1.60380360996238e-16
957.173122852146,0.0185535252936365,52.9071979028468,0.0226893721881272,43.2632082706791,0.981615034505902,1.60751051806498e-16
964.9220839701,0.0184698061540318,53.1662764861906,0.0225670943449696,43.5133919157159,0.981970820631599,1.13927252378731e-16
972.733778147489,0.0183898506702616,53.4169538368991,0.0224485919578749,43.7590832495948,0.982329804320829,1.14183161156509e-16
980.608713250685,0.0183136541318263,53.6589917032594,0.0223338531991033,44.0001197444733,0.982692215116031,2.5588604197734e-16
988.547401257578,0.0182412148450494,53.8921498330117,0.0222228690547217,44.2363351529848,0.983058283565562,1.62188719050948e-16
996.55035829086,0.0181725342135983,54.1161859700065,0.0221156334053181,44.4675593516083,0.983428241049393,0
1004.61810465159,0.0181076168179095,54.3308558737885,0.0220121431071722,44.6936181889113,0.983802319551629,0
1012.75116485301,0.018046470493267,54.5359133651569,0.0219123980737067,44.9143333402936,0.984180751367669,1.15408752008557e-16
1020.95006765465,0.0179891064062487,54.7311104007177,0.0218164013570053,45.1295221709197,0.984563768730654,0
1029.21534609671,0.0179355391292129,54.9161971793475,0.021724159229131,45.3389976085698,0.98495160333776,1.29546766326817e-16
1037.5475375347,0.0178857867124455,55.0909222833298,0.0216356812629145,45.5425680281449,0.985344485751546,5.80469014353428e-17
1045.94718367439,0.0178398707535143,55.2550328566842,0.0215509804117986,45.7400371495286,0.985742644644432,1.16312439461358e-16
1054.41483060703,0.017797816463294,55.4082748228585,0.0214700730882168,45.9312039504049,0.986146305844987,2.40224108289442e-16
1062.95102884484,0.017759652727998,55.5503931434822,0.021392979239841,46.1158625954587,0.986555691132006,3.91536557519832e-16
1071.5563333568,0.0177254121664008,55.6811321192286,0.0213197224228424,46.293802383078,0.986971016705144,2.33871368174144e-16
1080.23130360475,0.0176951311812115,55.8002357329622,0.021250329871054,46.464807710221,0.98739249123729,2.41473047577502e-16
1088.97650357974,0.0176688500032639,55.9074480341789,0.0211848325595676,46.6286580554093,0.987820313381177,5.86605993671425e-17
1097.79250183872,0.0176466127267675,56.0025135621543,0.0211232652608105,46.7851279787868,0.988254668556882,2.42240853097355e-16
1106.67987154148,0.0176284673332724,56.0851778030511,0.0210656665904569,46.9339871366689,0.98869572478186,1.31570169738441e-16
1115.63919048792,0.0176144657011477,56.1551876732287,0.0210120790395373,47.0750003057948,0.989143627211601,1.66662888036913e-16
1124.67104115564,0.0176046635961313,56.212292016766,0.0209625489876787,47.2079274092252,0.989598490922664,5.90046457698459e-17
1133.77601073777,0.0175991206366643,56.2562420991293,0.0209171266902871,47.3325235309545,0.99006039126797,1.18162079369202e-16
1142.95469118117,0.0175979002249523,56.2867920700167,0.0208758662293014,47.4485388989741,0.99052935083079,5.91532254798747e-17
1152.20767922492,0.0176010694304459,56.3036993550791,0.0208388254122935,47.5557188052966,0.991005321539698,1.18442022078864e-16
1161.53557643908,0.0176086988058115,56.3067249158216,0.020806065597124,47.6538034140119,0.991488159784383,1.18568394856458e-16
1170.93898926384,0.0176208621049455,56.2956332850472,0.0207776514073808,47.7425273808386,0.991977591226395,5.9342578780438e-17
1180.41852904894,0.0176376358555546,56.2701922340708,0.0207536502844394,47.8216191630987,0.992473160146595,1.32813364335612e-16
1189.97481209338,0.0176590987107072,56.2301718442437,0.0207341317900278,47.8907998257782,0.992974155117527,5.94440676395961e-17
1199.60845968555,0.0176853304564646,56.1753426155642,0.0207191665194749,47.9497810265462,0.993479497661369,2.66032734529076e-16
1209.32009814357,0.0177164104718396,56.1054720077618,0.0207088243941374,47.9982616534818,0.993987571805813,5.95236883281926e-17
1219.11035885602,0.0177524152977045,56.02031840208,0.0207031719434307,48.0359222297299,0.994495957383364,0
1228.97987832301,0.017793414731082,55.9196207774982,0.0207022679155667,48.0624155844626,0.995001004098852,1.19159069949796e-16
1238.92929819754,0.0178394654626966,55.8030812578592,0.0207061561074975,48.0773512786939,0.995497140811633,1.33264989513523e-16
1248.95926532723,0.0178906006910487,55.6703360641628,0.0207148536515006,48.0802698206981,0.995975752860424,2.38438333417593e-16
1259.07043179635,0.01794681362894,55.5209091463442,0.0207283324369484,48.0706015300399,0.996423408958748,0
1269.26345496825,0.0180080338651971,55.3541465017783,0.0207464926044541,48.0476080361215,0.996819344783106,0
1279.53899752808,0.018074103366029,55.1691535181613,0.0207691360677194,48.0103255163017,0.997132983303571,2.45743539848523e-16
1289.89772752585,0.0181447828371757,54.9648292450558,0.0207959752954106,47.9575916092802,0.997324890333981,1.19167186145112e-16
1300.34031841991,0.0182198460012184,54.7401659968163,0.0208267425094323,47.8883048605141,0.997357394543123,0
1310.86744912069,0.0182992568950984,54.4947830963896,0.0208613918182017,47.8018937573199,0.997214035323501,5.95229132452416e-17
1321.47980403488,0.0183832603792488,54.2291742070817,0.0209001993550167,47.6985416582227,0.996909029600425,1.33000384566233e-16
1332.17807310988,0.0184722732627639,53.9443515104757,0.0209436355534285,47.578883787489,0.996474802084099,2.4502445015886e-16
1342.96295187868,0.0185667233937576,53.6413531865941,0.0209921805248018,47.4435786175556,0.995944167082352,5.93653188252276e-17
1353.8351415051,0.0186669744191649,53.3210232249699,0.0210462390303024,47.2931137535363,0.995342176544209,1.67707987212547e-16
1364.79534882933,0.0187733219132958,52.9840079240486,0.0211061371385127,47.1278012877005,0.994685837014782,1.32402154576822e-16
1375.84428641392,0.0188860118161554,52.6308168745384,0.0211721439943602,46.9478305858501,0.993986229386445,1.18239841715679e-16
1386.98267259009,0.0190052583343519,52.26187985501,0.0212444926506745,46.7533183312708,0.993250527683329,2.43333356906081e-16
1398.21123150444,0.0191312565265584,51.8775862053468,0.0213233946372659,46.5443437387134,0.992483409673139,1.31710996245758e-16
1409.53069316601,0.0192641903476946,51.4783096506446,0.0214090492399999,46.3209713224792,0.991687955887579,1.17554762957686e-16
1420.94179349378,0.0194042376654977,51.0644234695198,0.0215016492654212,46.0832653822367,0.990866209254182,2.9319971686573e-17
1432.44527436445,0.0195515734025713,50.6363096432685,0.0216013846311507,45.8312993231934,0.990019524825695,0
1444.04188366077,0.0197063715400771,50.1943642825901,0.0217084446343764,45.5651617806064,0.989148791770696,1.20246213192297e-16
1455.73237532004,0.0198688064290722,49.7390007151456,0.0218230194136748,45.2849607312107,0.988254577184713,1.19884893644139e-16
1467.51750938323,0.0200390536770918,49.2706510616659,0.0219453009128846,44.9908262934911,0.987337221329983,2.38992093784624e-16
1479.39805204436,0.020217290771908,48.7897668019175,0.0220754835337146,44.6829126357065,0.986396902127948,0
1491.37477570027,0.0204036975421449,48.2968186409978,0.0222137645920056,44.3613992449253,0.985433679798745,1.28675231889096e-16
1503.44845900091,0.020598456517442,47.7922958740283,0.0223603446499898,44.026491712879,0.984447528429894,1.28158909200353e-16
1515.61988689989,0.0208017532285589,47.2767053802439,0.0225154277712788,43.6784221365589,0.983438358779116,1.2760941923652e-16
1527.88985070559,0.0210137764741424,46.7505703368499,0.022679221729623,43.3174491968586,0.982406035097236,1.13615465299027e-16
1540.25914813254,0.0212347185723287,46.2144287180325,0.0228519381927119,42.9438579578052,0.981350387808366,1.13062492277162e-16
1552.72858335329,0.0214647756099342,45.6688316288435,0.0230337928960875,42.5579594165535,0.980271223280991,1.12477715445932e-16
1565.29896705074,0.0217041476984748,45.1143415136995,0.0232250058182424,42.1600898271323,0.979168331532769,2.2546194798093e-16
1577.9711164708,0.0219530392439588,44.5515302726764,0.0234258013653558,41.7506098169559,0.978041492454481,1.39012546006337e-16
1590.74585547554,0.0222116592358647,43.9809773143424,0.0236364085723717,41.3299033131601,0.976890480966472,2.21051660992565e-16
1603.62401459674,0.0224802215596979,43.4032675706988,0.0238570613259479,40.8983762951111,0.975715071404157,2.26373379069086e-16
1616.6064310899,0.0227589453368171,42.8189894973907,0.0240879986139898,40.4564553894852,0.97451504134886,5.45268071824354e-17
1629.69394898867,0.0230480552947607,42.2287330803944,0.0243294648059229,40.0045863247956,0.973290175064619,4.05991756123232e-17
1642.88741915971,0.0233477821709775,41.6330878686531,0.024581709967449,39.5432322629162,0.972040266662478,1.4772899036681e-16
1656.18769935804,0.0236583631526572,41.0326410505445,0.024844990213245,39.0728720258819,0.970765123086409,7.99331504495383e-17
1669.59565428276,0.0239800423552078,40.4279755905084,0.0251195681008354,38.5939982369146,0.969464566995698,2.25730113470676e-16
1683.11215563331,0.0243130713418337,39.8196684406307,0.0254057130687017,38.1071153951552,0.968138439605218,2.09485647581837e-16
1696.73808216612,0.0246577096865974,39.2082888404463,0.0257037019215387,37.6127379039458,0.966786603535984,4.21162849920577e-16
1710.47431975172,0.0250142255832991,38.5943967166852,0.0260138193654452,37.1113880726364,0.965408945722499,1.79825703078493e-16
1724.32176143241,0.0253828965024535,37.9785411931626,0.0263363585956966,36.6035941118197,0.964005380420215,2.09676046234622e-16
1738.28130748022,0.0257640098985902,37.3612592195091,0.0266716219396171,36.0898881415774,0.962575852355225,1.88662206579368e-17
1752.35386545551,0.0261578639700196,36.7430743259658,0.0270199215569076,35.5708042317845,0.961120340058933,1.08821069416319e-16
1766.54035026596,0.0265647684730973,36.1244955100775,0.027381580199599,35.0468764927856,0.959638859432649,7.75876917925668e-17
1780.84168422602,0.0269850455928614,35.5060162597703,0.0277569320335729,34.5186372338229,0.95813146759078,2.59118179975257e-16
1795.25879711692,0.0274190308716944,34.8881137160844,0.0281463235233014,33.9866152055194,0.956598267036501,9.58853565833242e-17
1809.79262624709,0.0278670741973606,34.2712479776934,0.0285501143810992,33.4513339415125,0.955039410230528,7.39115736578733e-17
1824.44411651309,0.0283295408513703,33.6558615483481,0.0289686785817271,32.9133102130317,0.953455104621989,4.66454549262078e-17
1839.21422046107,0.0288068126180824,33.042378927513,0.0294024054426045,32.3730526088626,0.951845618220542,2.56009381226294e-16
1854.10389834867,0.0292992889542784,32.4312063437371,0.0298517007691759,31.8310602517544,0.950211285800981,1.8973476290149e-16
1869.11411820748,0.029807388218045,31.8227316297233,0.0303169880640561,31.287821660966,0.948552515845822,1.81354798092418e-16
1884.24585590593,0.0303315489546861,31.2173242376346,0.03079870979745,30.7438137693197,0.946869798348125,1.87251987533087e-16
1899.50009521279,0.0308722312359677,30.6153353928979,0.0312973287349271,30.1995011018773,0.94516371361625,3.23142379178659e-17
1914.87782786108,0.031429918047219,30.0170983846506,0.0318133293168614,29.6553351222139,0.943434942244878,1.74500102919317e-16
1930.38005361258,0.0320051167146186,29.4229289909958,0.0323472190816808,29.1117537512231,0.941684276442757,1.85788074982188e-16
1946.00778032282,0.0325983603622481,28.8331260374137,0.0328995301223667,28.5691810625202,0.939912632937731,1.62996985554188e-16
1961.76202400658,0.0332102093851317,28.2479720869894,0.0334708205623365,28.0280271577778,0.938121067714274,3.22010647730912e-16
1977.64380890397,0.0338412529203297,27.6677342615709,0.0340616760327692,27.4886882247811,0.936310792878292,1.95590104672332e-17
1993.65416754703,0.0344921102930634,27.0926651935598,0.0346727111284403,26.9515467806264,0.934483195989303,1.53130502959781e-16
2009.79414082682,0.0351634324086343,26.5230041087353,0.0353045708130371,26.4169721022934,0.932639862251443,1.497408653788e-16
2026.06477806113,0.0358559030533008,25.95897804134,0.0359579317374661,25.8853208468392,0.930782600013051,1.56255960679386e-16
2042.46713706267,0.0365702400580266,25.4008031835765,0.0366335034255951,25.3569378636351,0.928913470090078,1.43944609998994e-16
2059.00228420788,0.0373071962677741,24.8486863726803,0.0373320292708333,24.8321572014361,0.927034819501946,1.74154159914689e-17
2075.6712945062,0.0380675602453591,24.3028267198337,0.0380542872735447,24.3113033135941,0.925149320289791,1.6972805377554e-17
2092.47525167003,0.0388521566223652,23.76341738633,0.0388010904330647,23.794692465384,0.923260014176328,2.82411874839166e-16
2109.41524818514,0.0396618459896212,23.2306475135932,0.0395732866884395,23.2826343481971,0.921370363923311,1.28626793352451e-16
2126.4923853817,0.0404975241956543,22.704704314839,0.0403717582783281,22.7754339062056,0.919484312345369,1.28870148472761e-16
2143.7077735059,0.0413601208925303,22.1857753373094,0.0411974203619891,22.2733933819863,0.917606350045635,1.21407601837492e-16
2161.0625317921,0.0422505971337058,21.6740509050607,0.0420512187090534,21.7768145884437,0.915741593045151,1.21413191932311e-16
2178.55778853565,0.0431699417869353,21.1697267531419,0.04293412622488,21.2860014150903,0.913895871578461,0
2196.19468116618,0.0441191664757574,20.6730068645885,0.0438471380295509,20.8012625772418,0.912075831413253,2.22838442572863e-16
2213.9743563216,0.045099298704436,20.1841065218087,0.0447912647508341,20.3229146167893,0.910289049109206,2.13922814037749e-16
2231.89796992262,0.0461113727521606,19.7032555835042,0.0457675236234356,19.8512851627574,0.908544162642054,2.5845985642316e-17
2249.9666872479,0.0471564178416134,19.2307019969862,0.0467769269073889,19.3867164585834,0.90685101875743,2.01219761162181e-16
2268.18168300982,0.048235442993605,18.7667155533399,0.0478204670464246,18.9295691606594,0.905220838250328,1.92630173096575e-16
2286.54414143084,0.0493494178726724,18.3115918889704,0.0488990978819217,18.4802264087724,0.903666400042639,1.871190459139e-16
2305.05525632052,0.0504992488083407,17.8656567311525,0.050013711119593,18.0390981631722,0.902202244390874,1.8431440415046e-16
2323.7162311531,0.051685749044296,17.429270376749,0.0511651071154628,17.6066257945072,0.900844894717833,3.4678849204828e-16
2342.52827914574,0.0529096021259947,17.0028323815517,0.0523539589079223,17.1832869010933,0.899613096322877,1.65419905439765e-16
2361.49262333744,0.0541713171919611,16.5867864219492,0.0535807682792728,16.7696003121014,0.898528068458725,1.59228917802598e-16
2380.61049666849,0.0554711747949084,16.1816252699751,0.0548458124927418,16.3661312143982,0.897613763816493,4.76767832411117e-17
2399.88314206069,0.0568091617613214,15.7878957962849,0.056149080234683,15.9734963139793,0.896897126162036,1.47513198961793e-16
2419.31181249812,0.0581848935254199,15.4062038824483,0.0574901952192909,15.5923689093749,0.896408332531165,8.77233586214523e-18
2438.8977711086,0.0595975223791225,15.0372190834302,0.0588683259178066,15.223483713394,0.896181000844499,1.39193855014881e-16
2458.64229124585,0.0610456302105983,14.6816788331152,0.0602820800019155,14.8676412109311,0.896252336917122,8.05633154049632e-18
2478.54665657221,0.0625271046232741,14.3403919307755,0.0617293824039268,14.5257112848956,0.896663186594355,2.76126652030368e-16
2498.61216114214,0.0640389979163282,14.0142409863092,0.0632073364746668,14.1986357814788,0.897457949321176,1.19220626792964e-16
2518.84010948637,0.0655773693670819,13.7041834404951,0.064712068662645,13.8874296236238,0.898684299351594,1.70025664198759e-16
2539.23181669665,0.0671371127013944,13.4112507193345,0.0662385585593568,13.5931800237436,0.900392651010617,5.43252298804291e-17
2559.7886085113,0.0687117726919436,13.1365450376294,0.067780458175624,13.3170433024262,0.902635296583072,2.1004412965128e-16
2580.51182140139,0.0702933575937692,12.881233348187,0.0693299070389297,13.0602388011924,0.905465141992895,1.50064182524069e-16
2601.4028026576,0.071872157670634,12.6465379541531,0.0708773531902425,12.8240393992827,0.908933969828548,1.98229776341515e-16
2622.46291047787,0.0734365843421821,12.433723379172,0.0724113943697109,12.6097582234083,0.913090175621926,9.25587736049354e-17
2643.69351405564,0.0749730492751689,12.244079238423,0.0739186584025527,12.4187312907137,0.917975956071358,1.84016635182991e-16
2665.0959936689,0.0764659075781402,12.0788990828752,0.0753837465636223,12.2522960587704,0.923623980916815,1.72541868279166e-16
2686.67174076992,0.077897493321606,11.9394554980098,0.076789267708759,12.111766170857,0.930053654919829,8.35955777165733e-17
2708.42215807571,0.079248277682952,11.8269721070002,0.0781159930203416,11.9984030599215,0.937267169684076,1.6248410623071e-16
2730.34865965925,0.0804971785037149,11.742593508285,0.0793431597448271,11.9133854609894,0.945245645732983,1.7713400895338e-16
2752.45267104134,0.0816220429765733,11.6873544658163,0.0804489453605804,11.8577781749111,0.953945748491304,7.75254827016551e-17
2774.73562928337,0.0826003097813571,11.6621495989266,0.081411118474635,11.8325013540748,0.963297169587862,1.52347346625653e-16
2797.19898308069,0.0834098251909543,11.6677032540214,0.0822078414471556,11.8382999926284,0.973201088797856,0
2819.84419285682,0.0840296788688325,11.7045275044105,0.0828184925479408,11.8757013952856,0.98352768750703,2.10740245642968e-16
2842.67273085842,0.0844394544202564,11.7726542242543,0.0832229259927232,11.9447434455895,0.994076499774358,2.67542496937188e-16
2865.68608125093,0.0842125329501798,11.8144130530142,0.0830006272619876,11.9869172238129,0.994921648513991,1.4851075074414e-16
2888.88574021513,0.0832893328844431,11.8206823096625,0.0820927929208554,11.9929741549896,0.98453674381073,0
2912.27321604441,0.0821694572154187,11.8596850735069,0.0809917502012697,12.0321376290074,0.974503885235862,1.55539262533933e-16
2935.85002924277,0.0808748979962599,11.9323774717528,0.0797190924260323,12.105378793371,0.965029810880873,1.53188760729079e-16
2959.61771262377,0.0794272996627324,12.0391028488101,0.0782960687706931,12.2130452353033,0.956233429642893,1.95281002917277e-16
2983.57781141006,0.0778493989651143,12.1799302294415,0.0767450059173684,12.3552045695322,0.948200247799046,1.61254061634331e-16
3007.73188333398,0.0761642657993722,12.3546878806866,0.0750885619548214,12.5316786886804,0.940985731612895,2.05681967896171e-17
3032.08149873869,0.0743945171162125,12.562985817406,0.0733489533221752,12.7420668065782,0.934617263423745,1.06149293586057e-17
3056.6282406804,0.0725616611185435,12.8042419955181,0.0715473096994622,12.9857722458234,0.929097068558609,6.59593720753879e-17
3081.37370503119,0.0706856060934198,13.0777125444645,0.0697031907039393,13.2620333184942,0.924406037520995,1.14191189356362e-16
3106.3195005828,0.0687843349317259,13.3825243010673,0.0678342654754412,13.5699565301527,0.920508033756576,1.96138781397298e-16
3131.46724915125,0.0668737295802974,13.7177076333435,0.0659561396904428,13.9085500612875,0.917354270733794,2.04734488883561e-16
3156.8185856822,0.0649675207837846,14.0822277795603,0.0640823057945242,14.2767557223066,0.914887425950574,2.32240370271333e-16
3182.37515835737,0.0630773351300095,14.4750133569801,0.0622241889465158,14.6734780153486,0.913045268529599,5.43955230483097e-17
3208.13862870155,0.0612128119618461,14.8949811747139,0.0603912617010694,15.097609424624,0.911763681823001,0
3234.11067169074,0.0593817656985368,15.3410569327826,0.0585912033818237,15.548051512337,0.91097904835041,0
3260.29297586098,0.0575903733078307,15.812191758341,0.0568300842226776,16.0237317722377,0.910630026177864,6.29219890349159e-17
3286.68724341813,0.0558433711912636,16.3073748014888,0.055112558798463,16.5236164687021,0.910658784194596,1.87065978820276e-16
3313.29519034861,0.0541442500065159,16.8256422884943,0.0534420574560499,17.0467198673563,0.911011782588443,6.95383431108877e-17
3340.11854653082,0.0524954396349243,17.3660835229353,0.051820968079481,17.5921103572412,0.911640189273305,1.63506038578712e-16
3367.15905584778,0.0508984794848297,17.9278443538839,0.0502508034558571,18.1589139933845,0.912500018053377,7.68875891133537e-17
3394.41847630035,0.04935417160503,18.5101286140176,0.0487323517546607,18.7463159719155,0.913552064047399,3.2333236725413e-16
3421.89858012163,0.047862715740634,19.1121979863698,0.0472658092641255,19.3535605047734,0.914761699400334,1.89969429419094e-16
3449.60115389212,0.0464238266010988,19.7333706997257,0.0458508956473189,19.9799495012228,0.916098579619268,0
3477.5279986559,0.0450368343379364,20.3730193891136,0.0444869526966628,20.6248403986525,0.917536299191072,0
3505.68093003771,0.0437007696495317,21.0305683958561,0.0431730279790064,21.2876434220211,0.91905202506603,1.39130700505634e-16
3534.06177836102,0.0424144351295465,21.7054907249786,0.0419079449594269,21.9678184936265,0.92062612830958,2.30760300078376e-16
3562.67238876697,0.0411764645229149,22.3973048283179,0.0406903612389701,22.66487196454,0.92224182767214,2.41913658701972e-16
3591.51462133436,0.0399853715027849,23.1055713399769,0.0395188164919615,23.3783532966126,0.923884853813077,1.13342142700029e-16
3620.59035120061,0.0388395894721218,23.8298898565803,0.038391771580888,24.1078517891632,0.925543139195457,0
3649.9014686836,0.0377375037528431,24.5698958274236,0.0373076401884944,24.8529934166221,0.927206535994359,1.24145973597474e-16
3679.44987940466,0.0366774773723378,25.3252575981542,0.0362648141563764,25.6134378215641,0.928866562504926,1.29790900190121e-16
3709.23750441235,0.0356578715043379,26.0956736351403,0.0352616835690972,26.3888754908022,0.930516177300974,1.91760700459082e-16
3739.26628030746,0.0346770614759591,26.880869945278,0.0342966524801874,27.1790251295854,0.932149579619669,3.16531656749382e-16
3769.53815936883,0.0337334491195549,27.680597696831,0.0333681510454792,27.9836312396286,0.933762034004918,1.4767493850144e-16
3800.05510968034,0.0328254721287282,28.4946310403323,0.0324746447119517,28.8024619000246,0.935349717032822,7.69732410463672e-17
3830.81911525882,0.0319516109729418,29.3227651239852,0.0316146410071369,29.63530674541,0.936909583892522,1.79299192782589e-16
3861.83217618305,0.0311103938341579,30.1648142949438,0.0307866943846631,30.4819751326546,0.938439252649937,0
3893.09630872381,0.0303003999508531,31.0206104759404,0.0299894095047467,31.3422944853864,0.939936904140617,1.2280060081821e-16
3924.61354547494,0.0295202616883601,31.8900017056453,0.0292214432631691,32.2161088045726,0.941401195592901,1.80535403706864e-16
3956.38593548549,0.0287686655983938,32.7728508307049,0.0284815058271258,33.1032773329225,0.942831186254591,9.3774809696617e-17
3988.41554439296,0.0280443526835595,33.6690343373704,0.0277683608900704,34.0036733608478,0.944226273472092,2.17689343749553e-16
4020.70445455755,0.027346118043311,34.5784413109249,0.0270808253190071,34.9171831620131,0.945586137842253,0
4053.25476519761,0.0266728100451159,35.5009725115987,0.0264177683355292,35.8437050470027,0.946910696218754,1.04723217263395e-16
4086.06859252603,0.0260233291374888,36.4365395562697,0.0257781103452585,36.7831485242418,0.948200061503937,1.53459729634195e-16
4119.14806988789,0.0253966263991471,37.3850641959356,0.025160821508317,37.7354335580204,0.949454508292306,1.12370209578188e-16
4152.49534789915,0.0247917019001133,38.3464776796504,0.0245649201253395,38.7004899141761,0.950674443553243,1.16295867206877e-16
4186.11259458642,0.0242076029354312,39.3207201963395,0.0239894708986383,39.6782565847337,0.951860381648175,2.68973654384851e-16
4220.00199552799,0.0236434221797489,40.307740386612,0.023433583115928,40.6686812835127,0.953012923072382,1.75854541603418e-16
4254.16575399583,0.023098295800891,41.3074949173524,0.0228964087940561,41.6717200053879,0.954132736394809,1.28472983040767e-16
4288.60609109892,0.0225714015622584,42.3199481125285,0.022377140812049,42.6873366425562,0.955220542941821,1.87614026615861e-16
4323.32524592758,0.0220619569371904,43.3450716342309,0.0218750110561878,43.7155026517497,0.956277103833834,1.3691780210198e-16
4358.32547569911,0.0215692172529651,44.3828442085365,0.0213892885944674,44.7561967669204,0.957303209038427,0
4393.60905590448,0.0210924738777232,45.4332513912831,0.020919277893474,45.8094047524279,0.958299668150669,7.28090447966823e-17
4429.17828045629,0.0206310524600532,46.4962853693267,0.0204643170872356,46.8751191922508,0.959267302652184,1.50062533631095e-16
4465.03546183794,0.0201843112281381,47.5719447932862,0.0200237763048041,47.9533393111829,0.960206939435493,7.72845385725611e-17
4501.18293125388,0.0197516393531032,48.6602346381636,0.0195970560611148,49.0440708243661,0.961119405410385,2.25053935707683e-16
4537.62303878129,0.0193324553794015,49.7611660886078,0.0191835857138925,50.147325811896,0.962005523034999,3.27532506324837e-16
4574.35815352278,0.0189262057236682,50.8747564458984,0.0187828219879944,51.2631226155492,0.962866106636589,0
4611.39066376045,0.0185323632423633,52.0010290540368,0.0183942475674907,52.391485754998,0.963701959406095,0
4648.72297711114,0.0181504258676737,53.1400132426027,0.0180173697549482,53.5324458611487,0.96451387096706,1.99026070200161e-16
4686.35752068297,0.0177799153104994,54.2917442842671,0.0176517191967475,54.6860396244816,0.965302615433557,1.29317304937292e-16
4724.29674123315,0.0174203758288544,55.4562633650949,0.0172968486727853,55.85230975651,0.966068949883886,2.09976552412052e-16
4762.54310532705,0.0170713730596725,56.6336175659531,0.0169523319485701,57.0313049626635,0.966813613187207,9.63966080431355e-17
4801.09909949849,0.0167324929117479,57.8238598535353,0.0166177626874755,58.223079925097,0.967537325129182,9.89176317147306e-17
4839.96723041153,0.0164033405173851,59.0270490796789,0.0162927534207541,59.4276952940938,0.968240785790377,1.01467215727246e-16
4879.1500250233,0.0160835392402325,60.2432499877886,0.0159769345728233,60.6452176868692,0.968924675137738,1.04045139903622e-16
4918.65003074839,0.015772729736726,61.4725332253364,0.0156699535392863,61.8757196927402,0.969589652795139,2.13302375527167e-16
4958.46981562442,0.0154705690685688,62.7149753615083,0.0153714738151498,63.1192798837259,0.970236357963803,0
4998.61196847899,0.0151767298636978,63.9706589091966,0.0150811741707285,64.3759828297726,0.970865409467628,1.58316689571496e-16
5039.07909909802,0.0148908995232349,65.2396723506299,0.0147987478727705,65.645919117894,0.971477405901998,0
5079.87383839539,0.0146127794719946,66.5221101660195,0.0145239019484122,66.9291853745982,0.972072925867771,1.1735239414807e-16
5120.998838584,0.0143420844501926,67.8180728646941,0.0142563564896441,68.2258842910736,0.972652528274755,1.69841272580135e-16
5162.45677334823,0.0140785418440973,69.1276670182545,0.0139958439960615,69.5361246506593,0.973216752701317,0
5204.25033801768,0.0138218910534531,70.4510052953571,0.0137421087537662,70.8600213582068,0.973766119798673,2.51326799384253e-16
5246.38224974252,0.0135718828936071,71.7882064977951,0.0134949062483795,72.1976954709971,0.974301131730157,3.63416004098747e-16
5288.85524767004,0.0133282790303691,73.139395597585,0.0132540026102305,73.5492742309193,0.974822272637162,1.31336799805048e-16
5331.67209312277,0.0130908514457328,74.5047037748399,0.0130191740898746,74.9148910976851,0.97533000912476,1.34212717445352e-16
5374.83556977805,0.0128593819326848,75.8842684562274,0.0127902065621985,76.2946857828763,0.975824790761015,4.33594160330722e-16
5418.34848384891,0.0126336616174231,77.2782333538655,0.0125668950574597,77.6888042846716,0.976307050584993,2.80083968256691e-16
5462.21366426659,0.0124134905073988,78.686748504544,0.0123490433177002,79.0973989231368,0.976777205619232,1.42994929397144e-16
5506.43396286443,0.0121986770636864,80.1099703091743,0.0121364633770628,80.5206283759768,0.977235657383126,1.45973144757625e-16
5551.01225456329,0.0119890377962698,81.5480615724198,0.0119289751646209,81.9586577146957,0.977682792404274,2.10684480484287e-16
5595.95143755845,0.0117843968809166,83.0011915424616,0.0117264061284175,83.411658441114,0.978118982725345,1.52004562340012e-16
5641.254433508,0.0115845857963913,84.4695359508892,0.0115285908794802,84.8798085242277,0.978544586404437,1.73359384953196e-16
5686.92418772287,0.0113894429808282,85.9532770527216,0.0113353708546579,86.3632924374092,0.978959948007302,1.58134568926293e-16
5732.96366935823,0.0111988135061605,87.4526036665713,0.0111465939971896,87.8623011959549,0.979365399090099,2.28022153697942e-16
5779.37587160657,0.0110125487695644,88.967711214992,0.0109621144539843,89.3770323950161,0.979761258671625,3.6752338959545e-16
5826.16381189231,0.0108305062009423,90.4988017650494,0.0107817922886495,90.9076902479438,0.980147833694214,1.87282637985389e-16
5873.33053206791,0.0106525489855259,92.0460840691702,0.0106054932093689,92.4544856250981,0.980525419472674,1.9082991900928e-16
5920.87909861173,0.0104785458007389,93.6097736063382,0.0104330883107784,94.0176360931833,0.980894300130813,2.45902862847459e-16
5968.81260282727,0.0103083705665077,95.1900926236954,0.0102644538290469,95.5973659551604,0.981254749025247,1.98002468382747e-16
6017.13416104429,0.0101419022082611,96.7872701786391,0.0100994709094124,97.193906290821,0.9816070291563,2.01627212256002e-16
6065.84691482126,0.00997902443190285,98.4015421814798,0.00993802538547294,98.8074949980796,0.981951393565906,0
6114.95403114975,0.00981962551008829,100.033151438755,0.00978000756957169,100.438376835075,0.982288085722522,1.32153032139097e-16
6164.45870266023,0.00966359807917224,101.682347697276,0.00962531205365675,102.086803463148,0.982617339893123,0
6214.36414782964,0.00951083894623779,103.349387689002,0.00947383752003446,103.753033490785,0.982939381502386,2.16376298694168e-16
6264.67361119072,0.00936124890564811,105.034535176822,0.0093254865614681,105.437332518604,0.983254427479281,9.844275137794e-17
6315.39036354283,0.00921473256459926,106.738061001343,0.00918016551010961,107.139973185463,0.983562686591254,2.23896929269126e-16
6366.51770216466,0.00907119817718132,108.460243128762,0.0090377842747795,108.861235215782,0.983864359766264,1.01827285113354e-16
6418.05895102865,0.00893055748648616,110.201366699918,0.00889825618614237,110.601405468145,0.984159640402962,0
6470.01746101695,0.00879272557432698,111.961724080605,0.00876149784934993,112.360777985276,0.984448714669276,2.35353763237614e-16
6522.39661013943,0.00865762071815987,113.741614913231,0.00862742900374982,114.139654045458,0.984731761789754,1.51294972122645e-16
6575.19980375318,0.00852516425482371,115.541346169911,0.008495972389283,115.938342215477,0.98500895432194,1.53753246787946e-16
6628.43047478396,0.00839528045073482,117.361232207069,0.00836705361921271,117.757158405167,0.985280458422153,1.10468040846675e-16
6682.09208394941,0.00826789637819632,119.201594821629,0.00824060105885115,119.596425923616,0.985546434100967,0
6736.18811998395,0.00814294179750051,121.062763308875,0.00811654570996812,121.456475537131,0.985807035468748,5.55111512312578e-17
6790.72209986571,0.00802034904452144,122.945074522053,0.00799482110058392,123.337645528997,0.986062410971562,1.57009245868378e-16
6845.69756904508,0.00790005292351322,124.848872933776,0.00787536317986776,125.240281761122,0.986312703617804,1.11022302462516e-16
6901.11810167529,0.00778199060484442,126.77451069932,0.00775811021787659,127.164737737624,0.98655805119586,5.55111512312578e-17
6956.98730084476,0.00766610152741583,128.722347721863,0.00764300270988637,129.111374670413,0.986798586483124,1.11022302462516e-16
7013.30879881129,0.00755232730552212,130.692751719725,0.00752998328508088,131.080561546837,0.9870344374467,1.57009245868378e-16
7070.08625723831,0.00744061163993174,132.686098295695,0.00741899661937643,133.072675199447,0.987265727436073,5.55111512312578e-17
7127.32336743282,0.00733090023297274,134.702771008472,0.00730998935217415,135.088100377927,0.987492575368082,0
7185.02385058548,0.00722314070742262,136.743161446303,0.00720291000684181,137.12722982326,0.987715095904458,0
7243.1914580125,0.00711728252901325,138.807669302851,0.00709770891473974,139.190464344149,0.987933399622233,1.24126707662364e-16
7301.82997139948,0.00701327693237116,140.896702455354,0.00699433814261441,141.278212895771,0.988147593177293,5.55111512312578e-17
7360.94320304736,0.00691107685022337,143.010677045125,0.0068927514231933,143.390892660894,0.988357779461334,0
7420.53499612018,0.00681063684570946,145.150017560438,0.00679290408882445,145.528929133397,0.988564057752496,1.24126707662364e-16
7480.60922489501,0.0067119130476473,147.31515692184,0.00669475300801145,147.692756204251,0.98876652385991,1.11022302462516e-16
7541.16979501382,0.00661486308861007,149.506536569939,0.00659825652470377,149.882816249982,0.988965270262419,1.24126707662364e-16
7602.22064373731,0.00651944604567855,151.724606555699,0.00650337440020939,152.099560223664,0.989160386241685,0
7663.76574020104,0.00642562238374021,153.969825633303,0.00641006775760349,154.343447748486,0.989351958009931,1.24126707662364e-16
7725.80908567334,0.00633335390121418,156.24266135559,0.00631829902851475,156.614947213906,0.989540068832512,1.11022302462516e-16
7788.35471381552,0.00624260367808628,158.54359017213,0.00622803190217567,158.914535874454,0.989724799145542,1.38777878078145e-16
7851.40669094413,0.0061533360261458,160.87309752996,0.00613923127663066,161.242699951198,0.989906226668768,1.38777878078145e-16
7914.96911629522,0.00606551644132044,163.231677977011,0.00605186321200038,163.599934735904,0.990084426513882,5.55111512312578e-17
7979.04612229098,0.0059791115580113,165.619835268275,0.00596589488570613,165.986744697944,0.990259471288472,1.11022302462516e-16
8043.6418748083,0.00589408910533563,168.038082474724,0.00588129454956382,168.403643593946,0.990431431195763,1.14439169963056e-16
8108.76057344966,0.00581041786518877,170.486942095027,0.00579803148866067,170.851154580255,0.990600374130349,3.34221388864417e-16
8174.40645181619,0.00572806763204211,172.966946170088,0.00571607598193318,173.329810328199,0.990766365770053,1.14439169963056e-16
8240.58377778279,0.00564700917439779,175.478636400439,0.00563539926436854,175.840153142215,0.990929469664091,1.24126707662364e-16
8307.29685377578,0.0055672141978246,178.022564266515,0.00555597349075565,178.382735080849,0.991089747317683,1.11022302462516e-16
8374.55001705243,0.00548865530950421,180.599291151841,0.00547777170091603,180.958118080658,0.991247258273249,1.14439169963056e-16
8442.34763998311,0.00541130598421929,183.209388469164,0.00540076778634784,183.566874083057,0.991402060188345,2.2377260456559e-16
8510.69413033537,0.00533514053171972,185.853437789546,0.00532493645822022,186.209585164115,0.991554208910457,1.11022302462516e-16
8579.59393156072,0.00526013406540508,188.532030974463,0.0052502532166575,188.886843667348,0.991703758548778,8.32667268468867e-17
8649.05152308334,0.00518626247226564,191.24577031093,0.00517669432125685,191.599252339532,0.99185076154311,0
8719.07142059136,0.00511350238402646,193.995268649678,0.00510423676278467,194.347424469548,0.991995268729983,1.11022302462516e-16
8789.6581763305,0.00504183114944174,196.781149546424,0.0050328582360004,197.131984030323,0.992137329406113,5.55111512312578e-17
8860.81637939989,0.00497122680768989,199.604047406242,0.00496253711355884,199.953565823855,0.992276991389314,1.11886302282795e-16
8932.55065605058,0.00490166806282105,202.464607631098,0.00489325242094404,202.812815629382,0.99241430107695,1.18571871006689e-16
9004.86566998624,0.00483313425921252,205.363486770541,0.00482498381239073,205.710390354707,0.992549303502038,5.55111512312578e-17
9077.7661226663,0.00476560535798835,208.301352675606,0.00475771154775092,208.646958190719,0.992682042387089,2.77555756156289e-17
9151.25675361174,0.00469906191436235,211.27888465596,0.0046914164702653,211.623198769142,0.992812560195778,1.38777878078145e-17
9225.34234071309,0.00463348505586547,214.296773640304,0.00462607998520143,214.639803323525,0.992940898182532,1.14439169963056e-16
9300.02770054118,0.00456885646142001,217.355722340086,0.00456168403932202,217.697474853544,0.993067096440117,1.11022302462516e-16
9375.31768866021,0.00450515834122557,220.456445416548,0.00449821110114873,220.796928292597,0.9931911939453,2.25914017994151e-16
9451.21719994339,0.00444237341742268,223.599669651128,0.00443564414198822,223.938890678778,0.993313228602661,1.14439169963056e-16
9527.73116889132,0.00438048490550178,226.786134119287,0.00437396661768891,227.124101329229,0.993433237286641,2.22477863102719e-16
9604.86456995261,0.00431947649642725,230.01659036776,0.00431316245109849,230.353312017921,0.993551255881873,1.14439169963056e-16
9682.62241784744,0.00425933233944655,233.291802595285,0.00425321601519325,233.6272871569,0.993667319321877,1.12957008997076e-16
9761.00976789355,0.00420003702555706,236.612547836857,0.00419411211685197,236.946803981032,0.993781461626193,1.11238931551359e-16
9840.03171633478,0.00414157557160373,239.97961615152,0.00413583598124837,240.312652736287,0.993893715935978,1.12957008997076e-16
9919.69340067262,0.00408393340498184,243.393810813766,0.00407837323683675,243.72563687161,0.994004114548168,1.34728949100962e-16
10000,0.004027096348921,246.855948508555,0.0040217099009076,247.186573234405,0.99411268894823,1.12957008997076e-16
