frequency_Hz,minimum_normalized_return_margin,minimizing_tau,determinant_magnitude_at_minimum
0.001,0.999209349044265,1,0.999998231705175
0.00100809567353382,0.999202950482681,1,0.999998202958147
0.0010162568869976,0.999196500155513,1,0.99999817374378
0.00102448417098122,0.999189997644197,1,0.999998144054476
0.00103277806037004,0.999183442526794,1,0.999998113882515
0.00104113909437969,0.999176834377953,1,0.999998083220049
0.00104956781659108,0.99917017276889,1,0.999998052059105
0.0010580647749858,0.999163457267354,1,0.999998020391578
0.00106663052198171,0.999156687437602,1,0.999997988209234
0.00107526561446888,0.999149862840373,1,0.999997955503703
0.00108397061384575,0.999142983032857,1,0.999997922266479
0.0010927460860557,0.999136047568666,1,0.999997888488918
0.00110159260162376,0.999129055997807,1,0.999997854162238
0.00111051073569377,0.999122007866649,1,0.999997819277509
0.00111950106806574,0.999114902717902,1,0.99999778382566
0.00112856418323356,0.999107740090578,1,0.999997747797471
0.00113770067042298,0.999100519519965,1,0.999997711183574
0.00114691112362992,0.9990932405376,1,0.999997673974445
0.00115619614165913,0.999085902671232,1,0.999997636160409
0.00116555632816306,0.999078505444798,1,0.999997597731631
0.00117499229168114,0.99907104837839,1,0.999997558678117
0.00118450464567934,0.999063530988221,1,0.99999751898971
0.00119409400859005,0.999055952786597,1,0.99999747865609
0.00120376100385228,0.999048313281886,1,0.999997437666767
0.0012135062599522,0.999040611978483,1,0.999997396011082
0.00122333041046402,0.999032848376781,1,0.999997353678201
0.00123323409409112,0.999025021973137,1,0.999997310657114
0.00124321795470765,0.999017132259839,1,0.999997266936634
0.00125328264140034,0.999009178725076,1,0.999997222505392
0.00126342880851072,0.999001160852901,1,0.99999717735183
0.00127365711567764,0.9989930781232,1,0.999997131464208
0.00128396822788018,0.998984930011659,1,0.999997084830591
0.00129436281548089,0.998976715989729,1,0.999997037438851
0.00130484155426934,0.998968435524589,1,0.999996989276664
0.00131540512550606,0.998960088079117,1,0.999996940331504
0.00132605421596686,0.998951673111853,1,0.999996890590643
0.00133678951798747,0.99894319007696,1,0.999996840041144
0.00134761172950852,0.998934638424197,1,0.999996788669862
0.00135852155412096,0.998926017598876,1,0.999996736463437
0.00136951970111177,0.998917327041828,1,0.999996683408291
0.0013806068855101,0.99890856618937,1,0.999996629490627
0.00139178382813373,0.998899734473264,1,0.999996574696423
0.00140305125563594,0.998890831320682,1,0.999996519011429
0.00141440990055278,0.998881856154173,1,0.999996462421163
0.00142586050135065,0.998872808391618,1,0.999996404910907
0.00143740380247435,0.998863687446197,1,0.999996346465707
0.00144904055439544,0.998854492726352,1,0.999996287070361
0.00146077151366109,0.998845223635746,1,0.999996226709424
0.00147259744294318,0.998835879573224,1,0.999996165367197
0.00148451911108798,0.998826459932777,1,0.999996103027728
0.00149653729316606,0.998816964103503,1,0.999996039674804
0.00150865277052271,0.998807391469563,1,0.99999597529195
0.00152086633082875,0.998797741410144,1,0.99999590986242
0.00153317876813171,0.998788013299419,1,0.999995843369201
0.00154559088290748,0.998778206506509,1,0.999995775794999
0.00155810348211234,0.998768320395435,1,0.999995707122239
0.00157071737923542,0.998758354325085,1,0.999995637333063
0.0015834333943516,0.998748307649165,1,0.999995566409321
0.00159625235417481,0.998738179716165,1,0.999995494332568
0.00160917509211179,0.99872796986931,1,0.999995421084059
0.00162220244831628,0.998717677446519,1,0.999995346644746
0.0016353352697436,0.998707301780367,1,0.999995270995267
0.00164857441020578,0.998696842198035,1,0.999995194115951
0.00166192073042701,0.998686298021271,1,0.999995115986801
0.00167537509809962,0.998675668566344,1,0.999995036587501
0.00168893838794052,0.998664953144001,1,0.999994955897401
0.00170261148174801,0.998654151059419,1,0.999994873895516
0.00171639526845917,0.998643261612168,1,0.99999479056052
0.0017302906442076,0.998632284096155,1,0.99999470587074
0.00174429851238172,0.998621217799585,1,0.99999461980415
0.00175841978368348,0.998610062004914,1,0.999994532338369
0.00177265537618758,0.998598815988803,1,0.999994443450649
0.00178700621540116,0.998587479022068,1,0.999994353117872
0.00180147323432395,0.998576050369636,1,0.999994261316547
0.00181605737350894,0.998564529290496,1,0.999994168022798
0.00183075958112354,0.998552915037649,1,0.999994073212363
0.00184558081301122,0.998541206858067,1,0.999993976860585
0.00186052203275363,0.998529403992632,1,0.999993878942404
0.00187558421173328,0.9985175056761,1,0.999993779432357
0.00189076832919665,0.998505511137039,1,0.999993678304563
0.0019060753723179,0.998493419597792,1,0.999993575532722
0.00192150633626303,0.998481230274412,1,0.999993471090106
0.00193706222425457,0.998468942376625,1,0.999993364949552
0.00195274404763682,0.998456555107769,1,0.999993257083458
0.00196855282594159,0.998444067664747,1,0.999993147463769
0.00198448958695448,0.998431479237974,1,0.999993036061977
0.00200055536678172,0.998418789011322,1,0.99999292284911
0.00201675120991751,0.998405996162072,1,0.999992807795725
0.00203307816931193,0.998393099860857,1,0.999992690871898
0.0020495373064394,0.998380099271608,1,0.999992572047222
0.00206612969136771,0.9983669935515,1,0.999992451290794
0.00208285640282755,0.998353781850901,1,0.999992328571208
0.00209971852828265,0.998340463313311,1,0.999992203856548
0.00211671716400053,0.99832703707531,1,0.99999207711438
0.0021338534151237,0.998313502266502,1,0.999991948311742
0.00215112839574156,0.998299858009455,1,0.999991817415134
0.0021685432289628,0.99828610341965,1,0.999991684390516
0.00218609904698845,0.998272237605416,1,0.999991549203289
0.00220379699118545,0.99825825966788,1,0.999991411818297
0.00222163821216089,0.998244168700902,1,0.999991272199808
0.0022396238698368,0.998229963791021,1,0.999991130311512
0.00225775513352553,0.99821564401739,1,0.999990986116506
0.00227603318200585,0.998201208451721,1,0.999990839577291
0.0022944592035995,0.998186656158224,1,0.999990690655753
0.0023130343962485,0.998171986193545,1,0.999990539313163
0.00233175996759301,0.998157197606704,1,0.99999038551016
0.00235063713504986,0.998142289439032,1,0.999990229206744
0.00236966712589169,0.998127260724115,1,0.999990070362264
0.00238885117732672,0.998112110487723,1,0.999989908935408
0.00240819053657923,0.998096837747751,1,0.999989744884193
0.0024276864609706,0.998081441514153,1,0.999989578165954
0.00244734021800108,0.998065920788881,1,0.999989408737329
0.00246715308543219,0.998050274565816,1,0.999989236554256
0.00248712635136979,0.998034501830703,1,0.999989061571952
0.00250726131434783,0.998018601561089,1,0.99998888374491
0.00252755928341275,0.998002572726249,1,0.999988703026879
0.00254802157820863,0.997986414287125,1,0.99998851937086
0.00256864952906292,0.997970125196257,1,0.999988332729087
0.002589444477073,0.997953704397712,1,0.999988143053018
0.00261040777419332,0.997937150827018,1,0.999987950293322
0.00263154078332332,0.997920463411092,1,0.999987754399868
0.00265284487839603,0.997903641068174,1,0.999987555321705
0.00267432144446738,0.99788668270775,1,0.999987353007059
0.00269597187780627,0.997869587230486,1,0.999987147403311
0.00271779758598533,0.997852353528153,1,0.999986938456988
0.00273979998797246,0.997834980483561,1,0.999986726113745
0.00276198051422303,0.997817466970473,1,0.999986510318358
0.00278434060677294,0.997799811853545,1,0.9999862910147
0.00280688171933232,0.997782013988244,1,0.999986068145735
0.00282960531738006,0.997764072220774,1,0.999985841653498
0.00285251287825912,0.997745985388004,1,0.999985611479083
0.00287560589127251,0.997727752317386,1,0.999985377562625
0.00289888585778017,0.997709371826884,1,0.999985139843285
0.00292235429129655,0.997690842724891,1,0.999984898259237
0.00294601271758903,0.997672163810158,1,0.999984652747648
0.00296986267477709,0.997653333871706,1,0.999984403244664
0.00299390571343235,0.997634351688754,1,0.999984149685393
0.00301814339667932,0.997615216030636,1,0.999983892003887
0.00304257730029708,0.99759592565672,1,0.999983630133127
0.00306720901282168,0.997576479316328,1,0.999983364005004
0.00309204013564946,0.997556875748652,1,0.9999830935503
0.00311707228314113,0.99753711368267,1,0.999982818698674
0.00314230708272674,0.997517191837068,1,0.999982539378639
0.00316774617501149,0.997497108920149,1,0.999982255517548
0.00319339121388238,0.99747686362975,1,0.999981967041571
0.00321924386661572,0.99745645465316,1,0.999981673875678
0.00324530581398558,0.997435880667029,1,0.99998137594362
0.003271578750373,0.997415140337282,1,0.999981073167906
0.00329806438387618,0.997394232319032,1,0.999980765469788
0.00332476443642155,0.99737315525649,1,0.999980452769235
0.00335168064387566,0.997351907782876,1,0.999980134984916
0.00337881475615808,0.997330488520329,1,0.999979812034177
0.00340616853735517,0.997308896079816,1,0.999979483833022
0.00343374376583475,0.997287129061038,1,0.999979150296085
0.00346154223436172,0.997265186052343,1,0.999978811336616
0.00348956575021463,0.997243065630624,1,0.999978466866453
0.00351781613530314,0.997220766361234,1,0.999978116796
0.00354629522628654,0.997198286797882,1,0.999977761034206
0.00357500487469309,0.997175625482546,1,0.999977399488536
0.0036039469470404,0.997152780945367,1,0.999977032064954
0.00363312332495683,0.997129751704562,1,0.999976658667893
0.00366253590530376,0.997106536266314,1,0.999976279200232
0.00369218660029898,0.997083133124682,1,0.999975893563272
0.00372207733764093,0.997059540761496,1,0.999975501656708
0.00375221006063408,0.997035757646259,1,0.999975103378605
0.00378258672831527,0.997011782236042,1,0.999974698625369
0.00381320931558105,0.996987612975381,1,0.999974287291723
0.00384407981331609,0.99696324829618,1,0.999973869270676
0.00387520022852263,0.996938686617596,1,0.999973444453501
0.00390657258445091,0.996913926345941,1,0.999973012729699
0.00393819892073078,0.996888965874575,1,0.999972573986977
0.00397008129350424,0.996863803583792,1,0.999972128111215
0.00400222177555915,0.996838437840722,1,0.999971674986436
0.00403462245646401,0.996812866999211,1,0.999971214494779
0.00406728544270374,0.99678708939972,1,0.999970746516465
0.00410021285781671,0.996761103369209,1,0.999970270929771
0.00413340684253274,0.996734907221021,1,0.999969787610988
0.00416686955491232,0.996708499254778,1,0.9999692964344
0.00420060317048688,0.996681877756258,1,0.999968797272247
0.00423460988240025,0.996655040997287,1,0.99996828999469
0.00426889190155123,0.996627987235615,1,0.999967774469777
0.00430345145673733,0.996600714714804,1,0.999967250563413
0.0043382907947997,0.996573221664108,1,0.999966718139321
0.00437341218076915,0.996545506298355,1,0.999966177059009
0.00440881789801347,0.996517566817822,1,0.999965627181732
0.00444451024838583,0.996489401408118,1,0.999965068364455
0.00448049155237445,0.996461008240058,1,0.99996450046182
0.00451676414925349,0.99643238546954,1,0.999963923326102
0.00455333039723509,0.996403531237422,1,0.999963336807177
0.0045901926736227,0.996374443669393,1,0.999962740752475
0.00462735337496566,0.996345120875845,1,0.99996213500695
0.00466481491721497,0.996315560951748,1,0.999961519413031
0.00470257973588042,0.996285761976516,1,0.999960893810587
0.00474065028618884,0.996255722013882,1,0.999960258036879
0.00477902904324381,0.996225439111757,1,0.999959611926527
0.00481771850218653,0.996194911302105,1,0.999958955311456
0.00485672117835806,0.996164136600804,1,0.999958288020861
0.00489603960746281,0.996133113007511,1,0.999957609881159
0.00493567634573345,0.996101838505526,1,0.999956920715941
0.00497563397009708,0.996070311061651,1,0.999956220345934
0.00501591507834275,0.996038528626052,1,0.999955508588944
0.00505652228929035,0.996006489132119,1,0.999954785259818
0.0050974582429609,0.99597419049632,1,0.99995405017039
0.00513872560074817,0.995941630618062,1,0.999953303129434
0.00518032704559168,0.995908807379543,1,0.999952543942615
0.00522226528215118,0.995875718645603,1,0.999951772412435
0.00526454303698246,0.995842362263583,1,0.999950988338185
0.00530716305871459,0.99580873606317,1,0.999950191515893
0.00535012811822866,0.995774837856249,1,0.999949381738268
0.00539344100883792,0.995740665436749,1,0.999948558794648
0.00543710454646936,0.995706216580489,1,0.999947722470945
0.0054811215698468,0.995671489045028,1,0.999946872549588
0.00552549494067543,0.995636480569501,1,0.999946008809468
0.00557022754382788,0.995601188874467,1,0.999945131025881
0.00561532228753178,0.995565611661745,1,0.999944238970465
0.00566078210355879,0.995529746614255,1,0.999943332411146
0.00570660994741527,0.995493591395855,1,0.999942411112076
0.00575280879853436,0.995457143651176,1,0.999941474833568
0.00579938166046975,0.995420401005457,1,0.999940523332039
0.00584633156109091,0.995383361064376,1,0.999939556359942
0.00589366155277994,0.995346021413881,1,0.999938573665705
0.00594137471263004,0.99530837962002,1,0.999937574993664
0.00598947414264556,0.995270433228767,1,0.999936560083995
0.00603796296994364,0.995232179765849,1,0.999935528672648
0.00608684434695757,0.995193616736567,1,0.999934480491279
0.00613612145164168,0.995154741625622,1,0.999933415267178
0.00618579748767801,0.995115551896933,1,0.999932332723199
0.00623587568468455,0.995076044993454,1,0.999931232577688
0.0062863592984252,0.995036218336994,1,0.999930114544408
0.00633725161102152,0.994996069328029,1,0.999928978332469
0.00638855593116599,0.994955595345516,1,0.999927823646246
0.00644027559433723,0.994914793746703,1,0.999926650185305
0.00649241396301678,0.994873661866939,1,0.999925457644326
0.00654497442690774,0.994832197019481,1,0.999924245713022
0.00659796040315516,0.994790396495298,1,0.999923014076057
0.00665137533656814,0.994748257562875,1,0.999921762412967
0.00670522269984386,0.994705777468012,1,0.999920490398072
0.00675950599379332,0.994662953433625,1,0.999919197700397
0.00681422874756894,0.994619782659543,1,0.999917883983579
0.006869394518894,0.9945762623223,1,0.999916548905784
0.00692500689429393,0.994532389574929,1,0.999915192119618
0.00698106948932956,0.994488161546752,1,0.999913813272033
0.00703758594883204,0.994443575343169,1,0.99991241200424
0.00709455994713995,0.99439862804544,1,0.999910987951608
0.00715199518833808,0.994353316710474,1,0.999909540743578
0.00720989540649827,0.994307638370606,1,0.999908070003559
0.00726826436592224,0.994261590033375,1,0.999906575348835
0.0073271058613862,0.994215168681304,1,0.999905056390461
0.00738642371838769,0.994168371271673,1,0.999903512733164
0.00744622179339418,0.994121194736285,1,0.999901943975241
0.00750650397409388,0.994073635981243,1,0.99990034970845
0.00756727417964843,0.99402569188671,1,0.999898729517908
0.00762853636094773,0.993977359306677,1,0.999897082981983
0.0076902945008668,0.993928635068721,1,0.999895409672179
0.00775255261452471,0.993879515973764,1,0.999893709153027
0.00781531474954562,0.993829998795831,1,0.999891980981976
0.00787858498632195,0.993780080281801,1,0.999890224709268
0.00794236743827963,0.993729757151157,1,0.999888439877832
0.00800666625214554,0.993679026095733,1,0.999886626023154
0.00807148560821713,0.993627883779464,1,0.999884782673162
0.00813682972063413,0.993576326838118,1,0.999882909348105
0.00820270283765263,0.993524351879041,1,0.999881005560418
0.00826910924192116,0.993471955480894,1,0.999879070814609
0.00833605325075921,0.99341913419338,1,0.999877104607114
0.00840353921643786,0.993365884536979,1,0.99987510642618
0.00847157152646274,0.993312203002669,1,0.999873075751722
0.00854015460385935,0.993258086051654,1,0.999871012055189
0.0086092929074605,0.993203530115081,1,0.999868914799433
0.00867899093219629,0.993148531593757,1,0.999866783438556
0.00874925320938629,0.993093086857865,1,0.99986461741778
0.00882008430703416,0.993037192246668,1,0.999862416173295
0.00889148883012463,0.992980844068221,1,0.999860179132114
0.00896347142092288,0.99292403859907,1,0.999857905711923
0.00903603675927636,0.992866772083955,1,0.999855595320931
0.00910918956291901,0.9928090407355,1,0.999853247357711
0.00918293458777803,0.992750840733913,1,0.999850861211047
0.00925727662828307,0.992692168226664,1,0.999848436259774
0.00933222051767786,0.99263301932818,1,0.999845971872614
0.00940777112833455,0.992573390119517,1,0.999843467408012
0.0094839333720704,0.99251327664804,1,0.999840922213968
0.00956071220046713,0.992452674927096,1,0.999838335627869
0.00963811260519288,0.992391580935681,1,0.999835706976314
0.00971613961832666,0.992329990618107,1,0.999833035574936
0.00979479831268559,0.992267899883654,1,0.999830320728229
0.00987409380215466,0.99220530460624,1,0.99982756172936
0.00995403124201917,0.992142200624057,1,0.999824757859989
0.0100346158292999,0.992078583739227,1,0.999821908390078
0.0101158528030912,0.992014449717444,1,0.999819012577703
0.0101977474449012,0.991949794287607,1,0.999816069668859
0.0102803050789954,0.99188461314146,1,0.999813078897263
0.0103635310727429,0.991818901933212,1,0.999810039484151
0.0104474308369654,0.991752656279169,1,0.99980695063808
0.0105320098262886,0.991685871757347,1,0.999803811554718
0.0106172735394972,0.991618543907086,1,0.999800621416632
0.0107032275198921,0.991550668228663,1,0.999797379393078
0.0107898773556513,0.991482240182889,1,0.999794084639781
0.0108772286801926,0.991413255190712,1,0.999790736298715
0.0109652871725401,0.991343708632806,1,0.999787333497879
0.0110540585576935,0.991273595849163,1,0.99978387535107
0.0111435486070002,0.991202912138667,1,0.999780360957649
0.0112337631385307,0.99113165275868,1,0.999776789402305
0.0113247080174565,0.991059812924602,1,0.999773159754819
0.0114163891564316,0.990987387809442,1,0.999769471069818
0.011508812515977,0.990914372543374,1,0.999765722386528
0.0116019841048683,0.990840762213289,1,0.999761912728522
0.0116959099805258,0.990766551862342,1,0.999758041103467
0.011790596249409,0.990691736489491,1,0.999754106502862
0.0118860490674132,0.990616311049032,1,0.999750107901773
0.0119822746402699,0.99054027045012,1,0.999746044258567
0.0120792792239501,0.990463609556298,1,0.999741914514639
0.012177069125071,0.990386323185002,1,0.999737717594135
0.0122756507013062,0.990308406107073,1,0.999733452403667
0.0123750303617991,0.990229853046252,1,0.999729117832032
0.0124752145675793,0.990150658678678,1,0.999724712749916
0.0125762098319827,0.990070817632363,1,0.999720236009602
0.0126780227210752,0.989990324486681,1,0.999715686444666
0.0127806598540793,0.989909173771829,1,0.999711062869675
0.0128841279038047,0.989827359968293,1,0.999706364079871
0.0129884335970818,0.9897448775063,1,0.999701588850862
0.0130935837151994,0.989661720765269,1,0.999696735938295
0.0131995850943453,0.989577884073239,1,0.999691804077534
0.013306444626051,0.989493361706309,1,0.999686791983327
0.0134141692576393,0.989408147888055,1,0.999681698349467
0.0135227659926765,0.989322236788941,1,0.999676521848452
0.0136322418914273,0.989235622525724,1,0.999671261131137
0.0137426040713143,0.989148299160848,1,0.999665914826378
0.0138538597073802,0.98906026070183,1,0.999660481540675
0.0139660160327544,0.988971501100637,1,0.999654959857801
0.0140790803391236,0.988882014253051,1,0.999649348338437
0.0141930599772055,0.988791793998024,1,0.99964364551979
0.0143079623572268,0.98870083411703,1,0.999637849915212
0.014423794949405,0.9886091283334,1,0.999631960013806
0.0145405652844341,0.988516670311642,1,0.99962597428003
0.014658280953974,0.988423453656768,1,0.999619891153297
0.0147769496111443,0.988329471913594,1,0.999613709047562
0.0148965789710218,0.988234718566031,1,0.999607426350905
0.0150171768111418,0.988139187036373,1,0.999601041425111
0.0151387509720044,0.98804287068457,1,0.999594552605234
0.0152613093575835,0.987945762807483,1,0.999587958199165
0.015384859935841,0.987847856638137,1,0.999581256487182
0.0155094107392451,0.987749145344959,1,0.999574445721502
0.0156349698652918,0.987649622030995,1,0.999567524125819
0.0157615454770323,0.987549279733129,1,0.999560489894836
0.0158891458036027,0.987448111421283,1,0.999553341193794
0.0160177791407599,0.987346109997593,1,0.999546076157984
0.0161474538514202,0.987243268295594,1,0.99953869289226
0.0162781783662036,0.987139579079372,1,0.999531189470539
0.0164099611839816,0.987035035042712,1,0.999523563935293
0.0165428108724297,0.986929628808227,1,0.999515814297034
0.0166767360685846,0.986823352926479,1,0.999507938533791
0.0168117454794054,0.986716199875077,1,0.999499934590576
0.0169478478823403,0.98660816205777,1,0.999491800378843
0.0170850521258965,0.986499231803512,1,0.999483533775936
0.0172233671302159,0.986389401365525,1,0.999475132624534
0.0173628018876552,0.986278662920336,1,0.999466594732076
0.01750336546337,0.986167008566803,1,0.999457917870187
0.0176450669959044,0.986054430325124,1,0.999449099774089
0.0177879156977856,0.985940920135825,1,0.999440138142002
0.0179319208561219,0.98582646985874,1,0.99943103063454
0.0180770918332072,0.985711071271959,1,0.999421774874089
0.0182234380671297,0.985594716070775,1,0.999412368444183
0.0183709690723849,0.985477395866599,1,0.999402808888862
0.0185196944404947,0.985359102185865,1,0.999393093712028
0.018669623840631,0.985239826468909,1,0.999383220376781
0.0188207670202438,0.985119560068836,1,0.999373186304751
0.0189731338056957,0.984998294250363,1,0.999362988875416
0.0191267341029,0.984876020188639,1,0.999352625425406
0.0192815778979652,0.984752728968053,1,0.999342093247803
0.0194376752578439,0.984628411581012,1,0.999331389591423
0.0195950363309877,0.984503058926702,1,0.999320511660088
0.0197536713480067,0.984376661809827,1,0.999309456611882
0.0199135906223344,0.984249210939325,1,0.999298221558406
0.0200748045508988,0.984120696927062,1,0.999286803564006
0.0202373236147981,0.983991110286501,1,0.999275199644997
0.0204011583799816,0.983860441431348,1,0.999263406768877
0.0205663194979376,0.983728680674176,1,0.999251421853513
0.020732817706385,0.983595818225019,1,0.999239241766333
0.020900663829972,0.983461844189948,1,0.999226863323492
0.0210698687809795,0.983326748569615,1,0.999214283289024
0.0212404435600306,0.983190521257776,1,0.999201498373985
0.0214123992568061,0.98305315203978,1,0.999188505235583
0.0215857470507649,0.982914630591038,1,0.999175300476285
0.0217604982118714,0.982774946475461,1,0.999161880642915
0.0219366641013278,0.98263408914387,1,0.999148242225738
0.0221142561723131,0.982492047932374,1,0.999134381657527
0.0222932859707273,0.982348812060724,1,0.999120295312611
0.0224737651359423,0.982204370630633,1,0.999105979505911
0.0226557054015585,0.982058712624064,1,0.999091430491964
0.0228391185961678,0.981911826901492,1,0.999076644463918
0.0230240166441225,0.981763702200125,1,0.999061617552522
0.0232104115663104,0.981614327132103,1,0.999046345825094
0.0233983154809368,0.981463690182652,1,0.999030825284474
0.0235877406043116,0.981311779708216,1,0.999015051867954
0.0237786992516445,0.981158583934543,1,0.998999021446199
0.0239712038378445,0.981004090954742,1,0.99898272982214
0.0241652668783283,0.980848288727301,1,0.998966172729855
0.0243609009898327,0.980691165074073,1,0.998949345833433
0.024558118891236,0.980532707678213,1,0.998932244725807
0.024756933404384,0.98037290408209,1,0.998914864927583
0.0249573574549243,0.98021174168515,1,0.998897201885839
0.0251594040731461,0.980049207741744,1,0.998879250972905
0.0253630863948276,0.979885289358911,1,0.998861007485127
0.0255684176620901,0.979719973494122,1,0.998842466641604
0.0257754112242586,0.979553246952981,1,0.998823623582908
0.02598408053873,0.979385096386884,1,0.998804473369783
0.026194439171848,0.979215508290629,1,0.998785010981815
0.0264065007997846,0.979044468999984,1,0.998765231316091
0.0266202792094301,0.97887196468921,1,0.998745129185822
0.0268357882992886,0.978697981368534,1,0.998724699318956
0.0270530420803822,0.978522504881575,1,0.998703936356756
0.0272720546771616,0.978345520902723,1,0.998682834852361
0.0274928403284242,0.978167014934461,1,0.998661389269319
0.0277154133882405,0.97798697230465,1,0.998639593980099
0.0279397883268864,0.977805378163743,1,0.998617443264571
0.0281659797317847,0.977622217481964,1,0.998594931308471
0.0283940023084533,0.97743747504642,1,0.998572052201823
0.0286238708814609,0.977251135458164,1,0.998548799937354
0.0288556003953913,0.9770631831292,1,0.998525168408867
0.0290892059158146,0.976873602279434,1,0.998501151409592
0.029324702630267,0.976682376933556,1,0.99847674263051
0.0295621058492378,0.976489490917877,1,0.998451935658644
0.0298014310071653,0.976294927857093,1,0.998426723975326
0.0300426936634398,0.976098671170994,1,0.998401100954429
0.0302859095034155,0.975900704071106,1,0.998375059860574
0.0305310943394298,0.975701009557266,1,0.998348593847302
0.0307782641118319,0.975499570414143,1,0.998321695955217
0.0310274348900188,0.975296369207675,1,0.998294359110097
0.0312786228734801,0.975091388281452,1,0.99826657612097
0.0315318443928511,0.974884609753019,1,0.99823833967816
0.0317871159109747,0.974676015510114,1,0.998209642351299
0.0320444540239715,0.974465587206834,1,0.998180476587303
0.0323038754623189,0.974253306259718,1,0.998150834708315
0.0325653970919388,0.97403915384377,1,0.998120708909609
0.0328290359152942,0.973823110888388,1,0.998090091257465
0.0330948090724943,0.973605158073229,1,0.998058973686997
0.0333627338424092,0.973385275823986,1,0.998027347999955
0.0336328276437929,0.973163444308089,1,0.997995205862478
0.0339051080364161,0.972939643430316,1,0.997962538802814
0.0341795927222076,0.972713852828325,1,0.997929338209003
0.0344562995464054,0.972486051868103,1,0.997895595326511
0.0347352464987164,0.972256219639319,1,0.997861301255833
0.0350164517144866,0.972024334950592,1,0.997826446950044
0.0352999334758797,0.971790376324671,1,0.997791023212319
0.0355857102130658,0.971554321993518,1,0.997755020693397
0.0358738005054197,0.971316149893297,1,0.997718429889012
0.0361642230827288,0.97107583765927,1,0.997681241137272
0.0364569968264106,0.970833362620592,1,0.997643444615995
0.0367521407707406,0.970588701795006,1,0.997605030339996
0.0370496741040893,0.970341831883442,1,0.997565988158333
0.0373496161701702,0.970092729264506,1,0.997526307751494
0.0376519864692972,0.969841369988863,1,0.997485978628545
0.0379568046596523,0.969587729773524,1,0.997444990124219
0.0382640905585636,0.96933178399601,1,0.997403331395962
0.0385738641437941,0.969073507688413,1,0.997360991420922
0.03888614555484,0.968812875531343,1,0.997317958992884
0.0392009550942404,0.968549861847756,1,0.997274222719154
0.0395183132288971,0.968284440596673,1,0.997229771017388
0.0398382405914052,0.968016585366771,1,0.997184592112358
0.0401607579813948,0.967746269369858,1,0.997138674032674
0.0404858863668828,0.967473465434223,1,0.997092004607433
0.0408136468856362,0.967198145997864,1,0.997044571462819
0.0411440608465467,0.966920283101578,1,0.996996362018636
0.0414771497310157,0.966639848381937,1,0.996947363484785
0.0418129351943512,0.966356813064119,1,0.996897562857674
0.0421514390671752,0.96607114795461,1,0.996846946916563
0.0424926833568436,0.965782823433767,1,0.996795502219848
0.0428366902488763,0.965491809448248,1,0.996743215101274
0.0431834821084004,0.965198075503294,1,0.996690071666084
0.0435330814816033,0.964901590654868,1,0.996636057787096
0.0438855110971994,0.964602323501656,1,0.99658115910071
0.0442407938679069,0.964300242176909,1,0.996525361002843
0.0445989528919383,0.963995314340145,1,0.996468648644791
0.0449600114545014,0.963687507168684,1,0.996411006929019
0.0453239930293136,0.963376787349046,1,0.996352420504868
0.0456909212801278,0.963063121068172,1,0.99629287376419
0.046060820062271,0.962746474004501,1,0.996232350836905
0.0464337134241949,0.962426811318872,1,0.996170835586468
0.0468096256090399,0.962104097645263,1,0.996108311605267
0.0471885810562108,0.96177829708137,1,0.996044762209925
0.0475706044029659,0.961449373179004,1,0.995980170436522
0.0479557204860185,0.961117288934323,1,0.995914519035733
0.0483439543431522,0.960782006777883,1,0.995847790467867
0.048735331214848,0.960443488564511,1,0.995779966897825
0.0491298765459258,0.960101695563005,1,0.995711030189958
0.0495276159871982,0.959756588445637,1,0.99564096190284
0.0499285753971387,0.959408127277476,1,0.995569743283929
0.0503327808435624,0.959056271505528,1,0.995497355264146
0.0507402586053209,0.958700979947676,1,0.995423778452345
0.051151035174011,0.958342210781421,1,0.995348993129681
0.0515651372556965,0.957979921532443,1,0.995272979243874
0.0519825917726449,0.957614069062948,1,0.995195716403368
0.0524034258650778,0.957244609559811,1,0.995117183871383
0.052827666892935,0.956871498522527,1,0.995037360559846
0.0532553424376533,0.956494690750939,1,0.994956225023226
0.0536864803039601,0.956114140332767,1,0.994873755452234
0.0541211085216805,0.955729800630916,1,0.99478992966742
0.0545592553475602,0.955341624270571,1,0.994704725112644
0.0550009492671021,0.954949563126071,1,0.99461811884842
0.0554462189964184,0.954553568307564,1,0.994530087545144
0.0558950934840979,0.954153590147437,1,0.994440607476188
0.0563476019130872,0.953749578186519,1,0.994349654510859
0.0568037737025889,0.953341481160049,1,0.994257204107236
0.0572636385099738,0.952929246983423,1,0.994163231304862
0.0577272262327089,0.952512822737694,1,0.994067710717298
0.0581945670103016,0.952092154654839,1,0.99397061652454
0.0586656912262587,0.951667188102794,1,0.993871922465283
0.0591406295100621,0.951237867570228,1,0.993771601829046
0.0596194127391598,0.950804136651088,1,0.993669627448139
0.0601020720409738,0.950365938028891,1,0.993565971689475
0.0605886387949234,0.949923213460758,1,0.993460606446236
0.0610791446344653,0.949475903761208,1,0.993353503129358
0.0615736214491506,0.949023948785685,1,0.993244632658872
0.0620721013866976,0.948567287413837,1,0.99313396545506
0.0625746168550822,0.948105857532523,1,0.993021471429454
0.0630812005246445,0.94763959601857,1,0.992907119975649
0.0635918853302131,0.947168438721258,1,0.992790879959939
0.0641067044732463,0.946692320444538,1,0.992672719711775
0.0646256914239905,0.946211174928982,1,0.99255260701403
0.0651488799236562,0.945724934833464,1,0.992430509093076
0.0656763039866118,0.945233531716563,1,0.992306392608666
0.066207997902595,0.944736896017693,1,0.992180223643614
0.0667439962389419,0.944234957037959,1,0.992051967693273
0.0672843338428345,0.943727642920723,1,0.991921589654804
0.0678290458435664,0.943214880631906,1,0.991789053816235
0.068378167654826,0.94269659593999,1,0.991654323845291
0.068931734977,0.942172713395747,1,0.991517362778021
0.0694897837994932,0.941643156311677,1,0.991378133007175
0.0700523504030693,0.941107846741164,1,0.991236596270368
0.0706194713622089,0.940566705457333,1,0.991092713637992
0.0711911835474879,0.940019651931631,1,0.990946445500892
0.0717675241279743,0.939466604312105,1,0.99079775155779
0.0723485305736446,0.938907479401395,1,0.990646590802461
0.07293424065782,0.938342192634431,1,0.990492921510635
0.0735246924596224,0.937770658055838,1,0.990336701226652
0.0741199243664497,0.937192788297046,1,0.990177886749826
0.0747199750764715,0.936608494553102,1,0.990016434120545
0.0753248836011454,0.936017686559191,1,0.989852298606079
0.0759346892677529,0.935420272566863,1,0.989685434686097
0.0765494317219563,0.934816159319952,1,0.98951579603789
0.0771691509303763,0.934205252030218,1,0.989343335521286
0.0777938871831903,0.933587454352678,1,0.989168005163252
0.0784236810967519,0.932962668360646,1,0.988989756142181
0.0790585736162311,0.932330794520482,1,0.988808538771849
0.0796986060182772,0.931691731666046,1,0.988624302485037
0.0803438199137014,0.931045376972852,1,0.988436995816817
0.0809942572501823,0.930391625931936,1,0.988246566387478
0.0816499603149936,0.929730372323436,1,0.988052960885107
0.0823109717377527,0.929061508189875,1,0.987856125047785
0.0829773344931926,0.928384923809158,1,0.987656003645429
0.0836490919039557,0.927700507667286,1,0.98745254046123
0.0843262876434102,0.927008146430788,1,0.987245678272712
0.0850089657384898,0.926307724918861,1,0.987035358832377
0.0856971705725559,0.925599126075242,1,0.986821522847948
0.0863909468882829,0.924882230939799,1,0.986604109962178
0.0870903397905676,0.924156918619849,1,0.986383058732239
0.087795394749461,0.923423066261203,1,0.986158306608652
0.0885061576031251,0.922680549018955,1,0.985929789913783
0.0892226745608124,0.921929240027991,1,0.985697443819855
0.0899449922058705,0.921169010373259,1,0.985461202326495
0.0906731574987708,0.920399729059768,1,0.985220998237793
0.091407217780161,0.91962126298235,1,0.984976763138856
0.0921472207739435,0.918833476895169,1,0.984728427371849
0.0928932145903777,0.918036233381,1,0.984475920011524
0.093645247729208,0.917229392820263,1,0.984219168840197
0.0944033690828169,0.916412813359839,1,0.983958100322178
0.0951676279394036,0.915586350881664,1,0.983692639577642
0.0959380739861886,0.914749858971099,1,0.983422710355919
0.0967147573126438,0.913903188885114,1,0.983148235008184
0.097497728413749,0.913046189520244,1,0.982869134459553
0.0982870381932753,0.912178707380379,1,0.982585328180539
0.0990827379670937,0.911300586544354,1,0.982296734157889
0.0998848794665118,0.910411668633372,1,0.982003268864749
0.100693514841637,0.909511792778258,1,0.981704847230167
0.101508696664767,0.908600795586558,1,0.981401382607906
0.102330477933808,0.907678511109491,1,0.981092786744552
0.10315891207572,0.906744770808768,1,0.980778969746895
0.103994052949988,0.905799403523284,1,0.980459840048576
0.10483595485213,0.904842235435696,1,0.980135304375961
0.105684672517218,0.903873090038902,1,0.979805267713246
0.106540261123446,0.90289178810243,1,0.979469633266756
0.107402776295708,0.901898147638756,1,0.979128302428423
0.108272274109224,0.900891983869548,1,0.978781174738423
0.109148811093176,0.899873109191881,1,0.97842814784695
0.11003244423439,0.898841333144401,1,0.978069117475099
0.11092323098104,0.897796462373481,1,0.977703977374844
0.111821229246378,0.896738300599376,1,0.977332619288082
0.112726497412507,0.895666648582394,1,0.97695493290472
0.113639094334169,0.894581304089087,1,0.976570805819776
0.114559079342577,0.893482061858517,1,0.976180123489472
0.115486512249268,0.892368713568569,1,0.975782769186301
0.116421453349997,0.891241047802366,1,0.975378623953016
0.117363963428651,0.890098850014789,1,0.974967566555545
0.118314103761204,0.888941902499131,1,0.974549473434774
0.119271936119701,0.887769984353901,1,0.974124218657188
0.120237522776272,0.886582871449803,1,0.973691673864336
0.121210926507183,0.885380336396922,1,0.97325170822107
0.122192210596917,0.88416214851212,1,0.972804188362563
0.123181438842284,0.882928073786696,1,0.972348978340031
0.124178675556577,0.88167787485431,1,0.971885939565153
0.125183985573745,0.880411310959219,1,0.971414930753148
0.126197434252612,0.879128137924842,1,0.970935807864462
0.127219087481126,0.877828108122681,1,0.970448424045042
0.128249011680643,0.876510970441643,1,0.969952629565147
0.129287273810244,0.875176470257779,1,0.969448271756668
0.130333941371088,0.873824349404483,1,0.9689351949489
0.131389082410804,0.872454346143181,1,0.968413240402748
0.132452765527909,0.871066195134545,1,0.967882246243292
0.133525059876274,0.869659627410269,1,0.967342047390704
0.134606035169616,0.868234370345452,1,0.966792475489432
0.13569576168603,0.866790147631613,1,0.966233358835643
0.136794310272563,0.865326679250393,1,0.965664522302841
0.137901752349813,0.863843681447978,1,0.965085787265638
0.139018159916578,0.862340866710286,1,0.964496971521606
0.140143605554534,0.860817943738978,1,0.963897889211176
0.141278162432955,0.859274617428311,1,0.963288350735511
0.14242190431347,0.857710588842917,1,0.962668162672312
0.143574905554856,0.856125555196529,1,0.962037127689487
0.144737241117876,0.854519209831722,1,0.961395044456641
0.145908986570152,0.852891242200721,1,0.960741707554298
0.147090218091073,0.85124133784733,1,0.960076907380827
0.148281012476756,0.849569178390034,1,0.959400430056972
0.149481447145032,0.847874441506351,1,0.958712057327949
0.15069160014048,0.846156800918483,1,0.95801156646302
0.151911550139505,0.844415926380322,1,0.957298730152487
0.153141376455451,0.842651483665912,1,0.956573316402019
0.154381159043753,0.84086313455939,1,0.955835088424256
0.155630978507143,0.839050536846519,1,0.955083804527594
0.156890916100885,0.837213344307862,1,0.954319218002083
0.158161053738059,0.835351206713678,1,0.953541077002344
0.159441473994887,0.833463769820634,1,0.952749124427442
0.1607322601161,0.831550675370394,1,0.951943097797601
0.162033496020352,0.829611561090188,1,0.951122729127689
0.163345266305675,0.827646060695435,1,0.950287744797377
0.16466765625498,0.82565380389453,1,0.949437865417875
0.166000751841599,0.823634416395867,1,0.948572805695143
0.167344639734876,0.821587519917216,1,0.947692274289483
0.168699407305804,0.819512732197542,1,0.946795973671408
0.170065142632699,0.817409667011378,1,0.945883599973667
0.171441934506935,0.815277934185867,1,0.944954842839338
0.172829872438709,0.81311713962056,1,0.944009385265852
0.174229046662864,0.810926885310125,1,0.943046903444847
0.175639548144754,0.808706769370055,1,0.942067066597724
0.177061468586161,0.806456386065515,1,0.941069536806778
0.178494900431252,0.804175325843461,1,0.94005396884178
0.179939936872594,0.801863175368147,1,0.93902000998188
0.18139667185721,0.799519517560182,1,0.937967299832685
0.182865200092687,0.797143931639267,1,0.936895470138378
0.184345617053333,0.794735993170758,1,0.935804144588734
0.185838018986386,0.792295274116215,1,0.934692938620881
0.187342502918271,0.789821342888099,1,0.93356145921565
0.188859166660905,0.787313764408776,1,0.932409304688359
0.19038810881806,0.784772100173995,1,0.931236064473869
0.191929428791772,0.782195908321025,1,0.930041318905736
0.193483226788801,0.779584743701632,1,0.928824638989293
0.195049603827152,0.776938157960081,1,0.92758558616848
0.196628661742637,0.774255699616353,1,0.926323712086234
0.198220503195496,0.7715369141548,1,0.925038558338262
0.199825231677076,0.768781344118422,1,0.923729656219976
0.201442951516552,0.765988529208997,1,0.92239652646642
0.203073767887718,0.76315800639329,1,0.921038678984952
0.204717786815819,0.76028931001556,1,0.919655612580486
0.206375115184445,0.757381971916613,1,0.918246814673063
0.208045860742482,0.754435521559657,1,0.916811761007532
0.209730132111114,0.751449486163191,1,0.915349915355086
0.21142803879089,0.748423390841223,1,0.913860729206448
0.213139691168835,0.745356758751068,1,0.912343641456412
0.214865200525637,0.742249111249015,1,0.910798078079525
0.21660467904287,0.739099968054175,1,0.909223451796614
0.218358239810298,0.735908847420776,1,0.907619161731903
0.22012599683322,0.732675266319257,1,0.905984593060434
0.221908065039887,0.729398740626455,1,0.904319116645494
0.223704560288971,0.726078785325247,1,0.902622088665774
0.225515599377096,0.722714914713964,1,0.90089285023192
0.227341300046436,0.719306642625957,1,0.899130726992189
0.229181780992365,0.715853482659679,1,0.897335028726865
0.231037161871177,0.712354948419662,1,0.895505048931109
0.232907563307865,0.708810553768778,1,0.893640064385897
0.234793106903962,0.705219813092213,1,0.891739334716681
0.236693915245447,0.701582241573552,1,0.889802101939425
0.238610111910714,0.697897355483417,1,0.887827589993618
0.24054182147861,0.694164672481121,1,0.885815004261892
0.24248916953653,0.690383711929776,1,0.883763531075837
0.244452282688584,0.68655399522536,1,0.881672337207609
0.246431288563827,0.682675046140226,1,0.879540569346897
0.248426315824557,0.678746391181547,1,0.877367353562834
0.250437494174681,0.674767559965263,1,0.875151794750382
0.252464954368146,0.670738085606026,1,0.87289297606075
0.25450882821744,0.666657505123743,1,0.870589958315365
0.256569248602162,0.662525359867266,1,0.868241779402917
0.258646349477661,0.658341195955843,1,0.865847453658968
0.260740265883745,0.654104564738927,1,0.863405971227634
0.26285113395346,0.649815023274988,1,0.860916297404795
0.26497909092194,0.645472134829973,1,0.858377371962315
0.267124275135332,0.641075469396088,1,0.855788108452706
0.269286826059784,0.636624604231571,1,0.853147393493686
0.271466884290521,0.632119124422207,1,0.850454086032037
0.273664591560979,0.627558623465269,1,0.847707016586194
0.275880090752022,0.62294270387666,1,0.844904986466943
0.278113525901229,0.618270977822026,1,0.842046766975623
0.280365042212264,0.61354306777262,1,0.839131098579206
0.282634786064309,0.608758607186741,1,0.836156690061605
0.284922905021585,0.603917241217563,1,0.833122217650572
0.287229547842946,0.599018627448232,1,0.83002632411952
0.289554864491548,0.594062436655092,1,0.826867617863597
0.291899006144599,0.589048353599929,1,0.823644671949342
0.294262125203191,0.58397607785217,1,0.820356023137237
0.296644375302202,0.57884532464195,1,0.817000170876463
0.299045911320291,0.573655825745026,1,0.813575576271171
0.301466889389963,0.568407330400505,1,0.810080661017585
0.303907466907719,0.563099606262381,1,0.806513806311241
0.306367802544292,0.557732440385903,1,0.802873351723675
0.308848056254963,0.5523056402498,1,0.799157594047911
0.311348389289956,0.546819034815421,1,0.795364786112059
0.313868964204927,0.541272475623859,1,0.791493135560426
0.316409944871527,0.535665837932133,1,0.787540803601488
0.318971496488059,0.529999021889532,1,0.783505903722184
0.321553785590219,0.524271953755235,1,0.779386500367971
0.324156980061919,0.518484587158323,1,0.775180607588174
0.326781249146208,0.512636904401326,1,0.770886187646201
0.329426763456268,0.506728917808439,1,0.766501149594292
0.332093694986511,0.500760671119574,1,0.762023347812545
0.33478221712376,0.494732240931393,1,0.757450580512084
0.337492504658521,0.488643738186493,1,0.752780588202349
0.340224733796346,0.482495309711925,1,0.748011052122683
0.34297908216929,0.476287139808208,1,0.743139592638514
0.34575572884746,0.47001945189004,1,0.738163767602713
0.348554854350656,0.463692510179864,1,0.733081070682907
0.351376640660105,0.457306621455515,1,0.727888929655874
0.354221271230297,0.450862136853138,1,0.722584704670478
0.357088931000911,0.444359453726589,1,0.717165686481021
0.359979806408833,0.437799017564577,1,0.711629094653384
0.362894085400285,0.431181323966786,1,0.705972075746917
0.365831957443038,0.424506920680312,1,0.700191701475696
0.368793613538733,0.417776409697743,1,0.694284966853583
0.371779246235299,0.410990449418348,1,0.688248788328478
0.374789049639468,0.40414975687388,1,0.682080001912234
0.377823219429398,0.397255110020669,1,0.67577536131405
0.380881952867393,0.390307350099857,1,0.669331536086729
0.383965448812729,0.383307384067827,1,0.662745109796985
0.387073907734582,0.376256187099196,1,0.65601257823324
0.390207531725059,0.369154805165147,1,0.649130347666932
0.393366524512341,0.36200435769031,1,0.642094733186473
0.396551091473924,0.354806040292089,1,0.634901957126748
0.399761439649975,0.347561127607111,1,0.627548147621509
0.402997777756789,0.340270976210481,1,0.620029337311389
0.406260316200361,0.332937027634836,1,0.612341462246796
0.409549267090063,0.325560811497818,1,0.604480361032733
0.412864844252438,0.318143948748625,1,0.596441774272208
0.416207263245094,0.310688155046936,1,0.588221344376471
0.419576741370729,0.303195244290754,1,0.579814615824548
0.422973497691249,0.295667132313897,1,0.571217035972048
0.426397753042013,0.28810584077906,1,0.562423956530695
0.429849730046193,0.280513501299064,1,0.553430635866798
0.433329653129245,0.272892359827306,1,0.544232242300078
0.436837748533501,0.265244781369132,1,0.534823858625821
0.440374244332875,0.257573255079539,1,0.525200488135657
0.443939370447695,0.249880399830102,1,0.515357062478326
0.447533358659647,0.24216897035047,1,0.505288451785923
0.451156442626847,0.23444186407881,1,0.494989477598701
0.454808857899031,0.226702128893172,1,0.484454929260154
0.458490841932869,0.218952971944758,1,0.473679584633843
0.462202634107401,0.211197769878465,1,0.462658236228282
0.465944475739604,0.203440080810914,1,0.451385724125244
0.469716610100076,0.195683658549125,1,0.439856977516951
0.473519282428857,0.187932469684251,1,0.428067067206371
0.477352739951367,0.180190714399096,1,0.416011272165684
0.481217231894485,0.172462852106631,1,0.403685164257898
0.485113009502749,0.164753633419767,1,0.391084716616771
0.48904032605469,0.157068140485011,1,0.378206443114642
0.492999436879299,0.149411838460387,1,0.365047579069377
0.496990599372628,0.14179064198021,1,0.351606317216292
0.501014073014524,0.134211001976513,1,0.33788211855592
0.505070119385497,0.126680020450035,1,0.323876125843567
0.509159002183727,0.119205604062361,1,0.309591719556897
0.513280987242209,0.111796672320724,1,0.295035274292589
0.517436342546036,0.104463443548205,1,0.280217201116195
0.52162533824982,0.0972178332180278,1,0.265153403946768
0.525848246695256,0.0900740169044767,1,0.249867344604612
0.53010534242883,0.0830492377857193,1,0.234393016356979
0.534396902219665,0.0761649821571024,1,0.218779293243708
0.538723205077517,0.0694487143963886,1,0.203096388538736
0.543084532270915,0.0629364661169529,1,0.187445570730235
0.547481167345445,0.0566767196560296,1,0.171973897639645
0.551913396142186,0.0507361895696672,1,0.156896501518094
0.556381506816292,0.0452081425708702,1,0.142529463159596
0.560885789855729,0.0402232878581981,1,0.129334828436745
0.565426538100157,0.0359606093491664,1,0.117970824888276
0.570004046759971,0.0326483431284627,1,0.109315158236632
0.574618613435493,0.0305341830445426,1,0.104385817275486
0.57927053813632,0.0298063075802868,1,0.104079648136765
0.583960123300829,0.0298791997468368,0.985,0.104539832875628
0.588687673815839,0.0299457843262317,0.969,0.104816877866161
0.593453497036433,0.0300039224248796,0.953,0.105035904068472
0.59825790280594,0.0300524001441497,0.938,0.105336432372788
0.603101203476082,0.0300927907792719,0.923,0.105582964801032
0.607983713927275,0.030124268788983,0.908,0.105771169333104
0.612905751589107,0.0301467450391074,0.893,0.105899304413304
0.61786763646097,0.0301609292451844,0.878,0.105968453146681
0.622869691132867,0.0301666011189453,0.864,0.106136184447117
0.627912240806387,0.0301643419282916,0.85,0.106249281343935
0.632995613315842,0.0301530316563185,0.835,0.106136640756261
0.638120139149584,0.0301331239980774,0.822,0.106295740791201
0.643286151471491,0.0301045838360721,0.808,0.106227822972055
0.648493986142629,0.0300690975826291,0.794,0.106103256683564
0.653743981743082,0.0300239409587474,0.781,0.106088891143778
0.65903647959397,0.029971263836357,0.768,0.106019258472293
0.664371823779637,0.0299105726998239,0.755,0.105891279661195
0.669750361170023,0.0298421396931647,0.742,0.105704604916215
0.67517244144321,0.0297655862066283,0.73,0.105646991002927
0.680638417108163,0.0296806247792881,0.717,0.105338399086233
0.686148643527643,0.0295878120971071,0.705,0.1051635672383
0.691703478941312,0.0294874864078333,0.693,0.104932021646781
0.697303284489025,0.0293791912353581,0.681,0.104640870866919
0.702948424234306,0.0292632535902277,0.669,0.104290041344545
0.708639265188016,0.029140832163964,0.658,0.104092124942477
0.714376177332221,0.0290081349141534,0.646,0.103616162839974
0.720159533644237,0.0288695943875234,0.635,0.10329949052145
0.725989710120885,0.0287237387266517,0.624,0.102925974587233
0.731867085802933,0.028569729662544,0.613,0.102491412680168
0.737792042799738,0.028407491615831,0.602,0.101994366516285
0.743764966314091,0.0282378114846126,0.591,0.101436543024847
0.749786244667259,0.0280624589053376,0.58,0.10082323670123
0.755856269324229,0.0278773789196067,0.57,0.100374440047156
0.761975434919166,0.0276867910811462,0.56,0.0998751311988708
0.768144139281058,0.0274890619602314,0.55,0.0993183188057336
0.774362783459591,0.0272832552180167,0.54,0.0986995334634962
0.780631771751216,0.027069228392501,0.53,0.0980172145092422
0.786951511725437,0.0268477504803454,0.52,0.0972731628429005
0.793322414251308,0.0266206448098299,0.51,0.0964730721096008
0.799744893524145,0.0263851711630624,0.501,0.0958644837780122
0.806219367092452,0.0261445359608274,0.491,0.0949444026922328
0.812746255885072,0.0258935394753631,0.482,0.094213042627314
0.819325984238547,0.0256364636799828,0.473,0.0934266719914841
0.825958979924714,0.0253725795759224,0.464,0.0925817512220679
0.832645674178507,0.0251020665864375,0.455,0.091678106929403
0.839386501726,0.0248255707626223,0.447,0.0909944239791236
0.846181900812665,0.0245374100933492,0.438,0.0899577423069322
0.853032313231866,0.0242464260834068,0.429,0.0888741114442274
0.859938184353586,0.0239443620218616,0.421,0.0879981348720513
0.866899963153375,0.0236381715337113,0.413,0.0870747354355323
0.873918102241541,0.0233254440098783,0.405,0.0860942967863807
0.88099305789258,0.0230039602704683,0.396,0.0847540010119877
0.888125290074835,0.0226745648000929,0.389,0.0839380221914124
0.895315262480405,0.0223358837734818,0.381,0.0827590116520212
0.902563442555289,0.0219900088774742,0.373,0.0815181816820613
0.909870301529772,0.0216400485693698,0.365,0.0802267471262572
0.917236314449071,0.0212798621333639,0.358,0.0791669310996247
0.924661960204211,0.0209144944082628,0.35,0.0777484140353681
0.932147721563161,0.020537283524886,0.343,0.0765587398822634
0.939694085202226,0.0201558675552576,0.336,0.0753206069400773
0.94730154173768,0.0197674170133332,0.329,0.0740230681754325
0.954970585757668,0.0193699697289733,0.322,0.0726584466995818
0.962701715854358,0.0189626519209374,0.315,0.0712232388864459
0.970495434656357,0.0185459650428952,0.308,0.0697192543774372
0.978352248861393,0.0181221606054324,0.301,0.068155066770222
0.986272669269249,0.0176957283511272,0.294,0.0665478558704908
0.994257210814977,0.0172515285246513,0.288,0.0651574230181013
1.00230639260238,0.0168055797877184,0.281,0.0634113259291687
1.01042073793774,0.0163436934222844,0.275,0.0618890157067195
1.01860077436388,0.0158825316683654,0.269,0.0603370350958495
1.02684703369442,0.0154067185621184,0.262,0.0583830678940014
1.03516005204838,0.0149165394142847,0.256,0.0566576836518503
1.04354036988501,0.0144192833874173,0.25,0.0548738917249062
1.05198853203896,0.0139135992181883,0.244,0.0530271487139855
1.06050508775566,0.0134001869933166,0.238,0.0511209367187935
1.06909059072708,0.0128826054418132,0.232,0.0491699104792128
1.07774559912768,0.0123332798789942,0.227,0.0473656959517726
1.08647067565072,0.0117788217828853,0.221,0.0452148055824795
1.09526638754485,0.0112372124268304,0.215,0.0430888068603581
1.10413330665098,0.0106419917808147,0.21,0.0410127257587086
1.11307200943943,0.0100766196932272,0.205,0.0390176252376409
1.12208307704748,0.00945798599407865,0.199,0.0365200647340023
1.13116709531708,0.00884142165950661,0.194,0.034269280066096
1.14032465483296,0.00822684797800812,0.189,0.0319954363098967
1.14955635096105,0.0076047202696775,0.184,0.0296631528328188
1.15886278388715,0.00694474057089082,0.178,0.0269381575914922
1.16824455865599,0.00627244097651986,0.173,0.0243720076629569
1.17770228521052,0.00560038958536004,0.168,0.0217855775546815
1.18723657843162,0.00486867818557144,0.164,0.0191169540164777
1.196848058178,0.00410466234546359,0.159,0.0161193747421214
1.20653734932659,0.00334063706279523,0.154,0.0131116375805422
1.21630508181309,0.00267115614245958,0.149,0.0104701185247592
1.22615189067297,0.00181525245613442,0.145,0.00717139219175392
1.23607841608273,0.00105249625690527,0.14,0.00414676202929437
1.24608530340153,0.000527984327738912,0.136,0.00209491000420858
1.25617320321316,0.00104051677717752,0.131,0.0041106261543184
1.2663427713683,0.0016934322203037,0.127,0.00673042495300271
1.2765946690272,0.00274119463204723,0.123,0.0109562785399432
1.28692956270265,0.00373161655998094,0.118,0.0148089064367411
1.29734812430331,0.00465100732678811,0.114,0.0185365773217318
1.30785103117737,0.00567779328618145,0.11,0.0227132099083982
1.31843896615665,0.00677044881522309,0.106,0.0271685315184886
1.32911261760091,0.00791625593455186,0.102,0.0318435583568108
1.33987267944269,0.00911718379010178,0.098,0.0367353849002358
1.35071985123233,0.0103841993297601,0.094,0.0418744319954425
1.36165483818355,0.0117351552163208,0.09,0.0473153107714302
1.37267835121923,0.0131481290537939,0.087,0.0538611556428266
1.38379110701763,0.0145584506522176,0.083,0.0595421114784877
1.39499382805904,0.0161121997908693,0.079,0.0657043310927535
1.4062872426727,0.0178172911315921,0.076,0.0737775829272065
1.41767208508414,0.0195099006933906,0.072,0.0803783945816094
1.42914909546299,0.0214673630265599,0.068,0.0878333196179869
1.440719019971,0.0234034400905776,0.065,0.0971078481934596
1.45238261081064,0.0256082316906477,0.062,0.107778859122506
1.46414062627396,0.0279558848262566,0.058,0.116328535600841
1.47599383079187,0.0304701887446383,0.055,0.128458677154196
1.48794299498388,0.033139886966981,1,50.5322575808279
1.4999888957082,0.0311986516903058,1,54.5659410967932
1.5121323161122,0.0292655421414102,1,59.1303483595508
1.52437404568338,0.0273416422586242,1,64.3316299441042
1.53671488030065,0.0254283291902508,1,70.3051042054076
1.54915562228612,0.0235273919232778,1,77.2254708042824
1.56169708045722,0.0216412083471638,1,85.321282678097
1.57434007017931,0.0197730164075901,1,94.8955906236693
1.58708541341869,0.0179273410470755,1,106.35535535323
1.59993393879601,0.0161106867021944,1,120.252554155229
1.61288648164017,0.0143326956107099,1,137.338100949217
1.62594388404263,0.0126081431228161,1,158.619416874852
1.63910699491214,0.01096045201423,1,185.372853583487
1.65237667002994,0.00942788353659997,1,218.930663677783
1.6657537721054,0.00807379091895043,1,259.698287519945
1.67923917083208,0.00699968546765049,1,304.280342273765
1.69283374294433,0.00634623375392721,1,340.896625194181
1.70653837227424,0.00624380434350512,1,351.93038543785
1.7203539498091,0.00671484629627985,1,332.367544107782
1.73428137374936,0.00765178969142342,1,296.225220643927
1.74832154956701,0.00890679431708072,1,258.449749112265
1.76247539006444,0.0103632498405478,1,225.577880527498
1.77674381543379,0.0119462577160987,1,198.718516201409
1.79112775331676,0.0136104928564641,1,177.115759755446
1.80562813886497,0.0153284477426249,1,159.689782679648
1.82024591480069,0.0170829857814885,1,145.492117427108
1.83498203147818,0.0188630770190235,1,133.783512650177
1.84983744694544,0.0206613880303179,1,124.008578601844
1.86481312700654,0.0224728956959663,1,115.753122502374
1.87991004528435,0.024294067205717,1,108.706798859954
1.89512918328392,0.0261223598975272,1,102.634784315634
1.91047153045619,0.0279559068689072,1,97.3572951240227
1.92593808426241,0.0297933137039533,1,92.7349859653396
1.94152985023894,0.0316335235857785,1,88.6585421947039
1.95724784206263,0.0334757256412096,1,85.041212769242
1.97309308161673,0.0353192913038958,1,81.8134013487681
1.98906659905733,0.0371637292552526,1,78.9187052181732
2.00516943288031,0.0390086529440018,1,76.3109813747138
2.0214026299889,0.0408537567871024,1,73.9521487629686
2.03776724576168,0.0426987984684799,1,71.8105238149542
2.05426434412127,0.0445435855904538,1,69.8595465849291
2.07089499760343,0.0463879654786265,1,68.076796045628
2.08766028742684,0.0482318173028809,1,66.4432216914241
2.10456130356336,0.0500750459211437,1,64.9425385715315
2.12159914480891,0.0519175770196984,1,63.5607469821101
2.1387749188549,0.0537593532399731,1,62.2857481069097
2.15608974236026,0.0556003310635601,1,61.1070341436815
2.17354474102402,0.0574404782855849,1,60.0154367255114
2.19114104965849,0.0592797719486916,1,59.0029213172209
2.20887981226306,0.0611181966406631,1,58.0624181350368
2.22676218209858,0.0629557430813848,1,57.1876822811827
2.24478932176229,0.0647924069417512,1,56.373177400234
2.26296240326347,0.0666281878498113,1,55.6139783908557
2.28128260809959,0.0684630885490802,1,54.9056896453458
2.29975112733314,0.0702971141812939,1,54.244376013029
2.31836916166905,0.0721302716715571,1,53.6265042451274
2.33713792153279,0.0739625691982278,1,53.048893117434
2.35605862714901,0.075794015733314,1,52.5086707719629
2.37513250862094,0.0776246206418683,1,52.0032380914324
2.39436080601029,0.0794543933309891,1,51.530237137311
2.41374476941791,0.0812833429407556,1,51.0875238555553
2.43328565906507,0.0831114780707737,1,50.6731443935567
2.45298474537537,0.0849388065371126,1,50.2853144844051
2.47284330905736,0.0867653351552987,1,49.9224014459666
2.49286264118777,0.0885910695457556,1,49.582908416788
2.51304404329547,0.0904160139586689,1,49.2654605118663
2.53338882744608,0.092240171115739,1,48.9687926315105
2.5538983163273,0.0940635420666887,1,48.6917386979661
2.57457384333485,0.095886126058716,1,48.4332221288295
2.59541675265918,0.0977079204173659,1,48.1922473848601
2.61642839937291,0.0995289204375208,1,47.9678924536743
2.63761014951883,0.101349119283406,1,47.7593021508009
2.65896338019882,0.103168507896661,1,47.5656821364021
2.68048947966327,0.104987074911681,1,47.3862935601384
2.70218984740145,0.106804806577528,1,47.2204482586672
2.7240658942324,0.108621686685834,1,47.067504440439
2.74611904239671,0.110437696504175,1,46.9268628011301
2.76835072564895,0.112252814714505,1,46.7979630204393
2.7907623893509,0.114067017356257,1,46.6802805973147
2.81335549056553,0.11588027777382,1,46.5733239860995
2.83613149815172,0.117692566568096,1,46.4766320007619
2.85909189285972,0.119503851551928,1,46.3897714583991
2.88223816742749,0.121314097709204,1,46.3123350366881
2.90557182667769,0.123123267157462,1,46.2439393229715
2.92909438761552,0.12493131911387,1,46.1842230352837
2.95280737952738,0.12673820986447,1,46.1328453979009
2.97671234408028,0.128543892736579,1,46.0894846559865
3.00081083542203,0.130348318074301,1,46.0538367156366
3.02510442028234,0.132151433217058,1,46.0256138971501
3.04959467807464,0.133953182481122,1,46.0045437906807
3.07428320099879,0.135753507144107,1,45.990368204599
3.09917159414457,0.137552345432395,1,45.9828421979216
3.12426147559604,0.139349632511493,1,45.9817331890778
3.14955447653674,0.141145300479309,1,45.9868201340803
3.17505224135575,0.142939278362359,1,45.9978927678835
3.20075642775457,0.144731492114905,1,46.0147509033396
3.22666870685493,0.146521864621052,1,46.037203782721
3.2527907633074,0.148310315699802,1,46.0650694772754
3.27912429540095,0.150096762113111,1,46.0981743307247
3.30567101517332,0.15188111757696,1,46.1363524430088
3.33243264852235,0.153663292775475,1,46.1794451909314
3.35941093531822,0.155443195378118,1,46.227300782679
3.38660762951648,0.157220730059985,1,46.2797738434666
3.41402449927217,0.158995798525248,1,46.3367250298146
3.44166332705473,0.160768299533753,1,46.398020670193
3.46952590976386,0.162538128930835,1,46.4635324299677
3.49761405884643,0.164305179680341,1,46.5331369987726
3.52592960041413,0.16606934190093,1,46.6067157985927
3.5544743753623,0.167830502905639,1,46.6841547109952
3.58325023948954,0.169588547244774,1,46.7653438220801
3.61225906361841,0.171343356752114,1,46.8501771838431
3.64150273371703,0.173094810594474,1,46.9385525907547
3.6709831510217,0.174842785324623,1,47.0303713704594
3.7007022321605,0.176587154937582,1,47.1255381875892
3.73066190927794,0.178327790930289,1,47.2239608597695
3.76086413016048,0.180064562364664,1,47.325550184968
3.7913108583633,0.181797335934038,1,47.4302197794067
3.82200407333782,0.18352597603296,1,47.5378859253215
3.85294577056047,0.185250344830361,1,47.6484674279044
3.88413796166242,0.186970302346057,1,47.761885480823
3.91558267456034,0.188685706530561,1,47.8780635397504
3.94728195358824,0.190396413348185,1,47.9969272033905
3.97923785963041,0.192102276863383,1,48.1184041015139
4.01145247025537,0.193803149330285,1,48.2424237895659
4.04392787985098,0.195498881285394,1,48.3689176494301
4.07666619976054,0.197189321643358,1,48.4978187959718
4.10966955842014,0.198874317795777,1,48.6290619890048
4.14294010149697,0.200553715712945,1,48.7625835503565
4.17647999202884,0.202227360048482,1,48.8983212857244
4.21029141056481,0.203895094246725,1,49.0362144110468
4.24437655530697,0.205556760652824,1,49.1762034831182
4.27873764225331,0.207212200625407,1,49.3182303342112
4.31337690534184,0.208861254651722,1,49.4622380104737
4.34829659659578,0.210503762465136,1,49.6081707138888
4.38349898627002,0.212139563164852,1,49.7559737476026
4.41898636299867,0.21376849533773,1,49.9055934644328
4.45476103394389,0.215390397182063,1,50.0569772183837
4.49082532494586,0.21700510663315,1,50.2100733190125
4.52718158067401,0.218612461490534,1,50.364830988487
4.56383216477945,0.220212299546725,1,50.5212003212007
4.60077946004863,0.221804458717255,1,50.6791322458078
4.63802586855826,0.223388777171879,1,50.8385784895563
4.67557381183149,0.224965093466754,1,50.9994915448001
4.71342573099534,0.226533246677402,1,51.1618246375824
4.75158408693936,0.228093076532279,1,51.3255316981837
4.79005136047569,0.229644423546745,1,51.4905673335402
4.8288300525003,0.231187129157238,1,51.6568868014382
4.86792268415562,0.232721035855459,1,51.8244459863988
4.9073317969944,0.234245987322351,1,51.9932013771702
4.94705995314498,0.23576182856167,1,52.1631100457508
4.98710973547785,0.237268406032935,1,52.3341296278681
5.02748374777359,0.238765567783544,1,52.5062183048455
5.06818461489212,0.240253163579841,1,52.6793347867892
5.10921498294339,0.241731045036931,1,52.8534382970332
5.15057751945938,0.243199065747001,1,53.028488557782
5.19227491356753,0.244657081405966,1,53.204445776895
5.23430987616559,0.246104949938203,1,53.3812706357563
5.27668514009784,0.247542531619173,1,53.5589242781803
5.31940346033281,0.248969689195713,1,53.7373683003016
5.36246761414231,0.250386288003802,1,53.9165647414033
5.40588040128206,0.25179219608359,1,54.0964760756361
5.44964464417369,0.253187284291495,1,54.2770652045871
5.49376318808822,0.254571426409174,1,54.4582954506547
5.53823890133107,0.255944499249175,1,54.6401305511898
5.58307467542852,0.257306382757089,1,54.8225346533646
5.6282734253157,0.258656960110037,1,55.0054723097314
5.67383808952611,0.259996117811291,1,55.188908474437
5.71977163038263,0.261323745780912,1,55.3728085000553
5.76607703419018,0.262639737442202,1,55.5571381350071
5.81275731142981,0.263943989803866,1,55.7418635215334
5.85981549695445,0.265236403537718,1,55.9269511941917
5.90725465018618,0.266516883051815,1,56.1123680788446
5.9550778553152,0.267785336558904,1,56.2980814921114
6.00328822150028,0.269041676140059,1,56.4840591412544
6.05188888307094,0.270285817803434,1,56.6702691244738
6.10088299973121,0.271517681538012,1,56.8566799315812
6.15027375676503,0.272737191362307,1,57.0432604450304
6.20006436524339,0.273944275367925,1,57.2299799412767
6.25025806223304,0.27513886575795,1,57.4168080924423
6.30085811100697,0.276320898880097,1,57.603714968265
6.35186780125658,0.277490315254609,1,57.790671038305
6.4032904493055,0.278647059596869,1,57.9776471743902
6.45512939832528,0.27979108083473,1,58.1646146532774
6.50738801855264,0.28092233212055,1,58.3515451595092
6.5600697075087,0.28204077083795,1,58.5384107884461
6.61317789021976,0.283146358603332,1,58.7251840494545
6.66671601944003,0.284239061262169,1,58.9118378692329
6.72068757587607,0.285318848880131,1,59.0983455952564
6.77509606841312,0.286385695729097,1,59.2846809993242
6.82994503434323,0.287439580268113,1,59.4708182811909
6.88523803959517,0.28848048511939,1,59.6567320722678
6.94097867896634,0.289508397039403,1,59.8423974393767
6.99717057635642,0.29052330688521,1,60.0277898885429
7.05381738500302,0.291525209576082,1,60.2128853688108
7.11092278771915,0.292514104050552,1,60.3976602760717
7.16849049713269,0.293489993219019,1,60.5820914568872
7.22652425592773,0.294452883912021,1,60.7661562122977
7.28502783708792,0.295402786824316,1,60.9498323016045
7.34400504414174,0.296339716454913,1,61.1330979461123
7.40345971140979,0.297263691043196,1,61.3159318328232
7.46339570425412,0.298174732501305,1,61.4983131180714
7.52381691932944,0.299072866342911,1,61.6802214310893
7.58472728483652,0.299958121608571,1,61.8616368774955
7.64613076077758,0.300830530787807,1,62.0425400426979
7.70803133921369,0.301690129738091,1,62.2229119952028
7.77043304452438,0.302536957600904,1,62.4027342898239
7.83333993366922,0.303371056715041,1,62.5819889707836
7.8967560964516,0.30419247252734,1,62.7606585747023
7.96068565578463,0.305001253501005,1,62.9387261334691
8.02513276795918,0.305797451021713,1,63.1161751769902
8.0901016229141,0.306581119301667,1,63.2929897358096
8.1555964445086,0.307352315281779,1,63.4691543435999
8.22162149079689,0.308111098532163,1,63.6446540395191
8.28818105430498,0.308857531151098,1,63.8194743704326
8.35527946230978,0.309591677662654,1,63.9936013929958
8.42292107712042,0.310313604913125,1,64.1670216755993
8.49111029636188,0.311023381966465,1,64.3397223001733
8.55985155326084,0.311721079998863,1,64.5116908638516
8.62914931693396,0.312406772192645,1,64.6829154804974
8.6990080926784,0.313080533629635,1,64.8533847820886
8.76943242226473,0.313742441184146,1,65.0230879199662
8.84042688423224,0.314392573415735,1,65.1920145659468
8.91199609418655,0.315031010461882,1,65.3601549133018
8.98414470509972,0.315657833930719,1,65.5274996776058
9.05687740761276,0.316273126793936,1,65.6940400974581
9.13019893034057,0.316876973280017,1,65.8597679350795
9.20411404017939,0.317469458767904,1,66.0246754767918
9.27862754261669,0.31805066968121,1,66.1887555333806
9.35374428204358,0.318620693383109,1,66.3520014403495
9.42946914206979,0.319179618071979,1,66.5144070580705
9.50580704584116,0.319727532677921,1,66.6759667718359
9.58276295635973,0.320264526760238,1,66.8366754918188
9.66034187680636,0.320790690405948,1,66.9965286529483
9.73854885086602,0.321306114129434,1,67.1555222147075
9.81738896305574,0.321810888773283,1,67.3136526608612
9.89686733905512,0.322305105410392,1,67.4709169991211
9.97698914603958,0.322788855247403,1,67.627312760757
10.0577595930163,0.323262229529512,1,67.7828380001635
10.139183931163,0.323725319446708,1,67.9374912943893
10.221267454169,0.324178216041488,1,68.0912717426402
10.3040154985798,0.324621010118067,1,68.2441789657652
10.3874334441436,0.325053792153139,1,68.3962131057344
10.4715267141616,0.325476652208185,1,68.5473748251213
10.5563007758401,0.325889679843372,1,68.6976653065979
10.6417611406461,0.326292964033038,1,68.8470862524552
10.7279133646656,0.326686593082776,1,68.9956398841604
10.814763048965,0.327070654548126,1,69.1433289419605
10.902315839955,0.327445235154863,1,69.2901566845475
10.9905774297578,0.327810420720871,1,69.4361268887943
11.0795535565772,0.3281662960796,1,69.5812438495761
11.1692500050717,0.328512945005082,1,69.7255123796891
11.2596726067303,0.32885045013848,1,69.8689378098808
11.350827240252,0.329178892916147,1,70.0115259890031
11.4427198319278,0.329498353499166,1,70.1532832843059
11.535356356026,0.329808910704331,1,70.2942165818815
11.6287428351806,0.330110641936523,1,70.4343332872778
11.7228853407829,0.33040362312246,1,70.5736413262919
11.8177899933763,0.330687928645741,1,70.7121491459631
11.9134629630538,0.330963631283158,1,70.8498657157775
12.0099104698599,0.33123080214222,1,70.9868005291031
12.1071387841942,0.331489510599807,1,71.1229636048696
12.2051542272196,0.331739824241929,1,71.2583654895124
12.3039631712731,0.331981808804491,1,71.3930172591954
12.4035720402798,0.332215528115029,1,71.5269305223323
12.5039873101711,0.33244104403531,1,71.6601174224249
12.6052155093052,0.332658416404762,1,71.7925906412358
12.7072632188919,0.33286770298463,1,71.9243634023163
12.8101370734203,0.333068959402791,1,72.0554494749088
12.9138437610901,0.333262239099146,1,72.1858631782444
13.0183900242466,0.333447593271505,1,72.3156193862582
13.1237826598188,0.333625070821878,1,72.444733532741
13.2300285197614,0.333794718303087,1,72.5732216169546
13.3371345115004,0.333956579865605,1,72.7011002097296
13.4451075983821,0.334110697204532,1,72.8283864600739
13.5539548001256,0.334257109506612,1,72.9550981023145
13.6636831932795,0.33439585339719,1,73.0812534637984
13.7742999116818,0.334526962887019,1,73.2068714731827
13.8858121469236,0.334650469318802,1,73.3319716693378
13.998227148817,0.334766401313378,1,73.4565742108961
14.111552225866,0.334874784715433,1,73.5806998864751
14.225794745742,0.334975642538644,1,73.7043701256061
14.3409621357626,0.335068994910115,1,73.8276070104029
14.4570618833745,0.335154859014036,1,73.9504332880035
14.5741015366405,0.3352332490344,1,74.0728723838207
14.6920887047298,0.335304176096698,1,74.1949484156398
14.8110310584131,0.335367648208444,1,74.3166862086022
14.9309363305612,0.335423670198425,1,74.4381113111149
15.0518123166476,0.335472243654534,1,74.5592500117307
15.1736668752555,0.335513366860063,1,74.6801293570419
15.2965079285884,0.335547034728323,1,74.8007771706357
15.4203434629857,0.33557323873545,1,74.9212220731611
15.5451815294413,0.335591966851255,1,75.0414935035581
15.6710302441275,0.335603203467985,1,75.161621741505
15.7978977889225,0.335606929326834,1,75.2816379311388
15.9257924119422,0.335603121442052,1,75.4015741061131
16.0547224280766,0.335591753022512,1,75.5214632160529
16.1846962195303,0.335572793390554,1,75.6413391544751
16.3157222363676,0.335546207897948,1,75.7612367882458
16.4478089970617,0.33551195783881,1,75.8811919886478
16.5809650890484,0.335470000359288,1,76.0012416641373
16.7151991692849,0.335420288363838,1,76.1214237948722
16.8505199648121,0.335362770417907,1,76.2417774691009
16.9869362733223,0.335297390646819,1,76.3623429215023
17.1244569637308,0.335224088630679,1,76.4831615735781
17.2630909767531,0.335142799295068,1,76.6042760761969
17.4028473254854,0.335053452797335,1,76.7257303544032
17.5437350959913,0.334955974408254,1,76.8475696546073
17.6857634478922,0.334850284388805,1,76.9698405942771
17.8289416149626,0.334736297861869,1,77.0925912142655
17.9732789057308,0.334613924678563,1,77.2158710339095
18.1187847040838,0.334483069278972,1,77.3397311090502
18.2654684698776,0.334343630547005,1,77.4642240931289
18.4133397395519,0.334195501659109,1,77.5894043015251
18.5624081267505,0.33403856992654,1,77.7153277793149
18.7126833229461,0.333872716630908,1,77.842052372634
18.8641750980704,0.333697816852673,1,77.9696378038496
19.0168933011491,0.333513739292278,1,78.098145750749
19.1708478609426,0.333320346083579,1,78.2276399299758
19.3260487865912,0.333117492599231,1,78.3581861849515
19.482506168266,0.332905027247662,1,78.489852578542
19.6402301778248,0.332682791261258,1,78.6227094907423
19.7992310694735,0.332450618475371,1,78.7568297216721
19.9595191804325,0.332208335097742,1,78.8922886001959
20.1211049316092,0.331955759467914,1,79.0291640985
20.2839988282751,0.331692701806192,1,79.1675369529851
20.4482114607491,0.331418963951703,1,79.3074907918536
20.6137535050858,0.331134339089059,1,79.449112269803
20.7806357237695,0.330838611463153,1,79.5924912102589
20.9488689664142,0.330531556081553,1,79.7377207556191
21.118464170469,0.330212938403974,1,79.8848975260076
21.2894323619287,0.32988251401826,1,80.0341217870772
21.4617846560511,0.329540028302315,1,80.1854976274391
21.6355322580795,0.329185216071372,1,80.3391331463353
21.8106864639712,0.328817801209995,1,80.4951406522234
21.987258661132,0.328437496288152,1,80.6536368729838
22.165260329156,0.328044002160728,1,80.8147431785229
22.3447030405729,0.327637007549749,1,80.9785858165944
22.5255984615994,0.327216188608651,1,81.1452961627342
22.7079583528983,0.326781208467828,1,81.3150109852635
22.8917945703429,0.326331716760724,1,81.4878727263987
23.0771190657875,0.325867349129689,1,81.6640298005807
23.2639438878451,0.325387726710793,1,81.8436369112297
23.4522811826701,0.324892455596787,1,82.0268553872267
23.6421431947482,0.324381126277373,1,82.2138535405274
23.8335422676926,0.323853313055918,1,82.4048070464316
24.0264908450462,0.323308573441752,1,82.5998993481529
24.2210014710909,0.322746447517146,1,82.7993220874775
24.4170867916629,0.322166457278082,1,83.0032755634424
24.614759554975,0.321568105947912,1,83.2119692211362
24.8140326124455,0.32095087726297,1,83.4256221729003
25.0149189195332,0.320314234729259,1,83.6444637544101
25.2174315365806,0.319657620849263,1,83.8687341183297
25.4215836296621,0.31898045631803,1,84.0986848684753
25.6273884714405,0.31828213918761,1,84.3345797376849
25.8348594420295,0.317562043999019,1,84.5766953128775
26.0440100298641,0.316819520880894,1,84.8253218111116
26.2548538325773,0.31605389461408,1,85.0807639107978
26.4674045578839,0.315264463661432,1,85.343341642611
26.6816760244719,0.31445049916218,1,85.6133913450833
26.8976821629011,0.313611243890326,1,85.8912666903257
27.1154370165082,0.3127459111766,1,86.1773397858653
27.3349547423206,0.311853683793689,1,86.4720023591599
27.556249611976,0.310933712804535,1,86.7756670320133
27.7793360126509,0.309985116373738,1,87.0887686928319
28.0042284479955,0.309006978542265,1,87.4117659754734
28.2309415390768,0.307998347965917,1,87.7451428543375
28.4594900253294,0.306958236618291,1,88.0894103663557
28.6898887655133,0.305885618459278,1,88.445108471656
28.9221527386804,0.304779428070507,1,88.8128080659467
29.1562970451479,0.303638559259567,1,89.1931131590644
29.3923369074803,0.302461863635302,1,89.5866632357273
29.6302876714792,0.301248149157022,1,89.9941358163111
29.8701648071805,0.29999617866107,1,90.416249237479
30.1119839098607,0.298704668368884,1,90.8537656747646
30.3557607010504,0.297372286381457,1,91.3074944317659
30.6015110295567,0.295997651165971,1,91.7782955235156
30.8492508724934,0.294579330041358,1,92.2670835848785
31.0989963363199,0.293115837670634,1,92.7748321385677
31.3507636578881,0.291605634569047,1,93.3025782616264
31.6045692054981,0.290047125638468,1,93.8514276940687
31.8604294799626,0.28843865873993,1,94.4225604389219
32.1183611156796,0.286778523317908,1,95.0172369092493
32.3783808817133,0.285064949091761,1,95.6368046850142
32.6405056828852,0.283296104831808,1,96.2827059510092
32.9047525608724,0.281470097239741,1,96.956485696701
33.1711386953162,0.279584969955548,1,97.6598007699775
33.4396814049384,0.277638702715807,1,98.3944298896344
33.7103981486675,0.275629210691183,1,99.1622847363765
33.9833065267741,0.273554344034133,1,99.9654222594558
34.2584242820144,0.271411887671383,1,100.806058356283
34.5357693007845,0.269199561379463,1,101.686583105996
34.8153596142828,0.266915020185753,1,102.609577765629
35.0972133996824,0.264555855141877,1,103.577833770071
35.3813489813129,0.262119594521064,1,104.59437401531
35.6677848318515,0.259603705496209,1,105.662476749719
35.9565395735246,0.257005596360831,1,106.785702451823
36.2476319793175,0.254322619361009,1,107.967924136724
36.5410809741959,0.251552074212577,1,109.213361609488
36.8369056363357,0.248691212384561,1,110.526620274751
37.1351251983634,0.245737242236929,1,111.912735221154
37.4357590486068,0.242687335108279,1,113.377221430859
37.7388267323548,0.239538632457265,1,114.926131123671
38.0443479531291,0.23628825417022,1,116.566119438646
38.3523425739646,0.232933308157007,1,118.304519891632
38.6628306187004,0.229470901367447,1,120.149431335563
38.9758322732826,0.225898152372326,1,122.109818504566
39.2913678870758,0.222212205666113,1,124.195628660165
39.6094579741865,0.218410247863728,1,126.417927399853
39.930123214797,0.214489525981844,1,128.789057363211
40.2533844565089,0.210447368017171,1,131.322824415255
40.5792627157,0.206281206061585,1,134.034716948476
40.9077791788892,0.201988602228947,1,136.942165286649
41.2389552041148,0.197567277713791,1,140.064849877446
41.572812322323,0.193015145362119,1,143.425069136012
41.9093722387671,0.188330346214887,1,147.048180592973
42.2486568344193,0.183511290593712,1,150.963132600805
42.5906881673929,0.178556704447474,1,155.20310852052
42.9354884743766,0.173465681884117,1,159.806311392535
43.2830801720801,0.168237745097993,1,164.816925055638
43.6334858586911,0.162872913303497,1,170.286298137297
43.9867283153455,0.157371782850544,1,176.274411123378
44.3428305076071,0.151735621500464,1,182.851704909629
44.7018155869619,0.145966480991741,1,190.101373230944
45.0637068923228,0.140067333690156,1,198.122252857074
45.4285279515466,0.134042241550706,1,207.032486323938
45.7963024829641,0.127896569212264,1,216.974183863244
46.167054396922,0.121637258415955,1,228.119374214214
46.5408077973373,0.115273189060874,1,240.677603643612
46.9175869832646,0.108815664649539,1,254.905602241035
47.2974164504755,0.102279079150326,1,271.119440652139
47.6803208930515,0.0956818524797063,1,289.709434309301
48.0663252049891,0.0890477693655025,1,311.157442110717
48.4554544818188,0.0824079312722468,1,336.054514882203
48.8477340222363,0.0758036473534381,1,365.112623537898
49.2431893297469,0.0692907627926561,1,399.154232450562
49.6418461143245,0.0629461484521178,1,439.041154355253
50.0437302940819,0.0568772649378815,1,485.457796278988
50.4488679969571,0.0512354788839282,1,538.382582580346
50.8572855624109,0.0462319448557604,1,595.998941679829
51.2690095431402,0.0421486731747445,1,652.953583779468
51.6840667068035,0.039324402090006,1,698.93040629995
52.1024840377617,0.0380848786377741,1,720.648139279566
52.5242887388323,0.0386182452101958,1,709.597038633803
52.9495082330576,0.0408796316293651,1,669.226947395265
53.3781701654885,0.044621095535881,1,612.016045190789
53.8103024049808,0.0495130877435524,1,550.492467423565
54.2459330460073,0.0552480227943372,1,492.343248237577
54.685090410485,0.061581820155817,1,440.747579035598
55.1278030496154,0.0683341421188775,1,396.283870761163
55.5740997457415,0.0753746185019015,1,358.397006187712
56.0240095142187,0.0826085259338482,1,326.177142699642
56.4775616053012,0.0899657378174847,1,298.698959225366
56.9347855060437,0.0973930288388128,1,275.143451631824
57.3957109422183,0.104848915686519,1,254.825788207606
57.8603678802477,0.11230023336994,1,237.187322821552
58.3287865291527,0.119719856636443,1,221.776703175726
58.8009973425162,0.127085169189966,1,208.229926273531
59.277031020464,0.134377022134686,1,196.25273845932
59.7569185116595,0.141579014789966,1,185.606166824817
60.2406910153166,0.148676989881934,1,176.095002460241
60.7283799832281,0.155658672611871,1,167.558766445014
61.2200171218097,0.16251340707606,1,159.86466214918
61.7156343941625,0.169231958986059,1,152.902079362975
62.2152640221499,0.175806363749784,1,146.578297743566
62.7189384884932,0.182229805671216,1,140.815113627852
63.2266905388836,0.188496518523661,1,135.546177937801
63.7385531841099,0.194601700811166,1,130.7148831709
64.2545597022062,0.200541441138803,1,126.272676131295
64.7747436406142,0.206312650576377,1,122.177702415334
65.2991388183651,0.211912999924795,1,118.39371083305
65.827779328278,0.21734086051383,1,114.889162663649
66.3606995391757,0.22259524766493,1,111.636503265226
66.8979340981205,0.227675766304443,1,108.611563117826
67.4395179326655,0.23258255845412,1,105.79306264714
67.9854862531261,0.237316252487383,1,103.162200728183
68.5358745548692,0.241877914143217,1,100.70231103108
69.0907186206198,0.246268999350704,1,98.3985736609879
69.6500545227891,0.250491308947918,1,96.2377720971516
70.213918625818,0.254546945387835,1,94.208087427611
70.7823475885425,0.258438271517924,1,92.2989234381091
71.3553783665763,0.26216787150406,1,90.500757345241
71.9330482147139,0.265738513947196,1,88.805011939819
72.5153946893525,0.269153117215754,1,87.2039456837386
73.1024556509332,0.272414716990092,1,85.6905579256867
73.6942692664034,0.275526435989226,1,84.2585069012443
74.2908740116972,0.278491455825497,1,82.9020385869055
74.8923086742376,0.281312990910926,1,81.6159248051564
75.498612355458,0.283994264320315,1,80.3954092444411
76.1098244733437,0.28653848550137,1,79.236160275563
76.725984764996,0.288948829712036,1,78.134229624148
77.3471332892138,0.291228419060666,1,77.0860161044296
77.9733104290997,0.293380305027129,1,76.0882337382313
78.6045568946846,0.29540745235447,1,75.1378836786642
79.240913725574,0.297312724224687,1,74.2322294333527
79.8824222936176,0.299098868673487,1,73.3687749383044
80.529124305597,0.30076850626544,1,72.5452450707844
81.181061805939,0.30232411915476,1,71.7595682058026
81.8382771794484,0.303768041816449,1,71.0098604118643
82.5008131540631,0.305102453976493,1,70.2944108397704
83.1687128036327,0.306329376642568,1,69.611667770743
83.8420195507184,0.307450672707452,1,68.9602246364779
84.5207771694167,0.308468054475049,1,68.338805071219
85.2050297882047,0.309383101814713,1,67.7462456527959
85.8948218928089,0.310197296756431,1,67.1814743534037
86.5901983290984,0.310912083632398,1,66.6434817204542
87.291204305999,0.311528969048745,1,66.1312802332334
87.9978853984338,0.312049684158871,1,65.643844796593
88.7102875502857,0.31247644471383,1,65.1800234029434
89.4284570773836,0.312812365066206,1,64.7384007730294
90.152440670515,0.313062115208807,1,64.3170879712764
90.88228539846,0.313232961805198,1,63.9133956728957
91.6180387110529,0.313336414305172,1,63.5233254373708
92.3597484422661,0.313390815700046,1,63.1407796676141
93.1074628133198,0.313425376374241,1,62.7563478038854
93.8612304358184,0.31348631367949,1,62.3554876181178
94.6211003149089,0.313645773650974,1,61.9159396087115
95.3871218524687,0.314013595368287,1,61.4044437719794
96.1593448503166,0.314749538591718,1,60.7736346043227
96.9378195134502,0.316067072858431,1,59.9619982254033
97.7225964533111,0.318207289684542,1,58.9033124689919
98.5137266910737,0.321349564718886,1,57.5545116073404
99.3112616609643,0.325446815572458,1,55.9427143223496
100.115253213603,0.330073944570965,1,54.2028415418706
100.925753619375,0.33448981740875,1,52.5516861066788
101.742815571832,0.337979867127605,1,51.1883513769863
102.566492191112,0.34019603896041,1,50.2023816995595
103.3968370274,0.341197548012743,1,49.5667324210369
104.233904064403,0.341262829771332,1,49.193709523415
105.077747722864,0.340701074037631,1,48.9899115052013
105.928422864097,0.339760692794455,1,48.8822794030582
106.785984793556,0.338612214145319,1,48.822026303201
107.650489264432,0.337362236200786,1,48.7796302282658
108.521992481272,0.336073069366421,1,48.7385391391053
109.400551103639,0.334778899502343,1,48.6902075150434
110.286222249794,0.333496958692965,1,48.6307723959197
111.179063500406,0.332234637585907,1,48.5589952589899
112.079132902301,0.330993817513876,1,48.4750416785413
112.986488972231,0.329773438944493,1,48.379777673333
113.901190700682,0.328570994085135,1,48.2743733437983
114.823297555707,0.327383377090623,1,48.1600855638875
115.752869486794,0.326207355608868,1,48.038143593461
116.689966928762,0.325039821307953,1,47.9096931183047
117.634650805689,0.323877912763203,1,47.7757729363129
118.586982534876,0.322719065740494,1,47.6373094360697
119.547024030838,0.321561023188192,1,47.4951203616245
120.514837709331,0.320401823813622,1,47.3499230366529
121.490486491407,0.319239780178804,1,47.2023443513454
122.474033807505,0.31807345255813,1,47.0529310458847
123.46554360158,0.316901622032602,1,46.9021595317225
124.465080335254,0.315723264669102,1,46.7504448945516
125.472708992008,0.31453752768582,1,46.5981489480942
126.488495081411,0.313343707961703,1,46.4455873299093
127.512504643373,0.312141232944427,1,46.2930356929154
128.544804252445,0.310929643850034,1,46.1407350747642
129.585461022141,0.309708580969182,1,45.98889653662
130.634542609305,0.30847777086458,1,45.8377051620288
131.692117218509,0.307237015240711,1,45.6873235005258
132.758253606487,0.305986181277595,1,45.5378945323312
133.833021086605,0.304725193238007,1,45.3895442215353
134.916489533366,0.303454025177571,1,45.2423837164821
136.008729386957,0.302172694607624,1,45.0965112480106
137.109811657823,0.300881256979846,1,44.9520137690301
138.219807931287,0.299579800879326,1,44.8089683725775
139.338790372205,0.298268443828259,1,44.6674435200539
140.466831729655,0.296947328616286,1,44.5275001066273
141.604005341668,0.295616620085374,1,44.3891923867877
142.750385139995,0.294276502307412,1,44.2525687796269
143.906045654914,0.292927176101581,1,44.1176725705248
145.071062020079,0.291568856846058,1,43.9845425234682
146.245509977397,0.290201772545157,1,43.8532134161497
147.42946588196,0.288826162118422,1,43.7237165082396
148.623006707006,0.287442273883008,1,43.5960799517228
149.826210048919,0.286050364204603,1,43.4703291509361
151.039154132284,0.284650696295638,1,43.3464870788568
152.261917814963,0.283243539142423,1,43.2245745552874
153.494580593225,0.28182916654536,1,43.1046104917979
154.737222606918,0.280407856258537,1,42.9866121076232
155.989924644673,0.278979889216822,1,42.8705951201495
157.252768149161,0.277545548840162,1,42.7565739131319
158.525835222385,0.276105120406146,1,42.6445616853788
159.80920863102,0.274658890483048,1,42.5345705822689
161.102971811795,0.273207146416591,1,42.4266118121721
162.40720887691,0.271750175864472,1,42.320695749574
163.722004619516,0.270288266373542,1,42.2168320264737
165.047444519217,0.268821704995076,1,42.1150296134352
166.383614747635,0.267350777934179,1,42.0152968914935
167.730602174008,0.265875770229884,1,41.9176417159716
169.088494370839,0.264396965462835,1,41.8220714731394
170.45737961959,0.262914645487927,1,41.7285931305252
171.837346916419,0.261429090189473,1,41.6372132816037
173.228485977971,0.259940577256864,1,41.5479381854876
174.630887247206,0.258449381978835,1,41.4607738021865
176.04464189928,0.256955777054721,1,41.3757258239233
177.469841847474,0.255460032421242,1,41.2927997029466
178.906579749169,0.253962415093538,1,41.2120006762242
180.354949011869,0.252463189019305,1,41.1333337873614
181.815043799277,0.250962614944999,1,41.056803906047
183.286959037413,0.249460950293226,1,40.9824157452972
184.770790420785,0.247958449050461,1,40.9101738767373
186.266634418617,0.246455361664405,1,40.8400827441332
187.774588281112,0.244951934950296,1,40.7721466753641
189.294750045783,0.243448412005595,1,40.7063698930041
190.827218543818,0.241945032132511,1,40.6427565236639
192.372093406515,0.240442030767885,1,40.5813106062248
193.929475071751,0.238939639419986,1,40.5220360990903
195.499464790516,0.23743808561184,1,40.4649368865534
197.082164633495,0.235937592830701,1,40.4100167843849
198.677677497706,0.234438380483366,1,40.3572795447196
200.286107113184,0.232940663856995,1,40.3067288603222
201.907558049731,0.231444654085193,1,40.2583683682983
203.542135723711,0.229950558119044,1,40.2122016533129
205.189946404906,0.228458578702923,1,40.1682322503691
206.851097223421,0.226968914354805,1,40.1264636471977
208.525696176653,0.225481759350889,1,40.0868992863007
210.213852136311,0.223997303714346,1,40.0495425666874
211.915674855492,0.222515733207999,1,40.0143968453373
213.63127497582,0.221037229330759,1,39.9814654384231
215.360764034637,0.219561969317673,1,39.9507516223199
217.104254472254,0.218090126143401,1,39.9222586344255
218.861859639264,0.216621868529003,1,39.8959896738166
220.633693803907,0.215157360951875,1,39.8719479017567
222.419872159503,0.213696763658716,1,39.8501364420771
224.220510831939,0.212240232681376,1,39.8305583814456
226.03572688722,0.210787919855483,1,39.8132167695359
227.865638339077,0.20933997284172,1,39.7981146191119
229.710364156645,0.207896535149625,1,39.7852549060378
231.570024272191,0.206457746163825,1,39.7746405692231
233.444739588916,0.205023741172571,1,39.7662745105119
235.334631988815,0.203594651398487,1,39.7601595945247
237.239824340596,0.20217060403142,1,39.7562986484586
239.160440507678,0.200751722263288,1,39.7546944618528
241.096605356231,0.199338125324841,1,39.7553497863245
243.048444763306,0.197929928524222,1,39.7582673352802
245.016085625011,0.196527243287244,1,39.7634497836055
246.999655864764,0.195130177199303,1,39.7708997673383
248.99928444161,0.193738834048802,1,39.7806198833276
251.015101358603,0.192353313872037,1,39.7926126888813
253.047237671259,0.190973712999441,1,39.8068807014046
255.09582549608,0.189600124103093,1,39.8234263980311
257.160998019135,0.188232636245433,1,39.8422522152487
259.242889504728,0.186871334929074,1,39.863360548522
261.341635304121,0.185516302147663,1,39.8867537519109
263.457371864336,0.184167616437676,1,39.9124341376876
265.590236737027,0.182825352931112,1,39.9404039759533
267.740368587419,0.181489583408976,1,39.9706654942533
269.907907203326,0.1801603763555,1,40.0032208771928
272.092993504239,0.178837797013024,1,40.0380722660529
274.295769550488,0.177521907437463,1,40.0752217584071
276.516378552475,0.176212766554304,1,40.1146714077392
278.754964879989,0.17491043021505,1,40.1564232230613
281.011674071587,0.173614951254064,1,40.2004791685336
283.286652844062,0.172326379545738,1,40.2468411630845
285.580049101975,0.171044762061926,1,40.2955110800323
287.892011947275,0.169770142929594,1,40.3464907467078
290.222691688993,0.16850256348861,1,40.3997819440773
292.572239853012,0.16724206234963,1,40.4553864063667
294.940809191919,0.16598867545203,1,40.5133058206869
297.328553694936,0.164742436121816,1,40.5735418266595
299.735628597932,0.163503375129472,1,40.6360960160432
302.162190393513,0.162271520747694,1,40.7009699323615
304.608396841202,0.161046898808965,1,40.7681650705309
307.074406977686,0.159829532762917,1,40.8376828764906
309.560381127168,0.158619443733446,1,40.9095247468329
312.066480911777,0.157416650575531,1,40.9836920284357
314.592869262085,0.15622116993172,1,41.0601860180962
317.139710427697,0.155033016288238,1,41.1390079621674
319.707169987928,0.153852202030695,1,41.2201590561967
322.29541486257,0.152678737499333,1,41.3036404445681
324.904613322743,0.151512631043806,1,41.3894532201483
327.534935001834,0.150353889077444,1,41.4775984239373
330.186550906528,0.149202516130972,1,41.5680770447249
332.859633427924,0.148058514905665,1,41.6608900187529
335.554356352742,0.146921886325896,1,41.7560382293858
338.270894874623,0.145792629591075,1,41.8535225067898
341.009425605519,0.144670742226922,1,41.9533436276223
343.770126587175,0.143556220136095,1,42.0555023147326
346.553177302703,0.142449057648106,1,42.1599992368764
349.358758688252,0.141349247568541,1,42.2668350084454
352.187053144771,0.140256781227556,1,42.3760101892131
355.038244549867,0.139171648527619,1,42.4875252841009
357.912518269762,0.13809383799051,1,42.6013807429648
360.810061171339,0.13702333680354,1,42.717576960406
363.731061634299,0.135960130864991,1,42.8361142756086
366.675709563398,0.134904204828772,1,42.9569929722058
369.644196400802,0.133855542148258,1,43.0802132781787
372.636715138533,0.132814125119335,1,43.2057753657906
375.653460331008,0.131779934922623,1,43.3336793515608
378.694628107696,0.130752951664874,1,43.4639252962799
381.760416185865,0.129733154419551,1,43.5965132050724
384.851023883439,0.128720521266573,1,43.7314430275097
387.966652131954,0.127715029331236,1,43.8687146577778
391.107503489621,0.126716654822292,1,44.008327934905
394.273782154499,0.125725373069204,1,44.1502826430533
397.465693977764,0.124741158558569,1,44.2945785118801
400.683446477099,0.123763984969707,1,44.4412152169742
403.927248850181,0.122793825209428,1,44.5901923803727
407.197311988284,0.121830651445974,1,44.7415095711648
410.493848489989,0.120874435142142,1,44.895166306188
413.817072675003,0.119925147087593,1,45.0511620508239
417.167200598099,0.118982757430355,1,45.2094962199011
420.544450063156,0.118047235707522,1,45.3701681787109
423.949040637325,0.117118550875159,1,45.5331772441457
427.381193665299,0.116196671337417,1,45.6985226859653
430.841132283705,0.115281564974881,1,45.8662037282019
434.329081435614,0.114373199172131,1,46.0362195507122
437.845267885158,0.113471540844556,1,46.2085692908832
441.389920232281,0.112576556464409,1,46.3832520455057
444.963268927599,0.111688212086126,1,46.5602668728213
448.565546287376,0.110806473370913,1,46.7396127947557
452.196986508636,0.109931305610609,1,46.9212887993492
455.857825684385,0.10906267375085,1,47.1052938433935
459.54830181896,0.108200542413526,1,47.291626855291
463.268654843505,0.107344875918556,1,47.4802867381432
467.019126631568,0.106495638304995,1,47.671272373087
470.799961014825,0.105652793351471,1,47.8645826228872
474.611403798933,0.104816304595978,1,48.0602163358035
478.453702779515,0.103986135355029,1,48.2581723497427
482.327107758263,0.10316224874219,1,48.4584494967149
486.231870559183,0.102344607685996,1,48.6610466076059
490.168245044967,0.101533174947273,1,48.8659625172856
494.136487133493,0.100727913135873,1,49.0731960700667
498.136854814472,0.0999287847268294,1,49.2827461255333
502.169608166212,0.0991357520759634,1,49.4946115647572
506.235009372529,0.0983487774349327,1,49.7087912969202
510.333322739797,0.0975678229657486,1,49.9252842663653
514.464814714125,0.0967928507547728,1,50.1440894600928
518.629753898684,0.0960238228261999,1,50.3652059157282
522.828411071172,0.095260701155047,1,50.58863272998
527.061059201407,0.0945034476796565,1,50.8143690676132
531.327973469089,0.0937520243137269,1,51.0424141709622
535.629431281677,0.0930063929578843,1,51.2727673700067
539.965712292436,0.0922665155108045,1,51.5054280930403
544.33709841861,0.0915323538799014,1,51.740395877954
548.743873859751,0.0908038699915893,1,51.9776703841679
553.186325116201,0.0900810258011345,1,52.2172514052365
557.664741007712,0.0893637833021056,1,52.4591388821601
562.179412692231,0.0886521045354333,1,52.7033329174339
566.730633684818,0.0879459515980953,1,52.9498337898656
571.318699876742,0.0872452866514291,1,53.1986419701995
575.943909554709,0.0865500719290938,1,53.4497581375781
580.606563420252,0.085860269744682,1,53.7031831968815
585.306964609293,0.085175842498999,1,53.9589182969817
590.045418711838,0.0844967526870164,1,54.2169648499506
594.822233791851,0.0838229629045094,1,54.4773245512653
599.637720407286,0.0831544358543913,1,54.7399994010513
604.492191630263,0.0824911343527511,1,55.00499172641
609.385963067443,0.0818330213346043,1,55.2723042048773
614.319352880526,0.0811800598593694,1,55.5419398890584
619.29268180695,0.0805322131160735,1,55.8139022324941
624.306273180741,0.0798894444283007,1,56.0881951168071
629.360452953524,0.0792517172588896,1,56.3648228801829
634.455549715731,0.0786189952143885,1,56.6437903472449
639.591894717946,0.0779912420492764,1,56.9251028603791
644.769821892456,0.0773684216699581,1,57.2087663125717
649.989667874954,0.0767504981385406,1,57.4947871818234
655.251772026422,0.0761374356764005,1,57.7831725672055
660.556476455202,0.0755291986675445,1,58.0739302266296
665.90412603923,0.0749257516617767,1,58.3670686164011
671.295068448464,0.0743270593776746,1,58.6625969326318
676.729654167483,0.0737330867053831,1,58.9605251545921
682.208236518274,0.0731437987092323,1,59.2608640900821
687.731171683206,0.0725591606301847,1,59.563625422909
693.298818728181,0.0719791378881193,1,59.8688217625594
698.911539625983,0.0714036960839577,1,60.1764666961588
704.569699279812,0.0708328010016382,1,60.486574842817
710.273665546999,0.0702664186099432,1,60.7991619104596
716.023809262934,0.0697045150641856,1,61.1142447552534
721.820504265165,0.0691470567077596,1,61.4318414437341
727.664127417709,0.0685940100735601,1,61.7519713177563
733.555058635552,0.0680453418852772,1,62.0746550623833
739.493680909343,0.0675010190585684,1,62.3999147768466
745.480380330305,0.066961008702115,1,62.7277740487078
751.515546115323,0.0664252781185659,1,63.0582580313604
757.599570632258,0.0658937948053729,1,63.3913935250231
763.732849425456,0.0653665264555236,1,63.7272090613705
769.915781241454,0.0648434409581727,1,64.0657349919688
776.148768054918,0.0643245063991777,1,64.407003580682
782.432215094763,0.0638096910615431,1,64.7510491002267
788.76653087051,0.0632989634257731,1,65.097907933062
795.152127198837,0.0627922921701421,1,65.4476186768104
801.589419230357,0.0622896461708794,1,65.800222254415
808.078825476607,0.0617909945022768,1,66.1557620292512
814.620767837254,0.0612963064367192,1,66.5142839254178
821.215671627531,0.0608055514446418,1,66.8758365534523
827.863965605879,0.0603186991944168,1,67.2404713417182
834.566082001833,0.0598357195521714,1,67.6082426737345
841.322456544116,0.0593565825815405,1,67.9792080317275
848.133528488963,0.0588812585433575,1,68.3534281467002
854.999740648693,0.0584097178952816,1,68.7309671553353
861.921539420481,0.0579419312913693,1,69.1118927640581
868.899374815392,0.0574778695815861,1,69.4962764206137
875.933700487634,0.0570175038112667,1,69.8841934935236
883.024973764047,0.0565608052205207,1,70.2757234598131
890.173655673848,0.0561077452435863,1,70.6709501014259
897.380210978585,0.0556582955081374,1,71.0699617107576
904.645108202373,0.0552124278345404,1,71.4728513057771
911.968819662343,0.0547701142350661,1,71.8797168552226
919.351821499347,0.0543313269130565,1,72.2906615143944
926.794593708925,0.0538960382620471,1,72.7057938720972
934.297620172496,0.0534642208648498,1,73.1252282093153
941.861388688832,0.0530358474925904,1,73.5490847702453
949.486391005764,0.0526108911037103,1,73.9774900463441
957.173122852146,0.0521893248429268,1,74.4105770740955
964.9220839701,0.0517711220401559,1,74.8484857472422
972.733778147489,0.0513562562093985,1,75.2913631442739
980.608713250685,0.0509447010475897,1,75.7393638720206
988.547401257578,0.0505364304334132,1,76.1926504262448
996.55035829086,0.0501314184260804,1,76.6513935701944
1004.61810465159,0.049729639264075,1,77.115772732135
1012.75116485301,0.0493310673638656,1,77.5859764229487
1020.95006765465,0.0489356773185831,1,78.0622026749618
1029.21534609671,0.0485434438966669,1,78.544659503237
1037.5475375347,0.0481543420404798,1,79.0335653906522
1045.94718367439,0.0477683468648887,1,79.5291497981802
1054.41483060703,0.0473854336558169,1,80.0316537018728
1062.95102884484,0.0470055778687639,1,80.5413301581658
1071.5563333568,0.0466287551272948,1,81.0584448992269
1080.23130360475,0.0462549412215008,1,81.5832769601904
1088.97650357974,0.0458841121064275,1,82.1161193402586
1097.79250183872,0.0455162439004768,1,82.6572796997772
1106.67987154148,0.0451513128837764,1,83.2070810955588
1115.63919048792,0.0447892954965235,1,83.7658627568757
1124.67104115564,0.0444301683372978,1,84.3339809047347
1133.77601073777,0.0440739081613472,1,84.9118096172219
1142.95469118117,0.0437204918788473,1,85.4997417439207
1152.20767922492,0.0433698965531312,1,86.0981898726255
1161.53557643908,0.0430220993988958,1,86.7075873518096
1170.93898926384,0.0426770777803794,1,87.3283893725704
1180.41852904894,0.0423348092095169,1,87.9610741140507
1189.97481209338,0.0419952713440693,1,88.6061439566436
1199.60845968555,0.0416584419857298,1,89.2641267676128
1209.32009814357,0.0413242990782096,1,89.9355772641195
1219.11035885602,0.0409928207053007,1,90.6210784590346
1228.97987832301,0.040663985088921,1,91.3212431953297
1238.92929819754,0.040337770587142,1,92.036715775301
1248.95926532723,0.040014155692199,1,92.7681736913728
1259.07043179635,0.0396931190284902,1,93.5163294657596
1269.26345496825,0.0393746393505629,1,94.2819326068578
1279.53899752808,0.0390586955410922,1,95.0657716908647
1289.89772752585,0.0387452666088547,1,95.8686765778162
1300.34031841991,0.0384343316866995,1,96.6915207719882
1310.86744912069,0.0381258700295221,1,97.5352239374186
1321.47980403488,0.0378198610122439,1,98.4007545802052
1332.17807310988,0.0375162841278032,1,99.2891329102027
1342.96295187868,0.0372151189851623,1,100.201433895799
1353.8351415051,0.0369163453073364,1,101.138790526619
1364.79534882933,0.0366199429294506,1,102.102397300247
1375.84428641392,0.0363258917968327,1,103.093513950455
1386.98267259009,0.0360341719631485,1,104.11346943593
1398.21123150444,0.0357447635885886,1,105.163666210114
1409.53069316601,0.0354576469381147,1,106.245584794608
1420.94179349378,0.0351728023797772,1,107.360788680541
1432.44527436445,0.0348902103831128,1,108.510929584448
1444.04188366077,0.0346098515176353,1,109.697753087596
1455.73237532004,0.0343317064514315,1,110.923104690244
1467.51750938323,0.0340557559498757,1,112.188936315187
1479.39805204436,0.0337819808744791,1,113.497313298014
1491.37477570027,0.0335103621818873,1,114.850421904928
1503.44845900091,0.0332408809230473,1,116.250577422704
1515.61988689989,0.0329735182425577,1,117.70023286944
1527.88985070559,0.0327082553782274,1,119.201988379282
1540.25914813254,0.0324450736608604,1,120.758601319174
1552.72858335329,0.0321839545142926,1,122.372997201138
1565.29896705074,0.031924879455706,1,124.048281459489
1577.9711164708,0.0316678300962462,1,125.787752168887
1590.74585547554,0.0314127881419759,1,127.594913786287
1603.62401459674,0.0311597353951947,1,129.473492007622
1616.6064310899,0.0309086537561621,1,131.427449838655
1629.69394898867,0.0306595252252626,1,133.4610049888
1642.88741915971,0.030412331905656,1,135.578648706973
1656.18769935804,0.0301670560064598,1,137.785166189773
1669.59565428276,0.0299236798465177,1,140.08565870452
1683.11215563331,0.0296821858588109,1,142.485567583082
1696.73808216612,0.0294425565955807,1,144.990700256922
1710.47431975172,0.0292047747342333,1,147.607258519641
1724.32176143241,0.0289688230841131,1,150.341869220359
1738.28130748022,0.0287346845942387,1,153.201617609826
1752.35386545551,0.0285023423621089,1,156.194083580961
1766.54035026596,0.0282717796437048,1,159.327381066864
1780.84168422602,0.0280429798648297,1,162.610200881982
1795.25879711692,0.0278159266339515,1,166.051857316015
1809.79262624709,0.0275906037567384,1,169.66233881526
1824.44411651309,0.0273669952525077,1,173.45236311195
1839.21422046107,0.0271450853728441,1,177.433437188559
1854.10389834867,0.026924858622685,1,181.617922490334
1869.11411820748,0.0267062997842169,1,186.019105824704
1884.24585590593,0.0264893939439865,1,190.651276409721
1899.50009521279,0.0262741265236906,1,195.529809553705
1914.87782786108,0.0260604833151887,1,200.671257462961
1930.38005361258,0.0258484505203642,1,206.093447681229
1946.00778032282,0.0256380147965618,1,211.815589659961
1961.76202400658,0.0254291633084377,1,217.858389938261
1977.64380890397,0.0252218837871882,1,224.244176369705
1993.65416754703,0.025016164598259,1,230.997031762705
2009.79414082682,0.0248119948187958,1,238.142937192477
2026.06477806113,0.0246093643262645,1,245.709925083524
2042.46713706267,0.0244082638998452,1,253.72824193685
2059.00228420788,0.0242086853363934,1,262.230520266131
2075.6712945062,0.024010621582946,1,271.251958887272
2092.47525167003,0.0238140668879187,1,280.830510145562
2109.41524818514,0.0236190169732887,1,291.007071925243
2126.4923853817,0.023425469230143,1,301.825681320591
2143.7077735059,0.0232334229399762,1,313.333705596979
2161.0625317921,0.0230428795239849,1,325.582024463795
2178.55778853565,0.0228538428222711,1,338.625195633638
2196.19468116618,0.0226663194042385,1,352.521593052524
2213.9743563216,0.0224803189104258,1,367.333503937539
2231.89796992262,0.0222958544244274,1,383.127166719027
2249.9666872479,0.0221129428711831,1,399.972727011251
2268.18168300982,0.021931605434547,1,417.944082681953
2286.54414143084,0.0217518679823599,1,437.118581822172
2305.05525632052,0.0215737614808736,1,457.57652883451
2323.7162311531,0.021397322371931,1,479.400443935011
2342.52827914574,0.0212225928753393,1,502.674010208757
2361.49262333744,0.0210496211650188,1,527.480630293984
2380.61049666849,0.0208784613505105,1,553.901502445922
2399.88314206069,0.0207091731753345,1,582.013114284354
2419.31181249812,0.0205418213211176,1,611.884043760207
2438.8977711086,0.0203764741828458,1,643.570953476744
2458.64229124585,0.0202132019589476,1,677.11367025969
2478.54665657221,0.020052073884982,1,712.529261841074
2498.61216114214,0.0198931544388603,1,749.805063029613
2518.84010948637,0.0197364983690855,1,788.890672091694
2539.23181669665,0.0195821444586673,1,829.689041760346
2559.7886085113,0.0194301080512373,1,872.046934484263
2580.51182140139,0.0192803725466915,1,915.745200584237
2601.4028026576,0.0191328803296996,1,960.489566008571
2622.46291047787,0.0189875239202514,1,1005.90286708952
2643.69351405564,0.0188441385019667,1,1051.51991147766
2665.0959936689,0.0187024973287824,1,1096.78632813865
2686.67174076992,0.0185623117335381,1,1141.06283019649
2708.42215807571,0.0184232374323287,1,1183.63618051184
2730.34865965925,0.0182848884026386,1,1223.73775821599
2752.45267104134,0.0181468587238927,1,1260.56994408969
2774.73562928337,0.0180087514287447,1,1293.33959983257
2797.19898308069,0.017870211808783,1,1321.29681214292
2819.84419285682,0.0177309611092381,1,1343.77598394311
2842.67273085842,0.0175908255993802,1,1360.23550949482
2865.68608125093,0.0174497560422132,1,1370.29189500001
2888.88574021513,0.0173078338064091,1,1373.74444347132
2912.27321604441,0.0171652621013519,1,1370.58754851444
2935.85002924277,0.017022343545728,1,1361.00911603803
2959.61771262377,0.0168794477721399,1,1345.3753941073
2983.57781141006,0.0167369743573188,1,1324.20419795887
3007.73188333398,0.0165953166883765,1,1298.12984008058
3032.08149873869,0.0164548314835239,1,1267.8637856439
3056.6282406804,0.0163158169813715,1,1234.15507912729
3081.37370503119,0.0161785008532317,1,1197.75401595892
3106.3195005828,0.0160430371805112,1,1159.38156533349
3131.46724915125,0.0159095106831764,1,1119.70593238027
3156.8185856822,0.0157779458663287,1,1079.32659955513
3182.37515835737,0.0156483187739671,1,1038.76535817497
3208.13862870155,0.0155205694164542,1,998.463297206782
3234.11067169074,0.0153946134767112,1,958.782451813653
3260.29297586098,0.015270352447151,1,920.010776620411
3286.68724341813,0.0151476818117585,1,882.36922688675
3313.29519034861,0.0150264972267901,1,846.019935072082
3340.11854653082,0.0149066988688771,1,811.074704508677
3367.15905584778,0.0147881942314637,1,777.603267609151
3394.41847630035,0.0146708996875485,1,745.640951323993
3421.89858012163,0.0145547411255795,1,715.19554840739
3449.60115389212,0.0144396539278874,1,686.253309024654
3477.5279986559,0.0143255825128048,1,658.784047785951
3505.68093003771,0.014212479612505,1,632.745412962353
3534.06177836102,0.0141003054141393,1,608.086394299224
3562.67238876697,0.0139890266544995,1,584.7501596891
3591.51462133436,0.0138786157287242,1,562.676314118606
3620.59035120061,0.0137690498509733,1,541.802670709716
3649.9014686836,0.0136603102884822,1,522.06661621981
3679.44987940466,0.0135523816788069,1,503.406144054634
3709.23750441235,0.0134452514322719,1,485.760618004566
3739.26628030746,0.0133389092166587,1,469.071320356879
3769.53815936883,0.0132333465182436,1,453.281829228281
3800.05510968034,0.0131285562717843,1,438.338262125317
3830.81911525882,0.0130245325515023,1,424.189415944693
3861.83217618305,0.0129212703151725,1,410.786827844576
3893.09630872381,0.012818765193865,1,398.08477657421
3924.61354547494,0.0127170133205231,1,386.04023983954
3956.38593548549,0.0126160111912906,1,374.612819996131
3988.41554439296,0.0125157555542467,1,363.764647690292
4020.70445455755,0.0124162433209272,1,353.460270914844
4053.25476519761,0.0123174714966724,1,343.666535219487
4086.06859252603,0.0122194371264448,1,334.352459440555
4119.14806988789,0.0121221372532875,1,325.489110225655
4152.49534789915,0.0120255688870561,1,317.049477771293
4186.11259458642,0.0119297289814513,1,309.008354520223
4220.00199552799,0.0118346144177208,1,301.342218043202
4254.16575399583,0.0117402219936829,1,294.029118926718
4288.60609109892,0.0116465484169637,1,287.048574179281
4323.32524592758,0.0115535903015436,1,280.381466434676
4358.32547569911,0.0114613441668745,1,274.009949054737
4393.60905590448,0.0113698064389671,1,267.917357104603
4429.17828045629,0.0112789734529651,1,262.088124079333
4465.03546183794,0.011188841456815,1,256.507704194598
4501.18293125388,0.0110994066157188,1,251.162500009377
4537.62303878129,0.0110106650171215,1,246.039795120051
4574.35815352278,0.0109226126760361,1,241.127691649268
4611.39066376045,0.0108352455405505,1,236.415052246176
4648.72297711114,0.0107485594973977,1,231.891446314662
4686.35752068297,0.0106625503774947,1,227.547100191414
4724.29674123315,0.0105772139613831,1,223.372851004125
4762.54310532705,0.0104925459845156,1,219.360103951263
4801.09909949849,0.0104085421423551,1,215.500792757347
4839.96723041153,0.0103251980952569,1,211.787343071086
4879.1500250233,0.0102425094731194,1,208.212638587692
4918.65003074839,0.0101604718797927,1,204.769989690471
4958.46981562442,0.0100790808972415,1,201.453104420551
4998.61196847899,0.00999833208946137,1,198.256061596855
5039.07909909802,0.00991822100615373,1,195.173285921159
5079.87383839539,0.0098387431861639,1,192.199524915246
5120.998838584,0.0097598941606903,1,189.329827548563
5162.45677334823,0.00968166945627427,1,186.559524425636
5204.25033801768,0.00960406459757984,1,183.884209412533
5246.38224974252,0.00952707510997332,1,181.299722591076
5288.85524767004,0.00945069652191436,1,178.802134438272
5331.67209312277,0.00937492436716774,1,176.387731136489
5374.83556977805,0.00929975418684719,1,174.053000927452
5418.34848384891,0.00922518153130117,1,171.794621430011
5462.21366426659,0.00915120196185022,1,169.609447848067
5506.43396286443,0.00907781105238605,1,167.494502000897
5551.01225456329,0.00900500439084074,1,165.44696211354
5595.95143755845,0.00893277758053527,1,163.464153309899
5641.254433508,0.00886112624141544,1,161.543538755792
5686.92418772287,0.00879004601118265,1,159.682711403369
5732.96366935823,0.00871953254632751,1,157.879386292204
5779.37587160657,0.00864958152307252,1,156.1313933659
5826.16381189231,0.00858018863823059,1,154.436670766303
5873.33053206791,0.00851134960998553,1,152.793258570406
5920.87909861173,0.00844306017859976,1,151.199292937773
5968.81260282727,0.00837531610705513,1,149.653000638825
6017.13416104429,0.00830811318163101,1,148.152693936633
6065.84691482126,0.00824144721242493,1,146.696765796998
6114.95403114975,0.0081753140338196,1,145.28368540353
6164.45870266023,0.00810970950490032,1,143.911993956238
6214.36414782964,0.00804462950982674,1,142.580300733775
6264.67361119072,0.0079800699581619,1,141.287279401
6315.39036354283,0.00791602678516222,1,140.031664544895
6366.51770216466,0.00785249595203103,1,138.812248423168
6418.05895102865,0.00778947344613852,1,137.627877911024
6470.01746101695,0.00772695528121072,1,136.477451632676
6522.39661013943,0.00766493749748949,1,135.359917265171
6575.19980375318,0.00760341616186629,1,134.274269002994
6628.43047478396,0.00754238736799109,1,133.219545172785
6682.09208394941,0.00748184723635884,1,132.194825988257
6736.18811998395,0.00742179191437492,1,131.199231436128
6790.72209986571,0.00736221757640111,1,130.231919284541
6845.69756904508,0.00730312042378398,1,129.292083206053
6901.11810167529,0.00724449668486653,1,128.378951007828
6956.98730084476,0.00718634261498472,1,127.491782962209
7013.30879881129,0.00712865449645012,1,126.629870231287
7070.08625723831,0.00707142863851931,1,125.792533379573
7127.32336743282,0.00701466137735167,1,124.979120969251
7185.02385058548,0.00695834907595602,1,124.189008232883
7243.1914580125,0.00690248812412716,1,123.421595818795
7301.82997139948,0.00684707493837327,1,122.676308604692
7360.94320304736,0.00679210596183442,1,121.952594575329
7420.53499612018,0.00673757766419369,1,121.24992376039
7480.60922489501,0.00668348654158058,1,120.567787228945
7541.16979501382,0.00662982911646821,1,119.905696137107
7602.22064373731,0.00657660193756427,1,119.263180825739
7663.76574020104,0.00652380157969631,1,118.639789965263
7725.80908567334,0.00647142464369226,1,118.035089744817
7788.35471381552,0.00641946775625604,1,117.448663103172
7851.40669094413,0.00636792756983901,1,116.880108999015
7914.96911629522,0.0063168007625078,1,116.329041718316
7979.04612229098,0.00626608403780822,1,115.795090216689
8043.6418748083,0.00621577412462648,1,115.277897494745
8108.76057344966,0.00616586777704717,1,114.777120004592
8174.40645181619,0.00611636177420891,1,114.292427085732
8240.58377778279,0.00606725292015762,1,113.82350042873
8307.29685377578,0.00601853804369762,1,113.370033565112
8374.55001705243,0.00597021399824106,1,112.931731382065
8442.34763998311,0.00592227766165556,1,112.508309660564
8510.69413033537,0.00587472593611059,1,112.099494635692
8579.59393156072,0.00582755574792233,1,111.70502257792
8649.05152308334,0.00578076404739771,1,111.324639394249
8719.07142059136,0.00573434780867741,1,110.958100248154
8789.6581763305,0.00568830402957798,1,110.605169197328
8860.81637939989,0.00564262973143352,1,110.265618848302
8932.55065605058,0.00559732195893657,1,109.939230027044
9004.86566998624,0.00555237777997882,1,109.62579146473
9077.7661226663,0.00550779428549141,1,109.325099497883
9151.25675361174,0.005463568589285,1,109.036957782155
9225.34234071309,0.00541969782788981,1,108.761177019053
9300.02770054118,0.00537617916039555,1,108.497574694956
9375.31768866021,0.00533300976829144,1,108.245974831798
9451.21719994339,0.00529018685530643,1,108.006207748841
9527.73116889132,0.00524770764724947,1,107.778109834983
9604.86456995261,0.00520556939185018,1,107.561523331068
9682.62241784744,0.00516376935859971,1,107.356296121735
9761.00976789355,0.00512230483859214,1,107.162281536303
9840.03171633478,0.0050811731443661,1,106.979338158281
9919.69340067262,0.00504037160974705,1,106.807329643079
10000,0.00499989758968996,1,106.646124543512
